ticker,cik,name,gate,shares_total,classes,cover_date,cover_form,public_float,float_date,assets,revenue,sic
CBT,16040,CABOT CORP,float,51631007,"{""common"": 51631007.0}",2026-07-31,10-Q,4429047299000000,2025-03-31,3975000000,3713000000,2890
OLED,1005284,UNIVERSAL DISPLAY CORP \PA\,float,45966835,"{""common"": 45966835.0}",2026-07-27,10-Q,6792425456000,2025-06-30,1887731000,650611000,3670
ONTO,704532,ONTO INNOVATION INC.,float,49074247,"{""common"": 49074247.0}",2026-07-31,10-Q,4817275689000,2025-06-27,3699042000,1005263000,3829
TTMI,1116942,TTM TECHNOLOGIES INC,float,105348864,"{""common"": 105348864.0}",2026-07-31,10-Q,4165937635000,2025-06-30,4415709000,2906345000,3672
SKY,90896,"Champion Homes, Inc.",float,54280134,"{""common"": 54280134.0}",2026-07-29,10-Q,4135959950000,2025-09-27,2147560000,2663639000,2451
NVDA,1045810,NVIDIA CORP,float,24100000000,"{""common"": 24100000000.0}",2026-08-21,10-Q,4000000000000,2025-07-25,320272000000,215938000000,3674
MSFT,789019,MICROSOFT CORP,float,7425545491,"{""common"": 7425545491.0}",2026-07-23,10-K,3600000000000,2025-12-31,758376000000,331839000000,7372
NOVT,1076930,NOVANTA INC,float,37817770,"{""common"": 37817770.0}",2026-07-29,10-Q,3496559430000,2025-06-27,2139565000,980600000,3690
AAPL,320193,Apple Inc.,float,14594180000,"{""common"": 14594180000.0}",2026-07-17,10-Q,3253431000000,2025-03-28,383266000000,416161000000,3571
MGRC,752714,MCGRATH RENTCORP,float,24425663,"{""common"": 24425663.0}",2026-07-28,10-Q,2853953135000,2025-06-30,2503049000,944235000,7359
ENVA,1529864,"Enova International, Inc.",float,24898371,"{""common"": 24898371.0}",2026-07-20,10-Q,2669865303000,2025-06-30,7222182000,3151653000,6141
RENX,1959023,RenX Enterprises Corp.,float,2646209,"{""common"": 2646209.0}",2026-08-13,10-Q,2290409000000,2025-06-30,38703045,8220449,4953
AMZN,1018724,AMAZON COM INC,float,10786313572,"{""common"": 10786313572.0}",2026-07-22,10-Q,2118061430046,2025-06-30,1095689000000,716924000000,5961
CLSK,827876,"CLEANSPARK, INC.",float,256817073,"{""common"": 256817073.0}",2026-08-04,10-Q,1967000000000,2025-03-31,2702199000,766314000,6199
GOOGL,1652044,Alphabet Inc.,float,12230000000,"{""CapitalClassCMember"": 5527000000.0, ""CommonClassAMember"": 5868000000.0, ""CommonClassBMember"": 835000000.0}",2026-07-15,10-Q,1900000000000,2025-06-30,921983000000,402836000000,7370
META,1326801,"Meta Platforms, Inc.",float,2547506225,"{""CommonClassAMember"": 2205128509.0, ""CommonClassBMember"": 342377716.0}",2026-07-24,10-Q,1600000000000,2025-06-30,449956000000,200966000000,7370
TRMK,36146,TRUSTMARK CORP,float,58070577,"{""common"": 58070577.0}",2026-07-31,10-Q,961600000000,2025-06-30,19192470000,,6021
HIVE,1720424,HIVE Digital Technologies Ltd.,float,274277338,"{""common"": 274277338.0}",2026-08-14,10-Q,950740231000,2026-03-31,924640000,297791000,6199
AVGO,1730168,Broadcom Inc.,float,4773629865,"{""common"": 4773629865.0}",2026-08-28,10-Q,939200000000,2025-05-02,188148000000,63887000000,3674
BRK-B,1067983,BERKSHIRE HATHAWAY INC,float,2140710161,"{""CommonClassAMember"": 488450.0, ""CommonClassBMember"": 1408035161.0}",2026-07-29,10-Q,902700000000,2025-06-30,1263071000000,371444000000,6331
TSLA,1318605,"Tesla, Inc.",float,3949547394,"{""common"": 3949547394.0}",2026-07-16,10-Q,892930000000,2025-06-30,148524000000,94827000000,3711
THRM,903129,Gentherm Inc,float,30705208,"{""common"": 30705208.0}",2026-07-17,10-Q,853967174000,2025-06-30,1493204000,1498602000,3714
WTTR,1693256,"Select Water Solutions, Inc.",float,138480833,"{""CommonClassAMember"": 128942892.0, ""CommonClassBMember"": 9537941.0}",2026-08-03,10-Q,837400000000,2025-06-30,1787741000,1407344000,1389
LLY,59478,ELI LILLY & Co,float,941357065,"{""common"": 941357065.0}",2026-08-03,10-Q,807887000000,2025-06-30,142283000000,65179000000,2834
JPM,19617,JPMORGAN CHASE & CO,float,2658186195,"{""common"": 2658186195.0}",2026-06-30,10-Q,794433813496,2025-06-30,5015069000000,182447000000,6021
MCW,1853513,"Mister Car Wash, Inc.",float,328894540,"{""common"": 328894540.0}",2026-04-23,10-Q,603562916000,2025-06-30,3206042000,1051731000,7500
V,1403161,VISA INC.,float,1784428534,"{""CommonClassAMember"": 1704112694.0, ""CommonClassB1Member"": 2180148.0, ""CommonClassB2Member"": 486669.0, ""CommonClassB3Member"": 60589871.0, ""CommonClassCMember"": 17059152.0}",2026-07-21,10-Q,601100000000,2025-03-31,95049000000,40000000000,7389
NFLX,1065280,NETFLIX INC,float,4163939676,"{""common"": 4163939676.0}",2026-06-30,10-Q,565657747980,2025-06-30,58450441000,45183036000,7841
MA,1141391,Mastercard Inc,float,876009940,"{""CommonClassAMember"": 869464115.0, ""CommonClassBMember"": 6545825.0}",2026-07-27,10-Q,505000000000,2025-06-30,57691000000,32791000000,7389
COST,909832,COSTCO WHOLESALE CORP /NEW,float,443478804,"{""common"": 443478804.0}",2026-05-27,10-Q,475200000000,2025-02-16,86430000000,275235000000,5331
ATHS,1527469,Athene Holding Ltd.,assets,203805,"{""common"": 203805.0}",2026-08-07,10-Q,0,2025-06-30,472879000000,25677000000,6311
RPAY,1720592,Repay Holdings Corp,float,89860747,"{""ClassVCommonStockMember"": 100.0, ""CommonClassAMember"": 89860647.0}",2026-08-05,10-Q,399708338000,2025-06-30,1607870000,309261000,7389
WMT,104169,Walmart Inc.,float,7933746241,"{""common"": 7933746241.0}",2026-08-26,10-Q,391703475732,2025-07-31,293914000000,713163000000,5331
HD,354950,"HOME DEPOT, INC.",float,997689626,"{""common"": 997689626.0}",2026-08-18,10-Q,371800000000,2025-08-01,109384000000,164683000000,5211
JNJ,200406,JOHNSON & JOHNSON,float,2409898597,"{""common"": 2409898597.0}",2026-07-17,10-Q,367000000000,2025-06-29,201061000000,94193000000,2834
BAC,70858,BANK OF AMERICA CORP /DE/,float,6992748365,"{""common"": 6992748365.0}",2026-07-30,10-Q,351903673230,2025-06-30,3499191000000,113097000000,6021
CIVB,944745,"CIVISTA BANCSHARES, INC.",float,20794238,"{""common"": 20794238.0}",2026-07-31,10-Q,351125166000,2025-06-30,4294298000,19023000,6022
ORCL,1341439,ORACLE CORP,float,3023736000,"{""common"": 3023736000.0}",2026-09-07,10-Q,346760150000,2026-05-31,303259000000,67357000000,7372
PG,80424,PROCTER & GAMBLE Co,float,2324433060,"{""common"": 2324433060.0}",2026-07-31,10-K,333000000000,2025-12-31,126521000000,87032000000,2840
ABBV,1551152,AbbVie Inc.,float,1767117285,"{""common"": 1767117285.0}",2026-07-27,10-Q,325061294916,2025-06-30,135115000000,61160000000,2834
KO,21344,COCA COLA CO,float,4302549243,"{""common"": 4302549243.0}",2026-07-27,10-Q,300552956545,2025-06-27,104217000000,47941000000,2080
PLTR,1321655,Palantir Technologies Inc.,float,2403058480,"{""CommonClassAMember"": 2300713329.0, ""CommonClassBMember"": 101340151.0, ""CommonClassFMember"": 1005000.0}",2026-07-27,10-Q,299300000000,2025-06-30,11678564000,4475446000,7372
CSCO,858877,"CISCO SYSTEMS, INC.",float,3942586873,"{""common"": 3942586873.0}",2026-08-27,10-K,294500000000,2026-01-23,129637000000,63325000000,3576
PM,1413329,Philip Morris International Inc.,float,1558613439,"{""common"": 1558613439.0}",2026-07-17,10-Q,283000000000,2025-06-30,68271000000,40648000000,2111
UNH,731766,UNITEDHEALTH GROUP INC,float,897594847,"{""common"": 897594847.0}",2026-07-31,10-Q,281907836350,2025-06-30,309727000000,447567000000,6324
IBM,51143,INTERNATIONAL BUSINESS MACHINES CORP,float,942134390,"{""common"": 942134390.0}",2026-06-30,10-Q,274500000000,2025-06-30,152099000000,67535000000,3570
GE,40545,GENERAL ELECTRIC CO,float,1037562513,"{""common"": 1037562513.0}",2026-06-30,10-Q,270200000000,2025-06-30,127672000000,45855000000,3600
WFC,72971,WELLS FARGO & COMPANY/MN,float,3023999336,"{""common"": 3023999336.0}",2026-07-17,10-Q,257300000000,2025-06-30,2282201000000,83699000000,6021
CVX,93410,CHEVRON CORP,float,1975771274,"{""common"": 1975771274.0}",2026-06-30,10-Q,247400000000,2025-06-30,330135000000,189031000000,2911
CRD-A,25475,CRAWFORD & CO,float,48605522,"{""CommonClassAMember"": 29696716.0, ""CommonClassBMember"": 18908806.0}",2026-07-27,10-Q,239809090000,2025-06-30,758252000,1310827000,6411
MCFT,1638290,"MasterCraft Boat Holdings, Inc.",float,24339371,"{""common"": 24339371.0}",2026-09-04,10-K,238500000000,2025-12-28,500432000,348903000,3730
AMD,2488,ADVANCED MICRO DEVICES INC,float,1632475042,"{""common"": 1632475042.0}",2026-07-29,10-Q,232300000000,2024-06-28,84464000000,34639000000,3674
ABT,1800,ABBOTT LABORATORIES,float,1730383296,"{""common"": 1730383296.0}",2026-06-30,10-Q,232169255381,2025-06-30,110429000000,44328000000,2834
AXP,4962,AMERICAN EXPRESS CO,float,675309833,"{""common"": 675309833.0}",2026-07-14,10-Q,221800000000,2025-06-30,308203000000,72229000000,6199
LIN,1707925,LINDE PLC,float,460980163,"{""common"": 460980163.0}",2026-06-30,10-Q,220000000000,2025-06-30,88349000000,33986000000,2810
ACN,1467373,Accenture plc,float,667810883,"{""CommonClassAMember"": 667510210.0, ""CommonClassXMember"": 300673.0}",2026-06-04,10-Q,218315987018,2025-02-28,68806561000,69672977000,7389
MS,895421,MORGAN STANLEY,float,1570566292,"{""common"": 1570566292.0}",2026-07-31,10-Q,217968854713,2025-06-30,1675057000000,70645000000,6211
GS,886982,GOLDMAN SACHS GROUP INC,float,291171408,"{""common"": 291171408.0}",2026-07-17,10-Q,213200000000,2025-06-30,2127711000000,58283000000,6211
MCD,63908,MCDONALDS CORP,float,707641531,"{""common"": 707641531.0}",2026-06-30,10-Q,208464334129,2025-06-30,59920000000,26885000000,5812
T,732717,AT&T INC.,float,6852385650,"{""common"": 6852385650.0}",2026-07-16,10-Q,207000000000,2025-06-30,428359000000,125648000000,4813
MRK,310158,"Merck & Co., Inc.",float,2467171638,"{""common"": 2467171638.0}",2026-07-31,10-Q,198051000000,2025-06-30,129802000000,65011000000,2834
RTX,101829,RTX Corp,float,1347758144,"{""common"": 1347758144.0}",2026-06-30,10-Q,195405729090,2025-06-30,173972000000,88603000000,3724
ISRG,1035267,INTUITIVE SURGICAL INC,float,353278038,"{""common"": 353278038.0}",2026-07-16,10-Q,193900000000,2025-06-30,20876600000,10064700000,3842
CRM,1108524,"Salesforce, Inc.",float,823000000,"{""common"": 823000000.0}",2026-08-20,10-Q,191800000000,2025-07-31,109620000000,41525000000,7372
TXN,97476,TEXAS INSTRUMENTS INC,float,913247686,"{""common"": 913247686.0}",2026-07-15,10-Q,188509303179,2025-06-30,35882000000,17682000000,3674
UBER,1543151,"Uber Technologies, Inc",float,2042560121,"{""common"": 2042560121.0}",2026-07-31,10-Q,187600000000,2025-06-30,65801000000,52017000000,7389
BKNG,1075531,Booking Holdings Inc.,float,751380500,"{""common"": 751380500.0}",2026-07-27,10-Q,187400000000,2025-06-30,29682000000,26917000000,4700
VZ,732712,VERIZON COMMUNICATIONS INC,float,4154775202,"{""common"": 4154775202.0}",2026-06-30,10-Q,182400000000,2025-06-30,410186000000,138191000000,4813
CAT,18230,CATERPILLAR INC,float,459674889,"{""common"": 459674889.0}",2026-06-30,10-Q,180900000000,2025-12-31,102609000000,67589000000,3531
PEP,77476,PEPSICO INC,float,1364891558,"{""common"": 1364891558.0}",2026-07-02,10-Q,179000000000,2025-06-13,112189000000,93925000000,2080
LRCX,707549,LAM RESEARCH CORP,float,1251321000,"{""common"": 1251321000.0}",2026-08-04,10-K,178309002956,2025-12-28,23529743000,23232690000,3559
DIS,1744489,Walt Disney Co,float,1726686902,"{""common"": 1726686902.0}",2026-07-29,10-Q,176600000000,2025-03-29,204740000000,94425000000,7990
NOW,1373715,"ServiceNow, Inc.",float,1034000000,"{""common"": 1034000000.0}",2026-06-30,10-Q,175700000000,2025-06-30,31666000000,13278000000,7372
QCOM,804328,QUALCOMM INC/DE,float,1050000000,"{""common"": 1050000000.0}",2026-07-27,10-Q,167900000000,2025-03-28,57367000000,44284000000,3663
SPGI,64040,S&P Global Inc.,float,294800000,"{""common"": 294800000.0}",2026-07-24,10-Q,161000000000,2025-06-30,60792000000,15336000000,7320
KLAC,319201,KLA CORP,float,1306546783,"{""common"": 1306546783.0}",2026-08-03,10-K,159300000000,2025-12-31,17951535000,13579476000,3827
BLK,2012383,"BlackRock, Inc.",float,324952372,"{""CommonStockMember"": 154869259.0, ""ExchangeableUnitsMember"": 7606927.0, ""FullyDilutedSharesMember"": 162476186.0}",2026-07-31,10-Q,159000000000,2025-06-30,175875000000,24216000000,6211
BSX,885725,BOSTON SCIENTIFIC CORP,float,1449229526,"{""common"": 1449229526.0}",2026-07-30,10-Q,158700000000,2025-06-30,45216000000,20074000000,3841
BA,12927,BOEING CO,float,790370020,"{""common"": 790370020.0}",2026-07-21,10-Q,158300000000,2025-06-30,165870000000,89463000000,3721
SCHW,316709,SCHWAB CHARLES CORP,float,1729335714,"{""common"": 1729335714.0}",2026-07-31,10-Q,156300000000,2025-06-30,517266000000,23921000000,6211
C,831001,CITIGROUP INC,float,1677436783,"{""common"": 1677436783.0}",2026-06-30,10-Q,156200000000,2025-06-30,2657202000000,85225000000,6021
PGR,80661,PROGRESSIVE CORP/OH/,float,581371770,"{""common"": 581371770.0}",2026-07-02,10-Q,155911082530,2025-06-30,124925000000,87671000000,6331
TMO,97745,THERMO FISHER SCIENTIFIC INC.,float,369747286,"{""common"": 369747286.0}",2026-06-27,10-Q,154038987000,2025-06-27,113174000000,44556000000,3829
AMGN,318154,AMGEN INC,float,540632005,"{""common"": 540632005.0}",2026-07-30,10-Q,150100000000,2025-06-30,95639000000,36751000000,2836
HON,773840,HONEYWELL INTERNATIONAL INC,float,316940010,"{""common"": 316940010.0}",2026-06-30,10-Q,145300000000,2025-06-30,77344000000,37442000000,3724
ADBE,796343,ADOBE INC.,float,389200000,"{""common"": 389200000.0}",2026-09-18,10-Q,144940000000,2025-05-30,29981000000,23769000000,7372
SYK,310764,STRYKER CORP,float,383573046,"{""common"": 383573046.0}",2026-06-30,10-Q,144306436547,2025-06-30,47930000000,25116000000,3841
GEV,1996810,GE Vernova Inc.,float,266333581,"{""common"": 266333581.0}",2026-06-30,10-Q,144000000000,2025-06-30,80800000000,38068000000,3600
NEE,753308,NEXTERA ENERGY INC,float,2085803189,"{""common"": 2085803189.0}",2026-06-30,10-Q,142860484569,2025-06-30,221424000000,27412000000,4911
SHOP,1594805,SHOPIFY INC.,float,1286643932,"{""CommonClassAMember"": 1208570347.0, ""CommonClassBMember"": 78073584.0, ""FounderShareMember"": 1.0}",2026-07-31,10-Q,140315345495,2025-06-30,14470000000,11556000000,7372
TJX,109198,TJX COMPANIES INC /DE/,float,1099974061,"{""common"": 1099974061.0}",2026-08-21,10-Q,140000000000,2025-08-02,37115000000,60372000000,5651
ETN,1551182,Eaton Corp plc,float,388400000,"{""common"": 388400000.0}",2026-06-30,10-Q,139000000000,2025-06-30,56181000000,27448000000,3590
PFE,78003,PFIZER INC,float,5699673589,"{""common"": 5699673589.0}",2026-07-29,10-Q,138000000000,2025-06-29,201131000000,62579000000,2834
UNP,100885,UNION PACIFIC CORP,float,594075498,"{""common"": 594075498.0}",2026-07-17,10-Q,136100000000,2025-06-30,71211000000,24510000000,4011
INTU,896878,INTUIT INC.,float,267236000,"{""common"": 267236000.0}",2026-08-31,10-K,135600000000,2026-01-30,36786000000,21448000000,7372
COF,927628,CAPITAL ONE FINANCIAL CORP,float,613484836,"{""common"": 613484836.0}",2026-06-30,10-Q,135200000000,2025-06-30,673835000000,53434000000,6021
CMCSA,1166691,COMCAST CORP,float,3548636573,"{""CommonClassAMember"": 3539192198.0, ""CommonClassBMember"": 9444375.0}",2026-07-15,10-Q,130745000000,2025-06-30,257548000000,123707000000,4841
LOW,60667,LOWES COMPANIES INC,float,561054019,"{""common"": 561054019.0}",2026-08-25,10-Q,126900000000,2025-08-01,55881000000,86286000000,5211
DHR,313616,DANAHER CORP /DE/,float,702986054,"{""common"": 702986054.0}",2026-07-16,10-Q,125900000000,2025-06-30,92367000000,24568000000,3823
DE,315189,DEERE & CO,float,269625412,"{""common"": 269625412.0}",2026-08-02,10-Q,124313866554,2025-04-25,107607000000,45684000000,3523
PANW,1327567,Palo Alto Networks Inc,float,818000000,"{""common"": 818000000.0}",2026-08-31,10-K,123400000000,2026-01-31,48460000000,11480000000,3577
MELI,1099590,MERCADOLIBRE INC,float,50696802,"{""common"": 50696802.0}",2026-08-05,10-Q,122884971142,2025-06-30,51356000000,28893000000,7389
AMAT,6951,APPLIED MATERIALS INC /DE,float,793597443,"{""common"": 793597443.0}",2026-07-26,10-Q,121318219350,2025-04-27,43522000000,28368000000,3674
MDT,1613103,Medtronic plc,float,1279137890,"{""common"": 1279137890.0}",2026-08-28,10-Q,120100000000,2025-10-24,93306000000,36364000000,3845
CB,896159,Chubb Ltd,float,385799859,"{""common"": 385799859.0}",2026-07-20,10-Q,115000000000,2025-06-30,275456000000,59402000000,6331
FORR,1023313,"FORRESTER RESEARCH, INC.",float,19039000,"{""common"": 19039000.0}",2026-07-30,10-Q,114000000000,2025-06-30,416514000,396888000,8700
VRTX,875320,VERTEX PHARMACEUTICALS INC / MA,float,253460924,"{""common"": 253460924.0}",2026-07-31,10-Q,113400000000,2025-06-30,27423300000,12001300000,2834
TMUS,1283699,"T-Mobile US, Inc.",float,1072671613,"{""common"": 1072671613.0}",2026-07-17,10-Q,112400000000,2025-06-30,213553000000,88309000000,4812
COP,1163165,CONOCOPHILLIPS,float,1201337479,"{""common"": 1201337479.0}",2026-06-30,10-Q,112000000000,2025-06-30,124261000000,58944000000,2911
SBUX,829224,STARBUCKS CORP,float,1140000000,"{""common"": 1140000000.0}",2026-07-23,10-Q,111000000000,2025-03-30,28294700000,37184400000,5810
PH,76334,Parker-Hannifin Corp,float,126047469,"{""common"": 126047469.0}",2026-07-31,10-K,110763388251,2025-12-31,30877000000,21499000000,3490
CRWD,1535527,"CrowdStrike Holdings, Inc.",float,1023934842,"{""common"": 1023934842.0}",2026-08-20,10-Q,109300000000,2025-07-31,12025001000,4812005000,7372
BX,1393818,Blackstone Inc.,float,750625114,"{""common"": 750625114.0}",2026-07-31,10-Q,108900000000,2025-06-30,49892220000,14450265000,6282
MRSH,62709,"MARSH & MCLENNAN COMPANIES, INC.",float,477211268,"{""common"": 477211268.0}",2026-07-16,10-Q,107422546097,2025-06-30,59682000000,26981000000,6411
LMT,936468,LOCKHEED MARTIN CORP,float,230790753,"{""common"": 230790753.0}",2026-07-20,10-Q,106500000000,2025-06-27,62450000000,75048000000,3760
APH,820313,AMPHENOL CORP /DE/,float,1232983457,"{""common"": 1232983457.0}",2026-07-28,10-Q,106029000000,2025-06-30,44806600000,23095000000,3678
ANET,1596532,"Arista Networks, Inc.",float,1261224648,"{""common"": 1261224648.0}",2026-07-30,10-Q,105600000000,2025-06-30,23720100000,9005700000,3576
MSTR,1050446,Strategy Inc,float,384225751,"{""CommonClassAMember"": 364585501.0, ""CommonClassBMember"": 19640250.0}",2026-07-24,10-Q,105450000000,2025-06-30,52562592000,477233000,6199
ICE,1571949,"Intercontinental Exchange, Inc.",float,561394487,"{""common"": 561394487.0}",2026-07-27,10-Q,104400000000,2025-06-30,174247000000,12640000000,6200
ADP,8670,AUTOMATIC DATA PROCESSING INC,float,397262737,"{""common"": 397262737.0}",2026-07-31,10-K,103569897016,2025-12-31,63193300000,21947400000,7374
AMT,1053507,AMERICAN TOWER CORP /MA/,float,465960048,"{""common"": 465960048.0}",2026-07-21,10-Q,103400000000,2025-06-30,63300100000,10644600000,6798
GILD,882095,"GILEAD SCIENCES, INC.",float,1239955155,"{""common"": 1239955155.0}",2026-07-31,10-Q,103200000000,2025-06-30,49362000000,29443000000,2836
APP,1751008,AppLovin Corp,float,334651000,"{""CommonClassAMember"": 304443000.0, ""CommonClassBMember"": 30208000.0}",2026-07-31,10-Q,102700000000,2025-06-30,8269131000,5480717000,7370
WELL,766704,WELLTOWER INC.,float,720744951,"{""common"": 720744951.0}",2026-07-24,10-Q,102303567000,2025-06-30,67220556000,10838034000,6798
SO,92122,SOUTHERN CO,float,1150362966,"{""common"": 1150362966.0}",2026-06-30,10-Q,101000000000,2025-06-30,157031000000,29553000000,4911
CEG,1868275,Constellation Energy Corp,float,354307379,"{""common"": 354307379.0}",2026-07-31,10-Q,100560269473,2025-06-30,98253000000,25533000000,4911
INTC,50863,INTEL CORP,float,5044000000,"{""common"": 5044000000.0}",2026-07-17,10-Q,99300000000,2025-06-27,202439000000,52853000000,3674
CME,1156375,CME GROUP INC.,float,359579263,"{""ClassBCommonStockClassB1Member"": 625.0, ""ClassBCommonStockClassB2Member"": 813.0, ""ClassBCommonStockClassB3Member"": 1287.0, ""ClassBCommonStockClassB4Member"": 413.0, ""CommonClassAMember"": 359576125.0}",2026-07-08,10-Q,98900000000,2025-06-30,194676600000,6520600000,6200
MO,764180,"ALTRIA GROUP, INC.",float,1669743926,"{""common"": 1669743926.0}",2026-07-22,10-Q,98000000000,2025-06-30,33374000000,23279000000,2111
PLD,1045609,"Prologis, Inc.",float,933076000,"{""common"": 933076000.0}",2026-07-24,10-Q,97322102425,2025-06-30,98133451000,8790127000,6798
TT,1466258,Trane Technologies plc,float,220023177,"{""common"": 220023177.0}",2026-07-24,10-Q,97200000000,2025-06-30,23925600000,21321900000,3822
MCK,927653,MCKESSON CORP,float,116590363,"{""common"": 116590363.0}",2026-07-31,10-Q,95300000000,2025-09-30,88330000000,403430000000,5122
BMY,14272,BRISTOL MYERS SQUIBB CO,float,2042714656,"{""common"": 2042714656.0}",2026-07-22,10-Q,94188864457,2025-06-30,87634000000,48194000000,2834
FISV,798354,FISERV INC,float,531766721,"{""common"": 531766721.0}",2026-07-31,10-Q,93881636110,2025-06-30,80886000000,21193000000,7389
WM,823768,WASTE MANAGEMENT INC,float,399715184,"{""common"": 399715184.0}",2026-07-24,10-Q,92000000000,2025-06-30,46441000000,25204000000,4953
DUK,1326160,Duke Energy CORP,float,779702193,"{""common"": 779702193.0}",2026-07-31,10-Q,91703190830,2025-06-30,198048000000,32237000000,4931
KKR,1404912,KKR & Co. Inc.,float,897635601,"{""common"": 897635601.0}",2026-08-05,10-Q,91100000000,2025-06-30,414463237000,19464307000,6282
DASH,1792789,"DoorDash, Inc.",float,433295654,"{""CommonClassAMember"": 408992917.0, ""CommonClassBMember"": 24302737.0, ""CommonClassCMember"": 0}",2026-07-30,10-Q,90800000000,2025-06-30,19561000000,13717000000,7389
CI,1739940,Cigna Group,float,264240486,"{""common"": 264240486.0}",2026-07-24,10-Q,88000000000,2025-06-30,157082000000,274900000000,6324
ELV,1156039,"Elevance Health, Inc.",float,216869290,"{""common"": 216869290.0}",2026-07-10,10-Q,87349478366,2025-06-30,126438000000,199125000000,6324
MDLZ,1103982,"Mondelez International, Inc.",float,1276308057,"{""common"": 1276308057.0}",2026-07-24,10-Q,87100000000,2025-06-30,71122000000,38537000000,2000
MCO,1059556,MOODYS CORP /DE/,float,173200000,"{""common"": 173200000.0}",2026-06-30,10-Q,87000000000,2025-06-30,14675000000,7718000000,7320
CVS,64803,CVS HEALTH Corp,float,1278970369,"{""common"": 1278970369.0}",2026-07-29,10-Q,86382523283,2025-06-30,253768000000,402067000000,5912
MU,723125,MICRON TECHNOLOGY INC,float,1129393151,"{""common"": 1129393151.0}",2026-06-17,10-Q,85700000000,2025-02-27,134112000000,37378000000,3674
SHW,89800,SHERWIN WILLIAMS CO,float,242758151,"{""common"": 242758151.0}",2026-06-30,10-Q,85532942889,2025-06-30,26951400000,23574300000,5200
CDNS,813672,CADENCE DESIGN SYSTEMS INC,float,275393000,"{""common"": 275393000.0}",2026-06-30,10-Q,83968000000,2025-06-30,12098354000,5296759000,7372
ADI,6281,ANALOG DEVICES INC,float,484565465,"{""common"": 484565465.0}",2026-08-01,10-Q,81121000000,2025-05-03,48424417000,11019707000,3674
MMM,66740,3M CO,float,515722417,"{""common"": 515722417.0}",2026-06-30,10-Q,81100000000,2025-06-30,34924000000,24948000000,3841
NKE,320187,"NIKE, Inc.",float,1483498703,"{""CommonClassAMember"": 281387752.0, ""CommonClassBMember"": 1202110951.0}",2026-07-08,10-K,80529120635,2025-11-28,38410000000,46398000000,3021
RCL,884887,ROYAL CARIBBEAN CRUISES LTD,float,267452084,"{""common"": 267452084.0}",2026-07-24,10-Q,79100000000,2025-06-30,44644000000,17935000000,4400
EAI,7323,"ENTERGY ARKANSAS, LLC",assets,466631498,"{""common"": 466631498.0}",2026-06-30,10-Q,,,79002618000,,4911
EQIX,1101239,EQUINIX INC,float,98671686,"{""common"": 98671686.0}",2026-07-28,10-Q,77800000000,2025-06-30,41076000000,9217000000,6798
RSG,1060391,"REPUBLIC SERVICES, INC.",float,306212978,"{""common"": 306212978.0}",2026-07-30,10-Q,77000000000,2025-06-30,35159000000,19027000000,4953
AON,315293,Aon plc,float,212125434,"{""common"": 212125434.0}",2026-07-28,10-Q,76965213677,2025-06-30,53347000000,17181000000,6411
TDG,1260221,TransDigm Group INC,float,55276525,"{""common"": 55276525.0}",2026-07-31,10-Q,76426902522,2025-03-28,26754000000,8831000000,3728
HWM,4281,Howmet Aerospace Inc.,float,398801399,"{""common"": 398801399.0}",2026-08-03,10-Q,75000000000,2025-06-30,13251000000,8252000000,3350
CTAS,723254,CINTAS CORP,float,400169561,"{""common"": 400169561.0}",2026-06-30,10-K,74381019287,2025-11-30,10529140000,11264761000,2320
UPS,1090727,UNITED PARCEL SERVICE INC,float,850781582,"{""CommonClassAMember"": 101432177.0, ""CommonClassBMember"": 749349405.0}",2026-07-17,10-Q,74239665022,2025-06-30,71267000000,88661000000,4210
COIN,1679788,"Coinbase Global, Inc.",float,263836923,"{""CommonClassAMember"": 222803032.0, ""CommonClassBMember"": 41033891.0}",2026-07-23,10-Q,74200000000,2025-06-30,26460286000,7181325000,6199
SNOW,1640147,Snowflake Inc.,float,352800000,"{""common"": 352800000.0}",2026-08-21,10-Q,73500000000,2025-07-31,8690459000,4683946000,7372
CL,21665,COLGATE PALMOLIVE CO,float,797172829,"{""common"": 797172829.0}",2026-06-30,10-Q,73400000000,2025-06-30,16790000000,20382000000,2844
PNC,713676,"PNC FINANCIAL SERVICES GROUP, INC.",float,398943667,"{""common"": 398943667.0}",2026-07-20,10-Q,73200000000,2025-06-30,616034000000,23099000000,6021
ITW,49826,ILLINOIS TOOL WORKS INC,float,284800000,"{""common"": 284800000.0}",2026-06-30,10-Q,71900000000,2025-06-30,16494000000,16044000000,3560
NOC,1133421,NORTHROP GRUMMAN CORP /DE/,float,142063026,"{""common"": 142063026.0}",2026-07-16,10-Q,71500000000,2025-06-30,50763000000,41954000000,3812
PYPL,1633917,"PayPal Holdings, Inc.",float,855460874,"{""common"": 855460874.0}",2026-07-22,10-Q,71300000000,2025-06-30,80546000000,33172000000,7389
HOOD,1783879,"Robinhood Markets, Inc.",float,899082273,"{""CommonClassAMember"": 790630234.0, ""CommonClassBMember"": 108452039.0}",2026-07-23,10-Q,71300000000,2025-06-30,56550000000,4473000000,6211
AJG,354190,Arthur J. Gallagher & Co.,float,256300000,"{""common"": 256300000.0}",2026-06-30,10-Q,71117000000,2025-06-30,81808000000,13942000000,6411
USB,36104,US BANCORP \DE\,float,1558051446,"{""common"": 1558051446.0}",2026-07-31,10-Q,70500000000,2025-06-30,725918000000,28656000000,6021
GD,40533,GENERAL DYNAMICS CORP,float,270557195,"{""common"": 270557195.0}",2026-07-05,10-Q,69581612877,2025-06-29,59029000000,52550000000,3730
ZTS,1555280,Zoetis Inc.,float,413223602,"{""common"": 413223602.0}",2026-07-31,10-Q,69233000000,2025-06-30,15077000000,9467000000,2834
WMB,107263,"WILLIAMS COMPANIES, INC.",float,1223167472,"{""common"": 1223167472.0}",2026-07-30,10-Q,67728227765,2025-06-30,60610000000,14899000000,4922
ECL,31462,ECOLAB INC.,float,280328603,"{""common"": 280328603.0}",2026-06-30,10-Q,67088288734,2025-06-30,29927000000,16081200000,2840
APD,2969,"Air Products & Chemicals, Inc.",float,222685530,"{""common"": 222685530.0}",2026-06-30,10-Q,65600000000,2025-03-31,40445600000,12037300000,2810
RBLX,1315098,Roblox Corp,float,714375941,"{""CommonClassAMember"": 669992988.0, ""CommonClassBMember"": 44382953.0}",2026-07-15,10-Q,65500000000,2025-06-30,9745000000,4890551000,7372
BDX,10795,BECTON DICKINSON & CO,float,272386800,"{""common"": 272386800.0}",2026-06-30,10-Q,65472902857,2025-03-31,50731000000,21840000000,3841
VST,1692819,Vistra Corp.,float,335635195,"{""common"": 335635195.0}",2026-08-03,10-Q,65311459773,2025-06-30,42603000000,17738000000,4911
EOG,821189,EOG RESOURCES INC,float,524529176,"{""common"": 524529176.0}",2026-07-28,10-Q,65231000000,2025-06-30,54783000000,22632000000,1311
STX,1137789,Seagate Technology Holdings plc,float,226644518,"{""common"": 226644518.0}",2026-07-31,10-K,65000000000,2024-12-27,9972000000,12195000000,3572
FDX,1048911,FEDEX CORP,float,236581188,"{""common"": 236581188.0}",2026-07-16,10-K,64600000000,2025-11-30,98937000000,94720000000,4513
ADSK,769397,"Autodesk, Inc.",float,209000000,"{""common"": 209000000.0}",2026-08-21,10-Q,64500000000,2025-07-31,12983000000,7206000000,7372
BNY,1390777,Bank of New York Mellon Corp,float,678504142,"{""common"": 678504142.0}",2026-06-30,10-Q,64230991381,2025-06-30,525019000000,20080000000,6022
MRVL,1835632,"Marvell Technology, Inc.",float,876900000,"{""common"": 876900000.0}",2026-08-21,10-Q,64119895583,2025-08-01,27554600000,8194600000,3674
NEM,1164727,NEWMONT Corp /DE/,float,1053692271,"{""common"": 1053692271.0}",2026-07-16,10-Q,64108664771,2025-06-30,57641000000,22669000000,1040
CMG,1058090,CHIPOTLE MEXICAN GRILL INC,float,1265418000,"{""common"": 1265418000.0}",2026-07-24,10-Q,64000000000,2025-06-30,8864585000,11925601000,5812
ORLY,898173,O REILLY AUTOMOTIVE INC,float,808960792,"{""common"": 808960792.0}",2026-08-03,10-Q,63300585790,2025-06-30,17389116000,17781992000,5531
HCA,860730,"HCA Healthcare, Inc.",float,216501500,"{""common"": 216501500.0}",2026-07-24,10-Q,63269000000,2025-06-30,61450000000,75600000000,8062
AXON,1069183,"AXON ENTERPRISE, INC.",float,81237415,"{""common"": 81237415.0}",2026-07-31,10-Q,62200000000,2025-06-30,7481157000,2779536000,3480
FCX,831259,FREEPORT-MCMORAN INC,float,1436017523,"{""common"": 1436017523.0}",2026-07-31,10-Q,61900000000,2025-06-30,59727000000,25915000000,1000
CRH,849395,CRH PUBLIC LTD CO,float,665284511,"{""common"": 665284511.0}",2026-07-20,10-Q,61825009498,2025-06-30,58552000000,37447000000,3241
TVE,1376986,Tennessee Valley Authority,assets,0,"{""common"": 0}",2026-06-30,10-Q,0,2025-09-30,61644000000,13672000000,4911
HLT,1585689,Hilton Worldwide Holdings Inc.,float,225064910,"{""common"": 225064910.0}",2026-07-23,10-Q,61525000000,2025-06-30,16928000000,12039000000,7011
EMR,32604,EMERSON ELECTRIC CO,float,557800000,"{""common"": 557800000.0}",2026-06-30,10-Q,61500000000,2025-03-31,42208000000,18016000000,3600
MAR,1048286,MARRIOTT INTERNATIONAL INC /MD/,float,260766288,"{""common"": 260766288.0}",2026-07-27,10-Q,61232412426,2025-06-30,28085000000,26186000000,7011
MSI,68505,"Motorola Solutions, Inc.",float,165493788,"{""common"": 165493788.0}",2026-07-31,10-Q,61000000000,2025-06-27,19242000000,11682000000,3663
CSX,277948,CSX CORP,float,1852474917,"{""common"": 1852474917.0}",2026-06-30,10-Q,61000000000,2025-06-30,44726000000,14092000000,4011
ROP,882835,ROPER TECHNOLOGIES INC,float,98900874,"{""common"": 98900874.0}",2026-07-28,10-Q,60800000000,2025-06-30,35169500000,7902500000,3823
TRV,86312,"TRAVELERS COMPANIES, INC.",float,208575022,"{""common"": 208575022.0}",2026-07-10,10-Q,59986121526,2025-06-30,143580000000,48828000000,6331
SNPS,883241,SYNOPSYS INC,float,191636646,"{""common"": 191636646.0}",2026-08-24,10-Q,59300000000,2025-04-30,47726263000,7054178000,7372
DLR,1297996,"DIGITAL REALTY TRUST, INC.",float,370036176,"{""common"": 370036176.0}",2026-07-29,10-Q,59000000000,2025-06-30,48859973000,6112692000,6798
CARR,1783180,CARRIER GLOBAL Corp,float,824325057,"{""common"": 824325057.0}",2026-07-15,10-Q,58500000000,2025-06-30,37186000000,21747000000,3585
APO,1858681,"Apollo Global Management, Inc.",float,590543159,"{""common"": 590543159.0}",2026-08-05,10-Q,58394760022,2025-06-30,494048000000,32049000000,6282
AZO,866787,AUTOZONE INC,float,16325355,"{""common"": 16325355.0}",2026-06-05,10-Q,57759306497,2025-02-15,20916463000,18938717000,5531
NSC,702165,NORFOLK SOUTHERN CORP,float,224608373,"{""common"": 224608373.0}",2026-06-30,10-Q,57481458868,2025-06-30,45122000000,12180000000,4011
KMI,1506307,"KINDER MORGAN, INC.",float,2226802089,"{""common"": 2226802089.0}",2026-07-23,10-Q,57054291328,2025-06-30,74062000000,16937000000,4922
FTNT,1262039,"Fortinet, Inc.",float,733713653,"{""common"": 733713653.0}",2026-07-28,10-Q,56846175983,2025-06-30,10859200000,6799600000,3577
MNST,865752,Monster Beverage Corp,float,979525882,"{""common"": 979525882.0}",2026-07-31,10-Q,56505471480,2025-06-30,11382291000,8294343000,2086
ABNB,1559720,"Airbnb, Inc.",float,598785682,"{""CommonClassAMember"": 419529556.0, ""CommonClassBMember"": 170056126.0, ""CommonClassCMember"": 0, ""CommonClassHMember"": 9200000.0}",2026-07-15,10-Q,56200000000,2025-06-30,28754000000,12241000000,7340
AEP,4904,AMERICAN ELECTRIC POWER CO INC,float,544397352,"{""common"": 544397352.0}",2026-07-30,10-Q,56119786438,2025-06-30,117776000000,21876000000,4911
AFL,4977,AFLAC INC,float,501343298,"{""common"": 501343298.0}",2026-07-28,10-Q,56035389963,2025-06-30,115961000000,17164000000,6321
PWR,1050915,"QUANTA SERVICES, INC.",float,150343393,"{""common"": 150343393.0}",2026-07-27,10-Q,55800000000,2025-06-30,28291820000,28479697000,1731
TFC,92230,TRUIST FINANCIAL CORP,float,1221626188,"{""common"": 1221626188.0}",2026-06-30,10-Q,55400000000,2025-06-30,556023000000,,6021
REGN,872589,"REGENERON PHARMACEUTICALS, INC.",float,102954988,"{""CommonClassAMember"": 1817146.0, ""CommonStockMember"": 101137842.0}",2026-07-23,10-Q,54800000000,2025-06-30,41730600000,14342900000,2834
NXPI,1413447,NXP Semiconductors N.V.,float,252164174,"{""common"": 252164174.0}",2026-07-24,10-Q,54700000000,2025-06-27,27113000000,12269000000,3674
LNG,3570,"Cheniere Energy, Inc.",float,206534158,"{""common"": 206534158.0}",2026-07-31,10-Q,53600000000,2025-06-30,47972000000,19976000000,4924
MET,1099219,METLIFE INC,float,635476927,"{""common"": 635476927.0}",2026-07-31,10-Q,53600000000,2025-06-30,759372000000,77084000000,6311
ALL,899051,ALLSTATE CORP,float,252857950,"{""common"": 252857950.0}",2026-07-16,10-Q,52830000000,2025-06-30,124756000000,67685000000,6331
O,726728,REALTY INCOME CORP,float,946218033,"{""common"": 946218033.0}",2026-07-30,10-Q,52600000000,2025-06-30,76441475000,5749377000,6798
JCI,833444,Johnson Controls International plc,float,605741470,"{""common"": 605741470.0}",2026-06-30,10-Q,52600000000,2025-03-31,38354000000,23596000000,3585
SPG,1063761,SIMON PROPERTY GROUP INC.,float,323559515,"{""CommonClassAMember"": 323551515.0, ""CommonClassBMember"": 8000.0}",2026-06-30,10-Q,52048000000,2025-06-30,39709266000,6364505000,6798
CPRT,900075,COPART INC,float,925811482,"{""common"": 925811482.0}",2026-05-27,10-Q,51160400303,2025-01-31,9649036000,4646958000,5500
OKE,1039684,ONEOK INC /NEW/,float,630369667,"{""common"": 630369667.0}",2026-07-27,10-Q,51100000000,2025-06-30,68549000000,33629000000,4923
MPC,1510295,Marathon Petroleum Corp,float,280824763,"{""common"": 280824763.0}",2026-07-30,10-Q,50600000000,2025-06-30,94310000000,132699000000,2911
CTVA,1755672,"Corteva, Inc.",float,667196000,"{""common"": 667196000.0}",2026-07-24,10-Q,50600000000,2025-06-30,41642000000,17401000000,0100
FLUT,1635327,Flutter Entertainment plc,float,173539102,"{""common"": 173539102.0}",2026-07-31,10-Q,50370000000,2025-06-30,28210000000,16383000000,7370
AMP,820027,AMERIPRISE FINANCIAL INC,float,88333219,"{""common"": 88333219.0}",2026-07-24,10-Q,50300000000,2025-06-30,197871000000,18911000000,6282
WDAY,1327811,"Workday, Inc.",float,241000000,"{""CommonClassAMember"": 196000000.0, ""CommonClassBMember"": 45000000.0}",2026-08-25,10-Q,49500000000,2025-07-31,15857000000,9552000000,7374
SRE,1032208,SEMPRA,float,653900348,"{""common"": 653900348.0}",2026-08-03,10-Q,49400000000,2025-06-30,113518000000,13702000000,4932
PCAR,75362,PACCAR INC,float,526364953,"{""common"": 526364953.0}",2026-07-24,10-Q,49010000000,2025-06-30,43980100000,28444800000,3711
EA,712515,ELECTRONIC ARTS INC.,float,252387410,"{""common"": 252387410.0}",2026-07-29,10-Q,48323000000,2025-09-26,12579000000,7531000000,7372
VRT,1674101,Vertiv Holdings Co,float,384988173,"{""common"": 384988173.0}",2026-07-27,10-Q,48225235174,2025-06-30,15900900000,10229900000,3679
D,715957,"DOMINION ENERGY, INC",float,879525949,"{""common"": 879525949.0}",2026-07-24,10-Q,48200000000,2025-06-30,118578000000,16523000000,4911
PSX,1534701,Phillips 66,float,399020916,"{""common"": 399020916.0}",2026-06-30,10-Q,48200000000,2025-06-30,81810000000,132376000000,2911
CAH,721371,CARDINAL HEALTH INC,float,232575728,"{""common"": 232575728.0}",2026-07-31,10-K,48192692777,2025-12-31,57299000000,254248000000,5122
WCN,1318220,"Waste Connections, Inc.",float,252049532,"{""common"": 252049532.0}",2026-07-10,10-Q,48127773335,2025-06-30,21399452000,9466915000,4953
FAST,815556,FASTENAL CO,float,1147497573,"{""common"": 1147497573.0}",2026-07-10,10-Q,48111881160,2025-06-30,5293500000,8200500000,5200
AIG,5272,"AMERICAN INTERNATIONAL GROUP, INC.",float,522893169,"{""common"": 522893169.0}",2026-07-31,10-Q,47910000000,2025-06-30,163464000000,26775000000,6331
WDC,106040,WESTERN DIGITAL CORP,float,360540944,"{""common"": 360540944.0}",2026-08-07,10-K,47690000000,2026-01-02,13861000000,12919000000,3572
TTWO,946581,TAKE TWO INTERACTIVE SOFTWARE INC,float,186980443,"{""common"": 186980443.0}",2026-07-27,10-Q,47087317833,2025-09-30,9064200000,6656400000,7372
GM,1467858,General Motors Co,float,877451541,"{""common"": 877451541.0}",2026-07-10,10-Q,47000000000,2025-06-30,282742000000,185019000000,3711
KR,56873,KROGER CO,float,590588700,"{""common"": 590588700.0}",2026-09-15,10-Q,46100000000,2025-08-16,49491000000,147642000000,5411
LHX,202058,"L3HARRIS TECHNOLOGIES, INC. /DE/",float,186214616,"{""common"": 186214616.0}",2026-07-24,10-Q,46020545333,2025-06-27,42938000000,21325000000,3812
EW,1099800,Edwards Lifesciences Corp,float,576400000,"{""common"": 576400000.0}",2026-07-31,10-Q,45899189298,2025-06-30,13867100000,6067600000,3842
SLB,87347,SLB LIMITED/NV,float,1484143231,"{""common"": 1484143231.0}",2026-06-30,10-Q,45580000000,2025-06-30,55532000000,35708000000,1389
TGT,27419,TARGET CORP,float,454296736,"{""common"": 454296736.0}",2026-08-21,10-Q,45284343058,2025-08-01,61235000000,104780000000,5331
CMI,26172,CUMMINS INC,float,137664487,"{""common"": 137664487.0}",2026-06-30,10-Q,45100000000,2025-06-30,35630000000,33670000000,3510
GLW,24741,CORNING INC /NY,float,861388331,"{""common"": 861388331.0}",2026-07-24,10-Q,45000000000,2025-06-30,32956000000,15629000000,3357
KDP,1418135,Keurig Dr Pepper Inc.,float,1360826038,"{""common"": 1360826038.0}",2026-08-10,10-Q,44800000000,2025-06-30,87619000000,16603000000,2080
CCI,1051470,CROWN CASTLE INC.,float,425455439,"{""common"": 425455439.0}",2026-08-03,10-Q,44700000000,2025-06-30,21512000000,4264000000,6798
PSKY,2041610,Paramount Skydance Corp,assets,1121945779,"{""CommonClassAMember"": 31500087.0, ""CommonClassBMember"": 1090445692.0}",2026-07-31,10-Q,,,44411000000,29213000000,4833
PSA,1393311,Public Storage,float,175621134,"{""common"": 175621134.0}",2026-07-21,10-Q,44239441000,2025-06-30,20117732000,4824113000,6798
EXC,1109357,EXELON CORP,float,1032253967,"{""common"": 1032253967.0}",2026-06-30,10-Q,43835664870,2025-06-30,117545000000,24258000000,4931
CVNA,1690820,CARVANA CO.,float,1100463770,"{""CommonClassAMember"": 719916415.0, ""CommonClassBMember"": 380547355.0}",2026-07-27,10-Q,43800000000,2025-06-30,14552000000,20322000000,5500
ROST,745732,"ROSS STORES, INC.",float,319453110,"{""common"": 319453110.0}",2026-08-14,10-Q,43685150538,2025-08-02,15982280000,22750559000,5651
MSCI,1408198,MSCI Inc.,float,72700000,"{""common"": 72700000.0}",2026-07-14,10-Q,43149826814,2025-06-30,5602500000,3134459000,7389
DDOG,1561550,"Datadog, Inc.",float,359075024,"{""CommonClassAMember"": 334904614.0, ""CommonClassBMember"": 24170410.0}",2026-07-31,10-Q,43000000000,2025-06-30,7547675000,3427158000,7372
IDXX,874716,IDEXX LABORATORIES INC /DE,float,78781116,"{""common"": 78781116.0}",2026-07-31,10-Q,42899749759,2025-06-30,3442335000,4303702000,2835
FERG,2011641,Ferguson Enterprises Inc. /DE/,float,193452717,"{""common"": 193452717.0}",2026-08-03,10-Q,42870902857,2025-06-30,19303000000,30762000000,5070
KMB,55785,KIMBERLY CLARK CORP,float,332579038,"{""common"": 332579038.0}",2026-07-28,10-Q,42800000000,2025-06-30,18554000000,16447000000,2670
URI,1067701,"UNITED RENTALS, INC.",float,62242489,"{""common"": 62242489.0}",2026-07-20,10-Q,42700000000,2025-06-30,29888000000,16099000000,7359
ALNY,1178670,"ALNYLAM PHARMACEUTICALS, INC.",float,133809118,"{""common"": 133809118.0}",2026-07-24,10-Q,42630000000,2025-06-30,5558769000,3713937000,2834
VEEV,1393052,VEEVA SYSTEMS INC,float,161908850,"{""common"": 161908850.0}",2026-08-25,10-Q,42600000000,2025-07-31,9060223000,3195311000,7372
VRSK,1442145,"Verisk Analytics, Inc.",float,130156012,"{""common"": 130156012.0}",2026-07-24,10-Q,42587525686,2025-06-30,4598400000,3072700000,7374
FIS,1136893,"Fidelity National Information Services, Inc.",float,515705917,"{""common"": 515705917.0}",2026-07-31,10-Q,42560250917,2025-06-30,44106000000,10677000000,7389
F,37996,FORD MOTOR CO,float,3987595667,"{""CommonClassBMember"": 70852076.0, ""CommonStockMember"": 3916743591.0}",2026-07-24,10-Q,42411872532,2025-06-30,282434000000,187267000000,3711
TEL,1385157,TE Connectivity plc,float,289513228,"{""common"": 289513228.0}",2026-07-20,10-Q,42200000000,2025-03-28,26070000000,17262000000,5065
PEG,788784,PUBLIC SERVICE ENTERPRISE GROUP INC,float,498420030,"{""common"": 498420030.0}",2026-07-20,10-Q,41911658020,2025-06-30,58813000000,12168000000,4931
AME,1037868,AMETEK INC/,float,229261244,"{""common"": 229261244.0}",2026-07-28,10-Q,41800000000,2025-06-30,16594713000,7401116000,3823
VLO,1035002,VALERO ENERGY CORP/TX,float,287927461,"{""common"": 287927461.0}",2026-07-24,10-Q,41800000000,2025-06-30,64663000000,122687000000,2911
CBRE,1138118,"CBRE GROUP, INC.",float,289575298,"{""common"": 289575298.0}",2026-07-27,10-Q,41500000000,2025-06-30,30471000000,40550000000,6500
OXY,797468,OCCIDENTAL PETROLEUM CORP /DE/,float,999637371,"{""common"": 999637371.0}",2026-07-31,10-Q,41400000000,2025-06-30,80358000000,21593000000,1311
GWW,277135,"W.W. GRAINGER, INC.",float,47100942,"{""common"": 47100942.0}",2026-07-28,10-Q,41053116330,2025-06-30,9618000000,17942000000,5000
YUM,1041061,YUM BRANDS INC,float,272901085,"{""common"": 272901085.0}",2026-07-30,10-Q,41000000000,2025-06-30,8682000000,8214000000,5812
NDAQ,1120193,"NASDAQ, INC.",float,558977372,"{""common"": 558977372.0}",2026-07-16,10-Q,40600000000,2025-06-30,27341000000,8262000000,6200
SNDK,2023554,Sandisk Corp,float,146419001,"{""common"": 146419001.0}",2026-08-07,10-K,40500000000,2026-01-02,22507000000,20248000000,3572
XEL,72903,XCEL ENERGY INC,float,624634306,"{""common"": 624634306.0}",2026-07-28,10-Q,40260845645,2025-06-30,87165000000,14669000000,4931
NRUC,70502,NATIONAL RURAL UTILITIES COOPERATIVE FINANCE CORP /DC/,assets,0,"{""common"": 0}",2026-05-31,10-K,0,2026-05-31,39704347000,,6159
KVUE,1944048,Kenvue Inc.,float,1920773467,"{""common"": 1920773467.0}",2026-07-31,10-Q,39600000000,2025-06-27,26735000000,15124000000,2844
CRWV,1769628,"CoreWeave, Inc.",float,551536602,"{""CommonClassAMember"": 458871690.0, ""CommonClassBMember"": 92664912.0, ""CommonClassCMember"": 0}",2026-07-31,10-Q,39600000000,2025-06-30,77070000000,5131000000,7372
XYZ,1512673,"Block, Inc.",float,600795000,"{""CommonClassAMember"": 540816000.0, ""CommonClassBMember"": 59979000.0}",2026-07-31,10-Q,39400000000,2025-06-30,39156667000,24193683000,7372
DELL,1571996,Dell Technologies Inc.,float,635812750,"{""CommonClassAMember"": 276744341.0, ""CommonClassBMember"": 43635221.0, ""CommonClassCMember"": 315433188.0}",2026-09-01,10-Q,39200000000,2025-08-01,127393000000,113538000000,3571
DHI,882184,HORTON D R INC /DE/,float,279701267,"{""common"": 279701267.0}",2026-07-16,10-Q,39000000000,2025-03-31,36511300000,34250400000,1531
OTIS,1781335,Otis Worldwide Corp,float,380669339,"{""common"": 380669339.0}",2026-07-15,10-Q,38824474742,2025-06-30,11156000000,14431000000,3600
CTSH,1058290,COGNIZANT TECHNOLOGY SOLUTIONS CORP,float,450444209,"{""common"": 450444209.0}",2026-07-24,10-Q,38100000000,2025-06-30,20500000000,21108000000,7371
COR,1140859,"Cencora, Inc.",float,190827165,"{""common"": 190827165.0}",2026-07-31,10-Q,37887695618,2025-03-31,83805553000,321332819000,5122
PRU,1137774,PRUDENTIAL FINANCIAL INC,float,345000000,"{""common"": 345000000.0}",2026-07-31,10-Q,37810000000,2025-06-30,783554000000,60774000000,6311
BKR,1701605,Baker Hughes Co,float,992674071,"{""common"": 992674071.0}",2026-07-23,10-Q,37733037083,2025-06-30,52620000000,27733000000,3533
CRCL,1876042,"Circle Internet Group, Inc.",float,253875881,"{""CommonClassAMember"": 234685190.0, ""CommonClassBMember"": 19190691.0, ""CommonClassCMember"": 0}",2026-07-30,10-Q,37600000000,2025-06-30,77165460000,2746642000,6199
PCG,1004980,PG&E Corp,float,2680110496,"{""common"": 2680110496.0}",2026-07-15,10-Q,37246000000,2025-06-30,145076000000,24935000000,4931
ETR,65984,ENTERGY CORP /DE/,float,466631498,"{""common"": 466631498.0}",2026-06-30,10-Q,37100000000,2025-06-30,75804140000,12946686000,4911
CHTR,1091667,"CHARTER COMMUNICATIONS, INC. /MO/",float,119277493,"{""CommonClassAMember"": 119277492.0, ""CommonClassBMember"": 1.0}",2026-06-30,10-Q,37100000000,2025-06-30,155618000000,54774000000,4841
TRGP,1389170,Targa Resources Corp.,float,214431021,"{""common"": 214431021.0}",2026-07-31,10-Q,37012700000,2025-06-30,28515100000,17028300000,4922
ED,1047862,CONSOLIDATED EDISON INC,float,369828633,"{""common"": 369828633.0}",2026-07-31,10-Q,36200000000,2025-06-30,74741000000,17049000000,4931
FICO,814547,FAIR ISAAC CORP,float,21597635,"{""common"": 21597635.0}",2026-07-17,10-Q,36060682209,2025-03-31,2037373000,1990869000,7389
HIG,874766,"HARTFORD INSURANCE GROUP, INC.",float,270872002,"{""common"": 270872002.0}",2026-07-22,10-Q,36000000000,2025-06-30,87983000000,28368000000,6331
PAYX,723531,PAYCHEX INC,float,355682860,"{""common"": 355682860.0}",2026-06-30,10-K,35959981648,2025-11-28,16174500000,6512000000,8700
NET,1477333,"Cloudflare, Inc.",float,356079715,"{""CommonClassAMember"": 322618775.0, ""CommonClassBMember"": 33460940.0}",2026-07-21,10-Q,35700000000,2025-06-30,6474127000,2167937000,7372
SYY,96021,SYSCO CORP,float,479096016,"{""common"": 479096016.0}",2026-08-04,10-K,35217557254,2025-12-26,28397000000,84553000000,5140
RMD,943819,RESMED INC,float,144252306,"{""common"": 144252306.0}",2026-08-10,10-K,34917180979,2025-12-31,8965950000,5653443000,3841
EQT,33213,EQT Corp,float,625516000,"{""common"": 625516000.0}",2026-07-14,10-Q,34700000000,2025-06-30,41320840000,8644211000,1311
COHR,820318,COHERENT CORP.,float,195832246,"{""common"": 195832246.0}",2026-08-10,10-K,34498305389,2025-12-31,18299852000,7118181000,3827
VMC,1396009,Vulcan Materials CO,float,129578739,"{""common"": 129578739.0}",2026-07-21,10-Q,34416549004,2025-06-30,16672900000,7941100000,1400
VICI,1705696,VICI PROPERTIES INC.,float,1101077562,"{""common"": 1101077562.0}",2026-07-28,10-Q,34400000000,2025-06-30,48271220000,4006116000,6798
GRMN,1121788,GARMIN LTD,float,192852536,"{""common"": 192852536.0}",2026-07-24,10-Q,34219000000,2025-06-27,10952438000,7245519000,3812
DXCM,1093557,DEXCOM INC,float,377360765,"{""common"": 377360765.0}",2026-07-23,10-Q,34200000000,2025-06-30,6455300000,4662000000,3841
EBAY,1065088,EBAY INC,float,445000000,"{""common"": 445000000.0}",2026-07-31,10-Q,34086444146,2025-06-30,17933000000,11100000000,7389
MCHP,827054,MICROCHIP TECHNOLOGY INC,float,543008691,"{""common"": 543008691.0}",2026-07-28,10-Q,34000000000,2025-09-30,14407400000,4713100000,3674
GEHC,1932393,GE HealthCare Technologies Inc.,float,451686252,"{""common"": 451686252.0}",2026-07-22,10-Q,34000000000,2025-06-30,37125000000,20625000000,3844
CSGP,1057352,"COSTAR GROUP, INC.",float,405197588,"{""common"": 405197588.0}",2026-07-27,10-Q,33900000000,2025-06-30,10139000000,3247000000,7389
CPNG,1834584,"Coupang, Inc.",float,1797511702,"{""CommonClassAMember"": 1639708712.0, ""CommonClassBMember"": 157802990.0}",2026-07-31,10-Q,33600000000,2025-06-30,17394000000,34534000000,5961
WEC,783325,"WEC ENERGY GROUP, INC.",float,325849383,"{""common"": 325849383.0}",2026-06-30,10-Q,33500000000,2025-06-30,52750400000,9800100000,4931
ACGL,947484,ARCH CAPITAL GROUP LTD.,float,341229126,"{""common"": 341229126.0}",2026-07-30,10-Q,33000000000,2025-06-30,85179000000,19929000000,6331
IR,1699150,Ingersoll Rand Inc.,float,387999429,"{""common"": 387999429.0}",2026-07-24,10-Q,33000000000,2025-06-30,18194100000,7650900000,3560
EFX,33185,EQUIFAX INC,float,117484896,"{""common"": 117484896.0}",2026-07-10,10-Q,32108903494,2025-06-30,11981800000,6074500000,7320
DAL,27904,"DELTA AIR LINES, INC.",float,657623030,"{""common"": 657623030.0}",2026-06-30,10-Q,32100000000,2025-06-30,86321000000,63364000000,4512
FWONA,1560385,Liberty Media Corp,float,250708485,"{""LibertyFormulaOneGroupCommonClassBMember"": 2381188.0, ""LibertyFormulaOneGroupCommonClassCMember"": 224336239.0, ""LibertyFormulaOneGroupCommonClassMember"": 23991058.0}",2026-07-31,10-Q,32100000000,2025-06-30,15879000000,4482000000,4833
TTD,1671933,"Trade Desk, Inc.",float,469880194,"{""CommonClassAMember"": 426771565.0, ""CommonClassBMember"": 43108629.0}",2026-07-31,10-Q,32045240502,2025-06-30,5764446000,2896284000,7370
BRO,79282,"BROWN & BROWN, INC.",float,334610357,"{""common"": 334610357.0}",2026-07-24,10-Q,31616025136,2025-06-30,29887000000,5902000000,6411
NUE,73309,NUCOR CORP,float,226875676,"{""common"": 226875676.0}",2026-07-04,10-Q,31440000000,2025-06-03,36954000000,32494000000,3312
WAB,943452,WESTINGHOUSE AIR BRAKE TECHNOLOGIES CORP,float,168910851,"{""common"": 168910851.0}",2026-07-17,10-Q,31100000000,2025-06-30,23128000000,11167000000,3743
XYL,1524472,Xylem Inc.,float,233486812,"{""common"": 233486812.0}",2026-07-24,10-Q,31000000000,2025-06-30,17342000000,9035000000,3561
EXR,1289490,Extra Space Storage Inc.,float,211269558,"{""common"": 211269558.0}",2026-07-24,10-Q,30991880775,2025-06-30,29660493000,3377542000,6798
ODFL,878927,"OLD DOMINION FREIGHT LINE, INC.",float,207356622,"{""common"": 207356622.0}",2026-07-31,10-Q,30418290020,2025-06-30,5735521000,5496389000,4213
STT,93751,STATE STREET CORP,float,274701765,"{""common"": 274701765.0}",2026-07-28,10-Q,30310000000,2025-06-30,418381000000,13944000000,6022
IT,749251,GARTNER INC,float,63148976,"{""common"": 63148976.0}",2026-07-31,10-Q,30300000000,2025-06-30,7193674000,6497226000,8741
CRDO,1807794,Credo Technology Group Holding Ltd,float,187951918,"{""common"": 187951918.0}",2026-08-25,10-Q,30000000000,2025-10-31,3012727000,1335116000,3674
SUNC,2089661,SunocoCorp LLC,assets,51517198,"{""common"": 51517198.0}",2026-07-31,10-Q,0,2025-06-30,29926000000,25201000000,2911
WTW,1140536,WILLIS TOWERS WATSON PLC,float,92871937,"{""common"": 92871937.0}",2026-07-27,10-Q,29918279975,2025-06-30,30559000000,9708000000,6411
LPLA,1397911,LPL Financial Holdings Inc.,float,78742290,"{""common"": 78742290.0}",2026-07-30,10-Q,29900000000,2025-06-30,19791120000,16989479000,6200
IRM,1020569,IRON MOUNTAIN INC,float,297702812,"{""common"": 297702812.0}",2026-07-24,10-Q,29800000000,2025-06-30,21955442000,6901737000,6798
MTB,36270,M&T BANK CORP,float,144416262,"{""common"": 144416262.0}",2026-07-31,10-Q,29618092321,2025-06-30,219261000000,1657000000,6022
HUM,49071,HUMANA INC,float,120080308,"{""common"": 120080308.0}",2026-06-30,10-Q,29182689695,2025-06-30,55280000000,129664000000,6324
ROK,1024478,"ROCKWELL AUTOMATION, INC",float,111048676,"{""common"": 111048676.0}",2026-06-30,10-Q,29100000000,2025-03-31,11091000000,8342000000,3829
MLM,916076,MARTIN MARIETTA MATERIALS INC,float,60065839,"{""common"": 60065839.0}",2026-07-27,10-Q,28822918628,2025-06-30,21305000000,6150000000,1400
VTR,740260,"Ventas, Inc.",float,512946359,"{""common"": 512946359.0}",2026-07-28,10-Q,28600000000,2025-06-30,29655896000,5833980000,6798
HEI,46619,HEICO CORP,float,139757405,"{""CommonClassAMember"": 84515758.0, ""HeicoCommonStockMember"": 55241647.0}",2026-08-25,10-Q,28298175000,2025-04-30,9936611000,4485044000,3724
HUBS,1404655,HUBSPOT INC,float,49866201,"{""common"": 49866201.0}",2026-07-31,10-Q,28297314702,2025-06-30,3504395000,3131266000,7372
RJF,720005,RAYMOND JAMES FINANCIAL INC,float,192361711,"{""common"": 192361711.0}",2026-08-03,10-Q,28106525241,2025-03-31,94237000000,15912000000,6211
WBD,1437107,"Warner Bros. Discovery, Inc.",float,2510703314,"{""common"": 2510703314.0}",2026-07-23,10-Q,28000000000,2025-06-30,97248000000,37296000000,4841
TEAM,1650372,Atlassian Corp,float,253138815,"{""CommonClassAMember"": 159005198.0, ""CommonClassBMember"": 94133617.0}",2026-08-07,10-K,27600000000,2025-12-31,6103529000,6572308000,7372
AMRZ,2035989,Amrize Ltd,float,546925644,"{""common"": 546925644.0}",2026-07-31,10-Q,27362509572,2025-06-30,24603000000,11815000000,3241
DTE,936340,DTE ENERGY CO,float,208088069,"{""common"": 208088069.0}",2026-06-30,10-Q,27300000000,2025-06-30,55108000000,15814000000,4911
CNC,1071739,CENTENE CORP,float,493995000,"{""common"": 493995000.0}",2026-07-24,10-Q,26700000000,2025-06-30,83012000000,194777000000,6324
NRG,1013871,"NRG ENERGY, INC.",float,210210483,"{""common"": 210210483.0}",2026-07-31,10-Q,26643647974,2025-06-30,39940000000,30713000000,4911
A,1090872,"AGILENT TECHNOLOGIES, INC.",float,281928854,"{""common"": 281928854.0}",2026-08-26,10-Q,26600000000,2025-04-30,13967000000,6948000000,3826
TPR,1116132,"TAPESTRY, INC.",float,199391678,"{""common"": 199391678.0}",2026-07-31,10-K,26530000000,2025-12-26,6691700000,8004200000,3100
IQV,1478242,IQVIA HOLDINGS INC.,float,164600000,"{""common"": 164600000.0}",2026-07-21,10-Q,26500000000,2025-06-30,29675000000,16310000000,8731
EL,1001250,ESTEE LAUDER COMPANIES INC,float,361798567,"{""CommonClassAMember"": 247291223.0, ""CommonClassBMember"": 114507344.0}",2026-08-12,10-K,26000000000,2025-12-31,19762000000,15049000000,2844
AEE,1002910,AMEREN CORP,float,276843251,"{""common"": 276843251.0}",2026-07-30,10-Q,25948493142,2025-06-30,51216000000,8799000000,4931
BR,1383312,"BROADRIDGE FINANCIAL SOLUTIONS, INC.",float,114021798,"{""common"": 114021798.0}",2026-07-31,10-K,25945139278,2025-12-31,8945300000,7476800000,7389
FANG,1539838,"Diamondback Energy, Inc.",float,280024353,"{""common"": 280024353.0}",2026-07-31,10-Q,25800000000,2025-06-30,70218000000,15026000000,1311
GIS,40704,GENERAL MILLS INC,float,534687144,"{""common"": 534687144.0}",2026-09-16,10-Q,25787000000,2025-11-21,30273400000,18424600000,2040
VLTO,1967680,Veralto Corp,float,243793344,"{""common"": 243793344.0}",2026-07-21,10-Q,25700000000,2025-07-04,7653000000,5503000000,3825
PPG,79879,PPG INDUSTRIES INC,float,222300000,"{""common"": 222300000.0}",2026-06-30,10-Q,25642000000,2025-06-30,22150000000,15875000000,2851
UAL,100517,"United Airlines Holdings, Inc.",float,324583772,"{""common"": 324583772.0}",2026-07-09,10-Q,25600000000,2025-06-30,84569000000,59070000000,4512
VMRK,906107,VIVMARK RESIDENTIAL,float,374944409,"{""common"": 374944409.0}",2026-07-24,10-Q,25600000000,2025-06-30,20275577000,,6798
TYL,860731,TYLER TECHNOLOGIES INC,float,40952274,"{""common"": 40952274.0}",2026-07-27,10-Q,25541975159,2025-06-30,5813576000,2332340000,7372
ADM,7084,Archer-Daniels-Midland Co,float,481959583,"{""common"": 481959583.0}",2026-07-30,10-Q,25200000000,2025-06-30,53527000000,80269000000,2070
CCL,815097,Carnival Corp Ltd.,float,1369649119,"{""common"": 1369649119.0}",2026-06-19,10-Q,25100000000,2025-05-31,52228000000,26622000000,4400
SBAC,1034054,SBA COMMUNICATIONS CORP,float,106088110,"{""common"": 106088110.0}",2026-07-28,10-Q,25100000000,2025-06-30,11742320000,2815139000,6798
PPL,922224,PPL Corp,float,752544841,"{""common"": 752544841.0}",2026-07-31,10-Q,25055090846,2023-06-30,46304000000,9170000000,4911
DOV,29905,DOVER Corp,float,134680225,"{""common"": 134680225.0}",2026-07-17,10-Q,25034983332,2025-06-30,13694216000,8092571000,3530
STZ,16918,"CONSTELLATION BRANDS, INC.",float,170778434,"{""CommonClassAMember"": 170752511.0, ""ConvertibleCommonStockMember"": 25923.0}",2026-06-26,10-Q,24900000000,2025-08-31,22108700000,9755500000,2080
GDDY,1609711,GoDaddy Inc.,float,126647704,"{""common"": 126647704.0}",2026-07-24,10-Q,24900000000,2025-06-30,7996600000,4951100000,7373
MKL,1096343,MARKEL GROUP INC.,float,12389958,"{""common"": 12389958.0}",2026-07-22,10-Q,24853000000,2025-06-30,71263146000,15513233000,6331
SYF,1601712,Synchrony Financial,float,325370840,"{""common"": 325370840.0}",2026-07-17,10-Q,24823465409,2025-06-30,121930000000,,6199
MPWR,1280452,"MONOLITHIC POWER SYSTEMS, INC.",float,49143000,"{""common"": 49143000.0}",2026-07-29,10-Q,24700000000,2025-06-30,4686207000,2790459000,3674
HSY,47111,HERSHEY CO,float,200925657,"{""CommonClassBMember"": 54613514.0, ""CommonStockMember"": 146312143.0}",2026-07-27,10-Q,24680833539,2025-06-27,13973052000,11692576000,2060
IP,51434,INTERNATIONAL PAPER CO /NEW/,float,529569895,"{""common"": 529569895.0}",2026-07-31,10-Q,24671507117,2025-06-30,36521000000,23634000000,2621
LEN,920760,LENNAR CORP /NEW/,float,240895142,"{""CommonClassAMember"": 210506003.0, ""CommonClassBMember"": 30389139.0}",2026-05-31,10-Q,24643058075,2025-05-31,33701455000,34186934000,1520
ATO,731802,ATMOS ENERGY CORP,float,168988553,"{""common"": 168988553.0}",2026-07-31,10-Q,24413133216,2025-03-31,31585539000,4702755000,4924
CBOE,1374310,"Cboe Global Markets, Inc.",float,104431019,"{""common"": 104431019.0}",2026-07-24,10-Q,24400000000,2025-06-30,10609300000,4714200000,6200
STE,1757898,STERIS plc,float,97500110,"{""common"": 97500110.0}",2026-08-04,10-Q,24222300000,2025-09-30,10736100000,5935900000,3842
MTD,1037646,METTLER TOLEDO INTERNATIONAL INC/,float,20036559,"{""common"": 20036559.0}",2026-06-30,10-Q,24200000000,2025-06-30,3670944000,4026399000,3826
HPQ,47217,HP INC,float,901790969,"{""common"": 901790969.0}",2026-08-19,10-Q,24121817659,2025-04-30,45701000000,55295000000,3570
HBAN,49196,HUNTINGTON BANCSHARES INC /MD/,float,2020414826,"{""common"": 2020414826.0}",2026-06-30,10-Q,24100000000,2025-06-30,285372000000,1562000000,6021
NTRS,73124,NORTHERN TRUST CORP,float,182955653,"{""common"": 182955653.0}",2026-06-30,10-Q,24100000000,2025-06-30,179297200000,8086400000,6022
LYV,1335258,"Live Nation Entertainment, Inc.",float,235633860,"{""common"": 235633860.0}",2026-07-23,10-Q,24100000000,2025-06-30,28180826000,25201406000,7900
FITB,35527,FIFTH THIRD BANCORP,float,906892564,"{""common"": 906892564.0}",2026-07-31,10-Q,23900000000,2025-06-30,300180000000,,6022
CNP,1130310,CENTERPOINT ENERGY INC,float,658720288,"{""common"": 658720288.0}",2026-07-22,10-Q,23867105630,2025-06-30,47837000000,9357000000,4911
TDY,1094285,TELEDYNE TECHNOLOGIES INC,float,46355673,"{""common"": 46355673.0}",2026-07-15,10-Q,23800000000,2025-06-27,15280400000,6115400000,3812
AWK,1410636,"American Water Works Company, Inc.",float,198728989,"{""common"": 198728989.0}",2026-07-20,10-Q,23779400000,2025-06-30,36453000000,5140000000,4941
IBKR,1381197,"Interactive Brokers Group, Inc.",float,453078171,"{""CommonClassAMember"": 453077771.0, ""CommonClassBMember"": 400.0}",2026-08-05,10-Q,23755862670,2025-06-30,247309000000,6205000000,6211
SUNB,2083785,"Sunbelt Rentals Holdings, Inc.",assets,409764897,"{""common"": 409764897.0}",2026-09-04,10-Q,0,2025-10-31,23613000000,11154000000,7359
ES,72741,EVERSOURCE ENERGY,float,376674754,"{""common"": 376674754.0}",2026-07-31,10-Q,23590442517,2025-06-30,63415743000,13547244000,4911
CDW,1402057,CDW Corp,float,125017426,"{""common"": 125017426.0}",2026-07-31,10-Q,23377000000,2025-06-30,17254800000,22424100000,5961
FE,1031296,FIRSTENERGY CORP,float,578639932,"{""common"": 578639932.0}",2026-06-30,10-Q,23208851454,2025-06-30,56917000000,15090000000,4911
BAM,1937926,Brookfield Asset Management Ltd.,float,1597251633,"{""CommonClassAMember"": 1597230353.0, ""CommonClassBMember"": 21280.0}",2026-08-06,10-Q,23200000000,2025-06-30,20080000000,4817000000,6282
ON,1097864,ON SEMICONDUCTOR CORP,float,389311721,"{""common"": 389311721.0}",2026-07-29,10-Q,23198209519,2025-07-04,13485100000,5995400000,3674
TOST,1650164,"Toast, Inc.",float,578000000,"{""CommonClassAMember"": 514000000.0, ""CommonClassBMember"": 64000000.0}",2026-07-30,10-Q,23000000000,2025-06-30,3181000000,6153000000,7374
CHD,313927,CHURCH & DWIGHT CO INC /DE/,float,237203907,"{""common"": 237203907.0}",2026-07-29,10-Q,22900000000,2025-06-30,9105700000,6203200000,2840
CINF,20286,CINCINNATI FINANCIAL CORP,float,153478045,"{""common"": 153478045.0}",2026-07-22,10-Q,22846561651,2025-06-30,43231000000,12631000000,6331
CPAY,1175454,"CORPAY, INC.",float,65659599,"{""common"": 65659599.0}",2026-07-31,10-Q,22608739528,2025-06-30,28224167000,4528403000,7389
WSM,719955,WILLIAMS SONOMA INC,float,117779173,"{""common"": 117779173.0}",2026-08-23,10-Q,22608389080,2025-08-03,5506306000,7806816000,5700
FOXA,1754301,Fox Corp,assets,419650149,"{""CommonClassAMember"": 199401385.0, ""CommonClassBMember"": 220248764.0}",2026-08-04,10-K,0,2020-12-31,22482000000,17126000000,4833
SW,2005951,Smurfit Westrock plc,float,524522908,"{""common"": 524522908.0}",2026-07-24,10-Q,22371000000,2025-06-30,45201000000,31179000000,2650
PODD,1145197,INSULET CORP,float,69354199,"{""common"": 69354199.0}",2026-07-29,10-Q,22100000000,2025-06-30,3165100000,2708100000,3841
TSCO,916365,TRACTOR SUPPLY CO /DE/,float,521040137,"{""common"": 521040137.0}",2026-07-25,10-Q,22000000000,2025-06-28,12161821000,15524046000,5200
KHC,1637459,Kraft Heinz Co,float,1185823758,"{""common"": 1185823758.0}",2026-08-01,10-Q,22000000000,2025-06-28,73065000000,24942000000,2030
WRB,11544,BERKLEY W R CORP,float,371227529,"{""common"": 371227529.0}",2026-07-27,10-Q,21940921884,2025-06-30,45677113000,14707856000,6331
DLTR,935703,"DOLLAR TREE, INC.",float,187630299,"{""common"": 187630299.0}",2026-08-25,10-Q,21898064491,2024-08-02,14029600000,19411800000,5331
NTRA,1604821,"Natera, Inc.",float,144144170,"{""common"": 144144170.0}",2026-07-31,10-Q,21830000000,2025-06-30,2657497000,2306113000,8071
LH,920148,LABCORP HOLDINGS INC.,float,81100000,"{""common"": 81100000.0}",2026-08-04,10-Q,21700000000,2025-06-30,18532300000,13951700000,8071
HUBB,48898,HUBBELL INC,float,52832571,"{""common"": 52832571.0}",2026-07-23,10-Q,21586750695,2025-06-30,8417700000,5844600000,3670
QSR,1618756,Restaurant Brands International Inc.,float,454508893,"{""CommonClassAMember"": 348758065.0, ""PartnershipsWithExchangeableUnitsMember"": 105750828.0}",2026-07-31,10-Q,21428256686,2025-06-30,25022000000,9434000000,5812
RDDT,1713445,"Reddit, Inc.",float,192396510,"{""CommonClassAMember"": 146103200.0, ""CommonClassBMember"": 46293310.0, ""CommonClassCMember"": 0}",2026-07-29,10-Q,21200000000,2025-06-30,3636605000,2202506000,7374
HPE,1645590,Hewlett Packard Enterprise Co,float,1327464779,"{""common"": 1327464779.0}",2026-08-27,10-Q,21184000000,2025-04-30,83596000000,34296000000,3570
DG,29534,DOLLAR GENERAL CORP,float,220616790,"{""common"": 220616790.0}",2026-08-25,10-Q,21100000000,2025-08-01,32167333000,42724369000,5331
FLEX,866374,FLEX LTD.,float,369402978,"{""common"": 369402978.0}",2026-07-24,10-Q,21100000000,2025-09-26,25198000000,27914000000,3672
INSM,1104506,INSMED Inc,float,218381503,"{""common"": 218381503.0}",2026-07-31,10-Q,21100000000,2025-06-30,2102565000,606423000,2834
LDOS,1336920,"Leidos Holdings, Inc.",float,125492209,"{""common"": 125492209.0}",2026-07-28,10-Q,21002965945,2025-07-04,15632000000,17174000000,7373
WAT,1000697,WATERS CORP /DE/,float,98248111,"{""common"": 98248111.0}",2026-08-07,10-Q,20973515517,2025-06-28,24751000000,3165286000,3826
TROW,1113169,PRICE T ROWE GROUP INC,float,213315850,"{""common"": 213315850.0}",2026-07-29,10-Q,20900000000,2025-06-30,15357200000,7314800000,6282
AFRM,1820953,"Affirm Holdings, Inc.",float,337421256,"{""CommonClassAMember"": 296881962.0, ""CommonClassBMember"": 40539294.0}",2026-08-21,10-K,20800000000,2025-12-31,15790148000,4261082000,6141
CHSCP,823277,CHS INC,assets,0,"{""common"": 0}",2026-07-08,10-Q,0,2025-08-31,20777861000,35462608000,5150
PHM,822416,PULTEGROUP INC/MI/,float,187452540,"{""common"": 187452540.0}",2026-07-15,10-Q,20700000000,2025-06-30,18263190000,17311953000,1531
CMS,811156,CMS ENERGY CORP,float,313577136,"{""common"": 313577136.0}",2026-07-13,10-Q,20644000000,2025-06-30,40905000000,8539000000,4931
RF,1281761,REGIONS FINANCIAL CORP,float,851929506,"{""common"": 851929506.0}",2026-08-05,10-Q,20566150882,2025-06-30,161299000000,,6021
NVR,906163,NVR INC,float,2664860,"{""common"": 2664860.0}",2026-07-31,10-Q,20284815000,2025-06-30,5470620000,10323959000,1531
DVN,1090012,DEVON ENERGY CORP/DE,float,1100000000,"{""common"": 1100000000.0}",2026-07-22,10-Q,20200000000,2025-06-30,70893000000,17188000000,1311
INVH,1687229,Invitation Homes Inc.,float,590623226,"{""common"": 590623226.0}",2026-07-29,10-Q,20100000000,2025-06-30,18448310000,2729296000,6510
DRI,940944,DARDEN RESTAURANTS INC,float,114077969,"{""common"": 114077969.0}",2026-05-31,10-K,20084300000,2025-11-21,12862400000,13210900000,5812
DGX,1022079,QUEST DIAGNOSTICS INC,float,110373360,"{""common"": 110373360.0}",2026-07-15,10-Q,20000000000,2025-06-30,16939000000,11035000000,8071
SOFI,1818874,"SoFi Technologies, Inc.",float,1291570324,"{""common"": 1291570324.0}",2026-07-31,10-Q,20000000000,2025-06-30,60947548000,3613354000,6199
TPL,1811074,Texas Pacific Land Corp,float,68974683,"{""common"": 68974683.0}",2026-07-31,10-Q,20000000000,2025-06-30,1859474000,798190000,6792
Q,2058873,"Qnity Electronics, Inc.",float,209208543,"{""common"": 209208543.0}",2026-07-31,10-Q,20000000000,2025-11-03,14331000000,4754000000,3674
EXPE,1324424,"Expedia Group, Inc.",float,120019343,"{""CommonClassBMember"": 5523452.0, ""CommonStockMember"": 114495891.0}",2026-07-24,10-Q,19967985000,2025-06-30,29061000000,14733000000,4700
CLX,21076,CLOROX CO /DE/,float,120931005,"{""common"": 120931005.0}",2026-07-22,10-K,19900000000,2024-12-31,6436000000,7104000000,2842
EIX,827052,EDISON INTERNATIONAL,float,384813979,"{""common"": 384813979.0}",2026-07-23,10-Q,19800000000,2025-06-30,94475000000,19317000000,4911
ZM,1585521,"Zoom Communications, Inc.",float,291783711,"{""CommonClassAMember"": 263233141.0, ""CommonClassBMember"": 28550570.0}",2026-08-14,10-Q,19800000000,2025-07-31,13585396000,4868769000,7370
USFD,1665918,US Foods Holding Corp.,float,216330723,"{""common"": 216330723.0}",2026-07-31,10-Q,19700000000,2025-06-27,14336000000,39424000000,5140
EXE,895126,EXPAND ENERGY Corp,float,231503789,"{""common"": 231503789.0}",2026-07-24,10-Q,19600000000,2025-06-30,28030000000,12124000000,1311
RBA,1046102,RB GLOBAL INC.,float,185200000,"{""common"": 185200000.0}",2026-07-28,10-Q,19400000000,2025-06-30,12487600000,4590700000,7389
KEY,91576,KEYCORP /NEW/,float,1067128554,"{""common"": 1067128554.0}",2026-07-31,10-Q,19378924449,2025-06-30,191317000000,7513000000,6021
MKC,63754,MCCORMICK & CO INC,assets,268851552,"{""CommonStockMember"": 14796402.0, ""NonvotingCommonStockMember"": 254055150.0}",2026-05-31,10-Q,19353507870,2024-05-31,16477100000,6840300000,2090
GPN,1123360,GLOBAL PAYMENTS INC,float,264618390,"{""common"": 264618390.0}",2026-07-31,10-Q,19310238934,2025-06-30,63573787000,7705878000,7389
AMCR,1748790,Amcor plc,float,462345690,"{""common"": 462345690.0}",2026-08-12,10-K,19300000000,2025-12-31,37095000000,23506000000,3990
CFG,759944,CITIZENS FINANCIAL GROUP INC/RI,float,421176788,"{""common"": 421176788.0}",2026-07-24,10-Q,19237809260,2025-06-30,233836000000,8247000000,6022
CASY,726958,CASEYS GENERAL STORES INC,float,36960167,"{""common"": 36960167.0}",2026-09-02,10-Q,19100000000,2025-10-31,9121263000,17561101000,5500
MDB,1441816,"MongoDB, Inc.",float,80556341,"{""common"": 80556341.0}",2026-08-28,10-Q,19100000000,2025-07-31,3777688000,2463797000,7372
DKNG,1883685,DraftKings Inc.,float,889467999,"{""CommonClassAMember"": 496454048.0, ""CommonClassBMember"": 393013951.0}",2026-08-05,10-Q,19100000000,2025-06-30,4277379000,6054525000,7990
NI,1111711,NISOURCE INC.,float,479560100,"{""common"": 479560100.0}",2026-07-29,10-Q,18966136571,2025-06-30,37543600000,6642200000,4931
IFF,51253,INTERNATIONAL FLAVORS & FRAGRANCES INC,float,255149963,"{""common"": 255149963.0}",2026-07-31,10-Q,18848336277,2025-06-30,25154000000,10890000000,2860
TRMB,864749,TRIMBLE INC.,float,233179848,"{""common"": 233179848.0}",2026-08-07,10-Q,18700000000,2025-07-04,8540800000,3587300000,3829
DOW,1751788,DOW INC.,float,722340711,"{""common"": 722340711.0}",2026-06-30,10-Q,18700000000,2025-06-30,59780000000,39968000000,2821
TWLO,1447669,TWILIO INC,float,153575220,"{""common"": 153575220.0}",2026-07-24,10-Q,18700000000,2025-06-30,10838627000,5067220000,7372
PINS,1506293,"PINTEREST, INC.",float,566313027,"{""CommonClassAMember"": 492198008.0, ""CommonClassBMember"": 74115019.0}",2026-07-29,10-Q,18700000000,2025-06-30,4759378000,4221767000,7370
FIX,1035983,COMFORT SYSTEMS USA INC,float,35194329,"{""common"": 35194329.0}",2026-07-17,10-Q,18640000000,2025-06-30,8487806000,1831286000,1731
PTC,857005,PTC INC.,float,108506261,"{""common"": 108506261.0}",2026-07-29,10-Q,18551172440,2025-03-31,6513577000,2739226000,7372
WY,106535,WEYERHAEUSER CO,float,720736000,"{""common"": 720736000.0}",2026-07-27,10-Q,18500000000,2025-06-30,16513000000,6905000000,6798
ZS,1713683,"Zscaler, Inc.",float,163054698,"{""common"": 163054698.0}",2026-08-27,10-K,18500000000,2026-01-31,7866714000,3352523000,7371
BIIB,875045,BIOGEN INC.,float,147753998,"{""common"": 147753998.0}",2026-07-27,10-Q,18378285308,2025-06-30,29483100000,9890600000,2836
AVAV,1368622,AeroVironment Inc,float,50820702,"{""common"": 50820702.0}",2026-09-03,10-Q,18333500000,2025-11-01,5730693000,1976845000,3721
LII,1069202,LENNOX INTERNATIONAL INC,float,34560675,"{""common"": 34560675.0}",2026-07-22,10-Q,18200000000,2025-06-30,4292700000,5195300000,3585
FTV,1659166,Fortive Corp,float,302017052,"{""common"": 302017052.0}",2026-07-24,10-Q,18200000000,2025-06-27,11584100000,4159100000,3823
TEVA,818686,TEVA PHARMACEUTICAL INDUSTRIES LTD,float,1165296084,"{""common"": 1165296084.0}",2026-06-30,10-Q,18160000000,2025-06-30,39857000000,17258000000,2834
ESS,920522,"ESSEX PROPERTY TRUST, INC.",float,64268439,"{""common"": 64268439.0}",2026-07-23,10-Q,18100000000,2025-06-30,12898302000,1887345000,6798
ZBH,1136869,"ZIMMER BIOMET HOLDINGS, INC.",float,190737689,"{""common"": 190737689.0}",2026-07-30,10-Q,18023763265,2025-06-30,22797800000,8231500000,3842
CLS,1030894,CELESTICA INC,float,114982086,"{""common"": 114982086.0}",2026-07-22,10-Q,17900000000,2025-06-30,9787600000,12390900000,3672
PFG,1126328,PRINCIPAL FINANCIAL GROUP INC,float,214104641,"{""common"": 214104641.0}",2026-07-22,10-Q,17700000000,2025-06-30,332704500000,15625500000,6321
FSLR,1274494,"FIRST SOLAR, INC.",float,107469788,"{""common"": 107469788.0}",2026-07-24,10-Q,17700000000,2025-06-30,13388598000,5219376000,3674
LULU,1397187,lululemon athletica inc.,float,105594064,"{""common"": 105594064.0}",2026-08-28,10-Q,17576000000,2025-08-01,8484578000,11102600000,2300
FDS,1013237,FACTSET RESEARCH SYSTEMS INC,float,35565543,"{""common"": 35565543.0}",2026-06-25,10-Q,17509083420,2025-02-28,4191997000,2321748000,7370
SSNC,1402436,SS&C Technologies Holdings Inc,float,234654996,"{""common"": 234654996.0}",2026-07-23,10-Q,17502751030,2025-06-30,20608600000,6272200000,7372
TSN,100493,"TYSON FOODS, INC.",float,351801512,"{""CommonClassAMember"": 281792507.0, ""CommonClassBMember"": 70009005.0}",2026-06-27,10-Q,17422448530,2025-03-29,35612000000,54441000000,2015
FCNCA,798941,FIRST CITIZENS BANCSHARES INC /DE/,float,11293120,"{""CommonClassAMember"": 10287935.0, ""CommonClassBMember"": 1005185.0}",2026-08-03,10-Q,17263599044,2025-06-30,236842000000,9541000000,6022
EME,105634,"EMCOR Group, Inc.",float,44109901,"{""common"": 44109901.0}",2026-07-24,10-Q,17258000000,2025-06-30,10157082000,16986422000,1731
BURL,1579298,"Burlington Stores, Inc.",float,62815195,"{""common"": 62815195.0}",2026-08-01,10-Q,17151432284,2025-08-02,10043855000,11566910000,5311
NTAP,1002047,"NetApp, Inc.",float,196419005,"{""common"": 196419005.0}",2026-08-28,10-Q,17100000000,2025-10-24,10955000000,6925000000,3572
FN,1408710,Fabrinet,float,35834864,"{""common"": 35834864.0}",2026-08-07,10-K,17100000000,2025-12-26,3910961000,4641097000,3661
TRU,1552033,TransUnion,float,191600000,"{""common"": 191600000.0}",2026-06-30,10-Q,17100000000,2025-06-30,12047300000,4576300000,7320
KEYS,1601046,"Keysight Technologies, Inc.",float,170244745,"{""common"": 170244745.0}",2026-08-27,10-Q,17000000000,2025-04-30,11921000000,5375000000,3823
P,1474432,"Everpure, Inc.",float,333227251,"{""common"": 333227251.0}",2026-08-31,10-Q,17000000000,2025-08-03,5220409000,3662843000,3572
GPC,40987,GENUINE PARTS CO,float,137859758,"{""common"": 137859758.0}",2026-07-17,10-Q,16900000000,2025-06-30,21058293000,24300141000,5013
EQH,1333986,"Equitable Holdings, Inc.",float,273035157,"{""common"": 273035157.0}",2026-08-04,10-Q,16900000000,2025-06-30,334657000000,11665000000,6411
TW,1758730,Tradeweb Markets Inc.,float,234028262,"{""CommonClassAMember"": 114038202.0, ""CommonClassBMember"": 96933192.0, ""CommonClassCMember"": 18000000.0, ""CommonClassDMember"": 5056868.0}",2026-07-23,10-Q,16900000000,2025-06-30,8250843000,2052429000,6200
LUV,92380,SOUTHWEST AIRLINES CO,float,489208201,"{""common"": 489208201.0}",2026-07-22,10-Q,16890396912,2025-06-30,30122000000,28063000000,4512
ULTA,1403568,"Ulta Beauty, Inc.",float,42757471,"{""common"": 42757471.0}",2026-08-24,10-Q,16866064000,2025-08-01,6963950000,12392820000,5990
RPRX,1802768,Royalty Pharma plc,float,575001204,"{""CommonClassAMember"": 445277344.0, ""CommonClassBMember"": 129723860.0}",2026-07-31,10-Q,16700000000,2025-06-30,19819771000,2378193000,2834
PKG,75677,PACKAGING CORP OF AMERICA,float,89098299,"{""common"": 89098299.0}",2026-07-31,10-Q,16692388603,2025-06-30,11015500000,8989300000,2650
PNR,77360,PENTAIR plc,float,159637950,"{""common"": 159637950.0}",2026-06-30,10-Q,16631780229,2025-06-30,7072000000,4176000000,3550
YUMC,1673358,"Yum China Holdings, Inc.",float,342458136,"{""common"": 342458136.0}",2026-08-04,10-Q,16500000000,2025-06-30,10871000000,11797000000,5812
LITE,1633978,Lumentum Holdings Inc.,float,89700000,"{""common"": 89700000.0}",2026-08-14,10-K,16469000000,2025-12-26,7307500000,3014000000,3669
RS,861884,"RELIANCE, INC.",float,51054555,"{""common"": 51054555.0}",2026-07-24,10-Q,16450000000,2025-06-30,10809300000,14294300000,5051
CW,26324,CURTISS WRIGHT CORP,float,36934444,"{""common"": 36934444.0}",2026-07-31,10-Q,16400000000,2025-06-30,5455666000,3498372000,3590
VRSN,1014473,VERISIGN INC/CA,float,90300000,"{""common"": 90300000.0}",2026-07-17,10-Q,16400000000,2025-06-30,1802800000,1656600000,7371
OKTA,1660134,"Okta, Inc.",float,174820928,"{""CommonClassAMember"": 167139757.0, ""CommonClassBMember"": 7681171.0}",2026-08-24,10-Q,16400000000,2025-07-31,9138000000,2919000000,7372
COO,711404,"COOPER COMPANIES, INC.",float,190155294,"{""common"": 190155294.0}",2026-09-03,10-Q,16200000000,2025-04-30,12673400000,4092400000,3851
BAX,10456,BAXTER INTERNATIONAL INC,float,516995999,"{""common"": 516995999.0}",2026-07-23,10-Q,16000000000,2025-06-30,19791000000,11244000000,3841
MOH,1179929,"MOLINA HEALTHCARE, INC.",float,52200000,"{""common"": 52200000.0}",2026-07-17,10-Q,16000000000,2025-06-30,16003000000,45426000000,6324
SNA,91440,Snap-on Inc,float,51727124,"{""common"": 51727124.0}",2026-07-17,10-Q,15900000000,2025-06-28,8640900000,5156100000,3420
LOGI,1032975,LOGITECH INTERNATIONAL S.A.,float,143188332,"{""common"": 143188332.0}",2026-07-15,10-Q,15881278174,2025-09-30,4034065000,4840761000,3577
ROL,84839,ROLLINS INC,float,481145404,"{""common"": 481145404.0}",2026-07-13,10-Q,15803310776,2025-06-30,3354932000,3761050000,7340
CSL,790051,CARLISLE COMPANIES INC,float,39714133,"{""common"": 39714133.0}",2026-07-23,10-Q,15800000000,2025-06-30,6234700000,5019900000,3060
SFM,1575515,"Sprouts Farmers Market, Inc.",float,93247625,"{""common"": 93247625.0}",2026-07-27,10-Q,15781871524,2025-06-27,4331636000,8806159000,5411
SUI,912593,SUN COMMUNITIES INC,float,121800957,"{""common"": 121800957.0}",2026-07-21,10-Q,15745164541,2025-06-30,12358800000,2306100000,6798
WST,105770,WEST PHARMACEUTICAL SERVICES INC,float,70375762,"{""common"": 70375762.0}",2026-07-20,10-Q,15700000000,2025-06-30,4076400000,3074100000,3841
CRS,17843,CARPENTER TECHNOLOGY CORP,float,49558566,"{""common"": 49558566.0}",2026-08-07,10-K,15681972606,2025-12-31,3838300000,3124200000,3312
EVRG,1711269,"Evergy, Inc.",float,230567172,"{""common"": 230567172.0}",2026-07-31,10-Q,15667375144,2025-06-30,34481500000,5961600000,4931
WSO,105016,WATSCO INC,float,41252194,"{""CommonClassBMember"": 5663438.0, ""CommonStockMember"": 35588756.0}",2026-08-04,10-Q,15615000000,2025-06-30,5084717000,7239290000,5070
GEN,849399,Gen Digital Inc.,float,598587032,"{""common"": 598587032.0}",2026-08-04,10-Q,15555822937,2025-10-03,15644000000,5000000000,7372
NWSA,1564708,NEWS CORP,assets,541052638,"{""CommonClassAMember"": 360503747.0, ""CommonClassBMember"": 180548891.0}",2026-07-31,10-K,0,2019-06-30,15544000000,9028000000,2711
LNT,352541,ALLIANT ENERGY CORP,float,259284699,"{""common"": 259284699.0}",2026-06-30,10-Q,15500000000,2025-06-30,24813000000,4362000000,4931
ZBRA,877212,ZEBRA TECHNOLOGIES CORP,float,47310660,"{""common"": 47310660.0}",2026-07-28,10-Q,15500000000,2025-06-28,8637000000,5396000000,3560
EXPD,746515,EXPEDITORS INTERNATIONAL OF WASHINGTON INC,float,129990622,"{""common"": 129990622.0}",2026-07-31,10-Q,15362848688,2025-06-30,5134910000,11069009000,4731
L,60086,LOEWS CORP,float,204427720,"{""common"": 204427720.0}",2026-07-31,10-Q,15362000000,2025-06-30,87228000000,18454000000,6331
FFIV,1048695,"F5, INC.",float,56627182,"{""common"": 56627182.0}",2026-08-03,10-Q,15351963269,2025-03-31,6829074000,3088072000,3576
DPZ,1286681,DOMINOS PIZZA INC,float,33081735,"{""common"": 33081735.0}",2026-07-13,10-Q,15285523540,2025-06-15,1763322000,4939994000,5140
BALL,9389,BALL Corp,float,264703357,"{""common"": 264703357.0}",2026-07-31,10-Q,15260000000,2025-06-30,20110000000,13161000000,3411
HAL,45012,HALLIBURTON CO,float,833130367,"{""common"": 833130367.0}",2026-07-17,10-Q,15200000000,2025-06-30,25828000000,22184000000,1389
SMCI,1375365,"Super Micro Computer, Inc.",float,656965384,"{""common"": 656965384.0}",2026-07-31,10-K,15104749459,2025-12-31,29945467000,39063072000,3571
DOCU,1261333,"DOCUSIGN, INC.",float,186902452,"{""common"": 186902452.0}",2026-08-31,10-Q,15100000000,2025-07-31,3960790000,3219500000,7372
UAA,1336917,"Under Armour, Inc.",revenue,429545541,"{""CommonClassAMember"": 188839506.0, ""CommonClassCMember"": 206256035.0, ""ConvertibleCommonStockMember"": 34450000.0}",2026-07-31,10-Q,15034547119,2015-06-30,4098087000,4966370000,2300
ZG,1617640,"ZILLOW GROUP, INC.",float,224874954,"{""CommonClassAMember"": 41402072.0, ""CommonClassBMember"": 6217447.0, ""CommonClassCMember"": 177255435.0}",2026-07-29,10-Q,14900000000,2025-06-30,5305000000,2583000000,7389
RKLB,1819994,Rocket Lab Corp,float,598350482,"{""common"": 598350482.0}",2026-08-05,10-Q,14900000000,2025-06-30,4187374000,601799000,3760
LYB,1489393,LyondellBasell Industries N.V.,float,323037952,"{""common"": 323037952.0}",2026-07-29,10-Q,14800000000,2025-06-30,34482000000,30153000000,2860
CF,1324404,"CF Industries Holdings, Inc.",float,151338130,"{""common"": 151338130.0}",2026-08-03,10-Q,14796888341,2025-06-30,15099000000,7084000000,2870
APTV,1521332,Aptiv PLC,float,207633331,"{""common"": 207633331.0}",2026-07-31,10-Q,14783719749,2025-06-30,17996000000,20398000000,3714
DECK,910521,DECKERS OUTDOOR CORP,float,136414227,"{""common"": 136414227.0}",2026-07-09,10-Q,14764483936,2025-09-30,3868621000,5472296000,3021
ONC,1651308,BeOne Medicines Ltd.,float,113701877,"{""common"": 1478124405.0}",2026-07-31,10-Q,14700000000,2025-06-30,9175615000,5343033000,2834
DT,1773383,"Dynatrace, Inc.",float,289002128,"{""common"": 289002128.0}",2026-08-03,10-Q,14600000000,2025-09-30,4109494000,2018387000,7372
BJ,1531152,"BJ's Wholesale Club Holdings, Inc.",float,126314692,"{""common"": 126314692.0}",2026-08-20,10-Q,14500000000,2025-08-02,7991786000,21457274000,5331
J,52988,JACOBS SOLUTIONS INC.,float,117038611,"{""common"": 117038611.0}",2026-07-24,10-Q,14400000000,2025-03-28,11743702000,12029783000,1600
JBL,898293,JABIL INC,float,104787089,"{""common"": 104787089.0}",2026-06-24,10-Q,14400000000,2025-02-28,23819000000,29802000000,3672
XPO,1166003,"XPO, Inc.",float,117086465,"{""common"": 117086465.0}",2026-07-24,10-Q,14400000000,2025-06-30,8333000000,8157000000,4700
TXT,217346,TEXTRON INC,float,171986917,"{""common"": 171986917.0}",2026-07-17,10-Q,14300000000,2025-06-28,18134000000,14799000000,3720
EG,1095073,"EVEREST GROUP, LTD.",float,38342734,"{""common"": 38342734.0}",2026-07-27,10-Q,14300000000,2025-06-30,62167000000,17496000000,6331
RIVN,1874178,"Rivian Automotive, Inc. / DE",float,1447860630,"{""CommonClassAMember"": 1443948130.0, ""CommonClassBMember"": 3912500.0}",2026-07-21,10-Q,14300000000,2025-06-30,15140000000,5387000000,3711
GGG,42888,GRACO INC,float,161953824,"{""common"": 161953824.0}",2026-07-08,10-Q,14268500967,2023-06-30,3130453000,2236604000,3561
KIM,879101,KIMCO REALTY CORP,float,670789373,"{""common"": 670789373.0}",2026-07-28,10-Q,14200000000,2025-06-30,20030952000,2140116000,6798
SN,1957132,"SharkNinja, Inc.",float,140871552,"{""common"": 140871552.0}",2026-07-30,10-Q,13962651458,2025-06-30,5592156000,6399188000,3630
UNM,5513,Unum Group,float,158306798,"{""common"": 158306798.0}",2026-07-27,10-Q,13900000000,2025-06-30,63485200000,13075500000,6321
FNF,1331875,"Fidelity National Financial, Inc.",float,268192827,"{""common"": 268192827.0}",2026-07-31,10-Q,13873627890,2025-06-30,114528000000,14445000000,6361
OMC,29989,OMNICOM GROUP INC.,float,274345967,"{""common"": 274345967.0}",2026-07-22,10-Q,13815889740,2025-06-30,49964700000,17271900000,7311
EWBC,1069157,EAST WEST BANCORP INC,float,137011856,"{""common"": 137011856.0}",2026-07-31,10-Q,13774364511,2025-06-30,84763472000,,6022
SGI,1206264,SOMNIGROUP INTERNATIONAL INC.,float,210365491,"{""common"": 210365491.0}",2026-08-04,10-Q,13757330408,2025-06-30,11611000000,7476500000,2510
QXO,1236275,"QXO, Inc.",float,1037490709,"{""common"": 1037490709.0}",2026-08-07,10-Q,13730000000,2025-06-30,22665000000,6842200000,5030
TKO,1973266,"TKO Group Holdings, Inc.",float,189269713,"{""CommonClassAMember"": 73111098.0, ""CommonClassBMember"": 116158615.0}",2026-07-31,10-Q,13650540272,2025-06-30,16263718000,4735151000,7900
AVY,8818,Avery Dennison Corp,float,75788142,"{""common"": 75788142.0}",2026-08-01,10-Q,13600000000,2025-06-27,9212300000,8855500000,2670
WPC,1025378,W. P. Carey Inc.,float,227816879,"{""common"": 227816879.0}",2026-07-24,10-Q,13600000000,2025-06-30,18634633000,1716485000,6798
CG,1527166,Carlyle Group Inc.,float,356332798,"{""common"": 356332798.0}",2026-08-04,10-Q,13579714543,2025-06-30,28195600000,4779800000,6282
RPM,110621,RPM INTERNATIONAL INC/DE/,float,127741412,"{""common"": 127741412.0}",2026-07-21,10-K,13565090468,2025-11-30,8344605000,7863422000,2851
MAS,62996,MASCO CORP /DE/,float,197187430,"{""common"": 197187430.0}",2026-06-30,10-Q,13438348177,2025-06-30,5233000000,7562000000,3430
DUOL,1562088,"Duolingo, Inc.",float,46786269,"{""CommonClassAMember"": 40387012.0, ""CommonClassBMember"": 6399257.0}",2026-08-04,10-Q,13342902822,2025-06-28,2073953000,1037589000,7372
TLN,1622536,Talen Energy Corp,float,47914259,"{""common"": 47914259.0}",2026-08-05,10-Q,13300000000,2025-06-30,15068000000,2581000000,4911
RBRK,1943896,"Rubrik, Inc.",float,207304433,"{""CommonClassAMember"": 167367143.0, ""CommonClassBMember"": 39937290.0}",2026-08-24,10-Q,13260000000,2025-07-31,2846123000,1316191000,7372
IEX,832101,IDEX CORP /DE/,float,73719896,"{""common"": 73719896.0}",2026-07-24,10-Q,13228549364,2025-06-30,6930000000,3457500000,3561
BWXT,1486957,"BWX Technologies, Inc.",float,91621980,{},,10-Q,13200000000,2025-06-30,4423130000,3198425000,3510
ALAB,1736297,"Astera Labs, Inc.",float,173485104,"{""common"": 173485104.0}",2026-07-31,10-Q,13200000000,2025-06-30,1931501000,852525000,3674
RGA,898174,REINSURANCE GROUP OF AMERICA INC,float,65301665,"{""common"": 65301665.0}",2026-07-28,10-Q,13100000000,2025-06-30,167115000000,23698000000,6311
SOLV,1964738,Solventum Corp,float,170223729,"{""common"": 170223729.0}",2026-07-31,10-Q,13100000000,2025-06-30,14243000000,8325000000,3841
JKHY,779152,JACK HENRY & ASSOCIATES INC,float,70112608,"{""common"": 70112608.0}",2026-08-12,10-K,13092756060,2025-12-31,3145711000,2544339000,7373
LVS,1300514,LAS VEGAS SANDS CORP,float,647701184,"{""common"": 647701184.0}",2026-07-22,10-Q,13023793216,2025-06-30,19909000000,13017000000,7011
STLD,1022671,STEEL DYNAMICS INC,float,143328088,"{""common"": 143328088.0}",2026-07-23,10-Q,13000000000,2025-06-30,17113399000,18176581000,3312
MDLN,2046386,Medline Inc.,float,1314707492,"{""CommonClassAMember"": 877351218.0, ""CommonClassBMember"": 437356274.0}",2026-08-03,10-Q,13000000000,2025-12-17,39350000000,28432000000,3841
REG,910606,REGENCY CENTERS CORP,float,183120547,"{""common"": 183120547.0}",2026-07-31,10-Q,12800000000,2025-06-30,13046484000,1553524000,6798
VSNT,2067876,"Versant Media Group, Inc.",assets,139170078,"{""CommonClassAMember"": 138792303.0, ""CommonClassBMember"": 377775.0}",2026-07-31,10-Q,0,2025-06-30,12740000000,6688000000,4833
TER,97210,"TERADYNE, INC",float,156340750,"{""common"": 156340750.0}",2026-07-27,10-Q,12700000000,2025-06-29,4925617000,3190024000,3825
APG,1796209,APi Group Corp,float,432160297,"{""common"": 432160297.0}",2026-07-23,10-Q,12700000000,2025-06-30,9947000000,7911000000,7340
GLPI,1575965,"Gaming & Leisure Properties, Inc.",float,290920043,"{""common"": 290920043.0}",2026-07-18,10-Q,12700000000,2025-06-30,14155215000,1594752000,6798
IOT,1642896,Samsara Inc.,float,585605209,"{""CommonClassAMember"": 380273036.0, ""CommonClassBMember"": 205332173.0, ""CommonClassCMember"": 0}",2026-09-01,10-Q,12686300000,2025-08-01,2769128000,1618635000,7373
BLDR,1316835,"Builders FirstSource, Inc.",float,107596457,"{""common"": 107596457.0}",2026-07-23,10-Q,12600000000,2025-06-30,11323809000,15190638000,5211
TXRH,1289460,"Texas Roadhouse, Inc.",float,65640926,"{""common"": 65640926.0}",2026-07-29,10-Q,12500000000,2025-07-01,3672066000,5878075000,5812
OWL,1823945,BLUE OWL CAPITAL INC.,float,1559092223,"{""CommonClassAMember"": 683908596.0, ""CommonClassBMember"": 0, ""CommonClassCMember"": 572034424.0, ""CommonClassDMember"": 303149203.0}",2026-07-24,10-Q,12500000000,2025-06-30,12334159000,2870178000,6282
ARE,1035443,"ALEXANDRIA REAL ESTATE EQUITIES, INC.",float,174247570,"{""common"": 174247570.0}",2026-07-15,10-Q,12400000000,2025-06-30,34632226000,3026556000,6798
ALLE,1579241,Allegion plc,float,85036786,"{""common"": 85036786.0}",2026-07-20,10-Q,12300000000,2025-06-30,5360800000,4067300000,7381
THC,70318,TENET HEALTHCARE CORP,float,80519000,"{""common"": 80519000.0}",2026-07-24,10-Q,12200000000,2025-06-30,30676000000,21310000000,8062
ITT,216228,ITT INC.,float,89400000,"{""common"": 89400000.0}",2026-08-04,10-Q,12200000000,2025-06-30,11036300000,3938500000,3561
EHC,785161,Encompass Health Corp,float,98653384,"{""common"": 98653384.0}",2026-07-28,10-Q,12200000000,2025-06-30,7457500000,5935200000,8060
ACM,868857,AECOM,float,128696425,"{""common"": 128696425.0}",2026-08-07,10-Q,12200000000,2025-03-28,12026900000,16139622000,8711
LBRDK,1611983,Liberty Broadband Corp,float,143497730,"{""CommonClassAMember"": 18254690.0, ""CommonClassBMember"": 386988.0, ""CommonClassCMember"": 124856052.0}",2026-06-30,10-Q,12200000000,2025-06-30,5683000000,1016000000,4841
RBC,1324948,RBC Bearings INC,float,31659245,"{""common"": 31659245.0}",2026-07-24,10-Q,12165027584,2025-09-27,5196100000,1870900000,3562
JLL,1037976,JONES LANG LASALLE INC,float,46007703,"{""common"": 46007703.0}",2026-06-30,10-Q,12017132438,2025-06-30,17464200000,26115600000,6531
ALLY,40729,Ally Financial Inc.,float,304199693,"{""common"": 304199693.0}",2026-07-21,10-Q,12000000000,2025-06-30,199772000000,7914000000,6022
ATI,1018963,ATI INC,float,136170383,"{""common"": 136170383.0}",2026-08-03,10-Q,12000000000,2025-06-29,5738900000,4587400000,3317
DD,1666700,"DuPont de Nemours, Inc.",float,135042975,"{""common"": 135042975.0}",2026-07-31,10-Q,12000000000,2025-06-30,21061000000,6849000000,2821
CPT,906345,CAMDEN PROPERTY TRUST,float,100539350,"{""common"": 100539350.0}",2026-07-24,10-Q,11980283165,2025-06-30,9456080000,12967000,6798
RL,1037038,RALPH LAUREN CORP,float,59582239,"{""CommonClassAMember"": 37700963.0, ""CommonClassBMember"": 21881276.0}",2026-07-31,10-Q,11943000000,2025-09-26,7658800000,8114500000,2320
CNM,1856525,"Core & Main, Inc.",float,190494050,"{""CommonClassAMember"": 184192708.0, ""CommonClassBMember"": 6301342.0}",2026-09-04,10-Q,11940000000,2025-08-03,6709000000,7647000000,5099
CCK,1219601,"CROWN HOLDINGS, INC.",float,108760511,"{""common"": 108760511.0}",2026-07-28,10-Q,11923400233,2025-06-30,14556000000,12365000000,3411
BBY,764478,BEST BUY CO INC,float,209727698,"{""common"": 209727698.0}",2026-09-02,10-Q,11900000000,2025-08-01,16107000000,41691000000,5731
MAA,912595,MID AMERICA APARTMENT COMMUNITIES INC.,float,116021957,"{""common"": 116021957.0}",2026-07-27,10-Q,11900000000,2025-06-30,11994502000,2209126000,6798
IREN,1878848,IREN Ltd,float,394058650,"{""CommonClassAMember"": 394058648.0, ""CommonClassBMember"": 2.0}",2026-08-14,10-K,11900000000,2025-12-31,15790039000,707007000,6199
PAYC,1590955,"Paycom Software, Inc.",float,45071619,"{""common"": 45071619.0}",2026-07-28,10-Q,11900000000,2025-06-30,5202400000,2051700000,7372
MANH,1056696,MANHATTAN ASSOCIATES INC,float,58304972,"{""common"": 58304972.0}",2026-07-28,10-Q,11791338195,2025-06-30,698646000,1081392000,7372
PFGC,1618673,Performance Food Group Co,float,157533032,"{""common"": 157533032.0}",2026-08-05,10-K,11771720185,2025-12-26,18849100000,67839500000,5141
ELS,895417,EQUITY LIFESTYLE PROPERTIES INC,float,194064619,"{""common"": 194064619.0}",2026-07-22,10-Q,11707300000,2025-06-30,5748668000,1531382000,6798
RGLD,85535,ROYAL GOLD INC,float,84727857,"{""common"": 84727857.0}",2026-07-29,10-Q,11700000000,2025-06-30,9449308000,1030471000,6795
CLH,822818,CLEAN HARBORS INC,float,52787248,"{""common"": 52787248.0}",2026-07-24,10-Q,11700000000,2025-06-30,7552566000,6030837000,4955
AR,1433270,ANTERO RESOURCES Corp,float,307439000,"{""common"": 307439000.0}",2026-07-24,10-Q,11700000000,2025-06-30,15232634000,5275823000,1311
AMH,1562401,American Homes 4 Rent,float,359815019,"{""CommonClassAMember"": 359179944.0, ""CommonClassBMember"": 635075.0}",2026-07-29,10-Q,11700000000,2025-06-30,13121098000,,6798
FTAI,1590364,FTAI Aviation Ltd.,float,102707091,"{""common"": 102707091.0}",2026-07-29,10-Q,11700000000,2025-06-30,4489162000,2507409000,7350
ASTS,1780312,"AST SpaceMobile, Inc.",float,389167494,"{""CommonClassAMember"": 299789305.0, ""CommonClassBMember"": 11215111.0, ""CommonClassCMember"": 78163078.0}",2026-08-06,10-Q,11664700000,2025-06-30,5854885000,70918000,4899
CACI,16058,CACI INTERNATIONAL INC /DE/,float,22099539,"{""common"": 22099539.0}",2026-07-27,10-K,11655273629,2025-12-31,11819644000,9567779000,7373
NVT,1720635,nVent Electric plc,float,161857939,"{""common"": 161857939.0}",2026-06-30,10-Q,11651892767,2025-12-31,7146300000,3893100000,3550
SNAP,1564408,Snap Inc,float,1691197712,"{""CommonClassANonVotingMember"": 1437047479.0, ""CommonClassBMember"": 22523290.0, ""CommonClassCMember"": 231626943.0}",2026-07-30,10-Q,11600000000,2025-06-30,7470160000,5931447000,7370
OC,1370946,Owens Corning,float,79048683,"{""common"": 79048683.0}",2026-07-31,10-Q,11500066698,2025-06-30,12731000000,10103000000,3290
MOS,1285785,MOSAIC CO,float,317895646,"{""common"": 317895646.0}",2026-07-31,10-Q,11500000000,2025-12-31,24640700000,12052400000,2870
CNH,1567094,CNH Industrial N.V.,float,1237725958,"{""common"": 1237725958.0}",2026-06-30,10-Q,11500000000,2025-06-30,42172000000,18095000000,3531
IONQ,1824920,"IonQ, Inc.",float,381002314,"{""common"": 381002314.0}",2026-07-29,10-Q,11500000000,2025-06-30,6778591000,130016000,7373
BAH,1443646,Booz Allen Hamilton Holding Corp,float,120284973,"{""common"": 120284973.0}",2026-07-20,10-Q,11488325864,2025-09-30,7610000000,11217000000,8742
CHRW,1043277,"C. H. ROBINSON WORLDWIDE, INC.",float,116851258,"{""common"": 116851258.0}",2026-07-29,10-Q,11317245827,2025-06-30,5843506000,16232763000,4731
RNR,913144,RENAISSANCERE HOLDINGS LTD,float,41551893,"{""common"": 41551893.0}",2026-07-20,10-Q,11300000000,2025-06-30,55195613000,12848074000,6331
RVTY,31791,"REVVITY, INC.",float,111586401,"{""common"": 111586401.0}",2026-08-06,10-Q,11298522046,2024-06-28,12045834000,2856051000,3826
DKS,1089063,"DICK'S SPORTING GOODS, INC.",float,88926556,"{""CommonClassAMember"": 65355923.0, ""CommonClassBMember"": 23570633.0}",2026-08-28,10-Q,11281312684,2025-08-01,18245422000,17215120000,5940
LECO,59527,LINCOLN ELECTRIC HOLDINGS INC,float,54505757,"{""common"": 54505757.0}",2026-06-30,10-Q,11267215663,2025-06-30,3813310000,4233003000,3540
UTHR,1082554,UNITED THERAPEUTICS Corp,float,42890692,"{""common"": 42890692.0}",2026-07-29,10-Q,11233042523,2025-06-30,7220100000,3182700000,2834
INCY,879169,INCYTE CORP,float,202697746,"{""common"": 202697746.0}",2026-07-21,10-Q,11200000000,2025-06-30,7339113000,5141242000,8731
HLI,1302215,"HOULIHAN LOKEY, INC.",float,69886500,"{""CommonClassAMember"": 54197538.0, ""CommonClassBMember"": 15688962.0}",2026-07-28,10-Q,11190000000,2025-09-30,3717000000,2617516000,6282
AKAM,1086222,AKAMAI TECHNOLOGIES INC,float,143716609,"{""common"": 143716609.0}",2026-08-03,10-Q,11183900000,2025-06-30,15073420000,4208175000,7389
SCI,89089,SERVICE CORP INTERNATIONAL,float,136291587,"{""SubsequentEventMember"": 136291587.0}",2026-07-29,10-Q,11126104381,2025-06-30,19214493000,4309234000,7200
ALGN,1097149,ALIGN TECHNOLOGY INC,float,71039852,"{""common"": 71039852.0}",2026-07-31,10-Q,11100000000,2025-06-30,6417581000,4034964000,3842
JHX,1159152,James Hardie Industries plc,float,580522488,"{""common"": 580522488.0}",2026-07-31,10-Q,11100000000,2025-09-30,13493400000,4835800000,3272
TEM,1717115,"Tempus AI, Inc.",float,180434756,"{""CommonClassAMember"": 175390967.0, ""CommonClassBMember"": 5043789.0}",2026-07-24,10-Q,11000000000,2025-06-30,2365911000,1271789000,7370
DTM,1842022,"DT Midstream, Inc.",float,102015296,"{""common"": 102015296.0}",2026-06-30,10-Q,11000000000,2025-06-30,10207000000,1243000000,4922
JBHT,728535,HUNT J B TRANSPORT SERVICES INC,float,93914939,"{""common"": 93914939.0}",2026-06-30,10-Q,10900000000,2025-06-30,7944778000,11999096000,4213
SF,720672,STIFEL FINANCIAL CORP,float,376029134,"{""CommonStockMember"": 151001734.0, ""DepositorySharesEachRepresentingOneByThousandthInterestInShareOfFourPointFiveZeroPercentageNonCumulativePreferredStockSeriesDPreferredStockMember"": 12000.0, ""DepositorySharesEachRepresentingOneByThousandthInterestInShareOfSixPointOneTwoFivePercentageNonCumulativePreferredStockSeriesCPreferredStockMember"": 9000.0, ""DepositorySharesEachRepresentingOneByThousandthInterestInShareOfSixPointTwoFivePercentageNonCumulativePreferredStockSeriesBMember"": 6400.0, ""SeniorNotes520Due2047Member"": 225000000.0}",2026-07-30,10-Q,10900000000,2025-06-30,44907609000,6347533000,6211
NXT,1852131,Nextpower Inc.,float,151729520,"{""CommonClassAMember"": 151729520.0, ""CommonClassBMember"": 0}",2026-07-24,10-Q,10800000000,2025-09-26,4262207000,3559390000,3674
OHI,888491,OMEGA HEALTHCARE INVESTORS INC,float,303013000,"{""common"": 303013000.0}",2026-07-27,10-Q,10743896520,2025-06-30,10014761000,1190099000,6798
NDSN,72331,NORDSON CORP,float,55699366,"{""common"": 55699366.0}",2026-08-18,10-Q,10705289437,2025-04-30,5947920000,2791687000,3569
BG,1996862,Bunge Global SA,float,192119123,"{""common"": 192119123.0}",2026-07-27,10-Q,10701000000,2025-06-30,47576000000,70329000000,2070
FHN,36966,FIRST HORIZON CORP,float,473777158,"{""common"": 473777158.0}",2026-07-31,10-Q,10700000000,2025-06-30,84437000000,3419000000,6021
WMS,1604028,"ADVANCED DRAINAGE SYSTEMS, INC.",float,75405342,"{""common"": 75405342.0}",2026-07-30,10-Q,10679000000,2025-09-30,4509983000,3050376000,3086
PNW,764622,PINNACLE WEST CAPITAL CORP,float,121197234,"{""common"": 121197234.0}",2026-07-28,10-Q,10673413436,2025-06-30,32576874000,5339939000,4911
BXP,1037540,"BXP, Inc.",float,159661556,"{""common"": 159661556.0}",2026-07-31,10-Q,10663223539,2025-06-30,25173869000,3482279000,6798
DVA,927066,DAVITA INC.,float,63800000,"{""common"": 63800000.0}",2026-07-31,10-Q,10600000000,2025-06-30,17709489000,13643069000,8090
SJM,91419,J M SMUCKER Co,float,106823183,"{""common"": 106823183.0}",2026-08-19,10-Q,10590293766,2025-10-31,16203200000,9050900000,2033
POOL,945841,POOL CORP,float,36340747,"{""common"": 36340747.0}",2026-07-23,10-Q,10541563662,2025-06-30,3999306000,5289396000,5090
PR,1658566,Permian Resources Corp,float,837557029,"{""common"": 837557029.0}",2026-07-31,10-Q,10503468331,2025-06-30,18501288000,5065211000,1311
SWK,93556,"STANLEY BLACK & DECKER, INC.",float,151016641,"{""common"": 151016641.0}",2026-07-24,10-Q,10500000000,2025-06-27,20093500000,15130400000,3420
HST,1070750,"HOST HOTELS & RESORTS, INC.",float,685124399,"{""common"": 685124399.0}",2026-08-05,10-Q,10405713884,2025-06-30,13253000000,6114000000,6798
EVR,1360901,Evercore Inc.,float,38457878,"{""CommonClassAMember"": 38457778.0, ""CommonClassBMember"": 46.0, ""CommonClassBMember|SubsidiariesMember"": 54.0}",2026-07-23,10-Q,10400000000,2025-06-30,4700795000,3880084000,6282
NTNX,1618732,"Nutanix, Inc.",float,270570179,"{""common"": 270570179.0}",2026-08-31,10-K,10400000000,2026-01-31,5073685000,2853545000,7372
WTRG,78128,"Essential Utilities, Inc.",float,283778605,"{""common"": 283778605.0}",2026-07-27,10-Q,10396206999,2025-06-30,19941987000,5140000000,4941
VTRS,1792044,Viatris Inc,float,1148590864,"{""common"": 1148590864.0}",2026-08-03,10-Q,10384706269,2025-06-30,35044600000,14299900000,2834
ATR,896622,"APTARGROUP, INC.",float,63581129,"{""common"": 63581129.0}",2026-07-27,10-Q,10345798465,2025-06-30,5133214000,3777181000,3089
MTZ,15615,MASTEC INC,float,80304948,"{""common"": 80304948.0}",2026-07-27,10-Q,10300000000,2025-06-30,10925494000,14299171000,1623
HAS,46080,"HASBRO, INC.",float,141044467,"{""common"": 141044467.0}",2026-07-20,10-Q,10300000000,2025-06-27,6037200000,5365900000,3944
CIEN,936395,CIENA CORP,float,141808525,"{""common"": 141808525.0}",2026-08-28,10-Q,10300000000,2025-05-03,7997240000,4769507000,3661
LAMR,1090425,LAMAR ADVERTISING CO/NEW,float,101549784,"{""CommonClassAMember"": 87129599.0, ""CommonClassBMember"": 14420085.0, ""LamarMediaCorporationAndSubsidiariesMember"": 100.0}",2026-07-31,10-Q,10177995114,2025-06-30,6991597000,2266214000,6798
HIMS,1773751,"Hims & Hers Health, Inc.",float,233313413,"{""CommonClassAMember"": 224935790.0, ""CommonClassVMember"": 8377623.0}",2026-08-07,10-Q,10100000000,2025-06-30,3628814000,2347637000,8011
GL,320335,GLOBE LIFE INC.,float,76849447,"{""common"": 76849447.0}",2026-07-31,10-Q,10000000000,2025-06-30,31562519000,5994318000,6311
KNSL,1669162,"Kinsale Capital Group, Inc.",float,22778425,"{""common"": 22778425.0}",2026-07-17,10-Q,9978331145,2025-06-30,6428830000,1873987000,6331
EXAS,1124140,EXACT SCIENCES CORP,float,190888211,"{""common"": 190888211.0}",2026-02-12,10-K,9970230370,2025-06-30,5860629000,3246990000,8071
AIZ,1267238,"ASSURANT, INC.",float,49323767,"{""common"": 49323767.0}",2026-07-31,10-Q,9930000000,2025-06-30,36081400000,12814300000,6399
MRNA,1682852,"Moderna, Inc.",float,399235889,"{""common"": 399235889.0}",2026-07-24,10-Q,9900000000,2025-06-30,10961000000,1944000000,2836
DOCS,1516513,"Doximity, Inc.",float,178245980,"{""CommonClassAMember"": 127349369.0, ""CommonClassBMember"": 50896611.0}",2026-07-30,10-Q,9860000000,2025-09-30,1083845000,644863000,7371
TOL,794170,"Toll Brothers, Inc.",float,92147000,"{""common"": 92147000.0}",2026-08-26,10-Q,9852684000,2025-04-30,14685796000,10966723000,1531
SWKS,4127,"SKYWORKS SOLUTIONS, INC.",float,150472782,"{""common"": 150472782.0}",2026-07-23,10-Q,9800000000,2025-03-28,7425000000,4086900000,3674
ROIV,1635088,Roivant Sciences Ltd.,float,722323015,"{""common"": 722323015.0}",2026-07-31,10-Q,9800000000,2025-09-30,5306493000,8260000,2834
FTI,1681459,TechnipFMC plc,float,392164388,"{""common"": 392164388.0}",2026-07-28,10-Q,9800000000,2025-06-30,10368400000,9932600000,3533
OVV,1792580,Ovintiv Inc.,float,275503580,"{""common"": 275503580.0}",2026-07-17,10-Q,9780270102,2025-06-30,19280000000,8908000000,1311
UHS,352915,UNIVERSAL HEALTH SERVICES INC,float,58936515,"{""CommonClassAMember"": 6574600.0, ""CommonClassBMember"": 51687770.0, ""CommonClassCMember"": 661688.0, ""CommonClassDMember"": 12457.0}",2026-07-31,10-Q,9700000000,2025-06-30,15935486000,17364829000,8062
WING,1636222,Wingstop Inc.,float,27242546,"{""common"": 27242546.0}",2026-07-28,10-Q,9700000000,2025-06-27,657991000,696853000,5812
ROKU,1428439,"ROKU, INC",float,148418969,"{""CommonClassAMember"": 132050905.0, ""CommonClassBMember"": 16368064.0}",2026-07-31,10-Q,9700000000,2025-06-30,4572546000,4737251000,4841
PEN,1321732,Penumbra Inc,float,39389422,"{""common"": 39389422.0}",2026-07-14,10-Q,9700000000,2025-06-30,1974723000,1403665000,3841
CELH,1341766,"Celsius Holdings, Inc.",float,253035047,"{""common"": 253035047.0}",2026-07-31,10-Q,9700000000,2025-06-30,5168151000,2515269000,2086
WYNN,1174922,WYNN RESORTS LTD,float,102973891,"{""common"": 102973891.0}",2026-07-31,10-Q,9660000000,2025-06-30,13159235000,7137924000,7011
CUBE,1298675,CubeSmart,float,225162253,"{""common"": 225162253.0}",2026-07-29,10-Q,9659711015,2025-06-30,6598136000,1123110000,6798
RRC,315852,RANGE RESOURCES CORP,float,233679515,"{""common"": 233679515.0}",2026-07-17,10-Q,9592497000,2025-06-30,7561943000,3115515000,1311
EPAM,1352010,"EPAM Systems, Inc.",float,51586981,"{""common"": 51586981.0}",2026-07-31,10-Q,9570000000,2025-06-30,4574086000,5457056000,7371
NBIX,914475,NEUROCRINE BIOSCIENCES INC,float,101649181,"{""common"": 101649181.0}",2026-07-22,10-Q,9520000000,2025-06-30,5359100000,2860500000,2836
AIT,109563,APPLIED INDUSTRIAL TECHNOLOGIES INC,float,36698856,"{""common"": 36698856.0}",2026-07-31,10-K,9513847000,2025-12-31,3009973000,4966686000,5080
RRX,82811,REGAL REXNORD CORP,float,66591867,"{""common"": 66591867.0}",2026-07-31,10-Q,9500000000,2025-06-30,13751800000,5934500000,3569
SEIC,350894,SEI INVESTMENTS CO,float,120019182,"{""common"": 120019182.0}",2026-07-10,10-Q,9500000000,2025-06-30,2626266000,2297381000,6211
LKQ,1065696,LKQ CORP,float,253002086,"{""common"": 253002086.0}",2026-07-23,10-Q,9500000000,2025-06-30,15029000000,13651000000,5010
HII,1501585,"HUNTINGTON INGALLS INDUSTRIES, INC.",float,39404598,"{""common"": 39404598.0}",2026-07-24,10-Q,9475000000,2025-06-30,12682000000,12484000000,3730
DOC,765880,"HEALTHPEAK PROPERTIES, INC.",float,689527260,"{""common"": 689527260.0}",2026-08-03,10-Q,9400000000,2025-06-30,21680046000,2822512000,6798
EXEL,939767,"EXELIXIS, INC.",float,247781692,"{""common"": 247781692.0}",2026-07-27,10-Q,9400000000,2025-07-04,2494234000,2320126000,2836
ESTC,1707753,Elastic N.V.,float,104991280,"{""common"": 104991280.0}",2026-08-21,10-Q,9400000000,2025-10-31,3001888000,1739331000,7372
BRBR,1772016,"BELLRING BRANDS, INC.",float,116278194,"{""common"": 116278194.0}",2026-07-28,10-Q,9367938437,2025-03-31,1052100000,2316600000,2000
ARMK,1584509,Aramark,float,263625044,"{""common"": 263625044.0}",2026-07-31,10-Q,9291400000,2025-03-28,13973937000,18506299000,5812
CR,1944013,Crane Co,float,57800356,"{""common"": 57800356.0}",2026-07-29,10-Q,9272583912,2025-06-30,4030800000,2305000000,3490
SSB,764038,SouthState Bank Corp,float,96974534,"{""common"": 96974534.0}",2026-07-30,10-Q,9225644000,2025-06-30,68910028000,,6022
ILMN,1110803,"ILLUMINA, INC.",float,151000000,"{""common"": 151000000.0}",2026-07-24,10-Q,9200000000,2025-06-29,6650000000,4343000000,3826
CAVA,1639438,"CAVA GROUP, INC.",float,116806198,"{""common"": 116806198.0}",2026-08-04,10-Q,9200000000,2025-07-11,1499773000,1179664000,5812
AVTR,1722482,"Avantor, Inc.",float,676358840,"{""common"": 676358840.0}",2026-07-24,10-Q,9173395483,2025-06-30,11663000000,6552200000,3826
WBS,801337,WEBSTER FINANCIAL CORP,float,162033448,"{""common"": 162033448.0}",2026-07-24,10-Q,9100000000,2025-06-30,85948639000,2899413000,6021
TECH,842023,BIO-TECHNE Corp,float,156818238,"{""common"": 156818238.0}",2026-08-17,10-K,9100000000,2025-12-31,2586726000,1215039000,2836
PLNT,1637207,"Planet Fitness, Inc.",float,75533093,"{""CommonClassAMember"": 75216965.0, ""CommonClassBMember"": 316128.0}",2026-07-31,10-Q,9100000000,2025-06-30,3004945000,1324144000,7997
KMX,1170010,CARMAX INC,float,141911096,"{""common"": 141911096.0}",2026-06-22,10-Q,9059759286,2025-08-31,26626898000,25881131000,5500
SCCO,1001838,SOUTHERN COPPER CORP/,float,834331706,"{""common"": 834331706.0}",2026-07-30,10-Q,9019800000,2025-06-30,24127700000,13420000000,1000
BF-B,14693,BROWN FORMAN CORP,float,458864265,"{""CommonClassAMember"": 168480849.0, ""NonvotingCommonStockMember"": 290383416.0}",2026-08-31,10-Q,9000000000,2026-04-30,7825000000,5082000000,2080
NYT,71691,NEW YORK TIMES CO,float,161283586,"{""CommonClassAMember"": 160502862.0, ""CommonClassBMember"": 780724.0}",2026-07-31,10-Q,9000000000,2025-06-30,2984530000,2824918000,2711
U,1810806,Unity Software Inc.,float,440088933,"{""common"": 440088933.0}",2026-07-29,10-Q,9000000000,2025-06-30,6661262000,1849648000,7372
GME,1326380,GameStop Corp.,float,504500990,"{""common"": 504500990.0}",2026-09-03,10-Q,9000000000,2025-08-02,11144800000,3629900000,5734
NCLH,1513761,Norwegian Cruise Line Holdings Ltd.,float,459187846,"{""common"": 459187846.0}",2026-07-23,10-Q,9000000000,2025-06-30,24011710000,9827592000,4400
AFG,1042046,AMERICAN FINANCIAL GROUP INC,float,82921466,"{""common"": 82921466.0}",2026-08-01,10-Q,8990000000,2025-06-30,33034000000,8174000000,6331
ARX,1997350,Accelerant Holdings,assets,217188552,"{""CommonClassAMember"": 118548679.0, ""CommonClassBMember"": 98639873.0}",2026-08-07,10-Q,0,2025-06-30,8943300000,912900000,6411
OGE,1021635,OGE ENERGY CORP.,float,206581287,"{""common"": 206581287.0}",2026-06-30,10-Q,8937916402,2025-06-30,14472100000,3260100000,4911
WCC,929008,WESCO INTERNATIONAL INC,float,48732854,"{""common"": 48732854.0}",2026-07-29,10-Q,8900000000,2025-06-30,17807800000,23510900000,5063
AYI,1144215,ACUITY INC. (DE),float,29935547,"{""common"": 29935547.0}",2026-06-23,10-Q,8900000000,2025-02-28,4635400000,4345600000,3640
HSIC,1000228,HENRY SCHEIN INC,float,111446542,"{""common"": 111446542.0}",2026-07-27,10-Q,8885457000,2025-06-28,11381000000,13184000000,5047
PRI,1475922,"Primerica, Inc.",float,30777350,"{""common"": 30777350.0}",2026-07-31,10-Q,8880345744,2025-06-30,14781939000,3291713000,6311
ORI,74260,OLD REPUBLIC INTERNATIONAL CORP,float,241432922,"{""common"": 241432922.0}",2026-06-30,10-Q,8832423187,2025-06-30,31592400000,9136300000,6351
SNX,1177394,TD SYNNEX CORP,float,79958752,"{""common"": 79958752.0}",2026-06-24,10-Q,8743705927,2025-05-31,38506013000,62508086000,5045
EGP,49600,EASTGROUP PROPERTIES INC,float,53773317,"{""common"": 53773317.0}",2026-07-21,10-Q,8720772824,2025-06-30,5522866000,721336000,6798
CRBG,1889539,"Corebridge Financial, Inc.",float,445772522,"{""common"": 445772522.0}",2026-07-31,10-Q,8710000000,2025-06-30,415793000000,18481000000,6311
ERIE,922621,ERIE INDEMNITY CO,float,46191610,"{""CommonClassAMember"": 46189068.0, ""CommonClassBMember"": 2542.0}",2026-07-24,10-Q,8700000000,2025-06-30,3557016000,4067258000,6411
INGR,1046257,Ingredion Inc,float,63063979,"{""common"": 63063979.0}",2026-08-05,10-Q,8692000000,2025-06-30,8070000000,7219000000,2040
LAD,1023128,LITHIA MOTORS INC,float,21983116,"{""common"": 21983116.0}",2026-07-29,10-Q,8685471000,2025-06-30,26245800000,37634900000,5500
MLI,89439,MUELLER INDUSTRIES INC,float,221181388,"{""common"": 221181388.0}",2026-07-17,10-Q,8641564012,2025-06-27,4257268000,4178547000,3350
HRL,48465,HORMEL FOODS CORP /DE/,float,550350800,"{""CommonStockMember"": 550350800.0, ""NonvotingCommonStockMember"": 0}",2026-08-23,10-Q,8637339615,2025-04-27,13292014000,12106160000,2011
AGNC,1423689,AGNC Investment Corp.,float,1185481447,"{""common"": 1185481447.0}",2026-07-30,10-Q,8600000000,2025-06-30,121760000000,,6798
ALV,1034670,AUTOLIV INC,float,73237217,"{""common"": 73237217.0}",2026-07-10,10-Q,8595000000,2025-06-30,8497000000,10815000000,3714
RYAN,1849253,"RYAN SPECIALTY HOLDINGS, INC.",float,255814785,"{""CommonClassAMember"": 122077702.0, ""CommonClassBMember"": 133737083.0}",2026-07-27,10-Q,8557552987,2025-06-30,11966635000,3051126000,6411
CAG,23217,CONAGRA BRANDS INC.,float,478565642,"{""common"": 478565642.0}",2026-06-28,10-K,8500625571,2025-11-21,17274400000,11281600000,2000
ENTG,1101302,ENTEGRIS INC,float,152800000,"{""common"": 152800000.0}",2026-07-31,10-Q,8500000000,2025-06-28,8418500000,3196600000,3089
BROS,1866581,Dutch Bros Inc.,float,174681716,"{""CommonClassAMember"": 137940798.0, ""CommonClassBMember"": 35177924.0, ""CommonClassCMember"": 1562994.0}",2026-07-31,10-Q,8500000000,2025-06-30,3376689000,1638159000,5810
DCI,29644,DONALDSON Co INC,float,115911056,"{""common"": 115911056.0}",2026-05-21,10-Q,8462489351,2025-01-31,3087500000,3690900000,3564
EMN,915389,EASTMAN CHEMICAL CO,float,114377421,"{""common"": 114377421.0}",2026-06-30,10-Q,8452123241,2025-12-31,15424000000,8752000000,2821
PNFP,2082866,"Pinnacle Financial Partners, Inc.",float,151112640,"{""common"": 151112640.0}",2026-07-31,10-Q,8441256440,2025-06-30,129055000000,,6021
REXR,1571283,"Rexford Industrial Realty, Inc.",float,222988124,"{""common"": 222988124.0}",2026-07-23,10-Q,8400000000,2025-06-30,11634676000,1003133000,6798
OLLI,1639300,"Ollie's Bargain Outlet Holdings, Inc.",float,59402403,"{""common"": 59402403.0}",2026-08-26,10-Q,8400000000,2025-08-02,3027596000,2649198000,5331
WAL,1212545,WESTERN ALLIANCE BANCORPORATION,float,109100864,"{""common"": 109100864.0}",2026-07-28,10-Q,8360000000,2025-06-30,98701000000,135800000,6022
MORN,1289419,"Morningstar, Inc.",float,37513571,"{""common"": 37513571.0}",2026-07-24,10-Q,8300000000,2025-06-30,3945700000,2445500000,6282
CHYM,1795586,"Chime Financial, Inc.",float,378585111,"{""CommonClassAMember"": 347019852.0, ""CommonClassBMember"": 31565259.0, ""CommonClassCMember"": 0}",2026-08-03,10-Q,8300000000,2025-06-30,1996649000,2186770000,6199
ONB,707179,OLD NATIONAL BANCORP /IN/,float,382570000,"{""common"": 382570000.0}",2026-07-28,10-Q,8296882698,2025-06-30,73002651000,,6021
APPF,1433195,APPFOLIO INC,float,35416992,"{""CommonClassAMember"": 24087367.0, ""CommonClassBMember"": 11329625.0}",2026-07-16,10-Q,8256000000,2025-06-30,648371000,950822000,7372
WTFC,1015328,WINTRUST FINANCIAL CORP,float,67465967,"{""common"": 67465967.0}",2026-07-31,10-Q,8232734235,2025-06-30,74668135000,265635000,6022
PCOR,1611052,"PROCORE TECHNOLOGIES, INC.",float,151955338,"{""common"": 151955338.0}",2026-07-24,10-Q,8209500000,2025-06-30,2243738000,1322509000,7372
FRT,34903,FEDERAL REALTY INVESTMENT TRUST,float,86889133,"{""common"": 86889133.0}",2026-07-27,10-Q,8200000000,2025-06-30,9096770000,1278975000,6798
CFR,39263,"CULLEN/FROST BANKERS, INC.",float,62148785,"{""common"": 62148785.0}",2026-07-30,10-Q,8200000000,2025-06-30,53881091000,2235244000,6021
FLR,1124198,FLUOR CORP,float,133741067,"{""common"": 133741067.0}",2026-07-31,10-Q,8200000000,2025-06-30,7536000000,15503000000,1600
CVLT,1169561,COMMVAULT SYSTEMS INC,float,41444564,"{""common"": 41444564.0}",2026-07-27,10-Q,8200000000,2025-09-30,1890421000,1183690000,7372
FND,1507079,"Floor & Decor Holdings, Inc.",float,106489965,"{""common"": 106489965.0}",2026-07-27,10-Q,8200000000,2025-06-26,5711021000,4684088000,5211
JEF,96223,Jefferies Financial Group Inc.,float,230552271,"{""NonvotingCommonStockMember"": 36809581.0, ""VotingCommonStockMember"": 193742690.0}",2026-06-30,10-Q,8180207998,2025-05-31,79539946000,10823677000,6211
OTEX,1002638,OPEN TEXT CORP,float,242126739,"{""common"": 242126739.0}",2026-07-31,10-K,8100000000,2025-12-31,13106504000,5246401000,7373
AXS,1214816,AXIS CAPITAL HOLDINGS LTD,float,72966317,"{""common"": 72966317.0}",2026-07-24,10-Q,8100000000,2025-06-30,35618746000,6563678000,6331
LOAR,2000178,Loar Holdings Inc.,float,93688471,"{""common"": 93688471.0}",2026-07-31,10-Q,8100000000,2025-06-30,2326048000,496283000,3728
NNN,751364,"NNN REIT, INC.",float,191931400,"{""common"": 191931400.0}",2026-07-30,10-Q,8061407000,2025-06-30,9606523000,926213000,6798
TAP-A,24545,MOLSON COORS BEVERAGE CO,float,176681024,"{""CommonClassAMember"": 2563034.0, ""CommonClassBMember"": 174117990.0}",2026-07-30,10-Q,8000000000,2025-06-30,24359000000,13040300000,2082
GNRC,1474735,GENERAC HOLDINGS INC.,float,59006361,"{""common"": 59006361.0}",2026-07-31,10-Q,8000000000,2025-06-30,5772151000,4209147000,3621
LW,1679273,"Lamb Weston Holdings, Inc.",float,137481011,"{""common"": 137481011.0}",2026-07-17,10-K,8000000000,2025-11-21,7380100000,6612300000,2030
CHWY,1766502,"Chewy, Inc.",float,401927249,"{""CommonClassAMember"": 225449020.0, ""CommonClassBMember"": 176478229.0}",2026-09-02,10-Q,8000000000,2025-08-01,3740600000,12601500000,5961
BRX,1581068,Brixmor Property Group Inc.,float,306872316,"{""common"": 306872316.0}",2026-07-01,10-Q,7910967832,2025-06-30,9006712000,1371597000,6798
ALSN,1411207,Allison Transmission Holdings Inc,float,82578038,"{""common"": 82578038.0}",2026-07-22,10-Q,7896000000,2025-06-30,8717000000,3010000000,3714
QRVO,1604778,"Qorvo, Inc.",float,88221633,"{""common"": 88221633.0}",2026-07-21,10-Q,7873633809,2025-09-27,5825590000,3678517000,3674
MUSA,1573516,Murphy USA Inc.,float,18380347,"{""common"": 18380347.0}",2026-06-30,10-Q,7848130000,2025-06-30,5085000000,19384000000,5500
ACI,1646972,"Albertsons Companies, Inc.",float,485325683,"{""common"": 485325683.0}",2026-07-24,10-Q,7800000000,2024-09-06,26917000000,83172500000,5411
CBSH,22356,COMMERCE BANCSHARES INC /MO/,float,143432178,"{""common"": 143432178.0}",2026-08-03,10-Q,7759000000,2025-06-30,35269167000,,6022
PSN,275880,PARSONS CORP,float,106805394,"{""common"": 106805394.0}",2026-07-21,10-Q,7700000000,2025-06-30,6012108000,6364245000,7373
EXP,918646,EAGLE MATERIALS INC,float,30675325,"{""common"": 30675325.0}",2026-07-25,10-Q,7700000000,2025-09-30,3908165000,2308658000,3241
DINO,1915657,HF Sinclair Corp,float,177783849,"{""common"": 177783849.0}",2026-07-24,10-Q,7700000000,2025-06-30,18994000000,26869000000,4610
SPXC,88205,"SPX Technologies, Inc.",float,50085860,"{""common"": 50085860.0}",2026-07-24,10-Q,7649879906,2025-06-28,3939300000,2265100000,3540
G,1398659,Genpact LTD,float,168034407,"{""common"": 168034407.0}",2026-08-04,10-Q,7632233960,2025-06-30,5413096000,5079879000,8742
ESAB,1877322,ESAB Corp,float,62167810,"{""common"": 62167810.0}",2026-07-30,10-Q,7614000000,2025-07-03,6562611000,2842555000,3569
TTEK,831641,TETRA TECH INC,float,256044428,"{""common"": 256044428.0}",2026-07-20,10-Q,7600000000,2025-03-30,4388299000,5442590000,8711
BSY,1031308,BENTLEY SYSTEMS INC,float,302092889,"{""CommonClassAMember"": 11515127.0, ""CommonClassBMember"": 290577762.0}",2026-07-30,10-Q,7600000000,2025-06-30,3582904000,1501779000,7372
AA,1675149,Alcoa Corp,float,263909445,"{""common"": 263909445.0}",2026-07-27,10-Q,7600000000,2025-06-30,16853000000,12831000000,3334
DY,67215,DYCOM INDUSTRIES INC,float,30160957,"{""common"": 30160957.0}",2026-08-24,10-Q,7581619164,2025-07-26,6540044000,5545912000,1623
CPB,16732,CAMPBELL'S Co,float,298206243,"{""common"": 298206243.0}",2026-06-02,10-Q,7566297331,2025-01-24,15142000000,10253000000,2000
UMBF,101382,UMB FINANCIAL CORP,float,75950030,"{""common"": 75950030.0}",2026-07-27,10-Q,7565682253,2025-06-30,72255560000,,6021
AXTA,1616862,Axalta Coating Systems Ltd.,float,214019997,"{""common"": 214019997.0}",2026-07-22,10-Q,7550000000,2025-06-30,7558000000,5117000000,2851
ZION,109380,"ZIONS BANCORPORATION, NATIONAL ASSOCIATION /UT/",float,145953355,"{""common"": 145953355.0}",2026-07-31,10-Q,7521166801,2025-06-30,89041000000,662000000,6021
PRMB,2042694,Primo Brands Corp,float,362354045,"{""common"": 362354045.0}",2026-08-03,10-Q,7515300000,2025-06-30,10637600000,6664000000,2080
BPOP,763901,"POPULAR, INC.",float,63778501,"{""common"": 63778501.0}",2026-08-05,10-Q,7500000000,2025-06-30,78972300000,,6022
AES,874761,AES CORP,float,713438630,"{""common"": 713438630.0}",2026-07-31,10-Q,7490000000,2025-06-30,54238000000,12233000000,4991
MTCH,891103,"Match Group, Inc.",float,229550985,"{""common"": 229550985.0}",2026-07-31,10-Q,7426689174,2025-06-30,4033915000,3487197000,7370
SIRI,908937,SIRIUS XM HOLDINGS INC.,float,337066891,"{""common"": 337066891.0}",2026-07-28,10-Q,7407294638,2025-06-30,27185000000,8558000000,4832
AAL,6201,American Airlines Group Inc.,float,661969951,"{""common"": 661969951.0}",2027-07-17,10-Q,7400000000,2025-06-30,64233000000,54633000000,4512
ALB,915913,ALBEMARLE CORP,float,118005057,"{""common"": 118005057.0}",2026-07-29,10-Q,7400000000,2025-06-30,15905095000,5142733000,2821
GWRE,1528396,"Guidewire Software, Inc.",float,81992669,"{""common"": 81992669.0}",2026-08-31,10-K,7400000000,2026-01-30,2576946000,1475363000,7372
MOD,67347,MODINE MANUFACTURING CO,float,53112708,"{""common"": 53112708.0}",2026-07-24,10-Q,7390000000,2025-09-30,2795400000,3181100000,3714
CRL,1100682,"CHARLES RIVER LABORATORIES INTERNATIONAL, INC.",float,47738872,"{""common"": 47738872.0}",2026-07-25,10-Q,7322905711,2025-06-28,7532145000,4015382000,8731
BBIO,1743881,"BridgeBio Pharma, Inc.",float,195487474,"{""common"": 195487474.0}",2026-08-03,10-Q,7300000000,2025-06-30,1217299000,502076000,2834
MKTX,1278021,MARKETAXESS HOLDINGS INC,float,35192891,"{""common"": 35192891.0}",2026-08-04,10-Q,7300000000,2025-12-31,2422213000,846268000,6211
SAIA,1177702,SAIA INC,float,26674650,"{""common"": 26674650.0}",2026-07-28,10-Q,7298010244,2025-06-30,3724960000,3234286000,4213
OSK,775158,OSHKOSH CORP,float,61739749,"{""common"": 61739749.0}",2026-07-21,10-Q,7276796085,2025-06-30,9961100000,10422300000,3711
FIVE,1177609,"FIVE BELOW, INC",float,55054035,"{""common"": 55054035.0}",2026-09-02,10-Q,7261931467,2025-08-01,5277826000,4764147000,5331
BWA,908255,BORGWARNER INC,float,203666354,"{""common"": 203666354.0}",2026-07-31,10-Q,7200000000,2025-06-30,13934000000,14316000000,3714
CWST,911177,CASELLA WASTE SYSTEMS INC,float,63640046,"{""CommonClassAMember"": 62651846.0, ""CommonClassBMember"": 988200.0}",2026-07-15,10-Q,7200000000,2025-06-30,3557516000,1836841000,4953
BMI,9092,BADGER METER INC,float,28986847,"{""common"": 28986847.0}",2026-07-10,10-Q,7180000000,2025-06-30,998169000,916663000,3824
TPG,1880661,TPG Inc.,float,384524729,"{""CommonClassAMember"": 160109058.0, ""CommonClassBMember"": 217809708.0, ""NonvotingCommonStockMember"": 6605963.0}",2026-07-31,10-Q,7161600000,2025-06-30,14027894000,4670212000,6282
EQPT,1693736,EquipmentShare.com Inc,assets,253375963,"{""CommonClassAMember"": 215807019.0, ""CommonClassBMember"": 37568944.0}",2026-08-07,10-Q,0,2025-06-30,7111000000,4379000000,7359
BFAM,1437578,BRIGHT HORIZONS FAMILY SOLUTIONS INC.,float,48635306,"{""common"": 48635306.0}",2026-07-27,10-Q,7100000000,2025-06-30,3790050000,2933607000,8351
VG,2007855,"Venture Global, Inc.",float,2500092851,"{""CommonClassAMember"": 531488393.0, ""CommonClassBMember"": 1968604458.0}",2026-07-31,10-Q,7100000000,2025-06-30,61515000000,13769000000,4924
WWD,108312,"Woodward, Inc.",float,59045820,"{""common"": 59045820.0}",2026-07-28,10-Q,7090000000,2025-03-31,5196401000,3567064000,3620
KNX,1492691,Knight-Swift Transportation Holdings Inc.,float,162756000,"{""common"": 162756000.0}",2026-07-22,10-Q,7075782710,2025-06-30,11946756000,7469689000,4213
UGI,884614,UGI CORP /PA/,float,214494967,"{""common"": 214494967.0}",2026-07-31,10-Q,7075625221,2025-03-31,15631000000,7287000000,4932
CHE,19584,CHEMED CORP,float,13069961,"{""common"": 13069961.0}",2026-06-30,10-Q,7010301507,2025-06-30,1579585000,2529978000,8082
NFG,70145,NATIONAL FUEL GAS CO,float,95045099,"{""common"": 95045099.0}",2026-07-29,10-Q,7009145000,2025-03-31,10451767000,2277541000,4924
AWI,7431,ARMSTRONG WORLD INDUSTRIES INC,float,42262826,"{""common"": 42262826.0}",2026-07-23,10-Q,7000000000,2025-06-30,2006800000,1620800000,3089
TTC,737758,TORO CO,float,94663378,"{""common"": 94663378.0}",2026-08-27,10-Q,7000000000,2025-05-02,3536000000,4510400000,3524
MEDP,1668397,"Medpace Holdings, Inc.",float,27911655,"{""common"": 27911655.0}",2026-07-17,10-Q,7000000000,2025-06-30,2057181000,2530234000,8731
HQY,1428336,"HEALTHEQUITY, INC.",float,82715296,"{""common"": 82715296.0}",2026-08-20,10-Q,7000000000,2025-07-31,3271363000,1313429000,7389
ELAN,1739104,Elanco Animal Health Inc,float,499621830,"{""common"": 499621830.0}",2026-08-03,10-Q,7000000000,2025-06-30,13561000000,4715000000,2834
APLD,1144879,Applied Digital Corp.,float,291469112,"{""common"": 291469112.0}",2026-07-28,10-K,6900000000,2025-11-30,9929312000,611311000,7374
CART,1579091,Maplebear Inc.,float,231500067,"{""common"": 231500067.0}",2026-07-31,10-Q,6900000000,2025-06-30,3510000000,3742000000,7389
EXLS,1297989,"ExlService Holdings, Inc.",float,151612499,"{""common"": 151612499.0}",2026-07-24,10-Q,6886850585,2025-06-30,1676379000,2087679000,7389
MIDD,769520,MIDDLEBY Corp,float,45222349,"{""common"": 45222349.0}",2026-08-10,10-Q,6873088716,2025-06-28,5360653000,3201202000,3580
VNO,899689,VORNADO REALTY TRUST,float,186720531,"{""common"": 186720531.0}",2026-06-30,10-Q,6833930000,2025-06-30,15611168000,1810425000,6798
STRL,874238,"STERLING INFRASTRUCTURE, INC.",float,30588518,"{""common"": 30588518.0}",2026-07-31,10-Q,6830000000,2025-06-30,3194240000,2490049000,1600
SLM,1032033,SLM Corp,float,187946958,"{""common"": 187946958.0}",2026-06-30,10-Q,6800000000,2025-06-30,28579411000,,6141
VOYA,1535929,"Voya Financial, Inc.",float,90596349,"{""common"": 90596349.0}",2026-07-31,10-Q,6800000000,2025-06-30,182946000000,8189000000,6311
KD,1867072,"Kyndryl Holdings, Inc.",float,217818263,"{""common"": 217818263.0}",2026-07-29,10-Q,6800000000,2025-09-30,12026000000,15092000000,7373
STAG,1479094,"STAG Industrial, Inc.",float,192808329,"{""common"": 192808329.0}",2026-07-27,10-Q,6764000000,2025-06-30,7183566000,845184000,6798
NIQ,2054696,NIQ Global Intelligence plc,assets,294955864,"{""common"": 294955864.0}",2026-08-05,10-Q,,,6761500000,4198400000,7370
OMF,1584207,"OneMain Holdings, Inc.",float,115041469,"{""common"": 115041469.0}",2026-07-21,10-Q,6754235520,2025-06-30,27018000000,,6141
BMRN,1048477,BIOMARIN PHARMACEUTICAL INC,float,193573759,"{""common"": 193573759.0}",2026-07-28,10-Q,6700000000,2025-06-30,11723442000,3221253000,2834
RVMD,1628171,"Revolution Medicines, Inc.",float,214336418,"{""common"": 214336418.0}",2026-07-31,10-Q,6700000000,2025-06-30,4323270000,,2836
WTS,795403,WATTS WATER TECHNOLOGIES INC,float,33383050,"{""CommonClassAMember"": 27466760.0, ""CommonClassBMember"": 5916290.0}",2026-07-26,10-Q,6695455530,2025-06-29,2951500000,2438500000,3490
CHDN,20212,Churchill Downs Inc,float,69700243,"{""common"": 69700243.0}",2026-07-22,10-Q,6693961648,2025-06-30,7521000000,2925900000,7948
MKSI,1049502,MKS INC,float,67617558,"{""common"": 67617558.0}",2026-07-28,10-Q,6672873031,2025-06-30,8941000000,3931000000,3823
LNC,59558,LINCOLN NATIONAL CORP,float,191447336,"{""common"": 191447336.0}",2026-07-24,10-Q,6600000000,2025-06-30,429797000000,18212000000,6311
GMED,1237831,GLOBUS MEDICAL INC,float,134261914,"{""common"": 134261914.0}",2026-08-04,10-Q,6600000000,2025-06-30,5488258000,2938931000,3841
PCTY,1591698,Paylocity Holding Corp,float,53056963,"{""common"": 53056963.0}",2026-07-29,10-K,6600000000,2025-12-31,4884358000,1771326000,7372
ARW,7536,"ARROW ELECTRONICS, INC.",float,50905423,"{""common"": 50905423.0}",2026-07-30,10-Q,6525264346,2025-06-28,38376681000,30852935000,5065
EAT,703351,"BRINKER INTERNATIONAL, INC",float,41765010,"{""common"": 41765010.0}",2026-08-11,10-K,6521752786,2025-12-24,2815000000,5807400000,5812
MSA,66570,MSA Safety Inc,float,38578289,"{""common"": 38578289.0}",2026-07-24,10-Q,6500000000,2025-06-30,2601511000,1874814000,3842
KTOS,1069258,"KRATOS DEFENSE & SECURITY SOLUTIONS, INC.",float,187721327,"{""common"": 187721327.0}",2026-07-31,10-Q,6500000000,2025-06-29,4089800000,1346800000,3760
ACHR,1824502,Archer Aviation Inc.,float,770023800,"{""common"": 770023800.0}",2026-08-05,10-Q,6500000000,2025-06-30,2214300000,300000,3721
COKE,317540,"Coca-Cola Consolidated, Inc.",float,66564294,"{""CommonClassBMember"": 10046960.0, ""CommonClassUndefinedMember"": 56517334.0}",2026-07-24,10-Q,6464713553,2025-06-27,4432475000,7228055000,2086
SSD,920371,"Simpson Manufacturing Co., Inc.",float,40984682,"{""common"": 40984682.0}",2026-08-04,10-Q,6463559567,2025-06-30,3139851000,2332808000,3420
VMI,102729,VALMONT INDUSTRIES INC,float,19304858,"{""common"": 19304858.0}",2026-07-24,10-Q,6424049320,2025-06-28,3465705000,4104102000,3440
PB,1068851,PROSPERITY BANCSHARES INC,float,120176771,"{""common"": 120176771.0}",2026-07-31,10-Q,6410000000,2025-06-30,43872511000,,6022
AGCO,880266,AGCO CORP /DE,float,70031729,"{""common"": 70031729.0}",2026-07-27,10-Q,6400000000,2025-06-30,11878400000,10082000000,3523
STWD,1465128,"STARWOOD PROPERTY TRUST, INC.",float,370168950,"{""common"": 370168950.0}",2026-07-31,10-Q,6400000000,2025-06-30,61046276000,1844289000,6798
AM,1623925,Antero Midstream Corp,float,474674000,"{""common"": 474674000.0}",2026-07-24,10-Q,6400000000,2025-06-30,6363815000,1188426000,4922
FOUR,1794669,"Shift4 Payments, Inc.",float,78960120,"{""common"": 78960120.0}",2026-07-31,10-Q,6400000000,2025-06-30,8699000000,4180000000,7389
GTLB,1653482,Gitlab Inc.,float,166600000,"{""CommonClassAMember"": 165500000.0, ""CommonClassBMember"": 1100000.0}",2026-08-18,10-Q,6367400000,2025-07-31,1661832000,955224000,7372
FR,921825,FIRST INDUSTRIAL REALTY TRUST INC,float,132572946,"{""common"": 132572946.0}",2026-07-23,10-Q,6345600000,2025-06-30,5780665000,727076000,6798
MAT,63276,MATTEL INC /DE/,float,285700000,"{""common"": 285700000.0}",2026-07-24,10-Q,6314108780,2025-06-30,6357023000,5347623000,3942
FSS,277509,FEDERAL SIGNAL CORP /DE/,float,61041611,"{""common"": 61041611.0}",2026-06-30,10-Q,6305527709,2025-06-30,2440000000,2180500000,3711
KEX,56047,KIRBY CORP,float,52800000,"{""common"": 52800000.0}",2026-08-04,10-Q,6300000000,2025-06-30,6220267000,3364050000,4400
R,85961,RYDER SYSTEM INC,float,38346868,"{""common"": 38346868.0}",2026-06-30,10-Q,6300000000,2025-06-30,16089000000,12665000000,7510
MTG,876437,MGIC INVESTMENT CORP,float,205124840,"{""common"": 205124840.0}",2026-07-24,10-Q,6300000000,2025-06-30,6526982000,1213636000,6351
LYFT,1759509,"Lyft, Inc.",float,378540249,"{""common"": 378540249.0}",2026-07-31,10-Q,6300000000,2025-06-30,9107486000,6316261000,7389
EPRT,1728951,"ESSENTIAL PROPERTIES REALTY TRUST, INC.",float,216273004,"{""common"": 216273004.0}",2026-07-22,10-Q,6300000000,2025-06-30,7490313000,561219000,6798
MTN,812011,VAIL RESORTS INC,float,35633526,"{""common"": 35633526.0}",2026-06-03,10-Q,6277849993,2025-01-31,5685950000,2964347000,7990
CWAN,1866368,"Clearwater Analytics Holdings, Inc.",float,298488291,"{""CommonClassAMember"": 297375155.0, ""CommonClassBMember"": 1113136.0}",2026-05-04,10-Q,6253649261,2025-06-30,3026855000,731368000,7372
JAZZ,1232524,Jazz Pharmaceuticals plc,float,64914577,"{""common"": 64914577.0}",2026-07-27,10-Q,6250820994,2025-06-30,11080900000,4267586000,2834
IDA,1057877,IDACORP INC,float,57842043,"{""common"": 57842043.0}",2026-07-24,10-Q,6209260280,2025-06-30,10225437000,1812997000,4911
GPK,1408075,GRAPHIC PACKAGING HOLDING CO,float,296071573,"{""common"": 296071573.0}",2026-08-03,10-Q,6200000000,2025-06-30,11660000000,8617000000,2650
GH,1576280,"Guardant Health, Inc.",float,134196170,"{""common"": 134196170.0}",2026-07-24,10-Q,6200000000,2025-06-30,1912294000,982021000,8071
QVCG,1254699,"QVC Group, Inc.",assets,1,"{""common"": 1.0}",2026-06-30,10-Q,0,2025-06-30,6191000000,8293000000,5961
JBTM,1433660,JBT MAREL Corp,float,51876817,"{""common"": 51876817.0}",2026-07-24,10-Q,6184278020,2025-06-30,8006000000,3798200000,3550
BIO,12208,"BIO-RAD LABORATORIES, INC.",assets,26738175,"{""CommonClassAMember"": 21677137.0, ""CommonClassBMember"": 5061038.0}",2026-07-30,10-Q,6181361340,2018-06-30,10252000000,2583200000,3826
FBIN,1519751,"Fortune Brands Innovations, Inc.",float,119371477,"{""common"": 119371477.0}",2026-07-17,10-Q,6137574374,2025-06-28,6342000000,4463200000,2430
WH,1722684,"WYNDHAM HOTELS & RESORTS, INC.",float,74211122,"{""common"": 74211122.0}",2026-07-15,10-Q,6120000000,2025-06-30,4332000000,1429000000,7011
CORT,1088856,CORCEPT THERAPEUTICS INC,float,108098397,"{""common"": 108098397.0}",2026-07-22,10-Q,6107076423,2025-06-30,888702000,761407000,2834
KBR,1357615,"KBR, INC.",float,126067755,"{""common"": 126067755.0}",2026-07-22,10-Q,6100000000,2025-07-04,6667000000,7786000000,1600
CTRE,1590717,"CareTrust REIT, Inc.",float,236293199,"{""common"": 236293199.0}",2026-08-05,10-Q,6100000000,2025-06-30,5929251000,476393000,6798
FAF,1472787,First American Financial Corp,float,102100000,"{""common"": 102100000.0}",2026-07-20,10-Q,6056068344,2025-06-30,18941000000,7452200000,6361
CE,1306830,Celanese Corp,float,109748926,"{""common"": 109748926.0}",2026-08-03,10-Q,6048316998,2025-06-30,21408000000,9544000000,2820
THG,944695,"HANOVER INSURANCE GROUP, INC.",float,34820221,"{""common"": 34820221.0}",2026-07-27,10-Q,6046846082,2025-06-30,16863900000,6594400000,6331
TTAN,1638826,"ServiceTitan, Inc.",float,96467903,"{""CommonClassAMember"": 84082058.0, ""CommonClassBMember"": 12385845.0, ""CommonClassCMember"": 0}",2026-08-31,10-Q,6046600000,2025-07-31,1804176000,960965000,7372
RHP,1040829,"Ryman Hospitality Properties, Inc.",float,63119288,"{""common"": 63119288.0}",2026-07-31,10-Q,6029634108,2025-06-30,6191836000,2577061000,6798
RGEN,730272,REPLIGEN CORP,float,56435621,"{""common"": 56435621.0}",2026-07-24,10-Q,6000000000,2025-06-30,2950180000,738256000,2836
ZWS,1439288,Zurn Elkay Water Solutions Corp,float,165864097,"{""common"": 165864097.0}",2026-07-23,10-Q,6000000000,2025-06-30,2684400000,1695900000,3560
RITM,1556593,Rithm Capital Corp.,float,558407031,"{""common"": 558407031.0}",2026-07-31,10-Q,6000000000,2025-06-30,54108868000,4590228000,6798
AHR,1632970,"American Healthcare REIT, Inc.",float,217998775,"{""common"": 217998775.0}",2026-08-03,10-Q,5992308000,2025-06-30,5703918000,2260123000,6798
TMHC,1562476,Taylor Morrison Home Corp,float,93427654,"{""common"": 93427654.0}",2026-04-22,10-Q,5972996298,2025-06-30,9771999000,8121480000,1531
DAR,916540,DARLING INGREDIENTS INC.,float,157802916,"{""common"": 157802916.0}",2026-08-03,10-Q,5963190000,2025-06-28,10984208000,6135877000,2070
ENSG,1125376,"ENSIGN GROUP, INC",float,58282434,"{""common"": 58282434.0}",2026-07-23,10-Q,5958688000,2025-06-30,5749396000,5057841000,8051
ITRI,780571,"ITRON, INC.",float,43786753,"{""common"": 43786753.0}",2026-07-24,10-Q,5942208893,2025-06-30,3993544000,2367194000,3825
TXNM,1108426,TXNM ENERGY INC,float,103046111,"{""common"": 103046111.0}",2026-07-24,10-Q,5934944097,2025-06-30,12138370000,2165606000,4911
SOLS,2064953,Solstice Advanced Materials Inc.,assets,158847369,"{""common"": 158847369.0}",2026-07-23,10-Q,0,2025-06-30,5918000000,3886000000,2800
GKOS,1192448,GLAUKOS Corp,float,58983937,"{""common"": 58983937.0}",2026-07-28,10-Q,5913000000,2025-06-30,920521000,507442000,3841
BEN,38777,FRANKLIN TEMPLETON INC,float,508076910,"{""common"": 508076910.0}",2026-07-22,10-Q,5900000000,2025-03-31,36243000000,8770700000,6282
LPX,60519,LOUISIANA-PACIFIC CORP,float,69923410,"{""common"": 69923410.0}",2026-07-31,10-Q,5897870878,2025-06-30,2607000000,2708000000,2400
QTWO,1410384,"Q2 Holdings, Inc.",float,62354695,"{""common"": 62354695.0}",2026-07-29,10-Q,5827609522,2025-06-30,968418000,794809000,7372
BBWI,701985,"Bath & Body Works, Inc.",float,201645313,"{""common"": 201645313.0}",2026-08-21,10-Q,5800000000,2025-08-02,5156000000,7291000000,5990
MGM,789570,MGM Resorts International,float,251592756,"{""common"": 251592756.0}",2026-07-27,10-Q,5800000000,2025-06-30,39848326000,17537683000,7011
TREX,1069878,TREX CO INC,float,101865190,"{""common"": 101865190.0}",2026-07-16,10-Q,5800000000,2025-06-30,1626468000,1174267000,2400
GTES,1718512,Gates Industrial Corp Ltd.,float,253151170,"{""common"": 253151170.0}",2026-07-29,10-Q,5792400000,2025-06-28,7392800000,3443200000,3560
POST,1530950,"Post Holdings, Inc.",float,43956805,"{""common"": 43956805.0}",2026-08-03,10-Q,5759346648,2025-03-31,12852700000,8158100000,2040
IDCC,1405495,"InterDigital, Inc.",float,25806007,"{""common"": 25806007.0}",2026-07-28,10-Q,5717601306,2025-06-30,2192092000,834015000,6794
AUR,1828108,"Aurora Innovation, Inc.",float,2004155268,"{""CommonClassAMember"": 1708146085.0, ""CommonClassBMember"": 296009183.0}",2026-07-22,10-Q,5712000000,2025-06-30,2167000000,3000000,7373
ALK,766421,"ALASKA AIR GROUP, INC.",float,111603120,"{""common"": 111603120.0}",2026-07-31,10-Q,5700000000,2025-06-30,21246000000,14239000000,4512
SLGN,849869,SILGAN HOLDINGS INC,float,105682020,"{""common"": 105682020.0}",2026-07-31,10-Q,5700000000,2025-06-30,9600683000,6483166000,3411
IVZ,914208,Invesco Ltd.,float,441499780,"{""common"": 441499780.0}",2026-06-30,10-Q,5700000000,2025-06-30,27473100000,6377100000,6282
MTSI,1493594,"MACOM Technology Solutions Holdings, Inc.",float,76370931,"{""common"": 76370931.0}",2026-08-03,10-Q,5700000000,2025-04-04,2146769000,967258000,3674
MARA,1507605,"MARA Holdings, Inc.",float,386299297,"{""common"": 386299297.0}",2026-07-30,10-Q,5700000000,2025-06-30,4348891000,907093000,6199
TRNO,1476150,Terreno Realty Corp,float,108970310,"{""common"": 108970310.0}",2026-08-03,10-Q,5685616027,2025-06-30,5711884000,476383000,6500
JOBY,1819848,"Joby Aviation, Inc.",float,989124237,"{""common"": 989124237.0}",2026-08-03,10-Q,5630000000,2025-06-30,2752177000,53425000,3721
H,1468174,Hyatt Hotels Corp,float,94236736,"{""CommonClassAMember"": 41600929.0, ""CommonClassBMember"": 52635807.0}",2026-07-24,10-Q,5626000000,2025-06-30,13976000000,7101000000,7011
THO,730263,THOR INDUSTRIES INC,float,51614361,"{""common"": 51614361.0}",2026-09-16,10-K,5612000000,2026-01-31,6956155000,9608145000,3716
CDE,215466,"Coeur Mining, Inc.",float,1027934998,"{""common"": 1027934998.0}",2026-08-03,10-Q,5605534558,2025-06-30,15203745000,2070126000,1040
AN,350698,"AUTONATION, INC.",float,33060806,"{""common"": 33060806.0}",2026-07-29,10-Q,5600000000,2025-06-30,15484200000,27631400000,5500
MDGL,1157601,"MADRIGAL PHARMACEUTICALS, INC.",float,23104126,"{""common"": 23104126.0}",2026-07-27,10-Q,5600000000,2025-06-30,1244645000,958403000,2834
CZR,1590895,"Caesars Entertainment, Inc.",float,203720372,"{""common"": 203720372.0}",2026-07-23,10-Q,5600000000,2025-06-30,31742000000,11486000000,7011
LFUS,889331,LITTELFUSE INC /DE,float,25398747,"{""common"": 25398747.0}",2026-07-24,10-Q,5591411587,2025-06-28,3857551000,2386294000,3613
VRNS,1361113,VARONIS SYSTEMS INC,float,114860485,"{""common"": 114860485.0}",2026-07-24,10-Q,5560000000,2025-06-30,1654395000,623532000,7372
STUB,1337634,"StubHub Holdings, Inc.",assets,382089966,"{""CommonClassAMember"": 357339966.0, ""CommonClassBMember"": 24750000.0}",2026-08-07,10-Q,0,2025-06-30,5558558000,1745188000,7990
CHRD,1486159,Chord Energy Corp,float,54697872,"{""common"": 54697872.0}",2026-08-03,10-Q,5544699884,2025-06-30,13717388000,4877126000,1311
HR,1360604,Healthcare Realty Trust Inc,float,342719760,"{""common"": 342719760.0}",2026-07-27,10-Q,5534691368,2025-06-30,9001151000,1180546000,6798
MTDR,1520006,Matador Resources Co,float,123754216,"{""common"": 123754216.0}",2026-08-05,10-Q,5506467014,2025-06-30,13494566000,3696277000,1311
UFPI,912767,UFP INDUSTRIES INC,float,55161491,"{""common"": 55161491.0}",2026-06-27,10-Q,5506165241,2025-06-27,4104864000,6320343000,2421
CMC,22444,COMMERCIAL METALS Co,float,110624335,"{""common"": 110624335.0}",2026-06-25,10-Q,5500000000,2025-02-28,9796355000,7798480000,3312
GPI,1031203,GROUP 1 AUTOMOTIVE INC,float,11922225,"{""common"": 11922225.0}",2026-07-24,10-Q,5500000000,2025-06-30,10286500000,22571400000,5500
GXO,1852244,"GXO Logistics, Inc.",float,114684579,"{""common"": 114684579.0}",2026-08-03,10-Q,5500000000,2025-06-30,12371000000,13178000000,4700
RLI,84246,RLI CORP,float,91772970,"{""common"": 91772970.0}",2026-07-15,10-Q,5490497507,2025-06-30,6413005000,1882448000,6331
HRB,12659,H&R BLOCK INC,float,123265922,"{""common"": 123265922.0}",2026-07-31,10-K,5481026737,2025-12-31,3256351000,3945392000,7200
FLS,30625,FLOWSERVE CORP,float,127112780,"{""common"": 127112780.0}",2026-07-21,10-Q,5471227019,2025-06-30,6320288000,4729260000,3561
HLNE,1433642,Hamilton Lane INC,float,55110638,"{""CommonClassAMember"": 43349167.0, ""CommonClassBMember"": 11761471.0}",2026-07-31,10-Q,5470900000,2025-09-30,2538747000,758993000,6282
AMG,1004434,"AFFILIATED MANAGERS GROUP, INC.",float,25859933,"{""common"": 25859933.0}",2026-08-05,10-Q,5442489568,2025-06-30,9403500000,2074400000,6282
UPST,1647639,"Upstart Holdings, Inc.",float,97313046,"{""common"": 97313046.0}",2026-07-28,10-Q,5437795847,2025-06-30,3171273000,1043857000,6199
WHR,106640,WHIRLPOOL CORP /DE/,float,65199378,"{""common"": 65199378.0}",2026-07-31,10-Q,5409388540,2025-06-30,17326000000,15524000000,3630
GATX,40211,GATX CORP,float,35300000,"{""common"": 35300000.0}",2026-06-30,10-Q,5400000000,2025-06-30,17720900000,1740400000,4700
MMSI,856982,MERIT MEDICAL SYSTEMS INC,float,59710420,"{""common"": 59710420.0}",2026-07-28,10-Q,5400000000,2025-06-30,2863620000,1515906000,3841
VNT,1786842,Vontier Corp,float,135200000,"{""common"": 135200000.0}",2026-08-03,10-Q,5400000000,2025-06-27,4031000000,3075600000,3824
ESNT,1448893,Essent Group Ltd.,float,89876493,"{""common"": 89876493.0}",2026-07-31,10-Q,5389787812,2025-06-30,7591882000,1260935000,6351
MHK,851968,MOHAWK INDUSTRIES INC,float,67738145,"{""common"": 67738145.0}",2026-07-29,10-Q,5376388614,2025-06-27,13823200000,10785400000,2273
MOG-A,67887,MOOG INC.,float,31671169,"{""CommonClassAMember"": 28443048.0, ""CommonClassBMember"": 3228121.0}",2026-07-24,10-Q,5360000000,2025-03-28,4771180000,3860624000,3590
SWX,1692115,"Southwest Gas Holdings, Inc.",float,72445853,"{""common"": 72445853.0}",2026-07-31,10-Q,5354455918,2025-06-30,10475435000,1940380000,4923
SMR,1822966,NUSCALE POWER Corp,float,429723272,"{""CommonClassAMember"": 410389522.0, ""CommonClassBMember"": 19333750.0}",2026-07-30,10-Q,5300000000,2025-06-30,2049193000,31479000,3443
SITE,1650729,"SiteOne Landscape Supply, Inc.",float,43655390,"{""common"": 43655390.0}",2026-07-24,10-Q,5285762414,2025-06-27,3457500000,4704800000,5040
IONS,874015,IONIS PHARMACEUTICALS INC,float,166184322,"{""common"": 166184322.0}",2026-07-23,10-Q,5275488712,2025-06-30,2994501000,943711000,2834
OPCH,1014739,"Option Care Health, Inc.",float,149785243,"{""common"": 149785243.0}",2026-07-27,10-Q,5271294634,2025-06-30,3380100000,5649519000,8082
CGNX,851205,COGNEX CORP,float,168223842,"{""common"": 168223842.0}",2026-08-02,10-Q,5267183673,2025-06-27,2178650000,994359000,3823
CCC,1818201,CCC Intelligent Solutions Holdings Inc.,float,588994704,"{""common"": 588994704.0}",2026-07-28,10-Q,5261000000,2025-06-30,3531928000,1057001000,7372
HOMB,1331520,HOME BANCSHARES INC,float,200049630,"{""common"": 200049630.0}",2026-08-06,10-Q,5260000000,2025-06-30,24713248000,,6022
SIGI,230557,SELECTIVE INSURANCE GROUP INC,float,59569119,"{""common"": 59569119.0}",2026-07-17,10-Q,5226605951,2025-06-30,15615949000,5336928000,6331
FCFS,840489,"FirstCash Holdings, Inc.",float,43371800,"{""common"": 43371800.0}",2026-07-22,10-Q,5217000000,2025-06-30,5485573000,3661043000,5900
UDR,74208,"UDR, Inc.",float,321264222,"{""common"": 321264222.0}",2026-07-24,10-Q,5200000000,2025-06-30,10333774000,1712317000,6798
RMBS,917273,RAMBUS INC,float,108461603,"{""common"": 108461603.0}",2026-06-30,10-Q,5200000000,2025-06-30,1533146000,707630000,3674
SPSC,1092699,SPS COMMERCE INC,float,36000174,"{""common"": 36000174.0}",2026-07-23,10-Q,5200000000,2025-06-30,1125429000,751505000,7372
LOPE,1434588,"Grand Canyon Education, Inc.",float,26065037,"{""common"": 26065037.0}",2026-07-28,10-Q,5200000000,2025-06-30,919179000,1106070000,8200
ELF,1600033,"e.l.f. Beauty, Inc.",float,59007996,"{""common"": 59007996.0}",2026-07-30,10-Q,5200000000,2025-09-30,2460649000,1636472000,2844
W,1616707,Wayfair Inc.,float,136968070,"{""CommonClassAMember"": 115990166.0, ""CommonClassBMember"": 20977904.0}",2026-07-28,10-Q,5200000000,2025-06-30,2978000000,12457000000,5961
VFC,103379,V F CORP,float,393134570,"{""common"": 393134570.0}",2026-07-25,10-Q,5184000000,2025-09-27,9290177000,9605207000,2320
FMC,37785,FMC CORP,float,125226839,"{""common"": 125226839.0}",2026-06-30,10-Q,5177967529,2025-06-30,9144800000,3467400000,2800
SHAK,1620533,Shake Shack Inc.,float,42798938,"{""CommonClassAMember"": 40408149.0, ""CommonClassBMember"": 2390789.0}",2026-07-29,10-Q,5163677020,2025-06-25,1950280000,1445306000,5810
BCPC,9326,BALCHEM CORP,float,31878021,"{""common"": 31878021.0}",2026-07-23,10-Q,5138000000,2025-06-30,1687004000,1037161000,2800
STEP,1796022,StepStone Group Inc.,float,120676668,"{""CommonClassAMember"": 82288907.0, ""CommonClassBMember"": 38387761.0}",2026-08-04,10-Q,5111500000,2025-09-30,7767674000,1993603000,6282
S,1583708,"SentinelOne, Inc.",float,348049117,"{""CommonClassAMember"": 342184493.0, ""CommonClassBMember"": 5864624.0}",2026-08-21,10-Q,5100000000,2025-07-31,2381461000,1001278000,7372
ADC,917251,AGREE REALTY CORP,float,124379310,"{""common"": 124379310.0}",2026-07-29,10-Q,5088774755,2025-06-30,10586829000,718398000,6798
ORA,1296445,"ORMAT TECHNOLOGIES, INC.",float,61496941,"{""common"": 61496941.0}",2026-08-01,10-Q,5086197847,2025-06-30,6788245000,989543000,4911
GBCI,868671,"GLACIER BANCORP, INC.",float,130211953,"{""common"": 130211953.0}",2026-07-16,10-Q,5081362682,2025-06-30,31599001000,101072000,6022
FNB,37808,FNB CORP/PA/,float,353000972,"{""common"": 353000972.0}",2026-07-31,10-Q,5043012309,2025-06-30,50999000000,,6021
UHAL,4457,U-Haul Holding Co /NV/,float,194393495,"{""CommonClassAMember"": 19224580.0, ""NonvotingCommonStockMember"": 175168915.0}",2026-08-03,10-Q,5028850534,2025-09-30,21661488000,6037819000,7510
CUZ,25232,COUSINS PROPERTIES INC,float,164602058,"{""common"": 164602058.0}",2026-07-24,10-Q,5011905168,2025-06-30,9040873000,993816000,6798
LEA,842162,LEAR CORP,float,49324764,"{""common"": 49324764.0}",2026-07-28,10-Q,5002133126,2025-06-28,15650500000,23259100000,3714
CRUS,772406,"CIRRUS LOGIC, INC.",float,50117561,"{""common"": 50117561.0}",2026-08-03,10-Q,5001900563,2025-09-27,2560280000,1997379000,3674
VLY,714310,VALLEY NATIONAL BANCORP,float,552605226,"{""common"": 552605226.0}",2026-08-05,10-Q,5000000000,2025-06-30,66318308000,,6021
PEGA,1013857,PEGASYSTEMS INC,float,164404945,"{""common"": 164404945.0}",2026-07-13,10-Q,5000000000,2025-06-30,1384043000,1745812000,7374
SLAB,1038074,SILICON LABORATORIES INC.,float,33366761,"{""common"": 33366761.0}",2026-08-04,10-Q,5000000000,2025-07-05,1253056000,784764000,3674
MP,1801368,MP Materials Corp. / DE,float,178101588,"{""common"": 178101588.0}",2026-07-31,10-Q,5000000000,2025-06-30,3726740000,224441000,1000
WEX,1309108,WEX Inc.,float,34081611,"{""common"": 34081611.0}",2026-07-17,10-Q,5000000000,2025-06-30,16498800000,2660800000,7389
SAIC,1571123,Science Applications International Corp,float,41897635,"{""common"": 41897635.0}",2026-08-21,10-Q,5000000000,2025-08-01,5423000000,7262000000,7373
VNOM,2074176,"Viper Energy, Inc.",float,359194893,"{""CommonClassAMember"": 194405049.0, ""CommonClassBMember"": 164789844.0}",2026-07-31,10-Q,5000000000,2025-06-30,12055000000,1395000000,1311
UBSI,729986,UNITED BANKSHARES INC/WV,float,136212571,"{""common"": 136212571.0}",2026-07-31,10-Q,4995534716,2025-06-30,33751832000,,6022
AAON,824142,"AAON, INC.",float,82453639,"{""common"": 82453639.0}",2026-08-06,10-Q,4993400000,2025-06-30,1863683000,1442076000,3585
FFIN,36029,FIRST FINANCIAL BANKSHARES INC,float,143327507,"{""common"": 143327507.0}",2026-08-04,10-Q,4960000000,2025-06-30,15306437000,,6022
AEIS,927003,ADVANCED ENERGY INDUSTRIES INC,float,40050442,"{""common"": 40050442.0}",2026-07-29,10-Q,4950205433,2025-06-30,3426800000,1798800000,3679
QBTS,1907982,D-Wave Quantum Inc.,float,369263837,"{""common"": 369263837.0}",2026-08-05,10-Q,4929610182,2025-06-30,1158430000,24587000,7374
NXST,1142417,"NEXSTAR MEDIA GROUP, INC.",float,30808301,"{""common"": 30808301.0}",2026-08-07,10-Q,4901766022,2025-06-30,17715000000,4949000000,4833
HWC,750577,HANCOCK WHITNEY CORP,float,80223058,"{""common"": 80223058.0}",2026-07-31,10-Q,4900000000,2025-06-30,36345972000,,6022
WSC,1647088,WillScot Holdings Corp,float,181190958,"{""common"": 181190958.0}",2026-07-30,10-Q,4900000000,2025-06-30,5865509000,2281446000,7350
KRG,1286043,KITE REALTY GROUP TRUST,float,200346933,"{""common"": 200346933.0}",2026-07-24,10-Q,4900000000,2025-06-30,6266212000,844365000,6798
ETSY,1370637,ETSY INC,float,91781748,"{""common"": 91781748.0}",2026-07-31,10-Q,4900000000,2025-06-30,2439167000,2883501000,7389
IRTC,1388658,"iRhythm Holdings, Inc.",float,32963003,"{""common"": 32963003.0}",2026-07-30,10-Q,4900000000,2025-06-30,1093426000,747138000,3841
MSGS,1636519,Madison Square Garden Sports Corp.,float,24079941,"{""CommonClassAMember"": 19550424.0, ""CommonClassBMember"": 4529517.0}",2026-07-31,10-K,4900000000,2025-12-31,1537652000,1153822000,7990
NJR,356309,NEW JERSEY RESOURCES CORP,float,101467946,"{""common"": 101467946.0}",2026-07-31,10-Q,4899102123,2025-03-31,8024458000,2036412000,4924
LIF,1581760,"Life360, Inc.",float,81480369,"{""common"": 81480369.0}",2026-08-04,10-Q,4840000000,2025-06-30,1051919000,489481000,7374
URBN,912615,URBAN OUTFITTERS INC,float,85660181,"{""common"": 85660181.0}",2026-09-03,10-Q,4829187910,2026-07-31,5122987000,6165376000,5651
RDN,890926,RADIAN GROUP INC,float,132301318,"{""common"": 132301318.0}",2026-08-05,10-Q,4826211704,2025-06-30,10656320000,1197084000,6351
GNTX,355811,GENTEX CORP,float,210683331,"{""common"": 210683331.0}",2026-07-24,10-Q,4813633848,2025-06-30,2999428544,2534268965,3714
MIR,1809987,"Mirion Technologies, Inc.",float,249037647,"{""CommonClassAMember"": 243278092.0, ""CommonClassBMember"": 5759555.0}",2026-07-23,10-Q,4800000000,2025-06-30,3521000000,925400000,3829
CROX,1334036,"Crocs, Inc.",float,47945075,"{""common"": 47945075.0}",2026-07-23,10-Q,4800000000,2025-06-30,4356279000,4040647000,3021
PATH,1734722,"UiPath, Inc.",float,521155409,"{""CommonClassAMember"": 456464703.0, ""CommonClassBMember"": 64690706.0}",2026-09-03,10-Q,4800000000,2025-07-31,2907367000,1610572000,7372
BILL,1786352,"BILL Holdings, Inc.",float,85276782,"{""common"": 85276782.0}",2026-08-13,10-K,4800000000,2025-12-31,10218139000,1653160000,7372
KVYO,1835830,"Klaviyo, Inc.",float,284727437,"{""CommonClassAMember"": 126937933.0, ""CommonClassBMember"": 157789504.0}",2026-07-31,10-Q,4800000000,2025-06-30,1384169000,1234019000,7372
LSTR,853816,LANDSTAR SYSTEM INC,float,33936925,"{""common"": 33936925.0}",2026-07-20,10-Q,4792022000,2025-06-28,1602198000,4743760000,4213
PIPR,1230245,PIPER SANDLER COMPANIES,float,70670291,"{""common"": 70670291.0}",2026-07-29,10-Q,4780000000,2025-06-30,2326856000,1904217000,6211
SITM,1451809,SITIME Corp,float,30071036,"{""common"": 30071036.0}",2026-08-01,10-Q,4729021877,2025-06-30,2505523000,326660000,3674
MMED,2062583,"MiniMed Group, Inc.",revenue,281349931,"{""common"": 281349931.0}",2026-09-03,10-Q,0,2026-04-24,4718000000,3102000000,3841
MTH,833079,Meritage Homes CORP,float,65174093,"{""common"": 65174093.0}",2026-07-27,10-Q,4700000000,2025-06-30,7554933000,,1531
JXN,1822993,Jackson Financial Inc.,float,67728744,"{""common"": 67728744.0}",2026-07-27,10-Q,4700000000,2025-06-30,367065000000,6683000000,6311
ALKS,1520262,Alkermes plc.,float,167763272,"{""common"": 167763272.0}",2026-07-23,10-Q,4657775005,2025-06-30,4393125000,1475899000,2834
ABG,1144980,ASBURY AUTOMOTIVE GROUP INC,float,17951917,"{""common"": 17951917.0}",2026-07-29,10-Q,4650000000,2025-06-30,11411500000,17999000000,5500
KNF,1955520,Knife River Corp,float,56763420,"{""common"": 56763420.0}",2026-07-30,10-Q,4626062431,2025-06-30,4177823000,3146012000,1400
FCN,887936,"FTI CONSULTING, INC",float,27611575,"{""common"": 27611575.0}",2026-07-23,10-Q,4600000000,2025-06-30,3534725000,3788857000,8742
NOV,1021860,NOV Inc.,float,356478125,"{""common"": 356478125.0}",2026-07-24,10-Q,4600000000,2025-06-30,11143000000,8744000000,3533
NEU,1282637,NEWMARKET CORP,float,9196406,"{""common"": 9196406.0}",2026-06-30,10-Q,4530332981,2025-06-30,3621011000,2725169000,2860
ULS,1901440,UL Solutions Inc.,float,201898173,"{""CommonClassAMember"": 78143173.0, ""CommonClassBMember"": 123755000.0}",2026-07-24,10-Q,4518000000,2025-06-30,3119000000,3053000000,8734
MRCY,1049521,MERCURY SYSTEMS INC,float,60136133,"{""common"": 60136133.0}",2026-07-31,10-K,4500000000,2025-12-26,2322776000,983622000,3670
HALO,1159036,"HALOZYME THERAPEUTICS, INC.",float,113498000,"{""common"": 113498000.0}",2026-07-31,10-Q,4500000000,2025-06-30,2577408000,1396611000,2836
WMG,1319161,Warner Music Group Corp.,float,523109769,"{""CommonClassAMember"": 147729456.0, ""CommonClassBMember"": 375380313.0}",2026-07-31,10-Q,4500000000,2025-03-31,10727000000,6707000000,7900
BOX,1372612,BOX INC,float,137200773,"{""common"": 137200773.0}",2026-07-31,10-Q,4500000000,2025-07-31,1404234000,1177253000,7372
OSCR,1568651,"Oscar Health, Inc.",float,308645000,"{""CommonClassAMember"": 273469000.0, ""CommonClassBMember"": 35176000.0}",2026-07-31,10-Q,4500000000,2025-06-30,11226762000,11701427000,6324
LAZ,1311370,"Lazard, Inc.",float,110548172,"{""common"": 110548172.0}",2026-07-17,10-Q,4497454911,2025-06-30,4240648000,3186466000,6282
HXL,717605,HEXCEL CORP /DE/,float,75623452,"{""common"": 75623452.0}",2026-07-27,10-Q,4492763527,2025-06-30,2730600000,1893900000,2821
TKR,98362,TIMKEN CO,float,69296839,"{""common"": 69296839.0}",2026-07-31,10-Q,4480810537,2025-06-30,6825600000,4581800000,3562
WTM,776867,WHITE MOUNTAINS INSURANCE GROUP LTD,float,2386721,"{""common"": 2386721.0}",2026-08-03,10-Q,4475428063,2025-06-30,13766700000,3735000000,6331
SARO,2025410,"StandardAero, Inc.",float,330919431,"{""common"": 330919431.0}",2026-07-31,10-Q,4465333414,2025-06-30,6850114000,6062513000,3724
EPR,1045450,EPR PROPERTIES,float,76608922,"{""common"": 76608922.0}",2026-07-29,10-Q,4458055841,2025-06-30,6052113000,718357000,6798
POR,784977,PORTLAND GENERAL ELECTRIC CO /OR/,float,117607740,"{""common"": 117607740.0}",2026-07-24,10-Q,4436840693,2025-06-30,13643000000,3576000000,4911
TMDX,1756262,"TransMedics Group, Inc.",float,34675145,"{""common"": 34675145.0}",2026-07-30,10-Q,4427000000,2025-06-30,1464396000,605494000,3845
SR,1126956,SPIRE INC,float,59112807,"{""common"": 59112807.0}",2026-07-31,10-Q,4420436221,2025-03-31,14670200000,2476400000,4924
VEEE,1855509,"Twin Vee PowerCats, Co.",float,574502,"{""common"": 574502.0}",2026-08-03,10-Q,4415000000,2025-06-30,20651788,14819130,3730
LUMN,18926,"Lumen Technologies, Inc.",float,1031445404,"{""common"": 1031445404.0}",2026-07-31,10-Q,4400000000,2025-06-30,30782000000,12402000000,4813
FROG,1800667,JFrog Ltd,float,123301311,"{""common"": 123301311.0}",2026-07-31,10-Q,4400000000,2025-06-30,1489344000,531840000,7372
VVV,1674910,VALVOLINE INC,float,127586418,"{""common"": 127586418.0}",2026-07-30,10-Q,4400000000,2025-03-31,3481600000,1710300000,2990
SBRA,1492298,"Sabra Health Care REIT, Inc.",float,255462756,"{""common"": 255462756.0}",2026-07-27,10-Q,4400000000,2025-06-30,5512610000,774632000,6798
PECO,1476204,"Phillips Edison & Company, Inc.",float,128700000,"{""common"": 128700000.0}",2026-07-17,10-Q,4400000000,2025-06-30,5444913000,726594000,6798
AXSM,1579428,"Axsome Therapeutics, Inc.",float,52380818,"{""common"": 52380818.0}",2026-08-03,10-Q,4400000000,2025-06-30,761447000,638496000,2834
AMTM,2011286,"Amentum Holdings, Inc.",float,244506413,"{""common"": 244506413.0}",2026-08-07,10-Q,4396836997,2025-03-28,11199000000,14393000000,7389
AUB,883948,Atlantic Union Bankshares Corp,float,142814896,"{""common"": 142814896.0}",2026-07-30,10-Q,4392659315,2025-06-30,38099868000,,6022
BYD,906553,BOYD GAMING CORP,float,72655414,"{""common"": 72655414.0}",2026-07-27,10-Q,4300000000,2025-06-30,6684204000,4091989000,7011
ST,1477294,Sensata Technologies Holding plc,float,145535862,"{""common"": 145535862.0}",2026-07-16,10-Q,4300000000,2025-06-30,6585400000,3704500000,3823
FTDR,1727263,"Frontdoor, Inc.",float,68893316,"{""common"": 68893316.0}",2026-07-31,10-Q,4300000000,2025-06-30,2186000000,2093000000,7340
ACA,1739445,"Arcosa, Inc.",float,49106809,"{""common"": 49106809.0}",2026-07-15,10-Q,4300000000,2025-06-30,5301900000,2883400000,3440
HRI,1364479,HERC HOLDINGS INC,float,33431444,"{""common"": 33431444.0}",2026-07-24,10-Q,4290000000,2025-06-28,13717000000,4376000000,7350
SON,91767,SONOCO PRODUCTS CO,float,98875003,"{""common"": 98875003.0}",2026-07-17,10-Q,4289986457,2025-06-29,11070019000,7518753000,2650
ADT,1703056,ADT Inc.,float,730559248,"{""CommonClassBMember"": 54744525.0, ""CommonStockUndefinedMember"": 675814723.0}",2026-07-23,10-Q,4282000000,2025-06-30,15739056000,5128607000,7381
LNTH,1521036,"Lantheus Holdings, Inc.",float,65272369,"{""common"": 65272369.0}",2026-08-03,10-Q,4274700000,2025-06-30,2414662000,1541609000,2835
AROC,1389050,"Archrock, Inc.",float,175338185,"{""common"": 175338185.0}",2026-07-29,10-Q,4265752484,2025-06-30,4442871000,1489818000,4922
ITGR,1114483,Integer Holdings Corp,float,33992048,"{""common"": 33992048.0}",2026-07-30,10-Q,4261000000,2025-06-27,3423597000,1853637000,3845
BRKR,1109354,BRUKER CORP,float,155119316,"{""CommonStockMember"": 152359316.0, ""SeriesAMandatoryConvertiblePreferredStockMember"": 2760000.0}",2026-08-03,10-Q,4251097535,2025-06-30,6052900000,3436500000,3826
CORZ,1839341,"Core Scientific, Inc./tx",float,321340441,"{""common"": 321340441.0}",2026-07-23,10-Q,4250000000,2025-06-30,5257493000,319019000,6199
ADMA,1368514,"ADMA BIOLOGICS, INC.",float,223984680,"{""common"": 223984680.0}",2026-07-31,10-Q,4229956395,2025-06-30,684210000,510173000,2836
IRT,1466085,"INDEPENDENCE REALTY TRUST, INC.",float,235744567,"{""common"": 235744567.0}",2026-07-29,10-Q,4214951514,2025-06-30,6091687000,657696000,6798
ABCB,351569,Ameris Bancorp,float,67107239,"{""common"": 67107239.0}",2026-08-03,10-Q,4210000000,2025-06-30,28488843000,,6022
VIAV,912093,VIAVI SOLUTIONS INC.,float,246749828,"{""common"": 246749828.0}",2026-07-28,10-K,4200000000,2025-12-27,2705600000,1518300000,3674
PRIM,1361538,Primoris Services Corp,float,53832327,"{""common"": 53832327.0}",2026-07-31,10-Q,4200000000,2025-06-30,4638800000,7574900000,1623
OGS,1587732,"ONE Gas, Inc.",float,62856270,"{""common"": 62856270.0}",2026-07-24,10-Q,4200000000,2025-06-30,8812203000,2427428000,4924
ANF,1018840,ABERCROMBIE & FITCH CO /DE/,float,42434377,"{""common"": 42434377.0}",2026-08-28,10-Q,4185511161,2025-08-02,3594856000,5266292000,5651
EE,1888447,"Excelerate Energy, Inc.",revenue,113402105,"{""CommonClassAMember|ExcelerateEnergyIncMember"": 31380716.0, ""CommonClassBMember|ExcelerateEnergyIncMember"": 82021389.0}",2026-07-31,10-Q,,,4163041000,1228263000,4924
SKYW,793733,SKYWEST INC,float,38828325,"{""common"": 38828325.0}",2026-07-17,10-Q,4156927217,2025-06-30,7412230000,4058202000,4512
ENS,1289308,EnerSys,float,36065224,"{""common"": 36065224.0}",2026-08-07,10-Q,4153025193,2025-09-28,3956935000,3751376000,3690
IBOC,315709,INTERNATIONAL BANCSHARES CORP,float,62191514,"{""common"": 62191514.0}",2026-08-03,10-Q,4136750000,2025-06-30,17021950000,,6022
IBP,1580905,"Installed Building Products, Inc.",float,26579177,"{""common"": 26579177.0}",2026-07-30,10-Q,4123968168,2025-06-30,2251200000,2970800000,1520
SXT,310142,SENSIENT TECHNOLOGIES CORP,float,42562811,"{""common"": 42562811.0}",2026-07-22,10-Q,4117864471,2025-06-30,2371103000,1612111000,2860
RDNT,790526,"RadNet, Inc.",float,78697257,"{""common"": 78697257.0}",2026-08-06,10-Q,4100000000,2025-06-30,4226351000,2040210000,8071
KMPR,860748,KEMPER Corp,float,58923154,"{""common"": 58923154.0}",2026-08-03,10-Q,4100000000,2025-06-30,11926300000,4789700000,6331
GVA,861459,GRANITE CONSTRUCTION INC,float,43764510,"{""common"": 43764510.0}",2026-07-24,10-Q,4100000000,2025-06-30,4778876000,4424379000,1600
MAC,912242,MACERICH CO,float,283559375,"{""common"": 283559375.0}",2026-08-03,10-Q,4100000000,2025-06-30,8523895000,1013983000,6798
CRSP,1674416,CRISPR Therapeutics AG,float,96692653,"{""common"": 96692653.0}",2026-07-31,10-Q,4100000000,2025-06-30,2650770000,3510000,2836
COLD,1455863,AMERICOLD REALTY TRUST,float,285480551,"{""common"": 285480551.0}",2026-08-04,10-Q,4100000000,2025-06-30,7811137000,2601846000,6798
TENB,1660280,"Tenable Holdings, Inc.",float,110139983,"{""common"": 110139983.0}",2026-07-31,10-Q,4100000000,2025-06-30,1573661000,999405000,7372
MGY,1698990,Magnolia Oil & Gas Corp,float,236968592,"{""common"": 236968592.0}",2026-08-03,10-Q,4100000000,2025-06-30,3140584000,1311845000,1311
ESE,866706,ESCO TECHNOLOGIES INC,float,25907567,"{""common"": 25907567.0}",2026-07-31,10-Q,4095000000,2025-09-30,2420003000,1095388000,3669
BKH,1130464,BLACK HILLS CORP /SD/,float,76253141,"{""common"": 76253141.0}",2026-08-04,10-Q,4057141834,2025-06-30,11038100000,2310000000,4911
KRC,1025996,KILROY REALTY CORP,float,116308988,"{""common"": 116308988.0}",2026-07-23,10-Q,4045451305,2025-06-30,10774858000,1112667000,6798
RHI,315213,ROBERT HALF INC.,float,102361828,"{""common"": 102361828.0}",2026-07-31,10-Q,4039828938,2025-06-30,2858499000,5378506000,7363
PLMR,1761312,"Palomar Holdings, Inc.",float,26317683,"{""common"": 26317683.0}",2026-08-02,10-Q,4034049965,2025-06-30,3964165000,875967000,6331
OSIS,1039065,OSI SYSTEMS INC,float,15941968,"{""common"": 15941968.0}",2026-08-17,10-K,4020393452,2025-12-31,2502452000,1785984000,3674
VRRM,1682745,VERRA MOBILITY Corp,float,151982804,"{""common"": 151982804.0}",2026-08-31,10-Q,4018079851,2025-06-30,1616191000,979079000,4700
CSW,1624794,"CSW INDUSTRIALS, INC.",float,16293487,"{""common"": 16293487.0}",2026-07-24,10-Q,4012300000,2025-09-30,2333619000,1082549000,2891
NPO,1164863,Enpro Inc.,float,21167681,"{""common"": 21167681.0}",2026-07-23,10-Q,4008276843,2025-06-30,2660500000,1143300000,3050
GAP,39911,GAP INC,float,351270137,"{""common"": 351270137.0}",2026-08-21,10-Q,4000000000,2025-08-01,12856000000,15366000000,5651
SMTC,88941,SEMTECH CORP,float,93325626,"{""common"": 93325626.0}",2026-08-21,10-Q,4000000000,2025-07-27,1438943000,1049975000,3674
ASB,7789,ASSOCIATED BANC-CORP,float,188849659,"{""common"": 188849659.0}",2026-07-31,10-Q,3998795954,2025-06-30,51812506000,,6022
AGO,1273813,ASSURED GUARANTY LTD,float,43979208,"{""common"": 43979208.0}",2026-08-05,10-Q,3975235987,2025-06-30,12641000000,1110000000,6351
AVT,8858,AVNET INC,float,82072979,"{""common"": 82072979.0}",2026-08-07,10-K,3961019216,2025-12-26,15425393000,27632683000,5065
MWA,1350593,"Mueller Water Products, Inc.",float,156125679,"{""common"": 156125679.0}",2026-07-31,10-Q,3951500000,2025-03-31,1953300000,1429700000,3490
SFBS,1430723,"ServisFirst Bancshares, Inc.",float,54672510,"{""common"": 54672510.0}",2026-08-04,10-Q,3949440122,2025-06-30,18345498000,,6022
FELE,38725,FRANKLIN ELECTRIC CO INC,float,44211464,"{""common"": 44211464.0}",2026-07-23,10-Q,3941700813,2025-06-30,1996565000,2131250000,3621
HL,719413,HECLA MINING CO/DE/,float,671768431,"{""common"": 671768431.0}",2026-07-31,10-Q,3940331126,2025-06-30,3185277000,1423019000,1400
ESI,1590714,Element Solutions Inc,float,243690914,"{""common"": 243690914.0}",2026-07-21,10-Q,3940000000,2025-06-30,5737800000,2551200000,2890
WBI,2064947,WaterBridge Infrastructure LLC,no_float,123456209,"{""CommonClassAMember"": 55453118.0, ""CommonClassBMember"": 68003091.0}",2026-08-05,10-Q,0,2025-06-30,3938213000,525553000,1389
BOOT,1610250,"Boot Barn Holdings, Inc.",float,30284844,"{""common"": 30284844.0}",2026-07-24,10-Q,3935000000,2025-09-27,2568971000,2253859000,5661
EEFT,1029199,"EURONET WORLDWIDE, INC.",float,37403595,"{""common"": 37403595.0}",2026-07-30,10-Q,3900000000,2025-06-30,6493100000,4244200000,6099
SLG,1040971,SL GREEN REALTY CORP,float,71148170,"{""SubsidiariesMember"": 298263.0, ""common"": 70849907.0}",2026-08-05,10-Q,3900000000,2025-06-30,11758750000,1003046000,6798
PJT,1626115,PJT Partners Inc.,float,25564947,"{""CommonClassAMember"": 25564818.0, ""CommonClassBMember"": 129.0}",2026-07-27,10-Q,3900000000,2025-06-30,1755811000,1713671000,6282
BE,1664703,Bloom Energy Corp,float,294527346,"{""common"": 294527346.0}",2026-07-22,10-Q,3900000000,2025-06-30,4664729000,2023994000,3620
VSAT,797721,VIASAT INC,float,137755810,"{""common"": 137755810.0}",2026-07-23,10-Q,3893760718,2025-09-30,15111602000,4640280000,4899
NSIT,932696,INSIGHT ENTERPRISES INC,float,29348850,"{""common"": 29348850.0}",2026-07-31,10-Q,3881353490,2025-06-30,11393750000,8247180000,5961
CAI,2019410,"Caris Life Sciences, Inc.",float,282595186,"{""common"": 282595186.0}",2026-08-03,10-Q,3870000000,2025-06-30,1229620000,812033000,8071
CBZ,944148,"CBIZ, Inc.",float,54263879,"{""common"": 54263879.0}",2026-07-27,10-Q,3830600000,2025-06-30,4573706000,2757991000,7389
CALM,16160,CAL-MAINE FOODS INC,float,46917080,"{""common"": 46917080.0}",2026-07-22,10-K,3825418582,2025-11-28,3107570000,2911632000,0200
RGTI,1838359,"Rigetti Computing, Inc.",float,333768747,"{""common"": 333768747.0}",2026-08-03,10-Q,3820000000,2025-06-30,648233000,7088000,7371
CRC,1609253,California Resources Corp,float,88819893,"{""common"": 88819893.0}",2026-06-30,10-Q,3803313982,2025-06-30,7103000000,3669000000,1311
MMS,1032220,"MAXIMUS, INC.",float,52357763,"{""common"": 52357763.0}",2026-08-03,10-Q,3801184315,2025-03-31,4366779000,5431276000,7389
INSP,1609550,"Inspire Medical Systems, Inc.",float,28910375,"{""common"": 28910375.0}",2026-07-30,10-Q,3801161459,2025-06-30,925993000,911981000,3841
RYTM,1649904,"RHYTHM PHARMACEUTICALS, INC.",float,68852082,"{""common"": 68852082.0}",2026-08-01,10-Q,3800000000,2025-06-30,437266000,189757000,2834
ZLAB,1704292,Zai Lab Ltd,float,155311496,"{""AdrMember"": 430452680.0, ""CommonStockMember"": 1122662280.0}",2026-07-31,10-Q,3800000000,2025-06-30,1074793000,460156000,2834
LTH,1869198,"Life Time Group Holdings, Inc.",float,223461948,"{""common"": 223461948.0}",2026-07-27,10-Q,3795100000,2025-06-30,8358157000,2995255000,7997
MRP,2017206,"Millrose Properties, Inc.",float,166047927,"{""CommonClassAMember"": 154228116.0, ""CommonClassBMember"": 11819811.0}",2026-08-03,10-Q,3786226188,2025-06-30,9707302000,600461000,6500
BGC,1094831,"BGC Group, Inc.",float,475466522,"{""CommonClassAMember"": 366013569.0, ""CommonClassBMember"": 109452953.0}",2026-08-07,10-Q,3770519808,2025-06-30,5751056000,2941460000,6200
ECHO,1415404,EchoStar CORP,float,290490708,"{""CommonClassAMember"": 159142240.0, ""CommonClassBMember"": 131348468.0}",2026-07-21,10-Q,3741000000,2025-06-30,39425398000,15004989000,4899
LGN,2052568,Legence Corp.,revenue,108075480,"{""CommonClassAMember"": 76904346.0, ""CommonClassBMember"": 31171134.0}",2026-08-10,10-Q,0,2025-06-30,3739689000,2550491000,1700
QLYS,1107843,"QUALYS, INC.",float,34595001,"{""common"": 34595001.0}",2026-07-22,10-Q,3714000000,2025-06-30,1074173000,669125000,7372
BCO,78890,BRINKS CO,float,41189634,"{""common"": 41189634.0}",2026-07-31,10-Q,3704193507,2025-06-30,7331300000,5261200000,4731
ALGM,866291,"ALLEGRO MICROSYSTEMS, INC.",float,186402046,"{""common"": 186402046.0}",2026-07-27,10-Q,3703521114,2025-09-26,1411962000,890096000,3674
CLF,764065,CLEVELAND-CLIFFS INC.,float,570540047,"{""common"": 570540047.0}",2026-07-23,10-Q,3695647401,2025-06-30,20115000000,18610000000,1000
MSM,1003078,MSC INDUSTRIAL DIRECT CO INC,float,55846298,"{""common"": 55846298.0}",2026-06-17,10-Q,3664801326,2025-02-28,2495661000,3769521000,5084
KAI,886346,KADANT INC,float,11809117,"{""common"": 11809117.0}",2026-07-31,10-Q,3652564000,2025-06-28,1889296000,1052248000,3550
PRGO,1585364,PERRIGO Co plc,float,138769245,"{""common"": 138769245.0}",2026-07-31,10-Q,3650573391,2025-06-27,7609500000,4253100000,2834
AOS,91142,SMITH A O CORP,revenue,135908573,"{""CommonClassAMember"": 25861359.0, ""CommonStockClassUndefinedMember"": 110047214.0}",2026-07-28,10-Q,,,3644500000,3830200000,3630
BRC,746598,BRADY CORP,float,46899214,"{""CommonClassBMember"": 3538628.0, ""NonvotingCommonStockMember"": 43360586.0}",2026-08-31,10-K,3638047763,2026-01-31,1851949000,1661565000,3990
BWIN,1781755,"Baldwin Insurance Group, Inc.",float,139498334,"{""CommonClassAMember"": 96838572.0, ""CommonClassBMember"": 42659762.0}",2026-07-24,10-Q,3632545757,2025-06-30,6174724000,1504884000,6411
COLB,887343,"COLUMBIA BANKING SYSTEM, INC.",float,282902268,"{""common"": 282902268.0}",2026-07-31,10-Q,3631178288,2025-06-30,65380000000,177000000,6022
KTB,1760965,"Kontoor Brands, Inc.",float,54653620,"{""common"": 54653620.0}",2026-07-31,10-Q,3610000000,2025-06-27,2665291000,3152456000,2320
HGV,1674168,Hilton Grand Vacations Inc.,float,77724145,"{""common"": 77724145.0}",2026-07-23,10-Q,3607000000,2025-06-30,12234000000,5047000000,7000
UCB,857855,UNITED COMMUNITY BANKS INC,float,120575503,"{""common"": 120575503.0}",2026-08-03,10-Q,3601588221,2025-06-30,29051142000,1063152000,6022
CNO,1224608,"CNO Financial Group, Inc.",float,92521371,"{""common"": 92521371.0}",2026-07-30,10-Q,3600000000,2025-06-30,39861200000,4487400000,6321
GLXY,1859392,Galaxy Digital Inc.,float,390889090,"{""CommonClassAMember"": 194292392.0, ""CommonClassBMember"": 196596698.0}",2026-08-07,10-Q,3600000000,2025-06-30,10843981000,60406728000,6211
BC,14930,BRUNSWICK CORP,float,64797428,"{""common"": 64797428.0}",2026-07-30,10-Q,3592036127,2024-06-29,5505200000,5362800000,3510
CNX,1070412,CNX Resources Corp,float,147943637,"{""common"": 147943637.0}",2026-07-15,10-Q,3582679149,2025-06-30,9136899000,2239134000,1311
SOUN,1840856,"SOUNDHOUND AI, INC.",float,444109844,"{""CommonClassAMember"": 411574436.0, ""CommonClassBMember"": 32535408.0}",2026-08-06,10-Q,3580200000,2025-06-30,667887000,168920000,7372
TCBI,1077428,TEXAS CAPITAL BANCSHARES INC/TX,float,43474369,"{""common"": 43474369.0}",2026-07-21,10-Q,3569474000,2025-06-30,33913361000,,6022
RUSHA,1012019,RUSH ENTERPRISES INC \TX\,float,77820277,"{""CommonClassAMember"": 61142933.0, ""CommonClassBMember"": 16677344.0}",2026-07-31,10-Q,3565130872,2025-06-30,4659529000,7434195000,5500
HWKN,46250,HAWKINS INC,float,20875117,"{""common"": 20875117.0}",2026-07-24,10-Q,3549600000,2025-09-28,1006243000,1083696000,5160
VIRT,1592386,"Virtu Financial, Inc.",float,155200227,"{""CommonClassAMember"": 88300678.0, ""CommonClassCMember"": 6807809.0, ""CommonClassDMember"": 60091740.0}",2026-07-24,10-Q,3542700000,2025-06-30,27477122000,3632118000,6211
GLIBA,2057463,Liberty Capital Corp/NV,revenue,39904994,"{""CommonClassAMember"": 3650938.0, ""CommonClassBMember"": 400806.0, ""CommonClassCMember"": 35853250.0}",2026-07-31,10-Q,0,2025-06-30,3519000000,1046000000,4841
CNR,1710366,"Core Natural Resources, Inc.",float,49636257,"{""common"": 49636257.0}",2026-07-31,10-Q,3514239816,2025-06-30,6122353000,4164775000,1220
KBH,795266,KB HOME,float,61309728,"{""common"": 61309728.0}",2026-05-31,10-Q,3510028491,2025-05-31,6775462000,6236214000,1531
DRS,1833756,"Leonardo DRS, Inc.",float,266891515,"{""common"": 266891515.0}",2026-07-29,10-Q,3508000000,2025-06-30,4197000000,3648000000,3812
KRYS,1711279,"Krystal Biotech, Inc.",float,29598836,"{""common"": 29598836.0}",2026-07-28,10-Q,3500000000,2025-06-30,1500648000,389130000,2836
WK,1445305,WORKIVA INC,float,54416488,"{""CommonClassAMember"": 50846905.0, ""CommonClassBMember"": 3569583.0}",2026-07-28,10-Q,3500000000,2025-06-30,1374451000,884568000,7372
VCTR,1570827,"Victory Capital Holdings, Inc.",float,61509572,"{""common"": 61509572.0}",2026-07-31,10-Q,3500000000,2025-06-30,4175221000,1306131000,6282
SMPL,1702744,Simply Good Foods Co,float,88460545,"{""common"": 88460545.0}",2026-07-02,10-Q,3500000000,2024-02-23,2062444000,1450920000,2000
CVSA,730464,Covista Inc.,float,34038820,"{""common"": 34038820.0}",2026-07-31,10-K,3488231961,2025-12-31,3012708000,1954085000,8200
MATX,3453,"Matson, Inc.",float,29903458,"{""common"": 29903458.0}",2026-06-30,10-Q,3466200557,2025-06-30,4713500000,3344500000,4400
DDS,28917,"DILLARD'S, INC.",float,15619451,"{""CommonClassAMember"": 11859528.0, ""CommonClassBMember"": 3759923.0}",2026-08-29,10-Q,3465020033,2025-08-02,3749874000,6563336000,5311
CHH,1046311,CHOICE HOTELS INTERNATIONAL INC /DE,float,45008622,"{""common"": 45008622.0}",2026-07-29,10-Q,3445513422,2025-06-30,2988816000,1596793000,7011
LSCC,855658,LATTICE SEMICONDUCTOR CORP,float,142030272,"{""common"": 142030272.0}",2026-07-30,10-Q,3426088902,2025-06-27,976181000,523262000,3674
AX,1299709,"Axos Financial, Inc.",float,56734842,"{""common"": 56734842.0}",2026-08-07,10-K,3416606130,2025-12-31,29961869000,81254000,6035
PVH,78239,PVH CORP. /DE/,float,46137833,"{""common"": 46137833.0}",2026-08-26,10-Q,3410569350,2025-08-03,11416700000,8950200000,2320
RYN,52827,RAYONIER INC,float,297567291,"{""common"": 297567291.0}",2026-07-31,10-Q,3410088408,2025-06-30,7745428000,484485000,6798
PLXS,785786,PLEXUS CORP,float,26652099,"{""common"": 26652099.0}",2026-08-04,10-Q,3400000000,2025-03-29,3633597000,4032966000,3672
NE,1895262,Noble Corp plc,float,159642218,"{""common"": 159642218.0}",2026-07-24,10-Q,3400000000,2025-06-30,7239106000,3285568000,1381
CNK,1385280,"Cinemark Holdings, Inc.",float,115911855,"{""CommonStockMember"": 115911855.0}",2026-07-24,10-Q,3400000000,2025-06-30,,3115000000,7830
RARE,1515673,Ultragenyx Pharmaceutical Inc.,float,98588873,"{""common"": 98588873.0}",2026-07-31,10-Q,3400000000,2025-06-30,1264000000,673000000,2834
MDU,67716,MDU RESOURCES GROUP INC,float,210349456,"{""common"": 210349456.0}",2026-07-30,10-Q,3394621007,2025-06-30,7712074000,1875066000,1400
ROAD,1718227,"Construction Partners, Inc.",float,56755555,"{""CommonClassAMember"": 48206437.0, ""CommonClassBMember"": 8549118.0}",2026-08-05,10-Q,3385566578,2025-03-31,3612008000,2812356000,1600
RNST,715072,RENASANT CORP,float,91404465,"{""common"": 91404465.0}",2026-07-31,10-Q,3347830064,2025-06-30,27004999000,,6022
AZZ,8947,AZZ INC,float,30051501,"{""common"": 30051501.0}",2026-07-01,10-Q,3332353625,2025-08-31,2252324000,1650080000,3470
ACIW,935036,"ACI WORLDWIDE, INC.",float,100955241,"{""common"": 100955241.0}",2026-08-03,10-Q,3310154477,2025-06-30,3095270000,1759782000,7372
M,794367,"Macy's, Inc.",float,261176646,"{""common"": 261176646.0}",2026-08-29,10-Q,3307905601,2025-08-01,15726000000,22621000000,5311
TNL,1361658,Travel & Leisure Co.,float,61204232,"{""common"": 61204232.0}",2026-06-30,10-Q,3302014433,2025-06-30,6896000000,4021000000,7011
HIW,921082,"HIGHWOODS PROPERTIES, INC.",float,110306211,"{""common"": 110306211.0}",2026-07-21,10-Q,3300000000,2025-06-30,6596901000,806112000,6798
GEO,923796,GEO GROUP INC,float,131619584,"{""common"": 131619584.0}",2026-08-03,10-Q,3300000000,2025-06-30,3742262000,2631549000,1520
FHI,1056288,"FEDERATED HERMES, INC.",float,74660281,"{""CommonClassAMember"": 9000.0, ""CommonClassBMember"": 74651281.0}",2026-07-24,10-Q,3300000000,2025-06-30,2330154000,1800663000,6282
HASI,1561894,"HA Sustainable Infrastructure Capital, Inc.",float,128495790,"{""common"": 128495790.0}",2026-08-04,10-Q,3300000000,2025-06-30,8940993000,400502000,6799
FRPT,1611647,"Freshpet, Inc.",float,48058074,"{""common"": 48058074.0}",2026-07-31,10-Q,3300000000,2025-06-30,1812415000,1102015000,2040
REZI,1740332,"RESIDEO TECHNOLOGIES, INC.",float,151847378,"{""common"": 151847378.0}",2026-08-05,10-Q,3300000000,2025-06-27,8781000000,7472000000,5072
AVPT,1777921,"AvePoint, Inc.",float,211565426,"{""common"": 211565426.0}",2026-08-05,10-Q,3259757210,2025-06-30,757003000,419497000,7372
BL,1666134,"BLACKLINE, INC.",float,58125270,"{""common"": 58125270.0}",2026-07-31,10-Q,3239000000,2025-06-30,1468936000,700427000,7372
FBP,1057706,FIRST BANCORP /PR/,float,152668268,"{""common"": 152668268.0}",2026-08-03,10-Q,3238291527,2025-06-30,19241235000,1255034000,6022
FLO,1128928,FLOWERS FOODS INC,float,212057418,"{""common"": 212057418.0}",2026-08-14,10-Q,3234078278,2025-07-12,4185842000,5256479000,2000
FRHC,924805,Freedom Holding Corp.,float,63787666,"{""common"": 63787666.0}",2026-08-07,10-Q,3228266994,2025-09-30,14046883000,2191291000,6211
ICUI,883984,ICU MEDICAL INC/DE,float,25007038,"{""common"": 25007038.0}",2026-07-31,10-Q,3225011330,2025-06-30,3971282000,2231262000,3841
AIR,1750,AAR CORP,float,39892472,"{""common"": 39892472.0}",2026-06-30,10-K,3224000000,2025-11-28,3355900000,3308000000,3720
MGEE,1161728,MGE ENERGY INC,float,37784012,"{""common"": 37784012.0}",2026-07-31,10-Q,3223355207,2025-06-30,3185682000,743654000,4900
FULT,700564,FULTON FINANCIAL CORP,float,190914563,"{""common"": 190914563.0}",2026-07-31,10-Q,3200000000,2025-06-30,34556720000,276768000,6021
FLG,910073,"FLAGSTAR BANK, NATIONAL ASSOCIATION",float,415092836,"{""common"": 415092836.0}",2026-07-31,10-Q,3200000000,2025-06-30,87714000000,,6036
LEU,1065059,CENTRUS ENERGY CORP,float,19952858,"{""CommonClassAMember"": 19233658.0, ""CommonClassBMember"": 719200.0}",2026-08-01,10-Q,3200000000,2025-06-30,2531000000,448700000,1400
BXMT,1061630,"BLACKSTONE MORTGAGE TRUST, INC.",float,168543591,"{""common"": 168543591.0}",2026-07-23,10-Q,3200000000,2025-06-30,19404042000,,6798
ZETA,1851003,Zeta Global Holdings Corp.,float,502027210,"{""CommonClassAAndCommonClassBMember"": 251013605.0, ""CommonClassAMember"": 227375179.0, ""CommonClassBMember"": 23638426.0}",2026-07-29,10-Q,3200000000,2025-06-30,1467844000,1304668000,7372
ASO,1817358,"Academy Sports & Outdoors, Inc.",float,61578891,"{""common"": 61578891.0}",2026-09-02,10-Q,3200000000,2025-08-01,5508148000,6053414000,5940
RELY,1782170,"Remitly Global, Inc.",float,211684054,"{""common"": 211684054.0}",2026-08-03,10-Q,3200000000,2025-06-30,1567455000,1635147000,7389
BCC,1328581,BOISE CASCADE Co,float,34891351,"{""common"": 34891351.0}",2026-07-31,10-Q,3200000000,2025-06-30,3388272000,6404595000,5030
PRCT,1588978,PROCEPT BioRobotics Corp,float,57273659,"{""common"": 57273659.0}",2026-07-31,10-Q,3200000000,2025-06-30,479352000,308054000,3841
WDFC,105132,WD 40 CO,float,13421096,"{""common"": 13421096.0}",2026-07-02,10-Q,3191726331,2025-02-28,499826000,619985000,2890
MZTI,57515,MARZETTI CO,float,27291000,"{""common"": 27291000.0}",2026-08-03,10-K,3184500000,2025-12-31,1605020000,1929823000,2030
UNF,717954,UNIFIRST CORP,float,18084173,"{""CommonClassAMember"": 14532908.0, ""CommonClassBMember"": 3551265.0}",2026-07-01,10-Q,3167000083,2025-02-28,2820694000,2432352000,7200
SEZL,1662991,Sezzle Inc.,float,33675014,"{""common"": 33675014.0}",2026-08-04,10-Q,3165900000,2025-06-30,456471000,450279000,7389
COMP,1563190,"Compass, Inc.",float,757522197,"{""common"": 757522197.0}",2026-08-03,10-Q,3159363419,2025-06-30,8332000000,6961600000,6531
XRAY,818479,DENTSPLY SIRONA Inc.,float,199353876,"{""common"": 199353876.0}",2026-07-24,10-Q,3158220816,2025-06-30,5204000000,3680000000,3843
NWE,1993004,"NorthWestern Energy Group, Inc.",float,61517850,"{""common"": 61517850.0}",2026-07-24,10-Q,3149159359,2025-06-30,8703701000,1610559000,4931
OTTR,1466593,Otter Tail Corp,float,41985580,"{""common"": 41985580.0}",2026-07-31,10-Q,3126792910,2025-06-30,4293605000,1304058000,4911
FHB,36377,"FIRST HAWAIIAN, INC.",float,121680634,"{""common"": 121680634.0}",2026-07-24,10-Q,3100000000,2025-06-30,23646049000,880788000,6022
GPOR,874499,GULFPORT ENERGY CORP,float,17683866,"{""common"": 17683866.0}",2026-07-28,10-Q,3100000000,2025-06-30,3171014000,1422583000,1311
GNW,1276520,GENWORTH FINANCIAL INC,float,377851037,"{""common"": 377851037.0}",2026-07-31,10-Q,3100000000,2025-06-30,87363000000,7301000000,6311
APAM,1517302,Artisan Partners Asset Management Inc.,float,81072669,"{""CommonClassAMember"": 70996433.0, ""CommonClassBMember"": 1158760.0, ""CommonClassCMember"": 8917476.0}",2026-07-27,10-Q,3100000000,2024-06-30,1459516000,1196688000,6282
LINE,1868159,"Lineage, Inc.",float,227710012,"{""common"": 227710012.0}",2026-07-30,10-Q,3100000000,2025-06-30,18900000000,5355000000,6798
DBX,1467623,"DROPBOX, INC.",float,225709285,"{""CommonClassAMember"": 150561680.0, ""CommonClassBMember"": 75147605.0, ""CommonClassCMember"": 0}",2026-08-03,10-Q,3097800000,2025-06-30,2826300000,2521000000,7372
PAG,1019849,"PENSKE AUTOMOTIVE GROUP, INC.",float,65662873,"{""common"": 65662873.0}",2026-07-16,10-Q,3088386118,2025-06-30,18485300000,31808500000,5500
FRSH,1544522,Freshworks Inc.,float,260920772,"{""CommonClassAMember"": 236959436.0, ""CommonClassBMember"": 23961336.0}",2026-07-30,10-Q,3080000000,2025-06-30,1490468000,838809000,7372
AVA,104918,AVISTA CORP,float,83752830,"{""common"": 83752830.0}",2026-07-24,10-Q,3078099757,2025-06-30,8535000000,1964000000,4931
FUN,1999001,Six Flags Entertainment Corporation/NEW,float,102316312,"{""common"": 102316312.0}",2026-07-31,10-Q,3069333387,2025-06-27,7435253000,3100289000,7900
WSFS,828944,WSFS FINANCIAL CORP,float,51090605,"{""common"": 51090605.0}",2026-07-31,10-Q,3065102095,2025-06-30,22653948000,,6021
RH,1528849,RH,float,18933159,"{""common"": 18933159.0}",2026-09-04,10-Q,3061262360,2025-08-01,5131100000,3439536000,5712
GHC,104889,Graham Holdings Co,float,4234928,"{""CommonClassAMember"": 964001.0, ""CommonClassBMember"": 3270927.0}",2026-07-24,10-Q,3061000000,2025-06-30,8141109000,4911563000,8200
GFF,50725,GRIFFON CORP,float,45294716,"{""common"": 45294716.0}",2026-07-31,10-Q,3060000000,2025-03-31,1836055000,2519926000,3442
SIG,832988,SIGNET JEWELERS LTD,float,38317243,"{""common"": 38317243.0}",2026-09-04,10-Q,3054140516,2025-08-02,5587800000,6813600000,5944
DAVE,1841408,Dave Inc./DE,float,12755507,"{""CommonClassAMember"": 11441425.0, ""CommonClassVMember"": 1314082.0}",2026-07-27,10-Q,3052000000,2025-06-30,570781000,554182000,6199
RAL,2041385,Ralliant Corp,float,110640008,"{""common"": 110640008.0}",2026-07-27,10-Q,3050000000,2026-02-23,3705700000,2068800000,3823
FIGR,2064124,"Figure Technology Solutions, Inc.",no_float,224377872,"{""BlockchainCommonStockMember"": 812672.0, ""CommonClassAMember"": 185672153.0, ""CommonClassBMember"": 37893047.0}",2026-08-07,10-Q,0,2025-06-30,3017688000,506865000,6163
FUL,39368,FULLER H B CO,float,53787411,"{""common"": 53787411.0}",2026-06-19,10-Q,3003336830,2025-05-31,5328793000,3473589000,2891
CATY,861842,CATHAY GENERAL BANCORP,float,66713820,"{""common"": 66713820.0}",2026-07-31,10-Q,3002701770,2025-06-30,24652819000,53793000,6022
GT,42582,GOODYEAR TIRE & RUBBER CO /OH/,float,287898737,"{""common"": 287898737.0}",2026-07-31,10-Q,3000000000,2025-06-30,18650000000,18280000000,3011
EXPO,851520,EXPONENT INC,float,47546084,"{""common"": 47546084.0}",2026-07-31,10-Q,3000000000,2025-07-04,652723000,582014000,8742
TDS,1051512,TELEPHONE & DATA SYSTEMS INC /DE/,assets,115100000,"{""CommonClassAMember"": 7500000.0, ""CommonClassBMember"": 107600000.0}",2026-06-30,10-Q,3000000000,2019-06-28,8383340000,1228207000,4813
AVNT,1122976,AVIENT CORP,float,91719550,"{""common"": 91719550.0}",2026-06-30,10-Q,3000000000,2025-06-30,6004800000,3260200000,2821
BHF,1685040,"Brighthouse Financial, Inc.",float,57511563,"{""common"": 57511563.0}",2026-07-31,10-Q,3000000000,2025-06-30,247180000000,6766000000,6311
ENPH,1463101,"Enphase Energy, Inc.",float,132144648,"{""common"": 132144648.0}",2026-07-20,10-Q,3000000000,2025-06-30,2723923000,1472985000,3674
BNL,1424182,"Broadstone Net Lease, Inc.",float,191892971,{},,10-Q,3000000000,2025-06-30,5865290000,454138000,6798
DLB,1308547,"Dolby Laboratories, Inc.",float,93668795,"{""CommonClassAMember"": 59416894.0, ""CommonClassBMember"": 34251901.0}",2026-07-24,10-Q,3000000000,2025-03-28,3156602000,1349130000,6794
LBTYA,1570585,Liberty Global Ltd.,float,341087566,"{""CommonClassAMember"": 176722235.0, ""CommonClassBMember"": 12968658.0, ""CommonClassCMember"": 151396673.0}",2026-07-17,10-Q,3000000000,2025-06-30,21532500000,4878500000,4841
WHD,1699136,"Cactus, Inc.",float,80179417,"{""CommonClassAMember"": 69733168.0, ""CommonClassBMember"": 10446249.0}",2026-07-29,10-Q,3000000000,2025-06-30,2584653000,1079051000,3533
ATMU,1921963,Atmus Filtration Technologies Inc.,float,81595527,"{""common"": 81595527.0}",2026-07-31,10-Q,2992200000,2025-06-30,1890300000,1764300000,3714
ABM,771497,ABM INDUSTRIES INC /DE/,float,58614592,"{""common"": 58614592.0}",2026-09-08,10-Q,2989420395,2025-04-30,5601000000,8745900000,7340
TEX,97216,TEREX CORP,float,114300000,"{""common"": 114300000.0}",2026-07-28,10-Q,2988000000,2025-06-30,10344000000,5421000000,3537
LAUR,912766,"LAUREATE EDUCATION, INC.",float,137749360,"{""common"": 137749360.0}",2026-06-30,10-Q,2986000000,2025-06-30,2423491000,1701930000,8200
CBU,723188,"COMMUNITY FINANCIAL SYSTEM, INC.",float,52615905,"{""common"": 52615905.0}",2026-07-31,10-Q,2983297493,2025-06-30,17763770000,823015000,6021
VKTX,1607678,"Viking Therapeutics, Inc.",float,116652937,"{""common"": 116652937.0}",2026-07-15,10-Q,2976737289,2025-06-30,521898000,,2834
UEC,1334933,URANIUM ENERGY CORP,float,494872366,"{""common"": 494872366.0}",2026-06-08,10-Q,2972477921,2025-01-31,1538056000,66837000,1090
PBH,1295947,Prestige Consumer Healthcare Inc.,float,47374522,"{""common"": 47374522.0}",2026-07-31,10-Q,2970200000,2025-09-30,4568573000,1088705000,2834
CVCO,278166,"CAVCO INDUSTRIES, INC.",float,7689402,"{""common"": 7689402.0}",2026-07-23,10-Q,2963526058,2025-09-27,1541448000,2244505000,2451
CNXC,1803599,Concentrix Corp,float,61018350,"{""common"": 61018350.0}",2026-06-30,10-Q,2948926137,2025-05-31,10512847000,9825771000,7389
ALH,1317685,Alliance Laundry Holdings Inc.,revenue,198769096,"{""common"": 198769096.0}",2026-08-06,10-Q,0,2025-06-30,2946898000,1709237000,3580
WSBC,203596,WESBANCO INC,float,95905889,"{""common"": 95905889.0}",2026-07-23,10-Q,2942930253,2025-06-30,27796917000,,6021
KFY,56679,KORN FERRY,float,54558851,"{""common"": 54558851.0}",2026-09-01,10-Q,2929744000,2025-10-31,3816876000,2938641000,7361
HAYW,1834622,"Hayward Holdings, Inc.",float,212119582,"{""common"": 212119582.0}",2026-07-27,10-Q,2929389201,2025-06-27,3135583000,1122155000,3580
AWR,1056903,AMERICAN STATES WATER CO,float,39635626,"{""common"": 39635626.0}",2026-08-04,10-Q,2924564166,2025-06-30,2774960000,658073000,4941
CAKE,887596,CHEESECAKE FACTORY INC,float,49760634,"{""common"": 49760634.0}",2026-07-27,10-Q,2906437670,2025-07-01,3294174000,3751806000,5812
PATK,76605,PATRICK INDUSTRIES INC,float,32118264,"{""common"": 32118264.0}",2026-07-31,10-Q,2900000000,2025-06-27,3211286000,3950773000,3714
MHO,799292,"M/I HOMES, INC.",float,25283031,"{""common"": 25283031.0}",2026-07-29,10-Q,2900000000,2025-06-30,4856043000,4417781000,1531
NHI,877860,NATIONAL HEALTH INVESTORS INC,float,49110434,"{""common"": 49110434.0}",2026-08-03,10-Q,2900000000,2025-06-30,2964202000,375628000,6798
PI,1114995,IMPINJ INC,float,30554413,"{""common"": 30554413.0}",2026-07-17,10-Q,2900000000,2025-06-30,534749000,361075000,3679
PTGX,1377121,"Protagonist Therapeutics, Inc",float,64708285,"{""common"": 64708285.0}",2026-07-31,10-Q,2900000000,2025-06-30,885544000,46016000,2834
GTM,1794515,ZoomInfo Technologies Inc.,float,291110046,"{""common"": 291110046.0}",2026-07-31,10-Q,2900000000,2025-06-30,5678500000,1249500000,7372
DJT,1849635,Trump Media & Technology Group Corp.,float,277941274,"{""common"": 277941274.0}",2026-08-07,10-Q,2900000000,2025-06-30,2019085900,3682600,7370
EBC,1810546,"Eastern Bankshares, Inc.",float,228511552,"{""common"": 228511552.0}",2026-07-31,10-Q,2884333931,2025-06-30,31141955000,134091000,6035
PFSI,1745916,"PennyMac Financial Services, Inc.",float,51951572,"{""common"": 51951572.0}",2026-07-31,10-Q,2883314266,2025-06-30,29859451000,2046536000,6162
LMND,1691421,"Lemonade, Inc.",float,77396615,"{""common"": 77396615.0}",2026-08-03,10-Q,2880712049,2025-06-30,2011900000,737900000,6331
CACC,885550,CREDIT ACCEPTANCE CORP,float,10380580,"{""common"": 10380580.0}",2026-07-23,10-Q,2842500000,2025-06-30,8622600000,2317200000,6141
BUR,1714174,Burford Capital Ltd,float,219584503,"{""common"": 219584503.0}",2026-07-30,10-Q,2839948646,2025-06-30,4272138000,413360000,6199
SNEX,913760,StoneX Group Inc.,float,120616735,"{""common"": 120616735.0}",2026-08-04,10-Q,2838700000,2025-03-31,54046000000,132378200000,6200
CAR,723612,"AVIS BUDGET GROUP, INC.",float,35325754,"{""common"": 35325754.0}",2026-07-22,10-Q,2832437145,2025-06-30,30603000000,11652000000,7510
AGX,100591,ARGAN INC,float,14029842,"{""common"": 14029842.0}",2026-08-28,10-Q,2828180674,2025-07-31,1400970000,944606000,1700
HOG,793952,"HARLEY-DAVIDSON, INC.",float,104072507,"{""common"": 104072507.0}",2026-07-31,10-Q,2822510184,2025-06-30,7245865000,4473175000,3751
CPK,19745,CHESAPEAKE UTILITIES CORP,float,24106455,"{""common"": 24106455.0}",2026-08-03,10-Q,2800000000,2025-06-30,4173800000,930000000,4923
BDC,913142,BELDEN INC.,float,39078191,"{""common"": 39078191.0}",2026-07-23,10-Q,2797374091,2025-06-29,3567356000,2715194000,3357
CWEN,1567683,"Clearway Energy, Inc.",float,205274852,"{""CommonClassBMember"": 42738750.0, ""CommonClassCMember"": 121174960.0, ""CommonClassDMember"": 41361142.0}",2026-07-31,10-Q,2789000000,2025-06-30,16772000000,1429000000,4911
PAR,708821,PAR TECHNOLOGY CORP,float,41362708,"{""common"": 41362708.0}",2026-08-04,10-Q,2784987956,2025-06-30,1369872000,455547000,3578
AVBC,2058758,"Avidia Bancorp, Inc.",no_float,19970306,"{""common"": 19970306.0}",2026-08-13,10-Q,0,2025-06-30,2780104000,,6036
FCPT,1650132,"Four Corners Property Trust, Inc.",float,109756406,"{""common"": 109756406.0}",2026-07-30,10-Q,2719182574,2025-06-30,2996363000,294132000,6798
PPLI,1800227,People Inc,float,74463925,"{""CommonClassAMember"": 68674426.0, ""CommonClassBMember"": 5789499.0}",2026-07-31,10-Q,2712201206,2025-06-30,7519944000,2393189000,7370
NMIH,1547903,"NMI Holdings, Inc.",float,75217851,"{""common"": 75217851.0}",2026-07-27,10-Q,2710628478,2025-06-30,3997375000,706440000,6351
ALIT,1809104,"Alight, Inc. / Delaware",float,26939093,"{""CommonClassAMember"": 26419410.0, ""CommonClassBOneMember"": 247733.0, ""CommonClassBTwoMember"": 247733.0, ""CommonClassVMember"": 24217.0}",2026-07-30,10-Q,2703242376,2025-06-30,4268000000,2262000000,7389
BFH,1101215,"BREAD FINANCIAL HOLDINGS, INC.",float,38419268,"{""common"": 38419268.0}",2026-07-22,10-Q,2700000000,2025-06-30,22452000000,3845000000,6141
NOG,1104485,"NORTHERN OIL & GAS, INC.",float,106549128,"{""common"": 106549128.0}",2026-08-03,10-Q,2700000000,2025-06-30,5827865000,2475723000,1311
LCID,1811210,"Lucid Group, Inc.",float,394070176,"{""common"": 394070176.0}",2026-07-29,10-Q,2700000000,2025-06-30,7698826000,1353790000,3711
BRZE,1676238,"Braze, Inc.",float,113584427,"{""common"": 113584427.0}",2026-09-01,10-Q,2700000000,2025-07-31,1131365000,738182000,7372
ASH,1674862,ASHLAND INC.,float,45793370,"{""common"": 45793370.0}",2026-06-30,10-Q,2700000000,2025-03-31,4578000000,1824000000,5160
CRNX,1658247,"Crinetics Pharmaceuticals, Inc.",float,106065229,"{""common"": 106065229.0}",2026-07-22,10-Q,2700000000,2025-06-30,1321883000,7696000,2834
WU,1365135,Western Union CO,float,311878981,"{""common"": 311878981.0}",2026-07-22,10-Q,2700000000,2025-06-30,7968600000,4050700000,7389
OUT,1579877,OUTFRONT Media Inc.,float,176135251,"{""common"": 176135251.0}",2026-08-05,10-Q,2700000000,2025-06-30,5270300000,1831700000,6798
WFRD,1603923,Weatherford International plc,float,71685443,"{""common"": 71685443.0}",2026-07-16,10-Q,2700000000,2025-06-30,5102000000,4918000000,3533
ACVA,1637873,ACV Auctions Inc.,float,169807980,"{""common"": 169807980.0}",2026-08-03,10-Q,2700000000,2025-06-30,1079359000,759606000,7389
SXI,310354,STANDEX INTERNATIONAL CORP/DE/,float,12119465,"{""common"": 12119465.0}",2026-08-07,10-K,2681246305,2025-12-31,1585708000,891597000,3580
GSHD,1726978,"Goosehead Insurance, Inc.",float,35515905,"{""CommonClassAMember"": 23802805.0, ""CommonClassBMember"": 11713100.0}",2026-07-20,10-Q,2662284768,2025-06-30,406842000,365304000,6411
INDB,776901,INDEPENDENT BANK CORP,float,47369099,"{""common"": 47369099.0}",2026-08-04,10-Q,2657263240,2025-06-30,24973894000,,6022
BKU,1504008,"BankUnited, Inc.",float,71232249,"{""common"": 71232249.0}",2026-08-04,10-Q,2643515369,2025-06-30,34882242000,21732000,6035
IRDM,1418819,Iridium Communications Inc.,float,105960383,"{""common"": 105960383.0}",2026-07-15,10-Q,2643200000,2025-06-30,2565093000,871659000,4899
BOH,46195,BANK OF HAWAII CORP,float,39450396,"{""common"": 39450396.0}",2026-07-21,10-Q,2641853015,2025-06-30,23842940000,121925000,6022
CXT,25445,"Crane NXT, Co.",float,57561304,"{""common"": 57561304.0}",2026-07-31,10-Q,2639200410,2025-06-30,3595100000,1656700000,3490
BANF,760498,BANCFIRST CORP /OK/,float,33598745,"{""common"": 33598745.0}",2026-07-31,10-Q,2638485942,2025-06-30,15082243000,,6021
PRK,805676,PARK NATIONAL CORP /OH/,float,18064161,"{""common"": 18064161.0}",2026-08-06,10-Q,2626149253,2025-06-30,12677010000,664421000,6021
PRGS,876167,PROGRESS SOFTWARE CORP /MA,float,41012942,"{""common"": 41012942.0}",2026-06-26,10-Q,2605000000,2025-05-31,2345623000,977831000,7372
OPLN,1395942,"OPENLANE, Inc.",float,122797455,"{""common"": 122797455.0}",2026-07-31,10-Q,2602669761,2025-06-30,5006400000,1934500000,5500
HP,46765,"Helmerich & Payne, Inc.",float,99938945,"{""common"": 99938945.0}",2026-07-30,10-Q,2600000000,2025-03-31,6286774000,3746013000,1381
VSEC,102752,VSE CORP,float,28064972,"{""common"": 28064972.0}",2026-07-31,10-Q,2600000000,2025-06-30,4397406000,1112275000,8711
FIBK,860413,FIRST INTERSTATE BANCSYSTEM INC,float,95304607,"{""common"": 95304607.0}",2026-07-30,10-Q,2600000000,2025-06-30,25885000000,,6022
CDP,860546,COPT DEFENSE PROPERTIES,float,113410458,"{""common"": 113410458.0}",2026-07-20,10-Q,2600000000,2025-06-30,4515281000,763923000,6798
KRMN,2040127,Karman Holdings Inc.,float,132533708,"{""common"": 132533708.0}",2026-08-03,10-Q,2600000000,2025-06-30,1443977000,471500000,3728
SRRK,1727196,Scholar Rock Holding Corp,float,121785282,"{""common"": 121785282.0}",2026-08-03,10-Q,2600000000,2025-06-30,523543000,,2836
RRR,1653653,"Red Rock Resorts, Inc.",float,105016189,"{""CommonClassAMember"": 59130385.0, ""CommonClassBMember"": 45885804.0}",2026-08-03,10-Q,2600000000,2025-06-30,4365189000,2011483000,7011
SGRY,1638833,"Surgery Partners, Inc.",float,130918260,"{""common"": 130918260.0}",2026-08-03,10-Q,2600000000,2025-06-30,8049700000,3308700000,8062
MPT,1287865,MEDICAL PROPERTIES TRUST INC,float,597200000,"{""common"": 597200000.0}",2026-08-10,10-Q,2600000000,2025-06-30,14762677000,972022000,6798
RXO,1929561,"RXO, Inc.",float,164926128,"{""common"": 164926128.0}",2026-08-04,10-Q,2600000000,2025-06-30,3459000000,5742000000,4700
HUBG,940942,"Hub Group, Inc.",revenue,61153510,"{""CommonClassAMember"": 60578607.0, ""CommonClassBMember"": 574903.0}",2025-10-29,10-Q,2589081372,2024-06-30,2900721000,3946390000,4731
AMSC,880807,AMERICAN SUPERCONDUCTOR CORP /DE/,float,48442143,"{""common"": 48442143.0}",2026-07-31,10-Q,2581300000,2025-09-30,762217000,299155000,3621
YOU,1856314,"Clear Secure, Inc.",float,135288082,"{""CommonClassAMember"": 102911049.0, ""CommonClassBMember"": 0, ""CommonClassCMember"": 32377033.0, ""CommonClassDMember"": 0}",2026-07-31,10-Q,2576287610,2025-06-30,1578332000,900779000,7372
APLE,1418121,"Apple Hospitality REIT, Inc.",float,236082698,"{""common"": 236082698.0}",2026-07-27,10-Q,2568813396,2025-06-30,4864690000,1412386000,6798
SSRM,921638,SSR MINING INC.,float,203909312,"{""common"": 203909312.0}",2026-07-31,10-Q,2566832789,2025-06-30,4279290000,1629637000,6795
CVBF,354647,CVB FINANCIAL CORP,float,175997435,"{""common"": 175997435.0}",2026-08-03,10-Q,2560000000,2025-06-30,21182781000,,6022
VERX,1806837,"Vertex, Inc.",float,162217980,"{""CommonClassAMember"": 80062339.0, ""CommonClassBMember"": 82155641.0}",2026-07-31,10-Q,2551796149,2025-06-30,1210147000,748444000,7372
QUBT,1758009,Quantum Computing Inc.,float,226346861,"{""common"": 226346861.0}",2026-08-07,10-Q,2545765591,2025-06-30,1639203000,682000,7372
ECG,2015845,"Everus Construction Group, Inc.",float,51063836,"{""common"": 51063836.0}",2026-08-03,10-Q,2520000000,2025-06-30,2057671000,3746387000,1531
TBBK,1295401,"Bancorp, Inc.",float,40786809,"{""common"": 40786809.0}",2026-07-31,10-Q,2520000000,2025-06-30,9215977000,141147000,6021
CPRX,1369568,"CATALYST PHARMACEUTICALS, INC.",float,122380992,"{""common"": 122380992.0}",2026-05-07,10-Q,2514112459,2025-06-30,1147610000,588989000,2834
VAL,314808,Valaris Ltd,float,69435807,"{""common"": 69435807.0}",2026-07-30,10-Q,2500000000,2025-06-30,5448400000,2369000000,1381
BOKF,875357,BOK FINANCIAL CORP,float,60766867,"{""common"": 60766867.0}",2026-06-30,10-Q,2500000000,2025-06-30,53179287000,,6021
PENN,921738,"PENN Entertainment, Inc.",float,134066591,"{""common"": 134066591.0}",2026-07-29,10-Q,2500000000,2025-06-30,14069200000,6961000000,7011
TGTX,1001316,"TG THERAPEUTICS, INC.",float,153069053,"{""common"": 153069053.0}",2026-08-03,10-Q,2500000000,2025-06-30,1639629000,616287000,2834
CYTK,1061983,CYTOKINETICS INC,float,139023418,"{""common"": 139023418.0}",2026-08-04,10-Q,2500000000,2025-06-30,1924551000,88039000,2834
VC,1111335,VISTEON CORP,float,26695429,"{""common"": 26695429.0}",2026-07-16,10-Q,2500000000,2025-06-30,3456000000,3768000000,3714
HCC,1691303,"WARRIOR MET COAL, INC.",float,52802087,"{""common"": 52802087.0}",2026-08-03,10-Q,2500000000,2025-06-30,2900461000,1310043000,1220
WLK,1262823,WESTLAKE CORP,float,127796548,"{""common"": 127796548.0}",2026-07-29,10-Q,2500000000,2025-06-30,19439000000,11170000000,2860
PBF,1534504,PBF Energy Inc.,float,118536849,"{""CommonClassAMember"": 118536838.0, ""CommonClassBMember"": 11.0}",2026-07-24,10-Q,2500000000,2025-06-30,14718700000,29332300000,2911
INTA,1565687,"Intapp, Inc.",float,76511148,"{""common"": 76511148.0}",2026-08-06,10-K,2500000000,2025-12-31,753658000,577805000,7372
UE,1611547,Urban Edge Properties,float,126244466,"{""common"": 126244466.0}",2026-07-31,10-Q,2500000000,2025-06-30,3388961000,471935000,6500
LIVN,1639691,LivaNova PLC,float,55093507,"{""common"": 55093507.0}",2026-07-29,10-Q,2500000000,2025-06-30,2640861000,1388053000,3845
PTON,1639825,"PELOTON INTERACTIVE, INC.",float,438871801,"{""CommonClassAMember"": 423035077.0, ""CommonClassBMember"": 15836724.0}",2026-07-30,10-K,2500000000,2025-12-31,2055900000,2446000000,3949
NVST,1757073,Envista Holdings Corp,float,160617709,"{""common"": 160617709.0}",2026-07-31,10-Q,2500000000,2025-06-27,5597100000,2719500000,3843
OGN,1821825,Organon & Co.,float,262609433,"{""common"": 262609433.0}",2026-07-24,10-Q,2500000000,2025-06-30,13178000000,6216000000,2834
BBAI,1836981,"BigBear.ai Holdings, Inc.",float,479494493,"{""common"": 479494493.0}",2026-06-30,10-Q,2500000000,2025-06-30,841312000,127672000,7372
BATRA,1958140,"Atlanta Braves Holdings, Inc.",float,64167897,"{""CommonClassAMember"": 10318187.0, ""CommonClassBMember"": 977751.0, ""CommonClassCMember"": 52871959.0}",2026-07-31,10-Q,2500000000,2025-06-30,1740383000,732492000,7900
EPAC,6955,ENERPAC TOOL GROUP CORP,float,51137646,"{""common"": 51137646.0}",2026-07-06,10-Q,2490000000,2025-02-28,811543000,616899000,3590
SMMT,1599298,Summit Therapeutics Inc.,float,797749602,"{""common"": 797749602.0}",2026-07-17,10-Q,2483800000,2025-06-30,752185000,,2834
AKR,899629,ACADIA REALTY TRUST,float,137332722,"{""common"": 137332722.0}",2026-07-24,10-Q,2432870000,2025-06-30,4617507000,410757000,6798
COSO,1297107,"CoastalSouth Bancshares, Inc.",no_float,11954446,"{""common"": 11954446.0}",2026-08-05,10-Q,0,2025-07-02,2420993000,1985000,6022
DEI,1364250,Douglas Emmett Inc,float,167485267,"{""common"": 167485267.0}",2026-07-31,10-Q,2420000000,2025-06-30,9551187000,1003982000,6798
SMG,825542,SCOTTS MIRACLE-GRO CO,float,58220274,"{""common"": 58220274.0}",2026-07-31,10-Q,2415372479,2025-03-28,3167400000,3413100000,2870
XENE,1582313,Xenon Pharmaceuticals Inc.,float,96840432,"{""common"": 96840432.0}",2026-08-03,10-Q,2404900000,2025-06-30,1295772000,7500000,2834
DIOD,29002,DIODES INC /DEL/,float,46051705,"{""common"": 46051705.0}",2026-07-30,10-Q,2400000000,2025-06-30,2583365000,1482073000,3674
SBCF,730708,SEACOAST BANKING CORP OF FLORIDA,float,96822799,"{""common"": 96822799.0}",2026-06-30,10-Q,2400000000,2025-06-30,21360072000,,6022
ALKT,1529274,"ALKAMI TECHNOLOGY, INC.",float,106941980,"{""common"": 106941980.0}",2026-06-30,10-Q,2400000000,2025-06-30,831081000,443639000,7372
AMKR,1047127,"AMKOR TECHNOLOGY, INC.",float,248452472,"{""common"": 248452472.0}",2026-07-21,10-Q,2391000000,2025-06-30,8298634000,6707981000,3674
IPAR,822663,INTERPARFUMS INC,float,32025781,"{""common"": 32025781.0}",2026-08-04,10-Q,2384600367,2025-06-30,1490104000,1488509000,2844
MYRG,700923,MYR GROUP INC.,float,15569250,"{""common"": 15569250.0}",2026-07-24,10-Q,2380000000,2025-06-30,1672465000,3657889000,1623
LXP,910108,LXP Industrial Trust,float,58957264,"{""common"": 58957264.0}",2026-07-28,10-Q,2378500000,2025-06-30,3463934000,350228000,6798
CBK,1981546,"Commercial Bancgroup, Inc.",no_float,13701270,"{""common"": 13701269.5}",2026-08-12,10-Q,0,2025-06-30,2376584291,,6022
MUR,717423,MURPHY OIL CORP,float,143381125,"{""common"": 143381125.0}",2026-07-31,10-Q,2375149725,2025-06-30,10278134000,2718823000,1311
CON,2014596,"Concentra Group Holdings Parent, Inc.",float,127517736,"{""common"": 127517736.0}",2026-07-31,10-Q,2365492630,2025-06-30,3010275000,2163417000,8093
DXC,1688568,DXC Technology Co,float,159778689,"{""common"": 159778689.0}",2026-07-20,10-Q,2363606269,2025-09-30,12926000000,12644000000,7374
FIG,1579878,"Figma, Inc.",revenue,533009867,"{""CommonClassAMember"": 455113611.0, ""CommonClassBMember"": 77896256.0, ""CommonClassCMember"": 0}",2026-07-31,10-Q,0,2025-06-30,2351274000,1055788000,7372
SFNC,90498,SIMMONS FIRST NATIONAL CORP,float,144513789,"{""common"": 144513789.0}",2026-07-31,10-Q,2349194653,2025-06-30,24776816000,,6021
BTSG,1865782,"BrightSpring Health Services, Inc.",float,197864241,"{""common"": 197864241.0}",2026-07-28,10-Q,2349000000,2025-06-30,5985717000,12910564000,8082
UI,1511737,Ubiquiti Inc.,float,60528381,"{""common"": 60528381.0}",2026-08-20,10-K,2340584731,2025-12-31,2198190000,3274162000,3663
RIG,1451505,Transocean Ltd.,float,1116880085,"{""common"": 1116880085.0}",2026-07-28,10-Q,2340000000,2025-06-30,15167000000,3965000000,1381
PSMT,1041803,PRICESMART INC,float,30860524,"{""common"": 30860524.0}",2026-06-30,10-Q,2338529913,2025-02-28,2519203000,5270094000,5331
DORM,868780,"Dorman Products, Inc.",float,29675618,"{""common"": 29675618.0}",2026-07-30,10-Q,2330749619,2025-06-28,2500163000,2130319000,3714
AGYS,78749,AGILYSYS INC,float,28205788,"{""common"": 28205788.0}",2026-07-17,10-Q,2328842858,2025-09-30,472845000,319312000,7373
HURN,1289848,Huron Consulting Group Inc.,float,15910072,"{""common"": 15910072.0}",2026-07-21,10-Q,2326000000,2025-06-30,1589125000,1699143000,8742
SHAZ,2068385,SharonAI Holdings Inc.,no_float,35803505,"{""CommonClassAMember"": 35667164.0, ""CommonClassBMember"": 136341.0}",2026-08-05,10-Q,0,2025-12-31,2321338209,1566631,7374
TWST,1581280,Twist Bioscience Corp,float,62707424,"{""common"": 62707424.0}",2026-07-29,10-Q,2320000000,2025-03-31,672437000,376572000,2836
CPRI,1530721,Capri Holdings Ltd,float,113651618,"{""common"": 113651618.0}",2026-07-31,10-Q,2308538495,2025-09-26,3210000000,3474000000,3100
POWI,833640,POWER INTEGRATIONS INC,float,55873298,"{""common"": 55873298.0}",2026-08-03,10-Q,2300000000,2025-06-28,779006000,443504000,3674
PTEN,889900,PATTERSON UTI ENERGY INC,float,381384874,"{""common"": 381384874.0}",2026-07-29,10-Q,2300000000,2025-06-30,5372674000,4826624000,1381
SANM,897723,SANMINA CORP,float,53597356,"{""common"": 53597356.0}",2026-07-20,10-Q,2300000000,2025-03-29,9739734000,8128382000,3672
ACAD,1070494,ACADIA PHARMACEUTICALS INC,float,172305518,"{""common"": 172305518.0}",2026-07-28,10-Q,2300000000,2025-06-30,1742900000,1071505000,2834
BB,1070235,BLACKBERRY Ltd,float,586100431,"{""common"": 586100431.0}",2026-06-22,10-Q,2300000000,2025-08-31,1240700000,549100000,7372
MIRM,1759425,"Mirum Pharmaceuticals, Inc.",float,64932203,"{""common"": 64932203.0}",2026-07-31,10-Q,2300000000,2025-06-30,1044981000,521312000,2834
RNG,1384905,"RingCentral, Inc.",float,83506162,"{""CommonClassAMember"": 73736624.0, ""CommonClassBMember"": 9769538.0}",2026-07-16,10-Q,2300000000,2025-06-30,1381365000,2515142000,7374
MQ,1522540,"Marqeta, Inc.",float,104098834,"{""CommonClassAMember"": 95911790.0, ""CommonClassBMember"": 8187044.0}",2026-07-31,10-Q,2300000000,2025-06-30,1392226000,624884000,7372
TFX,96943,TELEFLEX INC,float,42372397,"{""common"": 42372397.0}",2026-08-04,10-Q,2297660795,2025-06-29,6786778000,1992713000,3841
FFBC,708955,FIRST FINANCIAL BANCORP /OH/,float,104968940,"{""common"": 104968940.0}",2026-08-05,10-Q,2296993000,2025-06-30,22439679000,,6021
OLN,74303,OLIN Corp,float,113982490,"{""common"": 113982490.0}",2026-06-30,10-Q,2296919833,2025-06-30,7440600000,6780800000,2800
KYMR,1815442,"Kymera Therapeutics, Inc.",float,83150618,"{""common"": 83150618.0}",2026-07-31,10-Q,2294800000,2025-12-31,1645444000,39211000,2836
EVTC,1559865,"EVERTEC, Inc.",float,59752542,"{""common"": 59752542.0}",2026-07-30,10-Q,2293153226,2025-06-30,2479618000,931818000,7374
PII,931015,Polaris Inc.,float,56903524,"{""common"": 56903524.0}",2026-07-21,10-Q,2285523000,2025-06-30,5241500000,7152000000,3790
WAFD,936528,WAFD INC,float,73995238,"{""common"": 73995238.0}",2026-07-31,10-Q,2276388597,2025-03-31,27596970000,29650000,6021
CHEF,1517175,"Chefs' Warehouse, Inc.",float,40796083,"{""common"": 40796083.0}",2026-07-24,10-Q,2256669269,2025-06-27,1989767000,4149537000,5141
ALG,897077,ALAMO GROUP INC,float,12170965,"{""common"": 12170965.0}",2026-07-24,10-Q,2245513970,2025-06-30,1723602000,1603715000,3523
DAN,26780,DANA Inc,float,107576679,"{""common"": 107576679.0}",2026-07-17,10-Q,2237467839,2025-06-30,6113000000,7500000000,3714
SYBT,835324,"Stock Yards Bancorp, Inc.",float,31066643,"{""common"": 31066643.0}",2026-07-31,10-Q,2232422008,2025-06-30,10368564000,,6022
FPS,2080126,"Forgent Power Solutions, Inc.",revenue,304428889,"{""CommonClassAMember"": 274527094.0, ""CommonClassBMember"": 29901795.0}",2026-09-08,10-K,0,2025-12-31,2230765000,1420059000,3620
HAE,313143,HAEMONETICS CORP,float,45497051,"{""common"": 45497051.0}",2026-07-31,10-Q,2226588933,2025-09-27,2365400000,1334027000,3841
CRVL,874866,CORVEL CORP,float,50516571,"{""common"": 50516571.0}",2026-08-03,10-Q,2224229000,2025-09-30,689735000,958527000,6411
CXW,1070985,"CoreCivic, Inc.",float,98893489,"{""common"": 98893489.0}",2026-07-31,10-Q,2216804746,2025-06-30,3455639000,2211182000,6798
UNFI,1020859,UNITED NATURAL FOODS INC,float,60317084,"{""common"": 60317084.0}",2026-09-08,10-K,2209000000,2026-01-30,7109000000,31152000000,5141
CRK,23194,COMSTOCK RESOURCES INC,float,293620548,"{""common"": 293620548.0}",2026-07-29,10-Q,2200000000,2025-06-30,7524686000,2220289000,1311
FRME,712534,FIRST MERCHANTS CORP,float,62801423,"{""common"": 62801423.0}",2026-07-27,10-Q,2200000000,2025-06-30,21072521000,,6021
NWL,814453,NEWELL BRANDS INC.,float,425900000,"{""common"": 425900000.0}",2026-07-27,10-Q,2200000000,2025-06-30,11061000000,7204000000,3089
TNET,937098,"TRINET GROUP, INC.",float,45904738,"{""common"": 45904738.0}",2026-07-23,10-Q,2200000000,2025-06-30,3346000000,5010000000,7389
CCOI,1158324,"COGENT COMMUNICATIONS HOLDINGS, INC.",float,51215736,"{""common"": 51215736.0}",2026-07-31,10-Q,2200000000,2025-06-30,3103869000,975766000,4899
CURB,2027317,Curbline Properties Corp.,float,115038025,"{""common"": 115038025.0}",2026-07-22,10-Q,2200000000,2025-06-30,2621099000,182893000,6500
AMBA,1280263,AMBARELLA INC,float,44140971,"{""common"": 44140971.0}",2026-08-31,10-Q,2200000000,2025-07-31,780205000,390702000,3674
ENR,1632790,"ENERGIZER HOLDINGS, INC.",float,68483637,"{""common"": 68483637.0}",2026-07-31,10-Q,2200000000,2025-03-31,4466000000,2952700000,3690
HHH,1981792,Howard Hughes Holdings Inc.,float,59721036,"{""common"": 59721036.0}",2026-07-29,10-Q,2200000000,2025-06-30,15910043000,1474892000,6798
VAC,1524358,MARRIOTT VACATIONS WORLDWIDE Corp,float,34395320,"{""common"": 34395320.0}",2026-07-30,10-Q,2180020753,2025-06-30,9479000000,5032000000,6531
ACLS,1113232,AXCELIS TECHNOLOGIES INC,float,30881489,"{""common"": 30881489.0}",2026-08-03,10-Q,2179725003,2025-06-30,1386838000,839048000,3559
WRBY,1504776,Warby Parker Inc.,float,123608054,"{""CommonClassAMember"": 108239371.0, ""CommonClassBMember"": 15368683.0}",2026-08-04,10-Q,2174041230,2025-06-30,772315000,871905000,3851
TRN,99780,TRINITY INDUSTRIES INC,float,79669486,"{""common"": 79669486.0}",2026-07-23,10-Q,2167600000,2025-06-30,8232000000,2156900000,3743
SKWD,1519449,"Skyward Specialty Insurance Group, Inc.",float,44396493,"{""common"": 44396493.0}",2026-07-31,10-Q,2165161643,2025-06-30,6781139000,1416541000,6331
PFS,1178970,PROVIDENT FINANCIAL SERVICES INC,float,130422618,"{""common"": 130422618.0}",2026-08-03,10-Q,2130000000,2025-06-30,25663358000,73109000,6035
NBTB,790359,NBT BANCORP INC,float,51960061,"{""common"": 51960061.0}",2026-07-31,10-Q,2120430098,2025-06-30,16214957000,182952000,6021
WAY,1990354,Waystar Holding Corp.,float,191748416,"{""common"": 191748416.0}",2026-07-23,10-Q,2106581546,2025-06-30,5868761000,1099278000,7373
RKT,1805284,"Rocket Companies, Inc.",float,2831642421,"{""CommonClassAMember"": 1906422676.0, ""CommonClassLMember"": 925219745.0}",2026-07-31,10-Q,2105643644,2025-06-30,60977000000,6695000000,6162
CALX,1406666,"CALIX, INC",float,62963989,"{""common"": 62963989.0}",2026-07-13,10-Q,2101000000,2025-06-27,954404000,1000010000,4899
TDW,98222,TIDEWATER INC,float,49756231,"{""common"": 49756231.0}",2026-07-31,10-Q,2100000000,2025-06-30,2366260000,1352786000,4400
TDC,816761,TERADATA CORP /DE/,float,93000000,"{""common"": 93000000.0}",2026-07-24,10-Q,2100000000,2025-06-30,1658000000,1663000000,7372
AIN,819793,ALBANY INTERNATIONAL CORP /DE/,float,28400000,"{""common"": 28400000.0}",2026-07-15,10-Q,2100000000,2025-06-30,1711365000,1182813000,2221
VCEL,887359,Vericel Corp,float,51206614,"{""common"": 51206614.0}",2026-07-24,10-Q,2100000000,2025-06-30,502866000,276259000,2836
EFOR,890564,Everforth Inc,float,41000000,"{""common"": 41000000.0}",2026-07-24,10-Q,2100000000,2025-06-30,4023500000,3980400000,7363
NSP,1000753,"INSPERITY, INC.",float,38195270,"{""common"": 38195270.0}",2026-07-22,10-Q,2100000000,2025-06-30,2234000000,6812000000,7363
RIOT,1167419,"Riot Platforms, Inc.",float,375258935,"{""common"": 375258935.0}",2026-08-07,10-Q,2100000000,2025-06-30,3263564000,647435000,6199
SPNT,1576018,SiriusPoint Ltd,float,116165016,"{""common"": 116165016.0}",2026-07-24,10-Q,2100000000,2025-06-30,12651700000,3205100000,6331
CNS,1284812,"COHEN & STEERS, INC.",float,51421533,"{""common"": 51421533.0}",2026-07-23,10-Q,2100000000,2025-06-30,900979000,556116000,6282
IVT,1307748,InvenTrust Properties Corp.,float,77978431,"{""common"": 77978431.0}",2026-07-31,10-Q,2100000000,2025-06-30,3034455000,299169000,6798
ACHC,1520697,"Acadia Healthcare Company, Inc.",float,93100275,"{""common"": 93100275.0}",2026-07-27,10-Q,2100000000,2025-06-30,5546451000,3312769000,8093
CWK,1628369,Cushman & Wakefield Ltd.,float,234713708,"{""common"": 234713708.0}",2026-07-30,10-Q,2100000000,2025-06-30,7553700000,10288200000,6500
NCNO,1902733,"nCino, Inc.",float,105736174,"{""common"": 105736174.0}",2026-08-20,10-Q,2100000000,2025-07-31,1571753000,594781000,7372
MSGE,1952073,Madison Square Garden Entertainment Corp.,float,47305234,"{""CommonClassAMember"": 40438480.0, ""CommonClassBMember"": 6866754.0}",2026-07-31,10-K,2100000000,2025-12-31,1935250000,1060784000,7990
NATL,1974138,NCR Atleos Corp,float,73896934,"{""common"": 73896934.0}",2026-07-31,10-Q,2080000000,2025-06-30,5664000000,4354000000,3578
TPC,77543,TUTOR PERINI CORP,float,52569117,"{""common"": 52569117.0}",2026-07-30,10-Q,2072338656,2025-06-30,5361142000,5543039000,1540
ADUS,1468328,Addus HomeCare Corp,float,18674300,"{""common"": 18674300.0}",2026-07-28,10-Q,2065724000,2025-12-31,1456486000,1422530000,8082
ALHC,1832466,"Alignment Healthcare, Inc.",float,207435149,"{""common"": 207435149.0}",2026-07-27,10-Q,2060116814,2025-06-30,1279038000,3948719000,6324
OSW,1758488,ONESPAWORLD HOLDINGS Ltd,float,101498712,"{""common"": 101498712.0}",2026-07-28,10-Q,2058444047,2025-06-30,729835000,961001000,7997
MGNI,1595974,"MAGNITE, INC.",float,143424157,"{""common"": 143424157.0}",2026-07-29,10-Q,2045628555,2025-06-30,3032826000,713953000,7370
DV,1819928,"DoubleVerify Holdings, Inc.",float,154986847,"{""common"": 154986847.0}",2026-07-29,10-Q,2040086166,2025-06-30,1310095000,748291000,7370
RXRX,1601830,"RECURSION PHARMACEUTICALS, INC.",float,535342170,"{""common"": 535342170.0}",2026-07-31,10-Q,2030000000,2025-06-30,1212668000,74681000,2836
VOYG,1788060,"Voyager Technologies, Inc./TX",float,61029060,"{""CommonClassAMember"": 55270494.0, ""CommonClassBMember"": 5758566.0}",2026-07-31,10-Q,2030000000,2025-06-30,1009273000,166419000,3760
SYNA,817720,SYNAPTICS Inc,float,39106986,"{""common"": 39106986.0}",2026-08-04,10-K,2029344033,2025-12-27,2102000000,1197200000,3674
PAYO,1845815,Payoneer Global Inc.,float,338850836,"{""common"": 338850836.0}",2026-07-31,10-Q,2019068359,2025-06-30,8764946000,1052774000,7389
YETI,1670592,"YETI Holdings, Inc.",float,72988796,"{""common"": 72988796.0}",2026-08-06,10-Q,2016715281,2025-06-27,1301719000,1868494000,3949
AEBI,2048519,Aebi Schmidt Holding AG,revenue,77603247,"{""common"": 77603247.0}",2026-08-07,10-Q,0,2025-06-30,2015711000,1526625000,3531
LLYVA,2078416,"Liberty Live Holdings, Inc.",no_float,92005376,"{""CommonClassAMember"": 25573685.0, ""CommonClassBMember"": 2530951.0, ""CommonClassCMember"": 63900740.0}",2026-07-31,10-Q,0,2025-06-30,2012521000,381951000,7900
SLVM,1856485,Sylvamo Corp,float,39760243,"{""common"": 39760243.0}",2026-07-31,10-Q,2008755141,2025-06-30,2875000000,3351000000,2621
PK,1617406,Park Hotels & Resorts Inc.,float,201338330,"{""common"": 201338330.0}",2026-07-31,10-Q,2005000000,2025-06-30,7702000000,2541000000,7011
BHC,885590,Bausch Health Companies Inc.,float,373990561,"{""common"": 373990561.0}",2026-07-24,10-Q,2004729038,2025-06-30,24794000000,10266000000,2834
SM,893538,SM Energy Co,float,237854068,"{""common"": 237854068.0}",2026-07-23,10-Q,2003565230,2025-06-30,18858000000,3154000000,1311
EFSC,1025835,ENTERPRISE FINANCIAL SERVICES CORP,float,36192520,"{""common"": 36192520.0}",2026-07-29,10-Q,2003558653,2025-06-30,17399009000,,6022
SMA,1585389,"SmartStop Self Storage REIT, Inc.",float,55368903,"{""common"": 55368903.0}",2026-08-05,10-Q,2000553000,2025-06-30,2437872000,281141000,6798
OII,73756,OCEANEERING INTERNATIONAL INC,float,99529645,"{""common"": 99529645.0}",2026-07-17,10-Q,2000000000,2025-06-30,2688838000,2784156000,1389
PBI,78814,PITNEY BOWES INC /DE/,float,137090212,"{""common"": 137090212.0}",2026-07-21,10-Q,2000000000,2025-06-30,3019585000,1892629000,3579
STRA,1013934,"Strategic Education, Inc.",float,22207559,"{""common"": 22207559.0}",2026-07-17,10-Q,2000000000,2025-06-30,2068862000,1268220000,8200
CBC,2065601,"Central Bancompany, Inc.",float,239505133,"{""common"": 239505133.0}",2026-08-10,10-Q,2000000000,2025-12-31,20294827000,,
GOLF,1672013,Acushnet Holdings Corp.,float,58405044,"{""common"": 58405044.0}",2026-07-31,10-Q,2000000000,2025-06-30,2576076000,2558730000,3949
VSH,103730,VISHAY INTERTECHNOLOGY INC,assets,153379167,"{""ClassBConvertibleCommonStockMember"": 12097148.0, ""CommonStockMember"": 141282019.0}",2026-08-03,10-Q,1984000000,2025-06-28,5156366000,3069048000,3670
ABR,1253986,ARBOR REALTY TRUST INC,assets,186558043,"{""common"": 186558043.0}",2026-07-24,10-Q,1980000000,2025-06-30,14352825000,,6798
LRN,1157408,"Stride, Inc.",revenue,41559845,"{""common"": 41559845.0}",2026-07-31,10-K,1974309000,2025-12-31,2435552000,2518081000,8200
NNI,1258602,NELNET INC,assets,35779438,"{""CommonClassAMember"": 25162763.0, ""CommonClassBMember"": 10616675.0}",2026-07-31,10-Q,1970647108,2025-06-30,14275064000,,6141
KNTK,1692787,Kinetik Holdings Inc.,assets,162379129,"{""CommonClassAMember"": 80442263.0, ""CommonClassCMember"": 81936866.0}",2026-07-31,10-Q,1970000000,2025-06-30,7202470000,1764389000,4922
JJSF,785956,J&J SNACK FOODS CORP,revenue,18681608,"{""common"": 18681608.0}",2026-08-03,10-Q,1968027965,2025-03-28,1355885000,1583233000,2052
BUSE,314489,FIRST BUSEY CORP /NV/,assets,82576956,"{""common"": 82576956.0}",2026-08-06,10-Q,1950000000,2025-06-30,18191867000,719584000,6022
QDEL,1906324,QuidelOrtho Corp,assets,68575427,"{""common"": 68575427.0}",2026-07-29,10-Q,1940523408,2025-06-27,5715300000,2730200000,2835
BETA,1784570,"BETA Technologies, Inc.",no_float,233941060,"{""CommonClassAMember"": 225439576.0, ""CommonClassBMember"": 8501484.0}",2026-08-06,10-Q,0,2025-12-31,1933452000,35616000,3721
GRBK,1373670,"Green Brick Partners, Inc.",revenue,43010696,"{""common"": 43010696.0}",2026-07-23,10-Q,1919559894,2025-06-30,2610751000,2039994000,1531
OFG,1030469,OFG BANCORP,assets,42265494,"{""common"": 42265494.0}",2026-07-31,10-Q,1915000000,2025-06-30,12154572000,,6022
ENOV,1420800,Enovis CORP,revenue,57669494,"{""common"": 57669494.0}",2026-07-31,10-Q,1910000000,2025-07-04,3766126000,2248049000,3842
TRIP,1526520,"TripAdvisor, Inc.",revenue,117199342,"{""common"": 117199342.0}",2026-06-30,10-Q,1903322909,2025-06-30,2531300000,1891000000,7370
AGM,845877,FEDERAL AGRICULTURAL MORTGAGE CORP,assets,10853210,"{""CommonClassAMember"": 1030780.0, ""CommonClassBMember"": 500301.0, ""CommonClassCMember"": 9322129.0}",2026-07-23,10-Q,1901912280,2025-06-30,39290192000,,6111
AAP,1158449,ADVANCE AUTO PARTS INC,assets,60400000,"{""common"": 60400000.0}",2026-08-17,10-Q,1900000000,2025-07-12,12019000000,8601000000,5531
BANC,1169770,"BANC OF CALIFORNIA, INC.",assets,157950529,"{""common"": 157950529.0}",2026-07-31,10-Q,1900000000,2025-06-30,35030953000,1818792000,6021
ATKR,1666138,Atkore Inc.,revenue,33772550,"{""common"": 33772550.0}",2026-07-31,10-Q,1900000000,2025-03-28,2743538000,2850378000,3690
PGNY,1551306,"Progyny, Inc.",revenue,76726798,"{""common"": 76726798.0}",2026-07-31,10-Q,1900000000,2025-06-30,715836000,1288661000,8090
KGS,1767042,"Kodiak Gas Services, Inc.",assets,101104031,"{""common"": 101104031.0}",2026-08-03,10-Q,1900000000,2025-06-30,5500629000,1308100000,4922
MAN,871763,ManpowerGroup Inc.,assets,46505570,"{""common"": 46505570.0}",2026-08-05,10-Q,1870022393,2025-06-30,8374900000,17957100000,7363
PPC,802481,PILGRIMS PRIDE CORP,assets,238108524,"{""common"": 238108524.0}",2026-06-28,10-Q,1860373070,2025-06-30,10029924000,18497553000,2015
ALRM,1459200,"Alarm.com Holdings, Inc.",revenue,49090228,"{""common"": 49090228.0}",2026-07-30,10-Q,1858300000,2025-06-30,1656978000,1011187000,7372
PLUS,1022408,EPLUS INC,revenue,26090418,"{""common"": 26090418.0}",2026-07-30,10-Q,1849899831,2025-09-30,1867057000,2442549000,5045
WEN,30697,Wendy's Co,revenue,190669930,"{""common"": 190669930.0}",2026-07-31,10-Q,1841400000,2025-06-27,4884216000,2176891000,5810
MBLY,1910139,Mobileye Global Inc.,assets,252419583,"{""common"": 252419583.0}",2026-07-15,10-Q,1840000000,2025-06-28,8838000000,1894000000,7372
HE,354707,HAWAIIAN ELECTRIC INDUSTRIES INC,assets,172728004,"{""common"": 172728004.0}",2026-07-31,10-Q,1834863997,2025-06-30,8401802000,3086896000,4911
INDV,1625297,"Indivior Pharmaceuticals, Inc.",revenue,118013649,"{""common"": 118013649.0}",2026-07-28,10-Q,1830000000,2025-06-30,1233000000,1239000000,2834
LEVI,94845,LEVI STRAUSS & CO,assets,384850562,"{""CommonClassAMember"": 100456337.0, ""CommonClassBMember"": 284394225.0}",2026-07-01,10-Q,1823793396,2025-06-01,6627500000,6282000000,2300
STC,94344,STEWART INFORMATION SERVICES CORP,revenue,30522199,"{""common"": 30522199.0}",2026-07-28,10-Q,1800000000,2025-06-30,3291507000,2921636000,6361
HTO,766829,H2O AMERICA,assets,41856804,"{""common"": 41856804.0}",2026-07-24,10-Q,1800000000,2025-06-30,5353304000,805594000,4941
IPGP,1111928,IPG PHOTONICS CORP,revenue,42534539,"{""common"": 42534539.0}",2026-08-03,10-Q,1800000000,2025-06-30,2424567000,1003777000,3674
LBRT,1694028,Liberty Energy Inc.,revenue,163191416,"{""CommonClassAMember"": 163191416.0, ""CommonClassBMember"": 0}",2026-07-20,10-Q,1800000000,2025-06-30,4488096000,4006116000,1389
NMRK,1690680,"NEWMARK GROUP, INC.",assets,181228627,"{""CommonClassAMember"": 159943094.0, ""CommonClassBMember"": 21285533.0}",2026-08-03,10-Q,1800000000,2025-06-30,5188222000,3294024000,6531
RUN,1469367,Sunrun Inc.,assets,240846982,"{""common"": 240846982.0}",2026-07-31,10-Q,1800000000,2025-06-30,23359367000,2956997000,1700
CSTM,1563411,CONSTELLIUM SE,assets,135527728,"{""common"": 135527728.0}",2026-06-30,10-Q,1800000000,2025-06-30,5845000000,8449000000,3341
CIFR,1819989,Cipher Digital Inc.,assets,415030722,"{""common"": 415030722.0}",2026-08-03,10-Q,1796700000,2025-06-30,7501454000,223942000,6199
FBNC,811589,FIRST BANCORP /NC/,assets,41374221,"{""common"": 41374221.0}",2026-07-31,10-Q,1795079000,2025-06-30,13041615000,67623000,6022
MCY,64996,MERCURY GENERAL CORP,assets,55388627,"{""common"": 55388627.0}",2026-07-30,10-Q,1789234305,2025-06-30,10542365000,5992468000,6331
WLTH,1524566,WEALTHFRONT CORP,no_float,156176440,"{""common"": 156176440.0}",2026-09-14,10-Q,0,2025-07-31,1782772000,364993000,6199
VISN,1517228,"Vistance Networks, Inc.",revenue,230626412,"{""common"": 230626412.0}",2026-07-22,10-Q,1781600000,2025-06-30,3496800000,1931600000,3663
WOR,108516,"WORTHINGTON ENTERPRISES, INC.",revenue,48934416,"{""common"": 48934416.0}",2026-07-23,10-K,1751131672,2025-11-28,1848064000,1381292000,3310
PRVA,1759655,"Privia Health Group, Inc.",revenue,127734207,"{""common"": 127734207.0}",2026-07-31,10-Q,1750000000,2025-06-30,1488581000,2122842000,8000
HUT,1964789,Hut 8 Corp.,assets,123259468,"{""common"": 123259468.0}",2026-07-31,10-Q,1747264000,2025-12-31,9975107000,235118000,6199
GBX,923120,GREENBRIER COMPANIES INC,revenue,30939686,"{""common"": 30939686.0}",2026-06-25,10-Q,1735793000,2025-02-28,4348200000,3240200000,3743
ARCB,894405,ARCBEST CORP /TX/,revenue,22351354,"{""common"": 22351354.0}",2026-07-28,10-Q,1730288228,2025-06-30,2452285000,4010158000,4213
SHC,1822479,Sotera Health Co,revenue,285374795,"{""common"": 285374795.0}",2026-07-30,10-Q,1714111104,2025-06-30,3306790000,1163617000,8090
CUBI,1488813,"Customers Bancorp, Inc.",assets,33783799,"{""common"": 33783799.0}",2026-08-04,10-Q,1714105685,2025-06-30,26520789000,,6022
SHOO,913241,"STEVEN MADDEN, LTD.",revenue,73177095,"{""common"": 73177095.0}",2026-07-28,10-Q,1713156667,2025-06-30,1836062000,2534109000,3140
NTSK,2063196,Netskope Inc,no_float,408587748,"{""CommonClassAMember"": 267134729.0, ""CommonClassBMember"": 141453019.0, ""CommonClassCMember"": 0}",2026-08-31,10-Q,0,2025-07-31,1712214000,708997000,7372
BLKB,1280058,BLACKBAUD INC,revenue,45390097,"{""common"": 45390097.0}",2026-07-27,10-Q,1709331328,2025-06-30,2594496000,1128365000,7372
HUN,1307954,Huntsman CORP,assets,175378616,"{""common"": 175378616.0}",2026-07-22,10-Q,1706900085,2025-06-30,7131000000,5683000000,2800
CHCO,726854,CITY HOLDING CO,assets,14045160,"{""common"": 14045160.0}",2026-08-03,10-Q,1700000000,2025-06-30,6773995000,74288000,6021
CASH,907471,"PATHWARD FINANCIAL, INC.",assets,20773362,"{""common"": 20773362.0}",2026-07-29,10-Q,1700000000,2025-03-31,7314373000,839894000,6021
ROCK,912562,"GIBRALTAR INDUSTRIES, INC.",revenue,29683889,"{""common"": 29683889.0}",2026-08-03,10-Q,1700000000,2025-06-30,2786285000,1135501000,3310
AMRX,1723128,"Amneal Pharmaceuticals, Inc.",revenue,319353919,"{""common"": 319353919.0}",2026-07-31,10-Q,1700000000,2025-06-30,3776348000,3018760000,2834
WD,1497770,"Walker & Dunlop, Inc.",revenue,34325745,"{""common"": 34325745.0}",2026-07-31,10-Q,1700000000,2025-06-30,4893604000,1234306000,6199
CC,1627223,Chemours Co,assets,150498995,"{""common"": 150498995.0}",2026-07-30,10-Q,1700000000,2025-06-30,7150000000,5808000000,2800
PHIN,1968915,PHINIA INC.,revenue,36638088,"{""common"": 36638088.0}",2026-07-23,10-Q,1700000000,2025-06-30,3842000000,3483000000,3714
HMN,850141,HORACE MANN EDUCATORS CORP /DE/,assets,40501054,"{""common"": 40501054.0}",2026-07-31,10-Q,1692400000,2025-06-30,15604400000,1701400000,6331
SPB,109177,"Spectrum Brands Holdings, Inc.",revenue,22995596,"{""common"": 22995596.0}",2026-07-31,10-Q,1690000000,2025-03-30,3577700000,2809000000,3690
FCF,712537,FIRST COMMONWEALTH FINANCIAL CORP /PA/,assets,101055925,"{""common"": 101055925.0}",2026-08-07,10-Q,1674644899,2025-12-31,12207826000,,6021
MTRN,1104657,MATERION Corp,revenue,20833725,"{""common"": 20833725.0}",2026-07-03,10-Q,1673905817,2025-06-27,1870697000,1786550000,3460
SRPT,873303,"Sarepta Therapeutics, Inc.",revenue,105627021,"{""common"": 105627021.0}",2026-07-31,10-Q,1670773865,2025-06-30,3188512000,2198237000,2834
LION,2052959,Lionsgate Studios Corp.,assets,297559680,"{""common"": 297559680.0}",2026-08-03,10-Q,1664728093,2025-09-30,5333000000,2631800000,7812
AEO,919012,AMERICAN EAGLE OUTFITTERS INC,revenue,167573333,"{""common"": 167573333.0}",2026-09-10,10-Q,1659429666,2025-08-02,4278821000,5547236000,5651
HNI,48287,HNI CORP,revenue,72181800,"{""common"": 72181800.0}",2026-07-04,10-Q,1653610031,2025-06-28,4817600000,2839000000,2522
FLY,1860160,Firefly Aerospace Inc.,no_float,167404645,"{""common"": 167404645.0}",2026-08-06,10-Q,0,2025-06-30,1639223000,159855000,3760
LCII,763744,LCI INDUSTRIES,revenue,24311507,"{""common"": 24311507.0}",2026-07-31,10-Q,1635882005,2025-06-30,3267902000,4122017000,3714
NWBI,1471265,"Northwest Bancshares, Inc.",assets,146459122,"{""common"": 146459122.0}",2026-07-31,10-Q,1634000000,2025-06-30,17207139000,,6021
WERN,793074,WERNER ENTERPRISES INC,revenue,59977156,"{""common"": 59977156.0}",2026-07-31,10-Q,1615000000,2025-06-30,3158727000,2974396000,4213
NWN,1733998,Northwest Natural Holding Co,assets,42093538,"{""common"": 42093538.0}",2026-07-28,10-Q,1610512005,2025-06-30,6441782000,1289363000,4924
GEF,43920,"GREIF, INC",assets,46168321,"{""CommonClassAMember"": 24808643.0, ""CommonClassBMember"": 21359678.0}",2026-07-27,10-Q,1601577983,2012-04-30,5596600000,3933100000,3412
MIAX,1438472,"MIAMI INTERNATIONAL HOLDINGS, INC.",revenue,99230898,"{""common"": 99230898.0}",2026-07-31,10-Q,0,2025-06-30,1600387000,1364073000,6211
VYX,70866,NCR Voyix Corp,revenue,138069898,"{""common"": 138069898.0}",2026-07-29,10-Q,1600000000,2025-06-30,3852000000,2687000000,3578
SAH,1043509,SONIC AUTOMOTIVE INC,assets,31614802,"{""CommonClassAMember"": 19585427.0, ""CommonClassBMember"": 12029375.0}",2025-10-21,10-Q,1600000000,2025-06-30,6382200000,15153600000,5500
NIC,1174850,NICOLET BANKSHARES INC,assets,20957513,"{""common"": 20957513.0}",2026-07-30,10-Q,1600000000,2025-06-30,15414619000,,6021
DRH,1298946,DiamondRock Hospitality Co,revenue,204605681,"{""common"": 204605681.0}",2026-07-30,10-Q,1600000000,2025-06-30,3066291000,1120491000,6798
BKD,1332349,Brookdale Senior Living Inc.,assets,238817252,"{""common"": 238817252.0}",2026-08-06,10-Q,1600000000,2025-06-30,5901815000,3194066000,8050
DNOW,1599617,DNOW Inc.,revenue,180785891,"{""common"": 180785891.0}",2026-07-29,10-Q,1600000000,2025-06-30,3816000000,2820000000,3533
ROOT,1788882,"Root, Inc.",revenue,15493252,"{""CommonClassAMember"": 13687016.0, ""CommonClassBMember"": 1806236.0}",2026-07-29,10-Q,1600000000,2025-06-30,1668500000,1517100000,6331
PZZA,901491,PAPA JOHNS INTERNATIONAL INC,revenue,32921687,"{""common"": 32921687.0}",2026-07-31,10-Q,1586641166,2025-06-29,805031000,2053808000,5812
CWT,1035201,CALIFORNIA WATER SERVICE GROUP,assets,61839101,"{""common"": 61839101.0}",2026-07-20,10-Q,1582000000,2025-06-30,5954964000,963695000,4941
SLDE,1886428,"Slide Insurance Holdings, Inc.",revenue,116811719,"{""common"": 116811719.0}",2026-07-30,10-Q,1568646159,2025-06-30,3599110000,1155901000,6331
NGVT,1653477,Ingevity Corp,revenue,34377922,"{""common"": 34377922.0}",2026-07-24,10-Q,1567103311,2025-06-30,1537500000,1167600000,2800
COLM,1050797,COLUMBIA SPORTSWEAR CO,revenue,51193194,"{""common"": 51193194.0}",2026-07-24,10-Q,1559351388,2025-06-30,2797909000,3397351000,2300
SAM,949870,BOSTON BEER CO INC,revenue,10291681,"{""CommonClassAMember"": 8223681.0, ""CommonClassBMember"": 2068000.0}",2026-07-17,10-Q,1558130000,2025-06-27,1255094000,2087251000,2082
MLCI,2051820,Mount Logan Capital Inc.,no_float,11188768,"{""common"": 11188768.0}",2026-08-11,10-Q,0,2025-06-30,1548899000,53566000,6282
ICFI,1362004,"ICF International, Inc.",revenue,17933884,"{""common"": 17933884.0}",2026-07-31,10-Q,1538000000,2025-06-30,2098164000,1872851000,8742
FBK,1649749,FB Financial Corp,assets,49978138,"{""common"": 49978138.0}",2026-07-31,10-Q,1537509208,2025-06-30,16796101000,,6022
TDOC,1477449,"Teladoc Health, Inc.",revenue,181684021,"{""common"": 181684021.0}",2026-07-23,10-Q,1531762802,2025-06-30,2758625000,2529977000,8011
WKC,789460,WORLD KINECT CORP,assets,51151620,"{""common"": 51151620.0}",2026-07-17,10-Q,1525000000,2025-06-30,6598900000,36916600000,5172
BKE,885245,BUCKLE INC,revenue,51512434,"{""common"": 51512434.0}",2026-09-04,10-Q,1523351809,2025-08-02,1094707000,1297835000,5651
KWR,81362,QUAKER CHEMICAL CORP,revenue,17207702,"{""common"": 17207702.0}",2026-07-27,10-Q,1514771520,2025-06-30,2851116000,1888634000,2990
LKFN,721994,LAKELAND FINANCIAL CORP,assets,24857840,"{""common"": 24857840.0}",2026-07-29,10-Q,1512755000,2025-06-30,7242959000,,6022
GEMI,2055592,"Gemini Space Station, Inc.",no_float,129652202,"{""CommonClassAMember"": 54525418.0, ""CommonClassBMember"": 75126784.0}",2026-08-07,10-Q,,,1502595000,179572000,6199
EXTR,1078271,EXTREME NETWORKS INC,revenue,130490653,"{""common"": 130490653.0}",2026-08-07,10-K,1500000000,2025-12-31,1177821000,1283593000,3576
JBLU,1158463,JETBLUE AIRWAYS CORP,assets,377312181,"{""common"": 377312181.0}",2026-06-30,10-Q,1500000000,2025-06-30,16371000000,9062000000,4512
SAIL,2030781,"SailPoint, Inc.",assets,570911633,"{""common"": 570911633.0}",2026-09-04,10-Q,1500000000,2025-07-31,7583822000,1071416000,7372
CCS,1576940,"Century Communities, Inc.",revenue,28432900,"{""common"": 28432900.0}",2026-07-17,10-Q,1500000000,2025-06-30,4691271000,4117816000,1531
WLY,107140,"JOHN WILEY & SONS, INC.",revenue,50683930,"{""CommonClassAMember"": 41925511.0, ""CommonClassBMember"": 8758419.0}",2026-08-31,10-Q,1498000000,2025-10-31,3132399000,1676528000,2731
VSXY,1856437,Victoria's Secret & Co.,assets,79764039,"{""common"": 79764039.0}",2026-08-28,10-Q,1492198063,2025-08-02,5155000000,6553000000,5621
WWW,110471,WOLVERINE WORLD WIDE INC /DE/,revenue,82066339,"{""common"": 82066339.0}",2026-07-27,10-Q,1471743972,2025-06-27,1706700000,1874300000,3140
CBRL,1067294,"CRACKER BARREL OLD COUNTRY STORE, INC",revenue,22351460,"{""common"": 22351460.0}",2026-06-01,10-Q,1441040212,2025-01-31,2087877000,3483684000,5812
EPC,1096752,EDGEWELL PERSONAL CARE Co,revenue,46088915,"{""common"": 46088915.0}",2026-07-31,10-Q,1436230216,2025-03-31,3535400000,2223500000,2844
STBA,719220,S&T BANCORP INC,assets,35265492,"{""common"": 35265492.0}",2026-08-04,10-Q,1434409389,2025-06-30,9944013000,,6022
YELP,1345016,YELP INC,revenue,54263621,"{""common"": 54263621.0}",2026-07-31,10-Q,1423349104,2025-06-30,990565000,1464955000,7200
TNC,97134,TENNANT CO,revenue,17049303,"{""common"": 17049303.0}",2026-07-31,10-Q,1417121984,2025-06-30,1270800000,1203500000,3580
UPBD,933036,"UPBOUND GROUP, INC.",revenue,58299405,"{""common"": 58299405.0}",2026-07-23,10-Q,1412799433,2025-06-30,3103759000,4695061000,7359
NBHC,1475841,National Bank Holdings Corp,assets,44539547,"{""common"": 44539547.0}",2026-07-31,10-Q,1411000000,2025-06-30,12586136000,47150000,6021
GABC,714395,"GERMAN AMERICAN BANCORP, INC.",assets,37578808,"{""common"": 37578808.0}",2026-08-01,10-Q,1409904373,2025-06-30,8439998000,487401000,6022
POWL,80420,POWELL INDUSTRIES INC,revenue,36432564,"{""common"": 36432564.0}",2026-08-03,10-Q,1400000000,2025-03-31,1406698000,1104318000,3613
UVV,102037,UNIVERSAL CORP /VA/,revenue,24899257,"{""common"": 24899257.0}",2026-08-03,10-Q,1400000000,2025-09-30,3035467000,2885078000,5150
TCBK,356171,TRICO BANCSHARES /,assets,31966630,"{""common"": 31966630.0}",2026-08-05,10-Q,1400000000,2025-06-30,9930763000,53445000,6022
BHE,863436,BENCHMARK ELECTRONICS INC,revenue,35919933,"{""common"": 35919933.0}",2026-07-27,10-Q,1400000000,2025-06-30,2214371000,2748742000,3672
CLMT,2013745,"Calumet, Inc. /DE",revenue,87898234,"{""common"": 87898234.0}",2026-08-07,10-Q,1400000000,2025-06-30,2802800000,4137100000,2911
HLMN,1822492,Hillman Solutions Corp.,revenue,194544999,"{""common"": 194544999.0}",2026-07-31,10-Q,1398000000,2025-06-28,2376178000,1552224000,3420
IESC,1048268,"IES Holdings, Inc.",revenue,19924356,"{""common"": 19924356.0}",2026-07-27,10-Q,1378300000,2025-03-31,2275716000,3371468000,1731
RSI,1793659,"Rush Street Interactive, Inc.",revenue,231773358,"{""CommonClassAMember"": 115626347.0, ""CommonClassVMember"": 116147011.0}",2026-07-29,10-Q,1376213662,2025-06-30,793284000,1134428000,7990
PAY,1841156,"Paymentus Holdings, Inc.",revenue,125939647,"{""CommonClassAMember"": 63114220.0, ""CommonClassBMember"": 62825427.0}",2026-07-30,10-Q,1353800000,2025-06-30,725374000,1196507000,7389
AMC,1411579,"AMC ENTERTAINMENT HOLDINGS, INC.",assets,892604638,"{""common"": 892604638.0}",2026-07-22,10-Q,1342745039,2025-06-30,8043600000,4848900000,7830
LZB,57131,LA-Z-BOY INC,revenue,40052771,"{""common"": 40052771.0}",2026-08-11,10-Q,1339000000,2025-10-24,1994674000,2126635000,2510
MBC,1941365,"MasterBrand, Inc.",revenue,203490490,"{""common"": 203490490.0}",2026-08-03,10-Q,1336014734,2025-06-29,4479600000,2734700000,2511
EFC,1411342,Ellington Financial Inc.,assets,128887386,"{""common"": 128887386.0}",2026-08-07,10-Q,1333824255,2025-06-30,21029547000,,6500
FA,1210677,FIRST ADVANTAGE CORP,revenue,171753691,"{""common"": 171753691.0}",2026-07-31,10-Q,1331899011,2025-06-30,3747246000,1574389000,7374
TRUP,1371285,"TRUPANION, INC.",revenue,43872611,"{""common"": 43872611.0}",2026-07-29,10-Q,1324459301,2025-06-30,930811000,1439305000,6324
HOPE,1128361,HOPE BANCORP INC,assets,127741836,"{""common"": 127741836.0}",2026-07-31,10-Q,1313217875,2025-06-30,18991916000,,6021
CSGS,1005757,CSG SYSTEMS INTERNATIONAL INC,revenue,28509904,"{""common"": 28509904.0}",2026-05-04,10-Q,1301993383,2025-06-30,1481395000,1223289000,7374
KALU,811596,KAISER ALUMINUM CORP,revenue,16349092,"{""common"": 16349092.0}",2026-07-20,10-Q,1300000000,2025-06-30,2909600000,3373000000,3350
OMCL,926326,"OMNICELL, INC.",revenue,45614884,"{""common"": 45614884.0}",2026-07-29,10-Q,1300000000,2025-06-30,1998859000,1184845000,3571
CRGY,1866175,Crescent Energy Co,assets,330403696,"{""common"": 330403696.0}",2026-07-31,10-Q,1300000000,2025-06-30,12008376000,3579782000,1311
CLVT,1764046,CLARIVATE PLC,assets,639664003,"{""common"": 639664003.0}",2026-06-30,10-Q,1300000000,2025-06-30,10927100000,2455200000,7374
TNDM,1438133,TANDEM DIABETES CARE INC,revenue,69578707,"{""common"": 69578707.0}",2026-08-03,10-Q,1300000000,2025-06-30,1154202000,1014736000,3841
EVH,1628908,"Evolent Health, Inc.",revenue,113059335,"{""common"": 113059335.0}",2026-08-01,10-Q,1300000000,2025-06-30,1971894000,1876229000,8741
EYE,1710155,"National Vision Holdings, Inc.",revenue,79069313,"{""common"": 79069313.0}",2026-07-31,10-Q,1300000000,2025-06-28,1983493000,1987488000,3851
IOSP,1054905,INNOSPEC INC.,revenue,24631047,"{""common"": 24631047.0}",2026-07-31,10-Q,1289000000,2025-06-30,1846200000,1778000000,2800
SNDR,1692063,"Schneider National, Inc.",revenue,175300899,"{""CommonClassAMember"": 83029500.0, ""CommonClassBMember"": 92271399.0}",2026-07-24,10-Q,1273300000,2025-06-30,4996100000,5674300000,4213
WULF,1083301,TERAWULF INC.,assets,498968677,"{""common"": 498968677.0}",2026-07-31,10-Q,1272261399,2025-06-30,8048395000,168455000,6199
PRKS,1564902,United Parks & Resorts Inc.,revenue,45341309,"{""common"": 45341309.0}",2026-07-31,10-Q,1272248356,2025-06-30,2641480000,1662559000,7990
PARR,821483,"PAR PACIFIC HOLDINGS, INC.",revenue,50099627,"{""common"": 50099627.0}",2026-07-30,10-Q,1267736899,2025-06-30,4534034000,7464650000,1311
CCB,1437958,COASTAL FINANCIAL CORP,assets,15286327,"{""common"": 15286327.0}",2026-08-03,10-Q,1255281080,2025-06-30,5456152000,,6022
CRTO,1576427,Criteo S.A.,revenue,48997559,"{""common"": 48997559.0}",2026-07-31,10-Q,1254000000,2025-06-30,2010784000,1944901000,7311
HTH,1265131,Hilltop Holdings Inc.,assets,57286417,"{""common"": 57286417.0}",2026-07-23,10-Q,1250000000,2025-06-30,16000819000,,6022
DK,1694426,"Delek US Holdings, Inc.",assets,61232174,"{""common"": 61232174.0}",2026-07-30,10-Q,1243507000,2025-06-30,7551400000,10722900000,2911
TFIN,1539638,"Triumph Financial, Inc.",assets,23894537,"{""common"": 23894537.0}",2026-07-17,10-Q,1241998000,2025-06-30,7403685000,,6022
CMPR,1262976,CIMPRESS plc,revenue,24349476,"{""common"": 24349476.0}",2026-08-03,10-K,1220000000,2026-06-30,2202511000,3736643000,2750
LADR,1577670,Ladder Capital Corp,assets,126865303,"{""CommonClassAMember"": 126865303.0, ""CommonClassBMember"": 0}",2026-07-17,10-Q,1206473100,2025-06-30,5606282000,,6798
HAPN,1409970,"Happen, Inc.",assets,115407464,"{""common"": 115407464.0}",2026-07-17,10-Q,1205883976,2025-06-30,12549040000,998848000,6141
ANDE,821026,"Andersons, Inc.",revenue,33975570,"{""common"": 33975570.0}",2026-07-31,10-Q,1205300000,2025-06-30,3474281000,11008928000,5150
TILE,715787,INTERFACE INC,revenue,57800460,"{""common"": 57800460.0}",2026-08-06,10-Q,1203605034,2025-06-27,1270240000,1386854000,2273
CNMD,816956,CONMED Corp,revenue,29951248,"{""common"": 29951248.0}",2026-07-27,10-Q,1200000000,2025-06-30,2300306000,1374724000,3845
MTX,891014,MINERALS TECHNOLOGIES INC,revenue,31128762,"{""common"": 31128762.0}",2026-07-22,10-Q,1200000000,2025-06-29,3495200000,2072600000,2810
BTU,1064728,PEABODY ENERGY CORP,assets,121900000,"{""common"": 121900000.0}",2026-08-03,10-Q,1200000000,2025-06-30,5449100000,3861500000,1221
PEB,1474098,Pebblebrook Hotel Trust,assets,112842716,"{""common"": 112842716.0}",2026-07-24,10-Q,1200000000,2025-06-30,5281626000,1475544000,6798
LGIH,1580670,"LGI Homes, Inc.",revenue,23248272,"{""common"": 23248272.0}",2026-07-30,10-Q,1200000000,2025-06-30,3918593000,1705504000,1531
NEXT,1612720,NextDecade Corp,assets,266185433,"{""common"": 266185433.0}",2026-07-24,10-Q,1200000000,2025-06-30,15205221000,,4923
GO,1771515,Grocery Outlet Holding Corp.,revenue,99084492,"{""common"": 99084492.0}",2026-08-06,10-Q,1200000000,2025-06-27,2994465000,4688759000,5411
XHR,1616000,"Xenia Hotels & Resorts, Inc.",revenue,92245835,"{""common"": 92245835.0}",2026-07-29,10-Q,1190000000,2025-06-30,2718697000,1078500000,7011
SRCE,34782,1ST SOURCE CORP,assets,24081826,"{""common"": 24081826.0}",2026-07-17,10-Q,1183258224,2025-06-30,9263173000,,6022
LEG,58492,LEGGETT & PLATT INC,revenue,136588995,"{""common"": 136588995.0}",2026-07-30,10-Q,1182418000,2025-06-30,3602800000,4055100000,2510
WABC,311094,WESTAMERICA BANCORPORATION,assets,23111153,"{""common"": 23111153.0}",2026-07-30,10-Q,1179753834,2025-06-30,5805061000,,6021
KMT,55242,KENNAMETAL INC,revenue,76219022,"{""common"": 76219022.0}",2026-07-31,10-K,1173200000,2025-12-31,3166752000,2356698000,3541
GIII,821002,G III APPAREL GROUP LTD /DE/,revenue,42876508,"{""common"": 42876508.0}",2026-09-03,10-Q,1166321849,2025-07-31,2751847000,2957012000,2300
GTX,1735707,Garrett Motion Inc.,revenue,186493414,"{""common"": 186493414.0}",2026-07-24,10-Q,1165000000,2025-06-30,2373000000,3584000000,3714
REYN,1786431,Reynolds Consumer Products Inc.,revenue,210790982,"{""common"": 210790982.0}",2026-07-24,10-Q,1163000000,2025-06-30,4930000000,3721000000,2673
SCL,94049,STEPAN CO,revenue,22732540,"{""common"": 22732540.0}",2026-08-03,10-Q,1161792172,2025-06-30,2392666000,2332114000,2840
FIVN,1288847,"Five9, Inc.",revenue,74723531,"{""common"": 74723531.0}",2026-07-31,10-Q,1158500000,2025-06-30,1830060000,1149088000,7374
SAFT,1172052,SAFETY INSURANCE GROUP INC,revenue,14680482,"{""common"": 14680482.0}",2026-08-03,10-Q,1158391399,2025-06-30,2503284000,1263732000,6331
VSTS,1967649,Vestis Corp,revenue,132160105,"{""common"": 132160105.0}",2026-08-04,10-Q,1146700000,2025-03-28,2830498000,2734839000,5190
BBT,1108134,Beacon Financial Corp,assets,83816086,"{""common"": 83816086.0}",2026-07-31,10-Q,1140000000,2025-06-30,22250964000,400000000,6036
OI,812074,"O-I Glass, Inc. /DE/",assets,153659747,"{""common"": 153659747.0}",2026-06-30,10-Q,1134960000,2025-06-30,8088000000,6426000000,3221
CLOV,1801170,"CLOVER HEALTH INVESTMENTS, CORP. /DE",revenue,531156263,"{""CommonClassAMember"": 435441337.0, ""CommonClassBMember"": 95714926.0}",2026-07-31,10-Q,1131971907,2025-06-30,720326000,1924308000,6324
QCRH,906465,QCR HOLDINGS INC,assets,16375614,"{""common"": 16375614.0}",2026-07-31,10-Q,1122163334,2025-06-30,9520643000,,6022
BFC,1746109,Bank First Corp,assets,11085607,"{""common"": 11085607.0}",2026-08-07,10-Q,1120000000,2025-06-30,5947512000,,6021
WS,1968487,"Worthington Steel, Inc.",revenue,50948146,"{""common"": 50948146.0}",2026-07-24,10-K,1116545985,2025-11-28,2252400000,3443800000,3310
CALY,837465,Callaway Golf Co,revenue,178510521,"{""common"": 178510521.0}",2026-08-03,10-Q,1116200000,2025-06-30,2782900000,2060100000,3949
PGY,1883085,Pagaya Technologies Ltd.,revenue,85452990,"{""CommonClassAMember"": 72137266.0, ""CommonClassBMember"": 11288577.0, ""SeriesAPreferredStockMember"": 2027147.0}",2026-07-29,10-Q,1113790997,2025-06-30,1693107000,1301360000,6199
TALO,1724965,TALOS ENERGY INC.,assets,166965468,"{""common"": 166965468.0}",2026-07-28,10-Q,1106796185,2025-06-30,5433279000,1780070000,1311
MLKN,66382,"MILLERKNOLL, INC.",revenue,68123238,"{""common"": 68123238.0}",2026-07-16,10-K,1100000000,2025-11-29,4000500000,3841700000,2520
CNOB,712771,"ConnectOne Bancorp, Inc.",assets,54295380,"{""common"": 54295380.0}",2026-08-04,10-Q,1100000000,2025-06-30,14411864000,,6022
DXPE,1020710,DXP ENTERPRISES INC,revenue,15517148,"{""common"": 15517148.0}",2026-08-03,10-Q,1100000000,2025-06-30,1769510000,2016365000,5084
COTY,1024305,COTY INC.,assets,880686464,"{""common"": 880686464.0}",2026-08-12,10-K,1100000000,2025-12-31,10200400000,5806600000,2844
ASTH,1083446,"Astrana Health, Inc.",revenue,55737168,"{""common"": 55737168.0}",2026-08-03,10-Q,1100000000,2025-06-30,2282080000,3181769000,8742
AESI,1984060,Atlas Energy Solutions Inc.,revenue,125003451,"{""common"": 125003451.0}",2026-07-30,10-Q,1100000000,2025-06-30,2555267000,1095310000,1311
ADNT,1670541,Adient plc,assets,77096932,"{""common"": 77096932.0}",2026-06-30,10-Q,1100000000,2025-03-31,8959000000,14535000000,3714
HG,1593275,"Hamilton Insurance Group, Ltd.",assets,65890659,"{""common"": 65890659.0}",2026-07-31,10-Q,1100000000,2025-06-30,10263899000,2905524000,6331
SPHR,1795250,Sphere Entertainment Co.,revenue,35913607,"{""CommonClassAMember"": 29046853.0, ""CommonClassBMember"": 6866754.0}",2026-07-24,10-Q,1100000000,2025-06-30,4035968000,1220045000,7900
WGO,107687,WINNEBAGO INDUSTRIES INC,revenue,28268893,"{""common"": 28268893.0}",2026-06-17,10-Q,1093005000,2025-03-01,2038500000,2798200000,3716
RLJ,1511337,RLJ Lodging Trust,assets,152375872,"{""common"": 152375872.0}",2026-07-31,10-Q,1085810857,2025-06-30,5233686000,1349860000,6798
DCOM,846617,"Dime Commercial Bancshares, Inc. /NY/",assets,44156595,"{""common"": 44156595.0}",2026-07-24,10-Q,1080000000,2025-06-30,15042953000,19907000,6021
DMC,1047340,DEL MONTE CORP,revenue,47146218,"{""common"": 47146218.0}",2026-07-17,10-Q,1079979727,2025-06-27,3382400000,4322300000,0100
SABR,1597033,Sabre Corp,revenue,403583214,"{""common"": 403583214.0}",2026-07-30,10-Q,1074779962,2025-06-30,4372441000,2770983000,7370
DBD,28823,"DIEBOLD NIXDORF, Inc",revenue,33946588,"{""common"": 33946588.0}",2026-07-21,10-Q,1062492335,2025-06-30,3736600000,3805700000,3578
OBK,1516912,"Origin Bancorp, Inc.",assets,30849678,"{""common"": 30849678.0}",2026-07-31,10-Q,1060000000,2025-06-30,10276930000,,6022
LOB,1462120,"Live Oak Bancshares, Inc.",assets,46283620,"{""common"": 46283620.0}",2026-08-03,10-Q,1054284376,2025-06-30,16038141000,,6022
PENG,1616533,"Penguin Solutions, Inc.",revenue,51242699,"{""common"": 51242699.0}",2026-07-02,10-Q,1050000000,2025-02-28,2191034000,1368794000,3674
SEDG,1419612,"SOLAREDGE TECHNOLOGIES, INC.",revenue,61525748,"{""common"": 61525748.0}",2026-08-03,10-Q,1040000000,2023-06-30,2303530000,1184444000,3674
AHCO,1725255,AdaptHealth Corp.,revenue,136344196,"{""common"": 136344196.0}",2026-07-31,10-Q,1040000000,2025-06-30,4340869000,3244857000,8082
DOLE,1857475,Dole plc,revenue,94458807,"{""common"": 94458807.0}",2026-07-29,10-Q,1037784426,2025-12-31,4492188000,9172907000,0100
UNIT,2020795,Uniti Group Inc.,assets,242725135,"{""common"": 242725135.0}",2026-07-23,10-Q,1034749382,2025-06-30,12980900000,2234500000,4813
BLBD,1589526,Blue Bird Corp,revenue,31676039,"{""common"": 31676039.0}",2026-07-31,10-Q,1033900000,2025-03-29,1166520000,1480099000,3713
PEBO,318300,PEOPLES BANCORP INC,assets,35942315,"{""common"": 35942315.0}",2026-07-29,10-Q,1029478000,2025-06-30,9540161000,86722000,6022
CWH,1669779,"Camping World Holdings, Inc.",revenue,103294917,"{""CommonClassAMember"": 63827952.0, ""CommonClassBMember"": 39466964.0, ""CommonClassCMember"": 1.0}",2026-07-24,10-Q,1027431568,2025-06-30,4858793000,6369149000,5500
BBSI,902791,BARRETT BUSINESS SERVICES INC,revenue,24235180,"{""common"": 24235180.0}",2026-07-22,10-Q,1025988565,2025-06-30,711276000,1240298000,7363
UCTT,1275014,"Ultra Clean Holdings, Inc.",revenue,45277029,"{""common"": 45277029.0}",2026-07-29,10-Q,1019600000,2025-06-27,1918100000,2097600000,3674
SFIX,1576942,"Stitch Fix, Inc.",revenue,133425856,"{""CommonClassAMember"": 118286238.0, ""CommonClassBMember"": 15139618.0}",2026-06-05,10-Q,1019019920,2019-01-26,506039000,1267171000,5961
NVAX,1000694,NOVAVAX INC,revenue,164945726,"{""common"": 164945726.0}",2026-07-31,10-Q,1018000000,2025-06-30,955575000,1123479000,2836
CDNL,2079999,Cardinal Infrastructure Group Inc.,no_float,47473059,"{""CommonClassAMember"": 20428610.0, ""CommonClassBMember"": 27044449.0}",2026-08-11,10-Q,0,2025-06-30,1014471159,456045369,1600
BJRI,1013488,BJs RESTAURANTS INC,revenue,21273765,"{""common"": 21273765.0}",2026-07-28,10-Q,1003428121,2025-07-01,991788000,1399126000,5812
DRVN,1804745,Driven Brands Holdings Inc.,revenue,164979816,"{""common"": 164979816.0}",2026-08-04,10-Q,1000000000,2025-06-28,3539240000,1862438000,7500
HPP,1482512,"Hudson Pacific Properties, Inc.",assets,54268741,"{""common"": 54268741.0}",2026-08-03,10-Q,1000000000,2025-06-30,7230301000,831105000,6500
PLAY,1525769,"Dave & Buster's Entertainment, Inc.",revenue,34830644,"{""common"": 34830644.0}",2026-09-09,10-Q,1000000000,2025-08-05,4120900000,2102800000,5812
NAVI,1593538,NAVIENT CORP,assets,93783828,"{""common"": 93783828.0}",2026-06-30,10-Q,1000000000,2025-06-30,47297000000,271000000,6211
ACT,1823529,"Enact Holdings, Inc.",assets,137483671,"{""common"": 137483671.0}",2026-08-03,10-Q,1000000000,2025-06-30,6956141000,1235827000,6411
SYM,1837240,Symbotic Inc.,revenue,604801708,"{""CommonClassAMember"": 129873381.0, ""CommonClassV1Member"": 71369131.0, ""CommonClassV3Member"": 403559196.0}",2026-08-03,10-Q,1000000000,2025-03-29,3524119000,2246922000,3569
CNA,21175,CNA FINANCIAL CORP,assets,270600928,"{""common"": 270600928.0}",2026-07-30,10-Q,998000000,2025-06-30,69874000000,14989000000,6331
MBIN,1629019,Merchants Bancorp,assets,45938075,"{""common"": 45938075.0}",2026-07-30,10-Q,990600000,2025-06-30,21229982000,,6022
OCFC,1004702,OCEANFIRST FINANCIAL CORP,assets,96645219,"{""common"": 96645219.0}",2026-08-03,10-Q,977631160,2025-06-30,23270010000,,6021
MFA,1055160,"MFA FINANCIAL, INC.",assets,101087938,"{""common"": 101087938.0}",2026-07-31,10-Q,966000000,2025-06-30,13653692000,,6798
ASTE,792987,ASTEC INDUSTRIES INC,revenue,23025367,"{""common"": 23025367.0}",2026-07-31,10-Q,947900000,2025-06-30,1415500000,1410400000,3531
CENX,949157,CENTURY ALUMINUM CO,revenue,98993295,"{""common"": 98993295.0}",2026-08-04,10-Q,946000000,2025-06-30,2875100000,2527900000,3334
IMKTA,50493,INGLES MARKETS INC,revenue,18994376,"{""CommonClassAMember"": 14552886.0, ""CommonClassBMember"": 4441490.0}",2026-08-04,10-Q,938100000,2025-03-29,2633504869,5334032609,5411
CTBI,350852,COMMUNITY TRUST BANCORP INC /KY/,assets,18167954,"{""common"": 18167954.0}",2026-07-31,10-Q,934500000,2025-06-30,6989371000,,6022
IART,917520,INTEGRA LIFESCIENCES HOLDINGS CORP,revenue,77772506,"{""common"": 77772506.0}",2026-07-28,10-Q,925100000,2025-06-30,3563490000,1635245000,3841
AMRC,1488139,"Ameresco, Inc.",revenue,53066211,"{""CommonClassAMember"": 35066211.0, ""CommonClassBMember"": 18000000.0}",2026-07-31,10-Q,919337629,2024-06-30,4832181000,1769928000,1700
APOG,6845,"APOGEE ENTERPRISES, INC.",revenue,20868294,"{""common"": 20868294.0}",2026-06-25,10-Q,915200000,2025-08-29,1101459000,1404733000,3231
UTZ,1739566,"Utz Brands, Inc.",revenue,143962213,"{""CommonClassAMember"": 88613213.0, ""CommonClassVMember"": 55349000.0}",2026-08-03,10-Q,911700000,2025-06-29,2775500000,1438800000,2090
CTRI,1981599,"Centuri Holdings, Inc.",revenue,100963053,"{""common"": 100963053.0}",2026-07-31,10-Q,911500000,2025-06-29,2403215000,2982781000,4923
SBH,1368458,"Sally Beauty Holdings, Inc.",revenue,93622292,"{""common"": 93622292.0}",2026-07-30,10-Q,903679000,2025-03-31,2883144000,3701424000,5990
NHC,1047335,NATIONAL HEALTHCARE CORP,revenue,15661395,"{""common"": 15661395.0}",2026-08-03,10-Q,900600000,2025-06-30,1536930000,1517781000,8051
LILA,1712184,Liberty Latin America Ltd.,assets,195900000,"{""CommonClassAMember"": 36900000.0, ""CommonClassBMember"": 2500000.0, ""CommonClassCMember"": 156500000.0}",2026-07-31,10-Q,900000000,2025-06-30,12225600000,4442200000,4841
MD,893949,"Pediatrix Medical Group, Inc.",revenue,81253271,"{""common"": 81253271.0}",2026-07-31,10-Q,899915751,2025-06-30,2130342000,1913849000,8060
FMBH,700565,"FIRST MID BANCSHARES, INC.",assets,26601912,"{""common"": 26601912.0}",2026-08-07,10-Q,899341799,2025-06-30,9209967000,,6022
HCSG,731012,HEALTHCARE SERVICES GROUP INC,revenue,68632202,"{""common"": 68632202.0}",2026-07-22,10-Q,897000000,2025-06-30,820857000,1837173000,8050
IDT,1005731,IDT CORP,revenue,24868566,"{""CommonClassAMember"": 1574326.0, ""CommonClassBMember"": 23294240.0}",2026-06-01,10-Q,884800000,2025-01-31,698029000,1231495000,4813
ZD,1084048,"ZIFF DAVIS, INC.",revenue,34287208,"{""common"": 34287208.0}",2026-08-04,10-Q,883468363,2025-06-30,3998027000,1451268000,4822
WYFI,2042022,"WhiteFiber, Inc.",no_float,38848118,"{""common"": 38848118.0}",2026-08-10,10-Q,0,2025-06-30,880892000,79164252,6199
ECPG,1084961,ENCORE CAPITAL GROUP INC,assets,21209366,"{""common"": 21209366.0}",2026-07-29,10-Q,876500000,2025-06-30,5565263000,1768802000,6153
TMP,1005817,TOMPKINS FINANCIAL CORP,assets,14382905,"{""common"": 14382905.0}",2026-07-24,10-Q,875300000,2025-06-30,8801522000,75742000,6022
BY,1702750,"BYLINE BANCORP, INC.",assets,45186420,"{""common"": 45186420.0}",2026-08-03,10-Q,874467566,2025-06-30,9932465000,,6022
ALGT,1362468,Allegiant Travel CO,assets,27337755,"{""common"": 27337755.0}",2026-07-31,10-Q,860700000,2025-06-30,6444465000,2606579000,4512
FBRT,1562528,"Franklin BSP Realty Trust, Inc.",assets,83045416,"{""common"": 83045416.0}",2026-07-27,10-Q,858000000,2025-06-30,6383846000,270071000,6798
HOS,866829,"HORNBECK OFFSHORE SERVICES, INC.",revenue,147382447,"{""common"": 147382447.0}",2026-08-03,10-Q,855200000,2025-06-30,2570018000,1291474000,1389
UVSP,102212,UNIVEST FINANCIAL Corp,assets,27580768,"{""common"": 27580768.0}",2026-07-27,10-Q,852602670,2025-06-30,8202992000,328056000,6022
SDRL,1737706,SEADRILL Ltd,revenue,62541443,"{""common"": 62541443.0}",2026-08-06,10-Q,849000000,2025-06-30,4106000000,1437000000,1381
SBSI,705432,SOUTHSIDE BANCSHARES INC,assets,29807980,"{""common"": 29807980.0}",2026-07-21,10-Q,837300000,2025-06-30,8763714000,,6022
UWMC,1783398,UWM Holdings Corp,assets,1604212398,"{""CommonClassAMember"": 342349795.0, ""CommonClassDMember"": 1261862603.0}",2026-08-04,10-Q,828651516,2025-06-30,17940542000,3160569000,6162
SCSC,918965,"SCANSOURCE, INC.",revenue,20142812,"{""common"": 20142812.0}",2026-08-17,10-K,821623038,2025-12-31,1932429000,3226062000,5045
SONO,1314727,Sonos Inc,revenue,118293979,"{""common"": 118293979.0}",2026-07-20,10-Q,818100000,2025-03-28,882121000,1443276000,3651
LFST,1845257,"LifeStance Health Group, Inc.",revenue,382055609,"{""common"": 382055609.0}",2026-07-29,10-Q,817211756,2025-06-30,2181496000,1424285000,8000
VTOL,1525221,Bristow Group Inc.,revenue,29642000,"{""common"": 29642000.0}",2026-07-31,10-Q,816833000,2025-06-30,2382573000,1490512000,4522
PRG,1808834,"PROG Holdings, Inc.",revenue,39831633,"{""common"": 39831633.0}",2026-07-24,10-Q,816504124,2025-06-30,2048066000,2409223000,7359
DEC,1922446,Diversified Energy Co,assets,70769563,"{""common"": 70769563.0}",2026-08-05,10-Q,814000000,2025-06-30,6109679000,1829142000,1311
CVI,1376139,CVR ENERGY INC,revenue,100530599,"{""common"": 100530599.0}",2026-07-24,10-Q,809000000,2025-06-30,4079000000,7162000000,2911
RVLV,1746618,"Revolve Group, Inc.",revenue,71085420,"{""CommonClassAMember"": 41061483.0, ""CommonClassBMember"": 30023937.0}",2026-07-28,10-Q,804300000,2025-06-30,842840000,1225682000,5961
FIZZ,69891,NATIONAL BEVERAGE CORP,revenue,93615302,"{""common"": 93615302.0}",2026-09-08,10-Q,800000000,2025-10-31,582268000,1180552000,2086
SAFE,1095651,Safehold Inc.,assets,70816280,"{""common"": 70816280.0}",2026-07-28,10-Q,800000000,2025-06-30,7520024000,385552000,6798
HTZ,1657853,"HERTZ GLOBAL HOLDINGS, INC",assets,356451393,"{""common"": 356451393.0}",2026-07-30,10-Q,799000000,2025-06-30,23288000000,8504000000,7510
HFWA,1046025,HERITAGE FINANCIAL CORP /WA/,assets,40915558,"{""common"": 40915558.0}",2026-07-29,10-Q,796871573,2025-06-30,8430566000,,6036
PMT,1464423,PennyMac Mortgage Investment Trust,assets,87202362,"{""common"": 87202362.0}",2026-07-31,10-Q,796813522,2025-06-30,25093590000,307461000,6798
AGNT,1495932,"AGNT, Inc.",revenue,167117937,"{""common"": 167117937.0}",2026-06-30,10-Q,795700000,2025-06-30,539170000,4772311000,6531
KOS,1509991,Kosmos Energy Ltd.,revenue,595487651,"{""common"": 595487651.0}",2026-07-30,10-Q,790254200,2025-06-30,4310147000,1288352000,1311
AMN,1142750,AMN HEALTHCARE SERVICES INC,revenue,38729991,"{""common"": 38729991.0}",2026-08-04,10-Q,787746040,2025-06-30,2363977000,2730429000,7363
QNST,1117297,"QUINSTREET, INC",revenue,57086409,"{""common"": 57086409.0}",2026-08-21,10-K,779144648,2025-12-31,721302000,1293712000,7389
BHRB,1964333,Burke & Herbert Financial Services Corp.,assets,20187033,"{""common"": 20187033.0}",2026-08-05,10-Q,777623000,2025-06-30,10991300000,,6021
DHC,1075415,DIVERSIFIED HEALTHCARE TRUST,revenue,242128988,"{""common"": 242128988.0}",2026-07-31,10-Q,776900000,2025-06-30,4238698000,1537853000,6798
BV,1734713,"BrightView Holdings, Inc.",revenue,92600000,"{""common"": 92600000.0}",2026-07-31,10-Q,774100000,2025-03-31,3411900000,2672800000,0700
KW,1408100,"Kennedy-Wilson Holdings, Inc.",assets,139303275,"{""common"": 139303275.0}",2026-05-04,10-Q,772170369,2025-06-30,6847400000,501000000,6500
RWT,930236,REDWOOD TRUST INC,assets,125612432,"{""common"": 125612432.0}",2026-08-05,10-Q,767882919,2025-06-30,28818131000,,6798
PAHC,1069899,PHIBRO ANIMAL HEALTH CORP,revenue,40601603,"{""CommonClassAMember"": 21105569.0, ""CommonClassBMember"": 19496034.0}",2026-08-21,10-K,763701688,2025-12-31,1501241000,1518093000,2834
HLF,1180262,HERBALIFE LTD.,revenue,104803380,"{""common"": 104803380.0}",2026-07-29,10-Q,762000000,2025-06-30,2857700000,5037500000,5122
AMR,1704715,"Alpha Metallurgical Resources, Inc.",revenue,12679045,"{""common"": 12679045.0}",2026-07-31,10-Q,761000000,2025-06-30,2255747000,2129481000,1221
OSBC,357173,OLD SECOND BANCORP INC,assets,50875716,"{""common"": 50875716.0}",2026-08-04,10-Q,760500000,2025-06-30,6870305000,,6022
NX,1423221,Quanex Building Products CORP,revenue,45826208,"{""common"": 45826208.0}",2026-08-28,10-Q,748107510,2025-04-30,1968691000,1837641000,3350
FOXF,1424929,FOX FACTORY HOLDING CORP,revenue,42031001,"{""common"": 42031001.0}",2026-07-31,10-Q,736414775,2025-07-04,1636456000,1467321000,3751
CPF,701347,CENTRAL PACIFIC FINANCIAL CORP,assets,25747432,"{""common"": 25747432.0}",2026-07-31,10-Q,735757000,2025-06-30,7501060000,51817000,6022
CNXN,1050377,PC CONNECTION INC,revenue,25238099,"{""common"": 25238099.0}",2026-07-22,10-Q,735000000,2025-06-30,1427634000,2872746000,5045
FWRG,1789940,"First Watch Restaurant Group, Inc.",revenue,61712435,"{""common"": 61712435.0}",2026-07-31,10-Q,733400000,2025-06-29,1820839000,1222501000,5812
EMBC,1872789,Embecta Corp.,revenue,56659599,"{""common"": 56659599.0}",2026-07-31,10-Q,732000000,2025-03-31,1265300000,1080400000,3841
BLMN,1546417,"Bloomin' Brands, Inc.",revenue,85620917,"{""common"": 85620917.0}",2026-08-03,10-Q,731000000,2025-06-29,3118055000,3955996000,5812
MBWM,1042729,MERCANTILE BANK CORP,assets,17285929,"{""common"": 17285929.0}",2026-07-24,10-Q,730000000,2025-06-30,6819490000,,6022
BLLN,2070849,"BillionToOne, Inc.",no_float,47187038,"{""CommonClassAMember"": 42644388.0, ""CommonClassBMember"": 4542650.0}",2026-08-03,10-Q,,,729696000,305112000,8071
SXC,1514705,"SunCoke Energy, Inc.",revenue,84874850,"{""common"": 84874850.0}",2026-07-24,10-Q,721117091,2025-06-30,1743200000,1837300000,3312
CFFN,1490906,"Capitol Federal Financial, Inc.",assets,125698283,"{""common"": 125698283.0}",2026-08-03,10-Q,720800000,2025-03-31,9662184000,16300000,6035
VIA,1603015,"Via Transportation, Inc.",no_float,81505613,"{""CommonClassAMember"": 77659430.0, ""CommonClassBMember"": 3846183.0}",2026-07-31,10-Q,0,2025-06-30,718349000,434337000,7372
AMTB,1734342,Amerant Bancorp Inc.,assets,39189858,"{""common"": 39189858.0}",2026-07-29,10-Q,715200000,2025-06-30,10294247000,,6021
UVE,891166,"UNIVERSAL INSURANCE HOLDINGS, INC.",revenue,27830355,"{""common"": 27830355.0}",2026-07-27,10-Q,711239532,2025-06-30,3306164000,1603915000,6331
AGL,1831097,"agilon health, inc.",revenue,16791210,"{""common"": 16791210.0}",2026-07-30,10-Q,709400000,2025-06-30,1591336000,5932576000,8090
SCHL,866729,SCHOLASTIC CORP,revenue,18862575,"{""CommonClassAMember"": 828100.0, ""CommonStockMember"": 18034475.0}",2026-06-30,10-K,707200000,2025-11-30,1728100000,1581900000,2731
ARRY,1820721,"Array Technologies, Inc.",revenue,154007692,"{""common"": 154007692.0}",2026-07-31,10-Q,707055499,2025-06-30,1534036000,1284141000,3674
ADTN,926282,"ADTRAN Holdings, Inc.",revenue,81481407,"{""common"": 81481407.0}",2026-08-03,10-Q,706155805,2025-06-30,1149961000,1083807000,3661
SEB,88121,SEABOARD CORP /DE/,assets,957794,"{""common"": 957794.0}",2026-07-28,10-Q,705914981,2025-06-28,8682000000,9746000000,5150
AD,821130,"ARRAY DIGITAL INFRASTRUCTURE, INC.",revenue,86500000,"{""CommonClassAMember"": 33000000.0, ""CommonClassBMember"": 53500000.0}",2026-06-30,10-Q,703000000,2019-06-28,3371359000,3667000000,4812
VVX,1601548,"V2X, Inc.",revenue,31345358,"{""common"": 31345358.0}",2026-07-28,10-Q,701960177,2025-06-27,3198326000,4480038000,8744
DLX,27996,DELUXE CORP,revenue,45856290,"{""common"": 45856290.0}",2026-07-31,10-Q,701668516,2025-06-30,2562400000,2133200000,2780
FIP,1899883,FTAI Infrastructure Inc.,assets,118181737,"{""common"": 118181737.0}",2026-08-04,10-Q,698000000,2025-06-30,5746745000,502520000,4011
BFST,1624322,"Business First Bancshares, Inc.",assets,32549883,"{""common"": 32549883.0}",2026-07-24,10-Q,697900000,2025-06-30,8903506000,10704000,6022
MCB,1476034,Metropolitan Bank Holding Corp.,assets,12397778,"{""common"": 12397778.0}",2026-07-27,10-Q,695400000,2025-06-30,8858683000,11053000,6022
RC,1527590,Ready Capital Corp,assets,165190992,"{""common"": 165190992.0}",2026-08-06,10-Q,694700000,2025-06-30,6263916000,,6798
UFCS,101199,UNITED FIRE GROUP INC,revenue,25705439,"{""common"": 25705439.0}",2026-07-29,10-Q,690000000,2025-06-30,4014366000,1386412000,6331
EQBK,1227500,EQUITY BANCSHARES INC,assets,20592490,"{""common"": 20592490.0}",2026-07-31,10-Q,688600000,2025-06-30,7725621000,,6022
OPY,791963,OPPENHEIMER HOLDINGS INC,revenue,10708005,"{""CommonClassAMember"": 10608340.0, ""CommonClassBMember"": 99665.0}",2026-07-30,10-Q,685200000,2025-06-30,4230726000,1638071000,6211
WMK,105418,WEIS MARKETS INC,revenue,24744597,"{""common"": 24744597.0}",2026-08-06,10-Q,682000000,2025-06-28,2044387000,4957709000,5411
EZPW,876523,EZCORP INC,revenue,61443377,"{""CommonClassAMember"": 58473206.0, ""CommonClassBMember"": 2970171.0}",2026-07-30,10-Q,682000000,2025-03-31,2166233000,1274280000,5900
GBTG,1820872,"Global Business Travel Group, Inc.",assets,522373443,"{""common"": 522373443.0}",2026-07-31,10-Q,681000000,2025-06-30,5077000000,2718000000,4700
ACH,75252,ACCENDRA HEALTH INC/VA/,revenue,76904704,"{""common"": 76904704.0}",2026-06-30,10-Q,677542557,2025-06-30,2107412000,2762032000,5047
CAC,750686,CAMDEN NATIONAL CORP,assets,16897049,"{""common"": 16897049.0}",2026-07-30,10-Q,675187692,2025-06-30,6950980000,41739000,6021
ANGI,1705110,Angi Inc.,revenue,40556251,"{""CommonClassAMember"": 40556251.0, ""CommonClassBMember"": 0, ""CommonClassCMember"": 0}",2026-07-31,10-Q,673049686,2025-06-30,1325476000,1030535000,7310
FG,1934850,"F&G Annuities & Life, Inc.",assets,130935209,"{""common"": 130935209.0}",2026-07-31,10-Q,667849667,2025-06-30,103592000000,5731000000,6311
KE,1606757,"Kimball Electronics, Inc.",revenue,23966995,"{""common"": 23966995.0}",2026-08-06,10-K,667300000,2025-12-31,1092070000,1431378000,3672
CRI,1060822,CARTERS INC,revenue,36711185,"{""common"": 36711185.0}",2026-07-24,10-Q,659550682,2025-06-27,2732360000,2898426000,2300
MATW,63296,MATTHEWS INTERNATIONAL CORP,revenue,31213173,"{""common"": 31213173.0}",2026-06-30,10-Q,657700000,2025-03-31,1505516000,1795737000,3360
HBNC,706129,HORIZON BANCORP INC /IN/,assets,51344519,"{""common"": 51344519.0}",2026-08-05,10-Q,655800000,2025-06-30,6574160000,,6022
IBCP,39311,INDEPENDENT BANK CORP /MI/,assets,22199295,"{""common"": 22199295.0}",2026-08-04,10-Q,655032770,2025-06-30,5663841000,32075000,6022
ACEL,1698991,"Accel Entertainment, Inc.",revenue,81193475,"{""common"": 81193475.0}",2026-07-31,10-Q,651000000,2025-06-30,1096998000,1330960000,7900
MAGN,41719,Magnera Corp,revenue,35800000,"{""common"": 35800000.0}",2026-08-06,10-Q,650800000,2025-03-28,3834000000,3204000000,2621
TFSL,1381668,TFS Financial CORP,assets,280442755,"{""common"": 280442755.0}",2026-08-04,10-Q,647700000,2025-03-31,18075008000,,6035
JBSS,880117,SANFILIPPO JOHN B & SON INC,revenue,11693481,"{""CommonClassAMember"": 2597426.0, ""NoncumulativeCommonStockMember"": 9096055.0}",2026-08-13,10-K,646700554,2025-12-25,658581000,1175673000,2060
GOLD,1591588,"Gold.com, Inc.",revenue,29154756,"{""common"": 29154756.0}",2026-08-28,10-K,639100000,2025-12-31,4136919000,25513409000,5094
KFRC,930420,KFORCE INC,revenue,17909000,"{""common"": 17909000.0}",2026-07-22,10-Q,631584720,2025-06-30,410192000,1329007000,7363
ASIX,1673985,AdvanSix Inc.,revenue,27001186,"{""common"": 27001186.0}",2026-07-31,10-Q,622000000,2025-06-30,1673016000,1522233000,2821
RBCAA,921557,REPUBLIC BANCORP INC /KY/,assets,19634151,"{""CommonClassAMember"": 17497409.0, ""CommonClassBMember"": 2136742.0}",2026-07-31,10-Q,620362810,2025-06-30,7061829000,417495000,6022
MTUS,1598428,Metallus Inc.,revenue,41449284,"{""common"": 41449284.0}",2026-07-31,10-Q,616943911,2025-06-30,1143300000,1158300000,3312
BXC,1301787,BlueLinx Holdings Inc.,revenue,7860217,"{""common"": 7860217.0}",2026-07-31,10-Q,615213431,2025-06-28,1603563000,2954007000,5031
SMP,93389,"STANDARD MOTOR PRODUCTS, INC.",revenue,22340293,"{""common"": 22340293.0}",2026-07-31,10-Q,613458278,2025-06-30,2060670000,1791158000,3714
TROX,1530804,Tronox Holdings plc,assets,159700029,"{""common"": 159700029.0}",2026-07-20,10-Q,613189299,2025-06-30,5950000000,2898000000,2810
XRX,1770450,Xerox Holdings Corp,assets,131314511,"{""common"": 131314511.0}",2026-07-31,10-Q,612685125,2025-06-30,9724000000,7022000000,3577
TRST,357301,TRUSTCO BANK CORP N Y,assets,17027740,"{""common"": 17027740.0}",2026-07-31,10-Q,611400000,2025-06-30,6524913000,,6022
TBLA,1840502,Taboola.com Ltd.,revenue,270155398,"{""NonvotingCommonStockMember"": 18039644.0, ""VotingCommonStockMember"": 252115754.0}",2026-07-30,10-Q,608000000,2025-06-30,1548349000,1912040000,7370
MPB,879635,MID PENN BANCORP INC,assets,25335215,"{""common"": 25335215.0}",2026-07-31,10-Q,604500000,2025-06-30,7062910000,,6022
NBBK,1979330,"NB Bancorp, Inc.",assets,43818490,"{""common"": 43818490.0}",2026-07-31,10-Q,603100000,2025-06-30,7446880000,,6036
KOP,1315257,Koppers Holdings Inc.,revenue,18911568,"{""common"": 18911568.0}",2026-07-31,10-Q,602300000,2025-06-30,1722300000,1879300000,2400
TRLV,1754195,Trulieve Cannabis Corp.,revenue,192565302,"{""MultipleVotingSharesMember"": 22406386.0, ""SubordinateVotingSharesMember"": 170158916.0}",2026-07-31,10-Q,600000000,2025-06-30,2077435000,1181180000,2833
FWRD,912728,FORWARD AIR CORP,revenue,33780862,"{""common"": 33780862.0}",2026-07-29,10-Q,598540233,2025-06-30,2410845000,2495118000,4731
ORRF,826154,ORRSTOWN FINANCIAL SERVICES INC,assets,19669626,"{""common"": 19669626.0}",2026-08-04,10-Q,596200000,2025-06-30,5612151000,37144000,6022
SBGI,1971213,"Sinclair, Inc.",assets,72318060,"{""CommonClassAMember"": 48562824.0, ""CommonClassBMember"": 23755236.0}",2026-08-03,10-Q,592000000,2025-06-30,5481000000,3169000000,4833
OEC,1609804,Orion S.A.,revenue,56522699,"{""common"": 56522699.0}",2026-07-31,10-Q,590000000,2025-06-30,1987000000,1806700000,2890
GDOT,1386278,GREEN DOT CORP,assets,56985179,"{""common"": 56985179.0}",2026-07-31,10-Q,589000000,2025-06-30,6192055000,2080491000,6199
PACS,2001184,"PACS Group, Inc.",assets,158335612,"{""common"": 158335612.0}",2026-07-31,10-Q,588500000,2025-06-30,5656321000,5288932000,8051
OPTU,1702780,"Optimum Communications, Inc.",assets,272565547,"{""common"": 272565547.0}",2026-07-31,10-Q,588401093,2025-06-30,28080616000,8590467000,4841
SFD,91388,SMITHFIELD FOODS INC,assets,393767431,"{""common"": 393767431.0}",2026-08-09,10-Q,585552518,2025-06-27,12014000000,15531000000,2011
RYZ,1481582,Ryerson Holding Corp,revenue,51898653,"{""common"": 51898653.0}",2026-07-24,10-Q,585167390,2025-06-30,3841700000,4571300000,5051
THFF,714562,FIRST FINANCIAL CORP /IN/,assets,11891896,"{""common"": 11891896.0}",2026-08-01,10-Q,584183576,2025-06-30,6178309000,,6022
TIC,2032966,"TIC Solutions, Inc.",revenue,218220356,"{""common"": 218220356.0}",2026-07-31,10-Q,583200000,2025-06-30,4292521000,1530296000,7389
TIPT,1393726,TIPTREE INC.,assets,37239692,"{""common"": 37239692.0}",2026-07-24,10-Q,582027121,2025-06-30,6967655000,341469000,6331
SMBC,916907,"SOUTHERN MISSOURI BANCORP, INC.",assets,11013279,"{""common"": 11013279.0}",2026-09-10,10-K,581100000,2025-12-31,5236381000,,6036
BZH,915840,BEAZER HOMES USA INC,revenue,26679623,"{""common"": 26679623.0}",2026-08-04,10-Q,574670720,2025-03-31,2904750000,2371555000,1531
CABO,1632127,"Cable One, Inc.",revenue,5673925,"{""common"": 5673925.0}",2026-07-31,10-Q,572000000,2025-06-30,4622812000,1501423000,4841
EGBN,1050441,EAGLE BANCORP INC,assets,30483973,"{""common"": 30483973.0}",2026-08-01,10-Q,571500000,2025-06-30,9658914000,,6022
ANDG,2065708,Andersen Group Inc.,no_float,112988453,"{""CommonClassAMember"": 13613285.0, ""CommonClassBMember"": 99375168.0}",2026-08-05,10-Q,0,2025-06-30,571487000,838692000,7389
PRAA,1185348,PRA GROUP INC,assets,37648006,"{""common"": 37648006.0}",2026-07-31,10-Q,568047885,2025-06-30,5238767000,1201837000,6153
HELE,916789,HELEN OF TROY LTD,revenue,23292061,"{""common"": 23292061.0}",2026-06-29,10-Q,560500000,2025-08-31,2080064000,1786290000,3634
NFE,1749723,New Fortress Energy Inc.,assets,285634650,"{""common"": 285634650.0}",2026-07-31,10-Q,557500000,2025-06-30,10728820000,1504037000,4924
BLCO,1860742,Bausch & Lomb Corp,assets,357165246,"{""common"": 357165246.0}",2026-07-22,10-Q,556990755,2025-06-30,13859000000,5101000000,3851
PTRN,1811935,Pattern Group Inc.,revenue,177399089,"{""SeriesACommonStockMember"": 155696579.0, ""SeriesBCommonStockMember"": 21702510.0}",2026-08-04,10-Q,550000000,2025-12-31,1072598000,2501315000,5961
AMAL,1823608,Amalgamated Financial Corp.,assets,29900147,"{""common"": 29900147.0}",2026-08-03,10-Q,547055889,2025-06-30,9411541000,,6022
MNRO,876427,"MONRO, INC.",revenue,31264060,"{""common"": 31264060.0}",2026-07-18,10-Q,541400000,2025-09-27,1567977000,1157176000,7500
WASH,737468,WASHINGTON TRUST BANCORP INC,assets,19074321,"{""common"": 19074321.0}",2026-07-31,10-Q,539528713,2025-06-30,6547904000,229048000,6022
SMBK,1038773,SMARTFINANCIAL INC.,assets,17098473,"{""common"": 17098473.0}",2026-08-03,10-Q,535900000,2025-06-30,6115306000,,6021
ALRS,903419,ALERUS FINANCIAL CORP,assets,24903238,"{""common"": 24903238.0}",2026-07-30,10-Q,527907182,2025-06-30,5288718000,,6021
IVR,1437071,Invesco Mortgage Capital Inc.,assets,107640417,"{""common"": 107640417.0}",2026-07-31,10-Q,518097016,2025-06-30,7238619000,,6798
PUMP,1680247,ProPetro Holding Corp.,revenue,122823917,"{""common"": 122823917.0}",2026-07-24,10-Q,513600000,2025-06-30,2059831000,1269158000,1389
GCT,1857816,GigaCloud Technology Inc,revenue,71420474,"{""CommonClassAMember"": 28839563.0, ""CommonClassBMember"": 6870674.0, ""CommonStockMember"": 35710237.0}",2026-07-31,10-Q,513000000,2025-06-30,1273713000,1289897000,5961
FISI,862831,FINANCIAL INSTITUTIONS INC,assets,19706360,"{""common"": 19706360.0}",2026-07-28,10-Q,504049000,2025-06-30,6334952000,,6021
TDAY,1579684,"USA TODAY Co., Inc.",revenue,146817941,"{""common"": 146817941.0}",2026-08-03,10-Q,501800000,2025-06-30,1790811000,2302226000,2711
TWI,899751,TITAN INTERNATIONAL INC,revenue,64542352,"{""common"": 64542352.0}",2026-07-20,10-Q,501000000,2025-06-30,1722175000,1828443000,3312
FMNB,709337,FARMERS NATIONAL BANC CORP /OH/,assets,59247572,"{""common"": 59247572.0}",2026-07-30,10-Q,498800000,2025-12-31,7140884000,279922000,6022
AVO,1802974,"Mission Produce, Inc.",revenue,87678404,"{""common"": 87678404.0}",2026-09-01,10-Q,496000000,2025-04-30,1606800000,1391200000,0700
GSBC,854560,"GREAT SOUTHERN BANCORP, INC.",assets,10897507,"{""common"": 10897507.0}",2026-08-05,10-Q,487536838,2025-06-30,5522824000,,6022
SHBI,1035092,SHORE BANCSHARES INC,assets,33372276,"{""common"": 33372276.0}",2026-07-30,10-Q,480100000,2025-06-30,6151431000,20853000,6021
HYNE,2073153,"Hoyne Bancorp, Inc.",no_float,8096938,"{""common"": 8096938.0}",2026-08-11,10-Q,0,2025-06-30,479959000,,6036
HAFC,1109242,HANMI FINANCIAL CORP,assets,29649255,"{""common"": 29649255.0}",2026-07-30,10-Q,479841764,2025-06-30,8001473000,270165000,6021
DFH,1825088,"Dream Finders Homes, Inc.",revenue,90723879,"{""CommonClassAMember"": 32997726.0, ""CommonClassBMember"": 57726153.0}",2026-07-23,10-Q,478100000,2025-06-30,3959670000,4322848000,1531
INGM,1897762,Ingram Micro Holding Corp,assets,230661904,"{""common"": 230661904.0}",2026-07-23,10-Q,478000000,2025-06-28,21526033000,52556263000,5045
FSBC,1275168,FIVE STAR BANCORP,assets,24536614,"{""common"": 24536614.0}",2026-08-03,10-Q,477200000,2025-06-30,5377062000,,6022
DCH,1062231,Dauch Corp,assets,237604602,"{""common"": 237604602.0}",2026-08-04,10-Q,470800000,2025-06-30,11050000000,5836700000,3714
MSBI,1466026,"Midland States Bancorp, Inc.",assets,20752112,"{""common"": 20752112.0}",2026-07-20,10-Q,466599960,2025-06-30,6700616000,,6022
PGC,1050743,PEAPACK GLADSTONE FINANCIAL CORP,assets,17727952,"{""common"": 17727952.0}",2026-07-31,10-Q,464000000,2025-06-30,7970293000,282995000,6029
HZO,1057060,MARINEMAX INC,revenue,22086746,"{""common"": 22086746.0}",2026-07-20,10-Q,462344170,2025-03-31,2358337000,2309288000,5531
HY,1173514,"HYSTER-YALE, INC.",revenue,17930387,"{""CommonClassAMember"": 14488232.0, ""CommonClassBMember"": 3442155.0}",2026-07-31,10-Q,461366212,2025-06-30,1928200000,3769300000,3537
JACK,807882,JACK IN THE BOX INC,revenue,19179330,"{""common"": 19179330.0}",2026-08-05,10-Q,459200000,2024-04-14,1901029000,1465314000,5812
ARHS,1875444,"Arhaus, Inc.",revenue,141751733,"{""CommonClassAMember"": 54636133.0, ""CommonClassBMember"": 87115600.0}",2026-07-31,10-Q,458900000,2025-06-30,1450453000,1379222000,5712
CCNE,736772,CNB FINANCIAL CORP/PA,assets,29620885,"{""common"": 29620885.0}",2026-08-05,10-Q,458483840,2025-06-30,8432169000,,6022
PFIS,1056943,PEOPLES FINANCIAL SERVICES CORP.,assets,10010367,"{""common"": 10010367.0}",2028-08-01,10-Q,454334000,2025-06-30,5440546000,,6021
HOV,357294,HOVNANIAN ENTERPRISES INC,revenue,5959890,"{""CommonClassAMember"": 5122255.0, ""CommonClassBMember"": 837635.0}",2026-08-25,10-Q,452667240,2025-04-30,2861058000,2978581000,1531
KRNY,1617242,Kearny Financial Corp.,assets,64929382,"{""common"": 64929382.0}",2026-08-19,10-K,449000000,2025-12-31,7682205000,,6035
FTRE,1965040,Fortrea Holdings Inc.,revenue,95100000,"{""common"": 95100000.0}",2026-07-27,10-Q,448400000,2025-06-30,2714900000,2723400000,8071
SPFI,1163668,"SOUTH PLAINS FINANCIAL, INC.",assets,18839105,"{""common"": 18839105.0}",2026-08-04,10-Q,442000000,2025-06-30,5391206000,,6022
NFBK,1493225,"Northfield Bancorp, Inc.",assets,41763852,"{""common"": 41763852.0}",2026-04-30,10-Q,437700000,2025-12-31,5735202000,6870000,6035
AMBQ,1500412,"Ambiq Micro, Inc.",no_float,24184536,"{""common"": 24184536.0}",2026-08-07,10-Q,0,2024-06-30,435622000,72514000,3674
CRSR,1743759,"Corsair Gaming, Inc.",revenue,108176959,"{""common"": 108176959.0}",2026-07-28,10-Q,435256370,2025-06-30,1216265000,1472480000,3577
CLW,1441236,Clearwater Paper Corp,revenue,16127764,"{""common"": 16127764.0}",2026-07-27,10-Q,427700000,2025-06-30,1569800000,1555400000,2631
WNC,879526,WABASH NATIONAL Corp,revenue,40737173,"{""common"": 40737173.0}",2026-07-22,10-Q,427551493,2025-06-30,1229128000,1542754000,3715
BKV,1838406,BKV Corp,revenue,109437830,"{""common"": 109437830.0}",2026-07-31,10-Q,424900000,2025-06-30,4235180000,1140773000,1311
RES,742278,RPC INC,revenue,221657012,"{""common"": 221657012.0}",2026-07-24,10-Q,421394820,2025-06-30,1459755000,1626566000,1389
CAL,14707,CALERES INC,revenue,34504977,"{""common"": 34504977.0}",2026-08-28,10-Q,419200000,2025-08-02,2136342000,2757853000,3140
CODI,1345126,Compass Diversified Holdings,revenue,75235966,"{""common"": 75235966.0}",2026-08-06,10-Q,418857778,2025-06-30,2752438000,1873584000,2510
CCO,1334978,"Clear Channel Outdoor Holdings, Inc.",revenue,509093845,"{""common"": 509093845.0}",2026-07-31,10-Q,417100000,2025-06-30,3763081000,1604140000,7310
CYH,1108109,COMMUNITY HEALTH SYSTEMS INC,assets,141009357,"{""common"": 141009357.0}",2026-07-16,10-Q,415200800,2025-06-30,12177000000,12485000000,8062
CMCO,1005229,COLUMBUS MCKINNON CORP,revenue,28864244,"{""common"": 28864244.0}",2026-07-27,10-Q,412000000,2025-09-30,4674261000,1193451000,3531
TCBX,1781730,"Third Coast Bancshares, Inc.",assets,16654970,"{""common"": 16654970.0}",2026-07-31,10-Q,411900000,2025-06-30,6735501000,,6036
GRDN,1802255,"Guardian Pharmacy Services, Inc.",revenue,63342304,"{""CommonClassAMember"": 49798904.0, ""CommonClassBMember"": 13543400.0}",2026-08-03,10-Q,411599923,2025-06-30,443578000,1448685000,5912
CNDT,1677703,CONDUENT Inc,revenue,155520800,"{""common"": 155520800.0}",2026-07-31,10-Q,411512508,2025-06-30,2245000000,3042000000,7389
NESR,1698514,National Energy Services Reunited Corp.,revenue,100851754,"{""common"": 100851754.0}",2026-06-30,10-Q,411200000,2025-12-31,2097190000,1324047000,1389
TREE,1434621,"LendingTree, Inc.",revenue,14039561,"{""common"": 14039561.0}",2026-07-27,10-Q,411000000,2025-06-30,911631000,1117324000,6163
MTW,61986,MANITOWOC CO INC,revenue,36061969,"{""common"": 36061969.0}",2026-06-30,10-Q,405900000,2025-06-30,1921500000,2240900000,3531
FOR,1406587,Forestar Group Inc.,revenue,51017627,"{""common"": 51017627.0}",2026-07-17,10-Q,404000000,2025-03-31,3220600000,1662400000,6500
NXH,1130713,"NEIGHBORHOOD INTELLIGENCE, INC.",revenue,95330379,"{""common"": 95330379.0}",2026-07-31,10-Q,400000000,2025-06-30,634151000,1044616000,5961
CVLG,928658,"COVENANT LOGISTICS GROUP, INC.",revenue,25377778,"{""CommonClassAMember"": 20677778.0, ""CommonClassBMember"": 4700000.0}",2026-08-05,10-Q,399300000,2025-06-30,1005765000,1164472000,4213
GTN,43196,"GRAY MEDIA, INC",assets,102984383,"{""CommonClassAMember"": 9869307.0, ""CommonStockMember"": 93115076.0}",2026-07-31,10-Q,395723940,2025-06-30,10437000000,3095000000,4833
FSUN,1709442,FIRSTSUN CAPITAL BANCORP,assets,46583973,"{""NonvotingCommonStockMember"": 2633607.0, ""VotingCommonStockMember"": 43950366.0}",2026-08-07,10-Q,395200000,2025-06-30,15717985000,,6021
CCRN,1141103,CROSS COUNTRY HEALTHCARE INC,revenue,32332661,"{""common"": 32332661.0}",2026-04-24,10-Q,393124934,2025-06-30,451073000,1054293000,7363
SVC,945394,Service Properties Trust,assets,129509488,"{""common"": 129509488.0}",2026-08-03,10-Q,392500000,2025-06-30,5838485000,1814838000,6798
BRCB,2068577,"Black Rock Coffee Bar, Inc.",no_float,50072679,"{""CommonClassAMember"": 22207657.0, ""CommonClassBMember"": 22299956.0, ""CommonClassCMember"": 5565066.0}",2026-08-10,10-Q,0,2025-06-30,392368000,200321000,5810
NUS,1021561,"NU SKIN ENTERPRISES, INC.",revenue,48676634,"{""common"": 48676634.0}",2026-07-31,10-Q,390000000,2025-06-30,1121530000,1485159000,5122
NBR,1163739,NABORS INDUSTRIES LTD,revenue,15961327,"{""common"": 15961327.0}",2026-07-27,10-Q,389965828,2025-06-30,4419945000,3184693000,1381
STGW,876883,Stagwell Inc,revenue,244475451,"{""common"": 244475451.0}",2026-07-22,10-Q,389500000,2025-12-31,4199516000,2909000000,7311
TITN,1409171,Titan Machinery Inc.,revenue,23532897,"{""common"": 23532897.0}",2026-08-31,10-Q,389000000,2025-07-31,1628548000,2427107000,5990
GPRE,1309402,Green Plains Inc.,revenue,70095328,"{""common"": 70095328.0}",2026-08-03,10-Q,388800000,2024-06-28,1657067000,2091680000,2860
SVV,1883313,"Savers Value Village, Inc.",revenue,153796187,"{""common"": 153796187.0}",2026-08-03,10-Q,388600000,2025-06-27,2077736000,1678954000,5900
XZO,1873951,"Exzeo Group, Inc.",no_float,90085918,"{""common"": 90085918.0}",2026-07-31,10-Q,0,2025-06-30,385783000,216980000,7372
ARKO,1823794,ARKO Corp.,revenue,112185721,"{""common"": 112185721.0}",2026-08-03,10-Q,382600000,2025-06-30,3556975000,7643471000,5412
NPB,1336706,NORTHPOINTE BANCSHARES INC,assets,34581842,"{""common"": 34581842.0}",2026-08-13,10-Q,381600000,2025-06-30,7529951000,,6022
NGVC,1547459,"Natural Grocers by Vitamin Cottage, Inc.",revenue,23045851,"{""common"": 23045851.0}",2026-08-03,10-Q,380462609,2025-03-31,687687000,1330836000,5411
OXM,75288,OXFORD INDUSTRIES INC,revenue,14978274,"{""common"": 14978274.0}",2026-09-01,10-Q,372597597,2025-08-01,1299255000,1477834000,2320
CENT,887733,CENTRAL GARDEN & PET CO,revenue,62592598,"{""CommonClassAMember"": 51340003.0, ""CommonClassBMember"": 1602374.0, ""CommonClassOneMember"": 9650221.0}",2026-07-29,10-Q,372000000,2017-03-25,3789953000,3129100000,5190
MATV,1000623,"Mativ Holdings, Inc.",revenue,55190098,"{""common"": 55190098.0}",2026-08-03,10-Q,371200000,2025-06-30,1990700000,1987000000,2621
MAX,1818383,"MediaAlpha, Inc.",revenue,61263978,"{""CommonClassAMember"": 52975711.0, ""CommonClassBMember"": 8288267.0}",2026-07-24,10-Q,367100000,2025-06-30,359816000,1113600000,7389
GIC,945114,GLOBAL INDUSTRIAL Co,revenue,38108341,"{""common"": 38108341.0}",2026-07-31,10-Q,367046259,2025-06-30,628400000,1379100000,5084
KODK,31235,EASTMAN KODAK CO,revenue,97900000,"{""common"": 97900000.0}",2026-07-29,10-Q,364000000,2025-06-30,1527000000,1069000000,3861
KELYA,55135,KELLY SERVICES INC,revenue,34731943,"{""CommonClassAMember"": 31435902.0, ""CommonClassBMember"": 3296041.0}",2026-07-27,10-Q,364000000,2025-06-29,2280700000,4250900000,7363
CPS,1320461,Cooper-Standard Holdings Inc.,revenue,17769208,"{""common"": 17769208.0}",2026-07-30,10-Q,363042894,2025-06-30,1875910000,2740915000,3714
PLTK,1828016,Playtika Holding Corp.,revenue,381418186,"{""common"": 381418186.0}",2026-08-03,10-Q,362800000,2025-06-28,3292700000,2755400000,7374
SHOE,895447,SHOE STATION GROUP INC,revenue,27183815,"{""common"": 27183815.0}",2026-09-04,10-Q,356973588,2025-08-01,1167621000,1135324000,5661
CLBK,1723596,"Columbia Financial, Inc.",assets,104047469,"{""common"": 104047469.0}",2026-05-07,10-Q,354600000,2025-06-30,11010507000,,6035
AVAH,1832332,"Aveanna Healthcare Holdings, Inc.",revenue,218219696,"{""common"": 218219696.0}",2026-08-07,10-Q,349700000,2025-06-28,2106377000,2433199000,8082
BWB,1341317,Bridgewater Bancshares Inc,assets,27883823,"{""common"": 27883823.0}",2026-07-28,10-Q,348524730,2025-06-30,5389726000,,6022
HTFL,1464521,"Heartflow, Inc.",no_float,86953627,"{""common"": 86953627.0}",2026-07-31,10-Q,0,2025-06-30,344463000,176034000,3841
OPEN,1801169,Opendoor Technologies Inc.,revenue,971091050,"{""common"": 971091050.0}",2026-07-28,10-Q,339866979,2025-06-30,2961000000,4371000000,6531
BGS,1278027,"B&G Foods, Inc.",revenue,81275671,"{""common"": 81275671.0}",2026-08-06,10-Q,337917765,2025-06-27,3359568000,1828687000,2000
CWBC,1127371,Community West Bancshares,assets,27131078,"{""common"": 27131078.0}",2026-08-10,10-Q,336710000,2025-06-30,5034240000,,6022
GBFH,1791145,GBank Financial Holdings Inc.,revenue,14516457,"{""common"": 14516457.0}",2026-08-07,10-Q,330600000,2025-06-30,1431702000,1235000000,6022
KLC,1873529,"KinderCare Learning Companies, Inc.",revenue,118517033,"{""common"": 118517033.0}",2026-08-11,10-Q,328346029,2025-06-28,3403567000,2733323000,8351
ARES,1176948,Ares Management Corp,assets,360277229,"{""CommonClassAMember"": 223957742.0, ""CommonClassBMember"": 1000.0, ""CommonClassCMember"": 102828576.0, ""NonvotingCommonStockMember"": 3489911.0, ""SeriesBMandatoryConvertiblePreferredStockMember"": 30000000.0}",2026-08-03,10-Q,326653262,2025-06-30,29631399000,5601482000,6282
JELD,1674335,"JELD-WEN Holding, Inc.",revenue,86763382,"{""common"": 86763382.0}",2026-07-31,10-Q,324400000,2025-06-28,2068353000,3211181000,2430
ARDT,1756655,"Ardent Health, Inc.",assets,141045907,"{""common"": 141045907.0}",2026-08-07,10-Q,324300000,2025-06-30,5280078000,6324339000,8062
SENEA,88948,Seneca Foods Corp,revenue,6770457,"{""CommonClassAMember"": 5221238.0, ""CommonClassBMember"": 1549219.0}",2026-07-24,10-Q,324037648,2024-09-27,1262770000,1578887000,2033
CMP,1227654,COMPASS MINERALS INTERNATIONAL INC,revenue,41980874,"{""common"": 41980874.0}",2026-08-03,10-Q,318890203,2025-03-31,1353500000,1243900000,1400
HBT,775215,"HBT Financial, Inc.",assets,36365612,"{""common"": 36365612.0}",2026-07-31,10-Q,318300000,2025-06-30,6727646000,,6022
MH,1951070,"McGraw Hill, Inc.",assets,191308814,"{""common"": 191308814.0}",2026-08-10,10-Q,318000000,2025-09-30,5378652000,2102781000,2741
ACCO,712034,ACCO BRANDS Corp,revenue,92307568,"{""common"": 92307568.0}",2026-07-24,10-Q,316100000,2025-06-30,2324300000,1524700000,2780
HGTY,1840776,"Hagerty, Inc.",revenue,343622679,"{""CommonClassAMember"": 102070523.0, ""CommonClassVMember"": 241552156.0}",2026-07-24,10-Q,309900000,2025-06-30,2148431000,1456389000,6411
FLNC,1868941,"Fluence Energy, Inc.",revenue,184596369,"{""CommonClassAMember"": 143163588.0, ""CommonClassB1Member"": 41432781.0}",2026-07-31,10-Q,309200000,2025-03-31,2615603000,2262830000,3690
EVMN,2044725,"Evommune, Inc.",no_float,36292113,"{""common"": 36292113.0}",2026-08-04,10-Q,0,2025-06-30,301947000,13000000,2834
UIS,746838,UNISYS CORP,revenue,72915955,"{""common"": 72915955.0}",2026-06-30,10-Q,300400000,2025-06-30,1641600000,1950100000,7373
ILPT,1717307,Industrial Logistics Properties Trust,assets,66745881,"{""common"": 66745881.0}",2026-07-27,10-Q,294500000,2025-06-30,5122838000,,6798
ATLCP,1464343,Atlanticus Holdings Corp,assets,15170038,"{""common"": 15170038.0}",2026-08-01,10-Q,292100000,2025-06-30,7491770000,1968399000,6141
CTOS,1709682,"Custom Truck One Source, Inc.",revenue,227505535,"{""common"": 227505535.0}",2026-07-30,10-Q,291400000,2025-06-30,3604616000,1943957000,7359
TASK,1829864,"TaskUs, Inc.",revenue,91687021,"{""CommonClassAMember"": 36654327.0, ""CommonClassBMember"": 55032694.0}",2026-07-31,10-Q,289600000,2025-06-30,997639000,1183547000,7374
WEST,1806347,Westrock Coffee Co,revenue,97627387,"{""common"": 97627387.0}",2026-07-31,10-Q,281500000,2025-06-30,1085848000,1188952000,2080
ONIT,873860,ONITY GROUP INC.,assets,8354520,"{""common"": 8354520.0}",2026-08-03,10-Q,280294372,2025-06-30,12350300000,1066700000,6162
PKOH,76282,PARK OHIO HOLDINGS CORP,revenue,14490010,"{""common"": 14490010.0}",2026-07-31,10-Q,272035804,2025-06-30,1470700000,1599100000,3460
WOOF,1826470,"Petco Health & Wellness Company, Inc.",assets,324210138,"{""CommonClassAMember"": 248628576.0, ""CommonClassBOneMember"": 37790781.0, ""CommonClassBTwoMember"": 37790781.0}",2026-09-02,10-Q,262000000,2025-08-01,5166650000,5961467000,5990
GIW,2080019,GigCapital8 Corp.,no_float,36472057,"{""CommonClassAMember"": 25657625.0, ""CommonClassBMember"": 10814432.0}",2026-08-05,10-Q,0,2025-06-30,260675430,,6770
DSGR,703604,"Distribution Solutions Group, Inc.",revenue,46255422,"{""common"": 46255422.0}",2026-07-31,10-Q,258112845,2025-06-30,1817291000,1980023000,5080
GCO,18498,GENESCO INC,revenue,10820152,"{""common"": 10820152.0}",2026-08-28,10-Q,255000000,2025-08-01,1504233000,2436096000,5661
DNUT,1857154,"Krispy Kreme, Inc.",revenue,173500000,"{""common"": 173500000.0}",2026-07-30,10-Q,248900000,2025-06-29,2363323000,1522616000,5400
RYAM,1597672,RAYONIER ADVANCED MATERIALS INC.,revenue,67644208,"{""common"": 67644208.0}",2026-08-03,10-Q,243729095,2025-06-28,1619803000,1466397000,2611
MCHB,1518715,Mechanics Bancorp,assets,221426509,"{""CommonClassAMember"": 220312061.0, ""CommonClassBMember"": 1114448.0}",2026-08-03,10-Q,238000000,2025-06-30,21230839000,49728000,6022
MEI,65270,METHODE ELECTRONICS INC,revenue,35645053,"{""common"": 35645053.0}",2026-08-31,10-Q,237700000,2025-11-01,1263700000,1019200000,3678
MERC,1333274,MERCER INTERNATIONAL INC.,revenue,67018033,"{""common"": 67018033.0}",2026-08-04,10-Q,231700000,2025-06-30,1869907000,1868070000,2611
INBK,1562463,First Internet Bancorp,assets,8733574,"{""common"": 8733574.0}",2026-07-31,10-Q,215000000,2025-06-30,5556375000,,6022
MITT,1514281,"TPG Mortgage Investment Trust, Inc.",assets,31803475,"{""common"": 31803475.0}",2026-08-05,10-Q,214436323,2025-06-30,7935584000,,6798
BNED,1634117,"Barnes & Noble Education, Inc.",revenue,34664980,"{""common"": 34664980.0}",2026-09-03,10-Q,206000000,2025-10-31,846729000,1714770000,5940
ULCC,1670076,"Frontier Group Holdings, Inc.",assets,230215771,"{""common"": 230215771.0}",2026-07-24,10-Q,204000000,2025-06-30,7017000000,3724000000,4512
TBI,768899,"TrueBlue, Inc.",revenue,30444344,"{""common"": 30444344.0}",2026-07-26,10-Q,200000000,2025-06-29,622964000,1615997000,7363
KSS,885639,KOHLS Corp,assets,113376445,"{""common"": 113376445.0}",2026-08-28,10-Q,200000000,2025-08-01,13410000000,15527000000,5311
SLQT,1794783,"SelectQuote, Inc.",revenue,176573132,"{""common"": 176573132.0}",2026-07-31,10-K,198753672,2025-12-31,1286828000,1618499000,6411
AMCX,1514991,AMC Global Media Inc.,revenue,41249971,"{""CommonClassAMember"": 29765563.0, ""CommonClassBMember"": 11484408.0}",2026-07-24,10-Q,194000000,2025-06-30,3727340000,2311801000,4841
DOUG,1878897,Douglas Elliman Inc.,revenue,90890473,"{""common"": 90890473.0}",2026-07-31,10-Q,191100000,2025-06-30,444297000,1033055000,6531
STRZ,929351,STARZ ENTERTAINMENT CORP /CN/,revenue,17124171,"{""common"": 17124171.0}",2026-07-15,10-Q,189000000,2025-06-30,1671800000,1369600000,7812
ONEW,1772921,OneWater Marine Inc.,revenue,16665619,"{""CommonClassAMember"": 16665619.0, ""CommonClassBMember"": 0}",2026-07-20,10-Q,183705342,2025-03-31,1304011000,1872334000,5531
SSP,832428,E.W. SCRIPPS Co,revenue,92668991,"{""CommonClassAMember"": 80736269.0, ""VotingCommonStockMember"": 11932722.0}",2026-06-30,10-Q,183000000,2025-06-30,3645957000,2150585000,4833
ULH,1308208,"UNIVERSAL LOGISTICS HOLDINGS, INC.",revenue,26367805,"{""common"": 26367805.0}",2026-08-07,10-Q,173800000,2025-06-27,1683014000,1558397000,4213
VLGEA,103595,VILLAGE SUPER MARKET INC,revenue,14809491,"{""CommonClassAMember"": 10684446.0, ""CommonClassBMember"": 4125045.0}",2026-05-29,10-Q,173300000,2014-01-25,1008439000,2320690000,5411
QUAD,1481792,"Quad/Graphics, Inc.",revenue,51461302,"{""CommonClassAMember"": 38199319.0, ""CommonClassBMember"": 13261983.0, ""CommonClassCMember"": 0}",2026-07-24,10-Q,172279494,2025-06-30,1230900000,2419900000,2750
IMMR,1058811,IMMERSION CORP,revenue,33206041,"{""common"": 33206041.0}",2026-09-08,10-Q,166012564,2025-10-31,1176514000,1730694000,3577
ALTG,1759824,ALTA EQUIPMENT GROUP INC.,revenue,32666872,"{""common"": 32666872.0}",2026-08-04,10-Q,162100000,2025-06-30,1322500000,1835900000,5084
CRMT,799850,AMERICAS CARMART INC,revenue,8338478,"{""common"": 8338478.0}",2026-09-09,10-Q,156686760,2025-10-31,1206139000,1281502000,5500
WBTN,1997859,WEBTOON Entertainment Inc.,revenue,135711070,"{""common"": 135711070.0}",2026-07-31,10-Q,154600000,2025-06-30,1590428000,1382705000,2741
LESL,1821806,"Leslie's, Inc.",revenue,9365475,"{""common"": 9365475.0}",2026-08-03,10-Q,153300000,2025-03-28,722192000,1241915000,5990
SI,1699350,"SHOULDER INNOVATIONS, INC.",no_float,20818957,"{""common"": 20818957.0}",2026-07-30,10-Q,0,2025-06-30,152007000,47317000,3841
LE,799288,"LANDS' END, INC.",revenue,29544154,"{""common"": 29544154.0}",2026-09-01,10-Q,150100000,2025-08-01,949566000,1335146000,5651
IHRT,1400891,"iHeartMedia, Inc.",revenue,154789168,"{""CommonClassAMember"": 133699127.0, ""CommonClassBMember"": 21090041.0}",2026-08-05,10-Q,145900000,2025-06-30,4854127000,3864991000,4832
HFFG,1680873,HF Foods Group Inc.,revenue,53900945,"{""common"": 53900945.0}",2026-08-05,10-Q,143600000,2025-06-30,556596000,1228282000,5140
FOA,1828937,Finance of America Companies Inc.,assets,17306890,"{""CommonClassAMember"": 9217956.0, ""CommonClassBMember"": 8088934.0}",2026-08-06,10-Q,143300000,2025-06-30,37316763000,497432000,6162
KRO,1257640,KRONOS WORLDWIDE INC,revenue,115097516,"{""common"": 115097516.0}",2026-07-31,10-Q,134600000,2025-06-30,1744000000,1859400000,2810
RHLD,2039497,"Resolute Holdings Management, Inc.",assets,7819595,"{""common"": 7819595.0}",2026-08-05,10-Q,134500000,2025-06-30,6127300000,462055000,6199
RXT,1810019,"Rackspace Technology, Inc.",revenue,254872850,"{""common"": 254872850.0}",2026-08-04,10-Q,131000000,2025-06-30,2745300000,2685700000,7370
ADV,1776661,Advantage Solutions Inc.,revenue,12822230,"{""common"": 12822230.0}",2026-07-31,10-Q,129000000,2025-06-30,2539712000,3542642000,7389
SPWH,1132105,"SPORTSMAN'S WAREHOUSE HOLDINGS, INC.",revenue,39141465,"{""common"": 39141465.0}",2026-09-01,10-Q,122000000,2025-08-02,836102000,1209182000,5940
PEW,2051380,GrabAGun Digital Holdings Inc.,no_float,29513438,"{""common"": 29513438.0}",2026-08-10,10-Q,0,2025-06-30,121719000,96449000,5940
CARL,1794546,"CARLSMED, INC.",no_float,27302743,"{""common"": 27302743.0}",2026-08-03,10-Q,0,2025-06-30,118202000,50511000,3841
ACDC,1881487,ProFrac Holding Corp.,revenue,182122762,"{""common"": 182122762.0}",2026-08-03,10-Q,116271456,2025-06-30,2507900000,1941800000,1389
LUCK,1840572,Lucky Strike Entertainment Corp,revenue,136328020,"{""CommonClassAMember"": 80808583.0, ""CommonClassBMember"": 55519437.0}",2026-08-20,10-K,113062000,2025-12-28,3227421000,1245318000,7900
LDI,1831631,"loanDepot, Inc.",assets,338155268,"{""CommonClassAMember"": 232227582.0, ""CommonClassBMember"": 105927686.0, ""CommonClassCMember"": 0, ""CommonClassDMember"": 0}",2026-08-03,10-Q,106745131,2025-06-30,6696560000,1189741000,6199
FLWS,1084869,1 800 FLOWERS COM INC,revenue,64185096,"{""CommonClassAMember"": 37116875.0, ""CommonClassBMember"": 27068221.0}",2026-09-04,10-K,103511000,2025-12-28,636992000,1503511000,5990
NP,2067129,Neptune Insurance Holdings Inc.,no_float,137233090,"{""CommonClassAMember"": 93798090.0, ""CommonClassBMember"": 43435000.0}",2026-07-24,10-Q,0,2025-06-30,102214000,159551000,6411
NXB,2067767,NextBoat Inc.,no_float,25142895,"{""common"": 25142895.0}",2026-08-13,10-Q,0,2025-06-30,100493104,119866298,3730
TEAD,1454938,Teads Holding Co.,revenue,98065162,"{""common"": 98065162.0}",2026-07-31,10-Q,99500000,2025-06-30,1162244000,1300461000,7370
TTEC,1013880,"TTEC Holdings, Inc.",revenue,49295940,"{""common"": 49295940.0}",2026-07-31,10-Q,96566358,2025-06-30,1373647000,2136899000,7363
HAIN,910406,HAIN CELESTIAL GROUP INC,revenue,91002269,"{""common"": 91002269.0}",2026-09-08,10-K,95637022,2025-12-31,1090383000,1353429000,2000
BKKT,1820302,"Bakkt, Inc.",revenue,45069458,"{""common"": 45069458.0}",2026-08-05,10-Q,92800000,2025-06-30,403600000,2335243000,6199
CURV,1792781,Torrid Holdings Inc.,revenue,99719435,"{""common"": 99719435.0}",2026-09-01,10-Q,89000000,2025-08-01,371446000,1000092000,5600
FOSL,883569,"Fossil Group, Inc.",revenue,59138052,"{""common"": 59138052.0}",2026-08-05,10-Q,86800000,2025-07-03,653140000,1004406000,3873
RRGB,1171759,RED ROBIN GOURMET BURGERS INC,revenue,18903752,"{""common"": 18903752.0}",2026-08-05,10-Q,83100000,2025-07-13,528712000,1210225000,5812
DBI,1319947,Designer Brands Inc.,revenue,51123404,"{""CommonClassAMember"": 43390683.0, ""CommonClassBMember"": 7732721.0}",2026-09-03,10-Q,82794691,2025-08-01,2008142000,2892671000,5661
BALY,1747079,Bally's Corp,assets,50469522,"{""common"": 50469522.0}",2026-07-31,10-Q,68900000,2025-06-30,10806978000,2450478000,7011
VHI,59255,VALHI INC /DE/,revenue,28321193,"{""common"": 28321193.0}",2026-07-31,10-Q,39400000,2025-06-30,2574700000,2077000000,2810
RDNW,1596961,"RideNow Group, Inc.",revenue,39011088,"{""CommonClassAMember"": 50000.0, ""CommonClassBMember"": 38961088.0}",2026-08-07,10-Q,39000000,2025-06-30,736300000,1082500000,7371
PLCE,1041859,"Childrens Place, Inc.",revenue,22237067,"{""common"": 22237067.0}",2026-09-08,10-Q,38010941,2025-08-02,742307000,1208830000,5651
AHT,1232582,ASHFORD HOSPITALITY TRUST INC,revenue,6469814,"{""common"": 6469814.0}",2026-08-10,10-Q,35178000,2025-06-30,2334450000,1104388000,6798
TYGO,1855447,"TIGO ENERGY, INC.",revenue,76773711,"{""common"": 76773711.0}",2026-07-30,10-Q,33600000,2025-06-30,77860000,103536000000,3674
RJET,810332,REPUBLIC AIRWAYS HOLDINGS INC.,revenue,46819500,"{""common"": 46819500.0}",2026-07-29,10-Q,32914217,2025-06-30,3256400000,1676500000,4512
VATE,1006837,INNOVATE Corp.,revenue,13641866,"{""common"": 13641866.0}",2026-08-03,10-Q,27200000,2025-06-30,1006700000,1246000000,3440
AENT,1823584,ALLIANCE ENTERTAINMENT HOLDING CORP,revenue,110979630,"{""CommonClassAMember"": 50979630.0, ""CommonClassEMember"": 60000000.0}",2026-09-10,10-K,27062514,2025-12-31,397600000,1148986000,5099
BUDA,2079720,"BUDA JUICE, INC.",no_float,12566666,"{""common"": 12566666.0}",2026-08-14,10-Q,0,2025-06-30,23808000,12609000,2080
ROC,2077709,Rank One Computing Corp,no_float,19080127,"{""common"": 19080127.0}",2026-08-07,10-Q,0,2025-06-30,21970773,16979679,7372
NOMA,1994214,Nomadar Corp.,no_float,15283529,"{""common"": 15283529.0}",2026-08-14,10-Q,0,2025-06-30,18833356,921940,7900
CV,1378325,"CapsoVision, Inc",no_float,50046913,"{""common"": 50046913.0}",2026-08-12,10-Q,0,2025-06-30,18569000,13554000,3845
DIT,928465,AMCON DISTRIBUTING CO,revenue,976028,"{""common"": 976028.0}",2026-08-04,10-Q,17941743,2025-03-31,399325383,2816688287,5141
VTIX,1606242,Virtuix Holdings Inc.,no_float,,{},,10-Q,0,2025-09-30,12580486,4252643,3577
PIII,1832511,P3 Health Partners Inc.,revenue,7260982,"{""CommonClassAMember"": 3911962.0, ""CommonClassBMember"": 3349020.0}",2026-08-03,10-Q,11200000,2024-06-30,654392000,1459080000,8000
ELWT,2063863,"Elauwit Connection, Inc.",no_float,6619796,"{""common"": 6619796.0}",2026-08-17,10-Q,0,2025-12-31,10100000,21618000,4899
VHUB,1972234,"VenHub Global, Inc.",no_float,91392857,"{""common"": 91392857.0}",2026-08-11,10-Q,0,2025-12-31,8117669,864450,3590
AIDX,1139685,"20/20 Biolabs, Inc.",no_float,12770303,"{""common"": 12770303.0}",2026-08-14,10-Q,0,2025-06-30,6123185,2045133,8734
ATHR,2026353,"Aether Holdings, Inc.",no_float,12238059,"{""common"": 12238059.0}",2026-08-13,10-Q,0,2025-03-31,4636320,1380850,7372
BMNR,1829311,"BITMINE IMMERSION TECHNOLOGIES, INC.",assets,603226394,"{""common"": 603226394.0}",2026-07-09,10-Q,4383765,2025-02-28,11630253000,6095000,6199
PTCT,1070081,"PTC THERAPEUTICS, INC.",revenue,83460802,"{""common"": 83460802.0}",2026-07-29,10-Q,3350589,2025-06-30,3250477000,1730655000,2834
FUSE,2033383,Fusemachines Inc.,no_float,28985302,"{""common"": 28985302.0}",2026-08-06,10-Q,0,2025-06-30,3172000,7714000,7373
