ticker,cik,sector,period_end,form,filed,revenue,gross_profit,operating_income,pretax_income,income_tax,net_income,eps_diluted,operating_cash_flow,capex,stock_comp,d_and_a,interest_expense,dividends_paid,buybacks,cash,total_debt,lt_debt_noncurrent,debt_current,total_assets,total_equity,shares_diluted,shares_outstanding
A,1090872,Health Care,2025-04-30,10-Q,2026-06-01,,,300000000,260000000,45000000,215000000,0.75,,,,,29000000,70000000,,1486000000,3349000000,,,12158000000,6136000000,285000000,
A,1090872,Health Care,2025-05-23,10-Q,2025-06-02,,,,,,,,,,,,,,,,,,,,,,284064728
A,1090872,Health Care,2025-07-31,10-Q,2026-09-01,,,360000000,366000000,30000000,336000000,1.18,,,,,28000000,71000000,,1535000000,3350000000,,,12226000000,6370000000,285000000,
A,1090872,Health Care,2025-08-21,10-Q,2025-08-29,,,,,,,,,,,,,,,,,,,,,,283500427
A,1090872,Health Care,2025-10-31,10-K (Q4 derived: FY − 9M YTD),2025-12-22,,,443000000,442000000,8000000,434000000,1.5200000000000005,545000000,93000000,26000000,71000000,27000000,70000000,85000000,1789000000,3050000000,,,12727000000,6741000000,0,
A,1090872,Health Care,2025-12-10,10-K,2025-12-22,,,,,,,,,,,,,,,,,,,,,,283498871
A,1090872,Health Care,2026-01-31,10-Q,2026-03-03,,,353000000,364000000,59000000,305000000,1.07,268000000,93000000,41000000,67000000,25000000,72000000,152000000,1758000000,3050000000,,,12813000000,6908000000,284000000,
A,1090872,Health Care,2026-02-25,10-Q,2026-03-03,,,,,,,,,,,,,,,,,,,,,,282602317
A,1090872,Health Care,2026-04-30,10-Q,2026-06-01,,,399000000,408000000,69000000,339000000,1.2,,,,,25000000,72000000,,1807000000,3051000000,,,13065000000,7122000000,283000000,
A,1090872,Health Care,2026-05-27,10-Q,2026-06-01,,,,,,,,,,,,,,,,,,,,,,282431944
A,1090872,Health Care,2026-07-31,10-Q,2026-09-01,,,444000000,444000000,82000000,362000000,1.28,,,,,29000000,72000000,,1758000000,3645000000,,,13967000000,7363000000,283000000,
A,1090872,Health Care,2026-08-26,10-Q,2026-09-01,,,,,,,,,,,,,,,,,,,,,,281928854
AAPL,320193,Information Technology,2025-03-29,10-Q,2026-05-01,,44867000000,29589000000,29310000000,4530000000,24780000000,1.65,,,,,,,,28162000000,92200000000,78566000000,13638000000,331233000000,66796000000,15056133000,
AAPL,320193,Information Technology,2025-04-18,10-Q,2025-05-02,,,,,,,,,,,,,,,,,,,,,,14935826000
AAPL,320193,Information Technology,2025-06-28,10-Q,2026-07-31,,43718000000,28202000000,28031000000,4597000000,23434000000,1.57,,,,,,,,36269000000,91800000000,82430000000,9345000000,331495000000,65830000000,14948179000,
AAPL,320193,Information Technology,2025-07-18,10-Q,2025-08-01,,,,,,,,,,,,,,,,,,,,,,14840390000
AAPL,320193,Information Technology,2025-09-27,10-K (Q4 derived: FY − 9M YTD),2025-10-31,,48341000000,32427000000,32804000000,5338000000,27466000000,1.8399999999999999,29728000000,3242000000,3183000000,3127000000,,,20132000000,35934000000,90700000000,78328000000,12350000000,359241000000,73733000000,-47029000,
AAPL,320193,Information Technology,2025-10-17,10-K,2025-10-31,,,,,,,,,,,,,,,,,,,,,,14776353000
AAPL,320193,Information Technology,2025-12-27,10-Q,2026-01-30,,69231000000,50852000000,51002000000,8905000000,42097000000,2.84,53925000000,2373000000,3594000000,3214000000,,,24701000000,45317000000,88500000000,76685000000,11827000000,379297000000,88190000000,14810356000,
AAPL,320193,Information Technology,2026-01-16,10-Q,2026-01-30,,,,,,,,,,,,,,,,,,,,,,14681140000
AAPL,320193,Information Technology,2026-03-28,10-Q,2026-05-01,,54781000000,35885000000,35833000000,6255000000,29578000000,2.01,,,,,,,,45572000000,82700000000,74404000000,8310000000,371082000000,106491000000,14725873000,
AAPL,320193,Information Technology,2026-04-17,10-Q,2026-05-01,,,,,,,,,,,,,,,,,,,,,,14687356000
AAPL,320193,Information Technology,2026-06-27,10-Q,2026-07-31,,54770000000,35695000000,36267000000,6478000000,29789000000,2.02,,,,,,,,39544000000,82300000000,71340000000,11007000000,383266000000,107520000000,14714676000,
AAPL,320193,Information Technology,2026-07-17,10-Q,2026-07-31,,,,,,,,,,,,,,,,,,,,,,14594180000
ABBV,1551152,Health Care,2025-03-31,10-Q,2026-05-08,13343000000,,3733000000,1661000000,372000000,1286000000,0.72,1635000000,235000000,410000000,181000000,700000000,2925000000,961000000,5175000000,,,3769000000,136165000000,1420000000,1772000000,
ABBV,1551152,Health Care,2025-04-30,10-Q,2025-05-09,,,,,,,,,,,,,,,,,,,,,,1766403027
ABBV,1551152,Health Care,2025-06-30,10-Q,2026-08-03,15423000000,,4894000000,1554000000,613000000,938000000,0.52,,,,186000000,740000000,,,6467000000,,,1966000000,137182000000,-183000000,1771000000,
ABBV,1551152,Health Care,2025-07-29,10-Q,2025-08-04,,,,,,,,,,,,,,,,,,,,,,1766558253
ABBV,1551152,Health Care,2025-09-30,10-Q,2025-11-04,15776000000,,1904000000,714000000,526000000,186000000,0.1,,,,192000000,739000000,,,5629000000,,,1982000000,133898000000,-2642000000,1772000000,
ABBV,1551152,Health Care,2025-10-27,10-Q,2025-11-04,,,,,,,,,,,,,,,,,,,,,,1767384632
ABBV,1551152,Health Care,2025-12-31,10-K,2026-02-20,16618000000,12066000000,4544000000,2668000000,853000000,1816000000,1.02,5218000000,329000000,157000000,203000000,714000000,2911000000,3000000,5229000000,64503000000,,6056000000,133960000000,-3270000000,1000000,
ABBV,1551152,Health Care,2026-02-10,10-K,2026-02-20,,,,,,,,,,,,,,,,,,,,,,1768169012
ABBV,1551152,Health Care,2026-03-31,10-Q,2026-05-08,15002000000,,3990000000,1039000000,342000000,695000000,0.39,3829000000,265000000,444000000,188000000,717000000,3086000000,1489000000,9391000000,,,8326000000,136463000000,-6656000000,1774000000,
ABBV,1551152,Health Care,2026-04-28,10-Q,2026-05-08,,,,,,,,,,,,,,,,,,,,,,1766792821
ABBV,1551152,Health Care,2026-06-30,10-Q,2026-08-03,16990000000,,6432000000,4278000000,662000000,3613000000,2.03,,,,194000000,746000000,,,6569000000,,,8341000000,135115000000,-5935000000,1771000000,
ABBV,1551152,Health Care,2026-07-27,10-Q,2026-08-03,,,,,,,,,,,,,,,,,,,,,,1767117285
ABNB,1559720,Consumer Discretionary,2023-09-30,10-Q,2024-11-07,3397000000,,1496000000,1679000000,-2695000000,4374000000,,,,,,,,,8175000000,,1990000000,,21439000000,9123000000,660000000,
ABNB,1559720,Consumer Discretionary,2023-12-31,10-K (Q4 derived: FY − 9M YTD),2026-02-12,2218000000,,-496000000,-383000000,-34000000,-349000000,,63000000,,290000000,,,,752000000,6874000000,,1991000000,,20645000000,8165000000,-3000000,
ABNB,1559720,Consumer Discretionary,2024-03-31,10-Q,2025-05-01,2142000000,,101000000,293000000,29000000,264000000,,1923000000,,295000000,,,,750000000,7829000000,,1992000000,,24537000000,7896000000,654000000,
ABNB,1559720,Consumer Discretionary,2024-06-30,10-Q,2025-08-06,2748000000,,497000000,681000000,126000000,555000000,,,,,,,,,7882000000,,1993000000,,26320000000,8002000000,649000000,
ABNB,1559720,Consumer Discretionary,2024-09-30,10-Q,2025-11-06,3732000000,,1525000000,1735000000,367000000,1368000000,,,,,,,,,7670000000,,1994000000,,22172000000,8488000000,642000000,
ABNB,1559720,Consumer Discretionary,2024-12-31,10-K (Q4 derived: FY − 9M YTD),2026-02-12,2480000000,,430000000,622000000,161000000,461000000,,466000000,,368000000,,,,838000000,6864000000,,1995000000,0,20959000000,8412000000,-3000000,
ABNB,1559720,Consumer Discretionary,2025-03-31,10-Q,2026-05-07,2272000000,,38000000,173000000,19000000,154000000,,1789000000,,358000000,,,,807000000,7600000000,,0,1996000000,25056000000,7937000000,632000000,
ABNB,1559720,Consumer Discretionary,2025-06-30,10-Q,2026-08-06,3096000000,,612000000,779000000,137000000,642000000,,,,,,,,,7402000000,,0,1997000000,26992000000,7782000000,626000000,
ABNB,1559720,Consumer Discretionary,2025-09-30,10-Q,2025-11-06,4095000000,,1625000000,1792000000,418000000,1374000000,,,,,,,,,7528000000,,0,1998000000,23064000000,8610000000,621000000,
ABNB,1559720,Consumer Discretionary,2025-12-31,10-K (Q4 derived: FY − 9M YTD),2026-02-12,2778000000,,269000000,393000000,52000000,341000000,,526000000,,411000000,,,,1095000000,6560000000,,0,1999000000,22208000000,8199000000,-3000000,
ABNB,1559720,Consumer Discretionary,2026-03-31,10-Q,2026-05-07,2678000000,,86000000,281000000,121000000,160000000,,1708000000,,410000000,,,,1088000000,7037000000,2475000000,2475000000,0,26828000000,7636000000,608000000,
ABNB,1559720,Consumer Discretionary,2026-06-30,10-Q,2026-08-06,3608000000,,758000000,897000000,81000000,816000000,,,,,,,,,6821000000,2476000000,2476000000,0,28754000000,7799000000,597000000,
ABT,1800,Health Care,2024-01-31,10-K,2024-02-16,,,,,,,,,,,,,,,,,,,,,,1735184289
ABT,1800,Health Care,2024-03-31,10-Q,2025-04-30,9964000000,,1386000000,1436000000,211000000,1225000000,0.7,1025000000,398000000,304000000,333000000,141000000,957000000,226000000,6284000000,,12576000000,2010000000,72467000000,38810000000,1749652000,1739633759
ABT,1800,Health Care,2024-06-30,10-Q,2025-07-30,10377000000,,1669000000,1607000000,305000000,1302000000,0.74,,,,334000000,,,,6987000000,,13139000000,1615000000,73017000000,39318000000,1751153000,1739897004
ABT,1800,Health Care,2024-09-30,10-Q,2025-10-29,10635000000,,1859000000,1940000000,294000000,1646000000,0.94,,,,331000000,,,,7558000000,,12825000000,2154000000,74356000000,39796000000,1747597000,1734455213
ABT,1800,Health Care,2024-12-31,10-K (Q4 derived: FY − 9M YTD),2026-02-20,10974000000,,1911000000,2030000000,-7199000000,9229000000,5.26,2868000000,720000000,111000000,342000000,,958000000,315000000,7616000000,14125000000,12625000000,1500000000,81414000000,47664000000,-1434000,
ABT,1800,Health Care,2025-01-31,10-K,2025-02-21,,,,,,,,,,,,,,,,,,,,,,1734323411
ABT,1800,Health Care,2025-03-31,10-Q,2026-04-29,10358000000,,1693000000,1778000000,453000000,1325000000,0.76,1417000000,484000000,289000000,336000000,,1026000000,280000000,6532000000,,12736000000,506000000,81448000000,48811000000,1747220000,1739836465
ABT,1800,Health Care,2025-06-30,10-Q,2025-07-30,11142000000,,2052000000,2150000000,371000000,1779000000,1.01,,,,357000000,,,,6951000000,,12930000000,507000000,83999000000,50565000000,1750835000,1740459014
ABT,1800,Health Care,2025-09-30,10-Q,2025-10-29,11369000000,,2057000000,2180000000,536000000,1644000000,0.94,,,,371000000,,,,7511000000,,11596000000,1345000000,84181000000,50954000000,1749361000,1738871947
ABT,1800,Health Care,2025-12-31,10-K (Q4 derived: FY − 9M YTD),2026-02-20,11459000000,,2251000000,2358000000,582000000,1776000000,1.02,3315000000,689000000,113000000,370000000,,1030000000,302000000,8522000000,12929000000,9896000000,3033000000,86713000000,52130000000,-1161000,
ABT,1800,Health Care,2026-01-31,10-K,2026-02-20,,,,,,,,,,,,,,,,,,,,,,1737682887
ABT,1800,Health Care,2026-03-31,10-Q,2026-04-29,11164000000,,1345000000,1449000000,372000000,1077000000,0.61,1315000000,399000000,317000000,381000000,,1098000000,180000000,6803000000,,29638000000,4409000000,110429000000,52061000000,1747073000,1741812429
ACGL,947484,Financials,2025-03-31,10-Q,2026-05-05,4673000000,,,,121000000,574000000,1.48,1458000000,9000000,74000000,,35000000,,196000000,1187000000,,,,75176000000,21545000000,381900000,
ACGL,947484,Financials,2025-05-02,10-Q,2025-05-07,,,,,,,,,,,,,,,,,,,,,,374754525
ACGL,947484,Financials,2025-06-30,10-Q,2026-08-04,5213000000,,,,214000000,1237000000,3.23,,,,,38000000,,,983000000,,,,78788000000,23041000000,379900000,
ACGL,947484,Financials,2025-08-01,10-Q,2025-08-05,,,,,,,,,,,,,,,,,,,,,,373220295
ACGL,947484,Financials,2025-09-30,10-Q,2025-11-06,5109000000,,,,215000000,1350000000,3.56,,,,,37000000,,,1063000000,,,,79185000000,23719000000,376100000,
ACGL,947484,Financials,2025-11-05,10-Q,2025-11-06,,,,,,,,,,,,,,,,,,,,,,362625938
ACGL,947484,Financials,2025-12-31,10-K (Q4 derived: FY − 9M YTD),2026-02-26,4934000000,,,,210000000,1238000000,3.34,1404000000,11000000,24000000,,38000000,,798000000,993000000,,,,79241000000,24206000000,-3200000,
ACGL,947484,Financials,2026-02-23,10-K,2026-02-26,,,,,,,,,,,,,,,,,,,,,,355803320
ACGL,947484,Financials,2026-03-31,10-Q,2026-05-05,4521000000,,,,98000000,1047000000,2.88,1188000000,8000000,82000000,,37000000,,783000000,914000000,,,,81446000000,24188000000,359700000,
ACGL,947484,Financials,2026-05-01,10-Q,2026-05-05,,,,,,,,,,,,,,,,,,,,,,349389588
ACGL,947484,Financials,2026-06-30,10-Q,2026-08-04,4668000000,,,,164000000,1057000000,3,,,,,44000000,,,1109000000,,,,85179000000,24030000000,348800000,
ACGL,947484,Financials,2026-07-30,10-Q,2026-08-04,,,,,,,,,,,,,,,,,,,,,,341229126
ACN,1467373,Information Technology,2023-08-31,10-K,2024-10-10,15985200000,,1912920000,1959127000,550915000,1372963000,2.15,3409388000,180294000,383017000,,17403000,,1004553000,9045032000,43093000,,104810000,51245305000,25692839000,639249070,
ACN,1467373,Information Technology,2023-11-30,10-K,2025-10-10,16224303000,,2564887000,2616653000,606672000,1973444000,3.1,498551000,68933000,423000000,,14495000,,1191128000,7140841000,42309000,,104819000,51531354000,26676751000,637398361,
ACN,1467373,Information Technology,2024-02-29,10-K,2025-10-10,15799514000,,2046427000,2095739000,386537000,1674859000,2.63,,,,,10305000,,,5121107000,71635000,,111141000,51307471000,27122853000,636797814,
ACN,1467373,Information Technology,2024-05-31,10-K,2025-10-10,16466828000,,2630865000,2654370000,673022000,1932183000,3.04,,,,,11334000,,,5537217000,68878000,,1610025000,54141319000,27744489000,635607597,
ACN,1467373,Information Technology,2024-08-31,10-K,2025-10-10,16405819000,,2353668000,2332561000,613895000,1684301000,2.66,3389431000,213636000,402788000,,22835000,,628430000,5004469000,78628000,,946229000,55932363000,28288646000,633883494,
ACN,1467373,Information Technology,2024-11-30,10-Q,2025-12-18,17689545000,,2948477000,2955245000,639055000,2278894000,3.59,1022486000,152205000,470425000,,30042000,,898264000,8306055000,5039460000,,114321000,59868070000,29190495000,634656410,
ACN,1467373,Information Technology,2025-02-28,10-Q,2026-03-19,16659301000,,2244714000,2288774000,466333000,1788075000,2.82,,,,,64669000,,,8490438000,5042111000,,115179000,59869756000,29246053000,634211978,
ACN,1467373,Information Technology,2025-05-31,10-Q,2026-06-18,17727871000,,2982782000,2951139000,707176000,2197501000,3.49,,,,,67601000,,,9631607000,5035975000,,115064000,63362028000,30554725000,630457461,
ACN,1467373,Information Technology,2025-08-31,10-K,2025-10-10,17596260000,,2049691000,2075235000,625429000,1413963000,2.25,3914147000,107915000,439547000,,66243000,,473888000,11478729000,5034169000,,114484000,65394897000,31195446000,629418129,
ACN,1467373,Information Technology,2025-11-30,10-Q,2025-12-18,18742125000,,2873698000,2967670000,725774000,2211561000,3.54,1664097000,156582000,468992000,,65365000,,2330593000,9649405000,5031646000,,113676000,64698463000,30867503000,626043040,
ACN,1467373,Information Technology,2026-02-28,10-Q,2026-03-19,18044066000,,2493547000,2456654000,597266000,1825239000,2.93,,,,,63566000,,,9399183000,5030322000,,114063000,67064216000,31210676000,622640891,
ACN,1467373,Information Technology,2026-05-31,10-Q,2026-06-18,18718144000,,3175298000,3149828000,761935000,2338989000,3.8,,,,,70645000,,,10165245000,5029449000,,112816000,68806561000,31890566000,615593409,
ADBE,796343,Information Technology,2025-02-28,10-Q,2026-03-25,5714000000,5092000000,2163000000,2182000000,371000000,1811000000,4.14,2482000000,26000000,475000000,217000000,,,3250000000,6758000000,6155000000,,,29955000000,13095000000,437600000,
ADBE,796343,Information Technology,2025-03-21,10-Q,2025-03-26,,,,,,,,,,,,,,,,,,,,,,426200000
ADBE,796343,Information Technology,2025-05-30,10-Q,2026-06-15,5873000000,5235000000,2109000000,2101000000,410000000,1691000000,3.94,,,,,,,,4931000000,6166000000,,0,28107000000,11448000000,428900000,
ADBE,796343,Information Technology,2025-06-20,10-Q,2025-06-25,,,,,,,,,,,,,,,,,,,,,,424200000
ADBE,796343,Information Technology,2025-08-29,10-Q,2025-09-24,5988000000,5346000000,2173000000,2187000000,415000000,1772000000,4.18,,,,,,,,4982000000,6200000000,,0,28754000000,11770000000,424100000,
ADBE,796343,Information Technology,2025-09-19,10-Q,2025-09-24,,,,,,,,,,,,,,,,,,,,,,418600000
ADBE,796343,Information Technology,2025-11-28,10-K (Q4 derived: FY − 9M YTD),2026-01-15,6194000000,5545000000,2261000000,2264000000,408000000,1856000000,4.4399999999999995,3160000000,34000000,489000000,184000000,,,2474000000,5431000000,6210000000,,0,29496000000,11623000000,-3200000,
ADBE,796343,Information Technology,2026-01-09,10-K,2026-01-15,,,,,,,,,,,,,,,,,,,,,,410500000
ADBE,796343,Information Technology,2026-02-27,10-Q,2026-03-25,6398000000,5734000000,2418000000,2422000000,533000000,1889000000,4.6,2958000000,37000000,509000000,174000000,,,2478000000,6332000000,5379000000,,850000000,29704000000,11433000000,410800000,
ADBE,796343,Information Technology,2026-03-20,10-Q,2026-03-25,,,,,,,,,,,,,,,,,,,,,,404200000
ADBE,796343,Information Technology,2026-05-29,10-Q,2026-06-15,6618000000,5903000000,2238000000,2238000000,526000000,1712000000,4.25,,,,,,,,4919000000,4802000000,,,29933000000,11518000000,402500000,
ADBE,796343,Information Technology,2026-06-11,10-Q,2026-06-15,,,,,,,,,,,,,,,,,,,,,,397500000
ADI,6281,Information Technology,2023-10-28,10-K (Q4 derived: FY − 9M YTD),2025-11-25,,1646716000,634415000,571786000,73356000,498430000,1.0,1187294000,476393000,72710000,82919000,71590000,427985000,469937000,958061000,,5902457000,499052000,48794478000,35565122000,-1845000,496261678
ADI,6281,Information Technology,2024-02-03,10-Q,2025-02-19,,1473941000,585964000,513418000,50691000,462727000,0.93,1138832000,222978000,69815000,84348000,77141000,426076000,180351000,1303560000,,5946673000,499322000,48388464000,35548073000,498741000,495908150
ADI,6281,Information Technology,2024-05-04,10-Q,2025-05-22,,1180035000,386123000,324603000,22361000,302242000,0.61,,,,,77103000,,,1939695000,,6611681000,898776000,48861866000,35248789000,498533000,496216857
ADI,6281,Information Technology,2024-08-03,10-Q,2025-08-20,,1311239000,491319000,422991000,30759000,392232000,0.79,,,,,,,,2106032000,,6655723000,899251000,48618374000,35190109000,498794000,496493455
ADI,6281,Information Technology,2024-11-02,10-K (Q4 derived: FY − 9M YTD),2025-11-25,,1416128000,569392000,516328000,38256000,478072000,0.96,1050817000,165410000,70448000,97241000,,456756000,94878000,1991342000,,6634313000,399636000,48228277000,35176317000,8000,496296854
ADI,6281,Information Technology,2025-02-01,10-Q,2026-02-18,,1430303000,491313000,435576000,44260000,391316000,0.78,1126809000,148978000,77574000,98447000,,456338000,160368000,2349994000,,6618556000,399855000,47967546000,35070535000,498668000,495976483
ADI,6281,Information Technology,2025-05-03,10-Q,2026-05-20,,1611610000,677944000,625928000,56158000,569770000,1.14,,,,,,,,2376235000,,6648417000,0,47344487000,35010620000,498201000,496248196
ADI,6281,Information Technology,2025-08-02,10-Q,2026-08-19,,1789748000,818028000,763409000,244891000,518518000,1.04,,,,,,,,2321191000,,8139938000,0,48192601000,34085842000,496726000,491955436
ADI,6281,Information Technology,2025-11-01,10-K (Q4 derived: FY − 9M YTD),2025-11-25,,1941817000,945211000,887199000,99461000,787738000,1.5899999999999994,1700810000,215153000,86452000,105478000,,486892000,680472000,2499406000,,8145066000,0,47992712000,33815755000,-1156000,489654097
ADI,6281,Information Technology,2026-01-31,10-Q,2026-02-18,,2044976000,997026000,945871000,115045000,830826000,1.69,1368515000,109313000,85675000,105886000,,484260000,516499000,2905860000,,7240279000,898900000,47991190000,33787259000,491656000,488204157
ADI,6281,Information Technology,2026-05-02,10-Q,2026-05-20,,2439798000,1379680000,1324828000,148478000,1176350000,2.4,,,,,,,,2436916000,,7235424000,899227000,47949095000,33742033000,490458000,487087040
ADI,6281,Information Technology,2026-08-01,10-Q,2026-08-19,,2707544000,1612969000,1545869000,205779000,1340090000,2.74,,,,,,,,2165870000,,6771624000,1344855000,48424417000,33550897000,488837000,484565465
ADM,7084,Consumer Staples,2025-03-31,10-Q,2026-05-05,20175000000,1180000000,,353000000,61000000,295000000,0.61,-342000000,291000000,50000000,287000000,158000000,247000000,0,864000000,,7596000000,704000000,53402000000,22127000000,483000000,
ADM,7084,Consumer Staples,2025-04-28,10-Q,2025-05-06,,,,,,,,,,,,,,,,,,,,,,480450015
ADM,7084,Consumer Staples,2025-06-30,10-Q,2026-08-04,21166000000,1370000000,,279000000,62000000,219000000,0.45,,,,,159000000,,,1057000000,,7606000000,766000000,51996000000,22438000000,484000000,
ADM,7084,Consumer Staples,2025-07-28,10-Q,2025-08-05,,,,,,,,,,,,,,,,,,,,,,480464483
ADM,7084,Consumer Staples,2025-09-30,10-Q,2025-11-04,20372000000,1270000000,,147000000,37000000,108000000,0.22,,,,,153000000,,,1235000000,,6609000000,1001000000,51918000000,22502000000,484000000,
ADM,7084,Consumer Staples,2025-10-27,10-Q,2025-11-04,,,,,,,,,,,,,,,,,,,,,,480569735
ADM,7084,Consumer Staples,2025-12-31,10-K (Q4 derived: FY − 9M YTD),2026-02-17,18556000000,1213000000,,476000000,22000000,456000000,0.94,-313000000,356000000,-10000000,307000000,142000000,244000000,0,1015000000,7612000000,6606000000,1006000000,52389000000,22740000000,0,
ADM,7084,Consumer Staples,2026-02-10,10-K,2026-02-17,,,,,,,,,,,,,,,,,,,,,,481201844
ADM,7084,Consumer Staples,2026-03-31,10-Q,2026-05-05,20490000000,1222000000,,384000000,81000000,298000000,0.62,150000000,194000000,64000000,293000000,149000000,254000000,,591000000,,6457000000,1153000000,55598000000,22811000000,484000000,
ADM,7084,Consumer Staples,2026-04-30,10-Q,2026-05-05,,,,,,,,,,,,,,,,,,,,,,481956527
ADM,7084,Consumer Staples,2026-06-30,10-Q,2026-08-04,22681000000,1935000000,,1088000000,176000000,908000000,1.87,,,,,148000000,,,1060000000,,6451000000,1153000000,53527000000,23580000000,485000000,
ADM,7084,Consumer Staples,2026-07-30,10-Q,2026-08-04,,,,,,,,,,,,,,,,,,,,,,481959583
ADP,8670,Industrials,2025-03-31,10-Q,2026-04-30,,,,1621900000,372400000,1249500000,3.06,,,,147100000,74800000,,,2680600000,,2982500000,,56448600000,5855300000,408500000,
ADP,8670,Industrials,2025-04-28,10-Q,2025-05-01,,,,,,,,,,,,,,,,,,,,,,405922749
ADP,8670,Industrials,2025-06-30,10-K (Q4 derived: FY − 9M YTD),2026-08-05,,,,1190700000,280000000,910700000,2.2300000000000004,1439200000,34100000,63600000,145700000,113700000,625800000,324000000,3347800000,,3974700000,,53369300000,6188000000,-400000,
ADP,8670,Industrials,2025-08-01,10-K,2025-08-06,,,,,,,,,,,,,,,,,,,,,,405043142
ADP,8670,Industrials,2025-09-30,10-Q,2025-10-31,,,,1307500000,294500000,1013000000,2.49,642300000,46700000,58700000,146700000,135400000,626700000,366000000,2478000000,,3975600000,,54320800000,6373800000,406500000,
ADP,8670,Industrials,2025-10-28,10-Q,2025-10-31,,,,,,,,,,,,,,,,,,,,,,404448744
ADP,8670,Industrials,2025-12-31,10-Q,2026-01-29,,,,1383200000,321200000,1062000000,2.62,,,,145600000,124100000,,,2424700000,,3976400000,,84639400000,6393000000,404700000,
ADP,8670,Industrials,2026-01-26,10-Q,2026-01-29,,,,,,,,,,,,,,,,,,,,,,402644364
ADP,8670,Industrials,2026-03-31,10-Q,2026-04-30,,,,1781800000,422000000,1359800000,3.38,,,,146400000,78700000,,,3228400000,,3977300000,,64484200000,6350100000,402500000,
ADP,8670,Industrials,2026-04-27,10-Q,2026-04-30,,,,,,,,,,,,,,,,,,,,,,399734282
ADP,8670,Industrials,2026-06-30,10-K (Q4 derived: FY − 9M YTD),2026-08-05,,,,1257800000,279200000,978600000,2.4499999999999993,1428000000,72800000,59700000,147200000,121000000,683200000,620100000,4230100000,,4964100000,,63193300000,6031200000,-1200000,
ADP,8670,Industrials,2026-07-31,10-K,2026-08-05,,,,,,,,,,,,,,,,,,,,,,397262737
ADSK,769397,Information Technology,2025-04-30,10-Q,2026-05-29,1633000000,1473000000,233000000,234000000,82000000,152000000,0.7,564000000,8000000,230000000,,18000000,,354000000,1816000000,2300000000,,,10585000000,2617000000,216000000,
ADSK,769397,Information Technology,2025-05-22,10-Q,2025-05-29,,,,,,,,,,,,,,,,,,,,,,214000000
ADSK,769397,Information Technology,2025-07-31,10-Q,2026-08-28,1763000000,1604000000,444000000,456000000,143000000,313000000,1.46,,,,,19000000,,,2003000000,2500000000,,,10856000000,2715000000,215000000,
ADSK,769397,Information Technology,2025-08-26,10-Q,2025-09-02,,,,,,,,,,,,,,,,,,,,,,213000000
ADSK,769397,Information Technology,2025-10-31,10-Q,2025-11-26,1853000000,1688000000,470000000,468000000,125000000,343000000,1.6,,,,,22000000,,,1989000000,2500000000,,,11198000000,2893000000,215000000,
ADSK,769397,Information Technology,2025-11-20,10-Q,2025-11-26,,,,,,,,,,,,,,,,,,,,,,212000000
ADSK,769397,Information Technology,2026-01-31,10-K (Q4 derived: FY − 9M YTD),2026-03-03,1957000000,1791000000,431000000,445000000,129000000,316000000,1.4700000000000006,989000000,17000000,181000000,,21000000,,331000000,2249000000,2500000000,,,12467000000,3045000000,0,
ADSK,769397,Information Technology,2026-02-23,10-K,2026-03-03,,,,,,,,,,,,,,,,,,,,,,211000000
ADSK,769397,Information Technology,2026-04-30,10-Q,2026-05-29,1934000000,1759000000,541000000,599000000,108000000,491000000,2.32,893000000,17000000,155000000,,21000000,,448000000,2671000000,2500000000,,,11932000000,3189000000,212000000,
ADSK,769397,Information Technology,2026-05-21,10-Q,2026-05-29,,,,,,,,,,,,,,,,,,,,,,211000000
ADSK,769397,Information Technology,2026-07-31,10-Q,2026-08-28,2046000000,1870000000,599000000,593000000,101000000,492000000,2.33,,,,,,,,4098000000,2500000000,,,12983000000,3383000000,211000000,
ADSK,769397,Information Technology,2026-08-21,10-Q,2026-08-28,,,,,,,,,,,,,,,,,,,,,,209000000
AEE,1002910,Utilities,2025-03-31,10-Q,2026-05-08,2097000000,,430000000,340000000,50000000,,1.07,431000000,1064000000,7000000,395000000,175000000,191000000,,23000000,,18354000000,17000000,45665000000,12219000000,271400000,
AEE,1002910,Utilities,2025-04-30,10-Q,2025-05-05,,,,,,,,,,,,,,,,,,,,,,270278917
AEE,1002910,Utilities,2025-06-30,10-Q,2026-08-03,2221000000,,411000000,320000000,43000000,,1.01,,,,,187000000,,,11000000,,18811000000,29000000,46625000000,12314000000,271600000,
AEE,1002910,Utilities,2025-07-31,10-Q,2025-08-04,,,,,,,,,,,,,,,,,,,,,,270409918
AEE,1002910,Utilities,2025-09-30,10-Q,2025-11-06,2699000000,,825000000,693000000,52000000,,2.35,,,,,208000000,,,9000000,,19172000000,29000000,47416000000,12780000000,272200000,
AEE,1002910,Utilities,2025-10-31,10-Q,2025-11-06,,,,,,,,,,,,,,,,,,,,,,270494916
AEE,1002910,Utilities,2025-12-31,10-K (Q4 derived: FY − 9M YTD),2026-02-18,1782000000,,360000000,244000000,-9000000,,0.9199999999999999,956000000,1010000000,7000000,413000000,206000000,192000000,,13000000,19431000000,18214000000,973000000,48476000000,13401000000,500000,
AEE,1002910,Utilities,2026-01-30,10-K,2026-02-18,,,,,,,,,,,,,,,,,,,,,,276424515
AEE,1002910,Utilities,2026-03-31,10-Q,2026-05-08,2176000000,,532000000,418000000,60000000,,1.28,421000000,1574000000,8000000,417000000,204000000,208000000,,13000000,,19003000000,1123000000,49846000000,13556000000,278400000,
AEE,1002910,Utilities,2026-04-30,10-Q,2026-05-08,,,,,,,,,,,,,,,,,,,,,,276751616
AEE,1002910,Utilities,2026-06-30,10-Q,2026-08-03,2092000000,,459000000,368000000,52000000,,1.13,,,,,209000000,,,12000000,,19064000000,1524000000,51216000000,13687000000,278700000,
AEE,1002910,Utilities,2026-07-30,10-Q,2026-08-03,,,,,,,,,,,,,,,,,,,,,,276843251
AEP,4904,Utilities,2024-09-30,10-Q,2025-10-29,5420100000,,1351500000,,37500000,961700000,1.8,,,,,498800000,,,245800000,41974400000,39147700000,2826700000,100119100000,26617400000,533600842,
AEP,4904,Utilities,2024-11-06,10-Q,2024-11-06,,,,,,,,,,,,,,,,,,,,,,532565335
AEP,4904,Utilities,2024-12-31,10-K (Q4 derived: FY − 9M YTD),2026-02-12,4696000000,,1096000000,,58700000,,1.2400000000000002,1727100000,,,,,495300000,,203000000,42643000000,39308000000,3335000000,103078000000,26944000000,880718,532907715
AEP,4904,Utilities,2025-03-31,10-Q,2026-05-05,5463000000,,1284000000,,125000000,,1.5,1450000000,,,,,500000000,,256800000,42989800000,38810900000,4178900000,104394600000,27320700000,534663493,
AEP,4904,Utilities,2025-05-06,10-Q,2025-05-06,,,,,,,,,,,,,,,,,,,,,,534195026
AEP,4904,Utilities,2025-06-30,10-Q,2025-07-30,5086900000,,1399100000,,-250900000,,2.29,,,,,,,,227300000,44525500000,41313100000,3212400000,107778500000,29871100000,536425635,
AEP,4904,Utilities,2025-07-30,10-Q,2025-07-30,,,,,,,,,,,,,,,,,,,,,,534794763
AEP,4904,Utilities,2025-09-30,10-Q,2025-10-29,6010400000,,1521400000,,138700000,,1.81,,,,,,,,1067700000,46137600000,44239000000,1898600000,110253500000,30389300000,537988799,
AEP,4904,Utilities,2025-10-29,10-Q,2025-10-29,,,,,,,,,,,,,,,,,,,,,,535265602
AEP,4904,Utilities,2025-12-31,10-K (Q4 derived: FY − 9M YTD),2026-02-12,5315300000,,1114300000,,115700000,,1.0700000000000003,1813200000,,,,,510100000,,197000000,47322000000,44128000000,3194000000,114460000000,31138000000,1103150,540861473
AEP,4904,Utilities,2026-03-31,10-Q,2026-05-05,6020000000,,1360000000,,44000000,,1.6,1519000000,,,,,520000000,,306000000,49554000000,46850000000,2704000000,117776000000,31808000000,547054104,
AEP,4904,Utilities,2026-05-05,10-Q,2026-05-05,,,,,,,,,,,,,,,,,,,,,,544104955
AES,874761,Utilities,2025-04-10,10-K/A,2025-04-11,,,,,,,,,,,,,,,,,,,,,,711908057
AES,874761,Utilities,2025-04-29,10-Q,2025-05-01,,,,,,,,,,,,,,,,,,,,,,711922815
AES,874761,Utilities,2025-06-30,10-Q,2026-08-04,2855000000,453000000,,,167000000,-95000000,-0.15,,,,,352000000,,,1350000000,,,,48542000000,3369000000,712000000,
AES,874761,Utilities,2025-07-30,10-Q,2025-08-01,,,,,,,,,,,,,,,,,,,,,,712049564
AES,874761,Utilities,2025-09-30,10-Q,2025-11-04,3351000000,735000000,,,-226000000,639000000,0.89,,,,,348000000,,,1758000000,,,,50783000000,3865000000,714000000,
AES,874761,Utilities,2025-10-31,10-Q,2025-11-04,,,,,,,,,,,,,,,,,,,,,,712120944
AES,874761,Utilities,2025-12-31,10-K (Q4 derived: FY − 9M YTD),2026-03-02,3101000000,582000000,,,-139000000,320000000,0.44999999999999996,1488000000,1535000000,,,365000000,125000000,,1382000000,,,,51768000000,4063000000,0,
AES,874761,Utilities,2026-02-24,10-K,2026-03-02,,,,,,,,,,,,,,,,,,,,,,712558860
AES,874761,Utilities,2026-03-31,10-Q,2026-05-05,3180000000,640000000,,,-41000000,487000000,0.68,1201000000,1766000000,,,353000000,125000000,,1600000000,,,,52819000000,4420000000,715000000,
AES,874761,Utilities,2026-05-01,10-Q,2026-05-05,,,,,,,,,,,,,,,,,,,,,,713157713
AES,874761,Utilities,2026-06-30,10-Q,2026-08-04,3422000000,692000000,,,28000000,426000000,0.6,,,,,368000000,,,1800000000,,,,54238000000,4942000000,715000000,
AES,874761,Utilities,2026-07-31,10-Q,2026-08-04,,,,,,,,,,,,,,,,,,,,,,713438630
AFL,4977,Financials,2025-03-31,10-Q,2026-05-06,3398000000,,,145000000,116000000,29000000,0.05,589000000,,,,,306000000,900000000,5231000000,7751000000,,,120258000000,26338000000,546878000,
AFL,4977,Financials,2025-04-29,10-Q,2025-05-07,,,,,,,,,,,,,,,,,,,,,,540645028
AFL,4977,Financials,2025-06-30,10-Q,2026-08-07,4160000000,,,822000000,223000000,599000000,1.11,,,,,,,,6965000000,8933000000,,,124736000000,27200000000,538425000,
AFL,4977,Financials,2025-07-28,10-Q,2025-08-05,,,,,,,,,,,,,,,,,,,,,,534831490
AFL,4977,Financials,2025-09-30,10-Q,2025-11-05,4740000000,,,1994000000,355000000,1639000000,3.08,,,,,,,,6768000000,8685000000,,,122306000000,28688000000,532015000,
AFL,4977,Financials,2025-10-27,10-Q,2025-11-05,,,,,,,,,,,,,,,,,,,,,,524113917
AFL,4977,Financials,2025-12-31,10-K (Q4 derived: FY − 9M YTD),2026-02-25,4866000000,,,1572000000,193000000,1379000000,2.6100000000000003,315000000,,,,,292000000,801000000,6245000000,8409000000,,,116470000000,29490000000,-4174000,
AFL,4977,Financials,2026-02-16,10-K,2026-02-25,,,,,,,,,,,,,,,,,,,,,,516369452
AFL,4977,Financials,2026-03-31,10-Q,2026-05-06,4346000000,,,1225000000,206000000,1019000000,1.98,968000000,,,,,304000000,1000000000,5654000000,7908000000,,,116280000000,29961000000,514785000,
AFL,4977,Financials,2026-04-28,10-Q,2026-05-06,,,,,,,,,,,,,,,,,,,,,,508984904
AFL,4977,Financials,2026-06-30,10-Q,2026-08-07,4117000000,,,995000000,170000000,825000000,1.63,,,,,,,,6120000000,8729000000,,,115961000000,30312000000,505578000,
AFL,4977,Financials,2026-07-28,10-Q,2026-08-07,,,,,,,,,,,,,,,,,,,,,,501343298
AIG,5272,Financials,2025-03-31,10-Q,2026-05-01,6783000000,,,960000000,262000000,698000000,1.16,-56000000,,,866000000,92000000,234000000,2229000000,1408000000,,,,161864000000,41431000000,599240046,
AIG,5272,Financials,2025-04-25,10-Q,2025-05-02,,,,,,,,,,,,,,,,,,,,,,576330260
AIG,5272,Financials,2025-06-30,10-Q,2026-08-07,7091000000,,,1544000000,400000000,1144000000,1.98,,,,,100000000,,,1841000000,,,,165971000000,41501000000,577941232,
AIG,5272,Financials,2025-08-01,10-Q,2025-08-07,,,,,,,,,,,,,,,,,,,,,,554003850
AIG,5272,Financials,2025-09-30,10-Q,2025-11-05,6351000000,,,714000000,190000000,519000000,0.93,,,,,99000000,,,1594000000,,,,163415000000,41085000000,558519830,
AIG,5272,Financials,2025-10-30,10-Q,2025-11-05,,,,,,,,,,,,,,,,,,,,,,539576054
AIG,5272,Financials,2025-12-31,10-K (Q4 derived: FY − 9M YTD),2026-02-12,6550000000,,,661000000,-70000000,735000000,1.3499999999999996,636000000,,,875000000,105000000,242000000,584000000,1345000000,9191000000,,,161254000000,41139000000,-8071239,
AIG,5272,Financials,2026-02-06,10-K,2026-02-12,,,,,,,,,,,,,,,,,,,,,,536559663
AIG,5272,Financials,2026-03-31,10-Q,2026-05-01,6650000000,,,987000000,224000000,,1.41,155000000,,,849000000,100000000,241000000,508000000,1528000000,,,,161543000000,40405000000,542160956,
AIG,5272,Financials,2026-04-24,10-Q,2026-05-01,,,,,,,,,,,,,,,,,,,,,,530206221
AIG,5272,Financials,2026-06-30,10-Q,2026-08-07,7085000000,,,1264000000,316000000,,1.78,,,,,100000000,,,1565000000,,,,163464000000,40606000000,533574538,
AIG,5272,Financials,2026-07-31,10-Q,2026-08-07,,,,,,,,,,,,,,,,,,,,,,522893169
AIZ,1267238,Financials,2025-03-31,10-Q,2026-05-07,3074000000,,,183700000,37100000,146600000,2.83,392400000,53400000,15100000,56700000,,40900000,64300000,1669600000,,,,34988400000,5234200000,51248716,
AIZ,1267238,Financials,2025-05-02,10-Q,2025-05-08,,,,,,,,,,,,,,,,,,,,,,50702324
AIZ,1267238,Financials,2025-06-30,10-Q,2026-08-06,3158400000,,,289000000,53700000,235300000,4.56,,,,,,,,1486700000,,,,35525900000,5498500000,51112351,
AIZ,1267238,Financials,2025-08-01,10-Q,2025-08-07,,,,,,,,,,,,,,,,,,,,,,50459211
AIZ,1267238,Financials,2025-09-30,10-Q,2025-11-06,3231500000,,,331200000,65600000,265600000,5.17,,,,,,,,1712500000,,,,35782100000,5758500000,51320491,
AIZ,1267238,Financials,2025-10-31,10-Q,2025-11-06,,,,,,,,,,,,,,,,,,,,,,50081110
AIZ,1267238,Financials,2025-12-31,10-K (Q4 derived: FY − 9M YTD),2026-02-19,3350400000,,,283500000,58300000,225200000,4.379999999999999,671000000,59300000,25000000,72000000,,44200000,94300000,1834100000,,,,36289600000,5871600000,-520417,
AIZ,1267238,Financials,2026-02-13,10-K,2026-02-19,,,,,,,,,,,,,,,,,,,,,,49699769
AIZ,1267238,Financials,2026-03-31,10-Q,2026-05-07,3420100000,,,335600000,61500000,274100000,5.41,240300000,47700000,17600000,66500000,,44000000,124200000,1591700000,,,,35768500000,5869400000,50197547,
AIZ,1267238,Financials,2026-05-01,10-Q,2026-05-07,,,,,,,,,,,,,,,,,,,,,,49547637
AIZ,1267238,Financials,2026-06-30,10-Q,2026-08-06,3454200000,,,376900000,78300000,298600000,5.95,,,,,,,,1698700000,,,,36081400000,6097900000,49831416,
AIZ,1267238,Financials,2026-07-31,10-Q,2026-08-06,,,,,,,,,,,,,,,,,,,,,,49323767
AJG,354190,Financials,2024-03-31,10-Q,2025-05-02,,,,772700000,160000000,608400000,2.74,789300000,,11100000,207700000,92200000,130700000,,,,7989600000,,60975900000,11300800000,,218500000
AJG,354190,Financials,2024-06-30,10-Q,2025-08-01,,,,365600000,80200000,283400000,1.27,,,,,94300000,,,,,7790900000,,63007700000,11572500000,,219100000
AJG,354190,Financials,2024-09-30,10-Q,2025-11-10,,,,403300000,89200000,312600000,1.39,,,,,92900000,,,,,7791900000,,57242700000,12184000000,,219400000
AJG,354190,Financials,2024-12-31,10-K (Q4 derived: FY − 9M YTD),2026-02-17,,,,333400000,74600000,258600000,1.0999999999999996,739400000,,9900000,213700000,101600000,131400000,,,23000000,12732000000,,64255000000,20154000000,,
AJG,354190,Financials,2025-01-31,10-K,2025-02-18,,,,,,,,,,,,,,,,,,,,,,254700000
AJG,354190,Financials,2025-03-31,10-Q,2026-05-07,,,,873000000,164000000,704000000,2.72,872000000,,14000000,255000000,158000000,166000000,0,,,12419800000,,74096000000,22320100000,,256100000
AJG,354190,Financials,2025-06-30,10-Q,2026-08-05,,,,473000000,105000000,368000000,1.4,,,,,158000000,,,,,12097900000,,80123000000,23023100000,,256400000
AJG,354190,Financials,2025-09-30,10-Q,2025-11-10,,,,346900000,73300000,272700000,1.04,,,,,160800000,,,,,12100900000,,79067900000,23205800000,,256800000
AJG,354190,Financials,2025-12-31,10-K (Q4 derived: FY − 9M YTD),2026-02-17,,,,180000000,25700000,151100000,0.5800000000000001,753000000,,11700000,361500000,161200000,167500000,,,12873000000,12104000000,,70665000000,23321000000,,
AJG,354190,Financials,2026-01-31,10-K,2026-02-17,,,,,,,,,,,,,,,,,,,,,,257100000
AJG,354190,Financials,2026-03-31,10-Q,2026-05-07,,,,1043000000,220000000,822000000,3.16,957000000,,17000000,339000000,158000000,180000000,310000000,,,12077000000,,78301000000,23775000000,,256900000
AJG,354190,Financials,2026-06-30,10-Q,2026-08-05,,,,414000000,90000000,324000000,1.25,,,,,168000000,,,,,11955000000,,81808000000,23717000000,,256300000
AKAM,1086222,Information Technology,2025-03-31,10-Q,2026-05-08,,,154583000,173383000,50212000,123171000,0.82,251200000,117776000,111978000,174022000,,,499963000,1097026000,,,,9982190000,4584561000,151064000,
AKAM,1086222,Information Technology,2025-05-05,10-Q,2025-05-09,,,,,,,,,,,,,,,,,,,,,,146206374
AKAM,1086222,Information Technology,2025-06-30,10-Q,2026-08-07,,,151461000,151938000,48320000,103618000,0.71,,,,,,,,850302000,,,,10536135000,4467508000,145249000,
AKAM,1086222,Information Technology,2025-08-04,10-Q,2025-08-08,,,,,,,,,,,,,,,,,,,,,,143385528
AKAM,1086222,Information Technology,2025-09-30,10-Q,2025-11-07,,,166024000,173165000,32995000,140170000,0.97,,,,,,,,927933000,,,,10833273000,4731944000,144811000,
AKAM,1086222,Information Technology,2025-11-03,10-Q,2025-11-07,,,,,,,,,,,,,,,,,,,,,,143865237
AKAM,1086222,Information Technology,2025-12-31,10-K (Q4 derived: FY − 9M YTD),2026-02-20,,,94876000,,18847000,85072000,0.5699999999999998,366584000,131694000,119225000,182505000,,,0,930231000,,,,11479643000,4977371000,-18000,
AKAM,1086222,Information Technology,2026-02-16,10-K,2026-02-20,,,,,,,,,,,,,,,,,,,,,,144888114
AKAM,1086222,Information Technology,2026-03-31,10-Q,2026-05-08,,,114494000,121998000,15679000,106319000,0.71,312508000,101686000,128681000,183751000,,,205886000,622383000,,,,11645752000,4908825000,150022000,
AKAM,1086222,Information Technology,2026-05-04,10-Q,2026-05-08,,,,,,,,,,,,,,,,,,,,,,145385451
AKAM,1086222,Information Technology,2026-06-30,10-Q,2026-08-07,,,80284000,100027000,20623000,79404000,0.52,,,,,,,,1480257000,,,,15073420000,4748517000,153686000,
AKAM,1086222,Information Technology,2026-08-03,10-Q,2026-08-07,,,,,,,,,,,,,,,,,,,,,,143716609
ALB,915913,Materials,2025-03-31,10-Q,2026-05-06,1076881000,156299000,19761000,,-3978000,41348000,0,547207000,182624000,6966000,161754000,48977000,47607000,,1518511000,3539132000,3128655000,410477000,16999258000,10028239000,117603000,
ALB,915913,Materials,2025-04-23,10-Q,2025-04-30,,,,,,,,,,,,,,,,,,,,,,117660914
ALB,915913,Materials,2025-06-30,10-Q,2026-08-05,1329992000,196876000,47527000,,34094000,22897000,-0.16,,,,168731000,49939000,,,1806829000,3623022000,3178111000,444911000,17291927000,10240526000,117665000,
ALB,915913,Materials,2025-07-25,10-Q,2025-08-04,,,,,,,,,,,,,,,,,,,,,,117682932
ALB,915913,Materials,2025-09-30,10-Q,2025-11-05,1307829000,117610000,-216986000,,-30565000,-160694000,-1.72,,,,164483000,50959000,,,1931758000,3626393000,3181009000,445384000,17148285000,9996113000,117685000,
ALB,915913,Materials,2025-10-29,10-Q,2025-11-05,,,,,,,,,,,,,,,,,,,,,,117697540
ALB,915913,Materials,2025-12-31,10-K (Q4 derived: FY − 9M YTD),2026-02-11,1428031000,197934000,-217386000,,157330000,-414179000,-3.88,388485000,155385000,12223000,163710000,57776000,47631000,,1618001000,3193541000,3119464000,74077000,16374211000,9533365000,13000,
ALB,915913,Materials,2026-02-04,10-K/A,2026-03-31,,,,,,,,,,,,,,,,,,,,,,117847220
ALB,915913,Materials,2026-03-31,10-Q,2026-05-06,1428731000,500966000,233506000,,21511000,319091000,2.34,346244000,98676000,7883000,157805000,33121000,47667000,,1089809000,1881831000,1807203000,74628000,15139578000,9850174000,118607000,
ALB,915913,Materials,2026-04-29,10-Q,2026-05-06,,,,,,,,,,,,,,,,,,,,,,117934651
ALB,915913,Materials,2026-06-30,10-Q,2026-08-05,1743313000,590301000,452944000,,94002000,479959000,3.52,,,,155801000,30924000,,,1631688000,1876784000,1802107000,74677000,15905095000,10275169000,136212000,
ALB,915913,Materials,2026-07-29,10-Q,2026-08-05,,,,,,,,,,,,,,,,,,,,,,118005057
ALGN,1097149,Health Care,2025-03-31,10-Q,2026-05-06,,680108000,131100000,140442000,47212000,93230000,1.27,52676000,25289000,44997000,39148000,,,201088000,873012000,,,,6102820000,3794243000,73615000,
ALGN,1097149,Health Care,2025-05-01,10-Q,2025-05-08,,,,,,,,,,,,,,,,,,,,,,72484841
ALGN,1097149,Health Care,2025-06-30,10-Q,2026-08-05,,708117000,163033000,173516000,48908000,124608000,1.72,,,48208000,40576000,,,,901157000,,,,6219094000,3912779000,72593000,
ALGN,1097149,Health Care,2025-08-01,10-Q,2025-08-06,,,,,,,,,,,,,,,,,,,,,,72486368
ALGN,1097149,Health Care,2025-09-30,10-Q,2025-11-05,,639201000,96298000,94734000,37981000,56753000,0.78,,,48377000,55717000,,,,1004589000,,,,6233552000,3957458000,72419000,
ALGN,1097149,Health Care,2025-10-29,10-Q,2025-11-05,,,,,,,,,,,,,,,,,,,,,,71749995
ALGN,1097149,Health Care,2025-12-31,10-K (Q4 derived: FY − 9M YTD),2026-02-27,,683587000,155324000,176595000,40835000,135760000,1.8800000000000003,223177000,35916000,44288000,101995000,,,97248000,1094908000,,,,6233693000,4049147000,-292000,
ALGN,1097149,Health Care,2026-02-20,10-K,2026-02-27,,,,,,,,,,,,,,,,,,,,,,71282132
ALGN,1097149,Health Care,2026-03-31,10-Q,2026-05-06,,736587000,141955000,148886000,36115000,112771000,1.57,151042000,30785000,40924000,56548000,,,31195000,1059834000,,,,6314173000,4149419000,71614000,
ALGN,1097149,Health Care,2026-05-01,10-Q,2026-05-06,,,,,,,,,,,,,,,,,,,,,,71618127
ALGN,1097149,Health Care,2026-06-30,10-Q,2026-08-05,,757430000,154013000,148693000,40399000,108294000,1.51,,,45560000,40131000,,,,1102591000,,,,6417581000,4232453000,71520000,
ALGN,1097149,Health Care,2026-07-31,10-Q,2026-08-05,,,,,,,,,,,,,,,,,,,,,,71039852
ALL,899051,Financials,2025-03-31,10-Q,2026-04-29,16452000000,,,,123000000,595000000,2.11,1964000000,92000000,,132000000,,244000000,99000000,840000000,8086000000,,,115161000000,22055000000,268800000,
ALL,899051,Financials,2025-04-15,10-Q,2025-04-30,,,,,,,,,,,,,,,,,,,,,,264817505
ALL,899051,Financials,2025-06-30,10-Q,2026-08-05,16633000000,,,,604000000,2109000000,7.76,,,,,,,,995000000,8087000000,,,115894000000,24019000000,267900000,
ALL,899051,Financials,2025-07-14,10-Q,2025-07-30,,,,,,,,,,,,,,,,,,,,,,263505334
ALL,899051,Financials,2025-09-30,10-K,2026-02-20,17255000000,,,,1075000000,3746000000,13.95,,,,,,,,931000000,8089000000,,,120402000000,27505000000,266400000,
ALL,899051,Financials,2025-10-20,10-Q,2025-11-05,,,,,,,,,,,,,,,,,,,,,,261681708
ALL,899051,Financials,2025-12-31,10-K,2026-02-20,17345000000,,,,1088000000,3832000000,14.37,2989000000,89000000,,108000000,,263000000,434000000,678000000,7490000000,,,119758000000,30610000000,-700000,
ALL,899051,Financials,2026-01-30,10-K,2026-02-20,,,,,,,,,,,,,,,,,,,,,,259535842
ALL,899051,Financials,2026-03-31,10-Q,2026-04-29,16941000000,,,,650000000,2457000000,9.25,3562000000,40000000,,101000000,,261000000,614000000,697000000,7491000000,,,123972000000,31607000000,262600000,
ALL,899051,Financials,2026-04-13,10-Q,2026-04-29,,,,,,,,,,,,,,,,,,,,,,257420930
ALL,899051,Financials,2026-06-30,10-Q,2026-08-05,18596000000,,,,871000000,3271000000,12.51,,,,,,,,840000000,7492000000,,,124756000000,33698000000,259100000,
ALL,899051,Financials,2026-07-16,10-Q,2026-08-05,,,,,,,,,,,,,,,,,,,,,,252857950
ALLE,1579241,Industrials,2025-03-31,10-Q,2026-04-28,941900000,,196400000,175200000,27000000,148200000,1.71,104500000,,,,24700000,43600000,40000000,494500000,1997000000,1972000000,25000000,4564100000,,86700000,
ALLE,1579241,Industrials,2025-04-22,10-Q,2025-04-24,,,,,,,,,,,,,,,,,,,,,,86049290
ALLE,1579241,Industrials,2025-06-30,10-Q,2026-07-23,1022000000,,219700000,200400000,40700000,,1.85,,,,,24600000,,40000000,656800000,2067200000,2042300000,24900000,4914800000,,86400000,
ALLE,1579241,Industrials,2025-07-22,10-Q,2025-07-24,,,,,,,,,,,,,,,,,,,,,,85846520
ALLE,1579241,Industrials,2025-09-30,10-Q,2025-10-23,1070200000,,233800000,208900000,20500000,,2.18,,,,,26600000,,,302700000,2087700000,2059500000,28200000,5225300000,,86500000,
ALLE,1579241,Industrials,2025-10-21,10-Q,2025-10-23,,,,,,,,,,,,,,,,,,,,,,86031953
ALLE,1579241,Industrials,2025-12-31,10-K (Q4 derived: FY − 9M YTD),2026-02-17,,,209600000,183900000,36400000,,1.71,240100000,,,,25100000,43900000,0,356200000,1980100000,1979900000,200000,5223700000,,0,
ALLE,1579241,Industrials,2026-02-12,10-K,2026-02-17,,,,,,,,,,,,,,,,,,,,,,86145484
ALLE,1579241,Industrials,2026-03-31,10-Q,2026-04-28,1033600000,,195300000,171500000,33400000,,1.59,101300000,,,,24200000,47400000,40600000,,2030700000,2030400000,300000,5312100000,,86600000,
ALLE,1579241,Industrials,2026-04-24,10-Q,2026-04-28,,,,,,,,,,,,,,,,,,,,,,85935861
ALLE,1579241,Industrials,2026-06-30,10-Q,2026-07-23,1151500000,,254700000,227900000,43300000,,2.15,,,,,24800000,,120000000,,2031100000,2030900000,200000,5360800000,,86000000,
ALLE,1579241,Industrials,2026-07-20,10-Q,2026-07-23,,,,,,,,,,,,,,,,,,,,,,85036786
AMAT,6951,Information Technology,2024-04-28,10-Q,2025-05-22,,3153000000,1912000000,1994000000,272000000,1722000000,2.06,,,,,59000000,,,7085000000,,5463000000,,31949000000,18199000000,836000000,827974828
AMAT,6951,Information Technology,2024-07-28,10-Q,2025-08-21,,3205000000,1942000000,1960000000,255000000,1705000000,2.05,,,,,,,,8288000000,,6158000000,,33647000000,18840000000,833000000,824404088
AMAT,6951,Information Technology,2024-10-27,10-K (Q4 derived: FY − 9M YTD),2025-12-12,,3335000000,2046000000,1895000000,164000000,1731000000,2.09,2575000000,407000000,141000000,,,329000000,1442000000,8022000000,,5460000000,700000000,34409000000,19001000000,-1000000,
AMAT,6951,Information Technology,2024-12-06,10-K,2024-12-13,,,,,,,,,,,,,,,,,,,,,,813684638
AMAT,6951,Information Technology,2025-01-26,10-Q,2026-02-19,,3496000000,2175000000,2119000000,934000000,1185000000,1.45,925000000,381000000,195000000,,,326000000,1318000000,6264000000,,5461000000,700000000,33338000000,18625000000,819000000,812440849
AMAT,6951,Information Technology,2025-04-27,10-Q,2026-05-21,,3485000000,2169000000,2322000000,185000000,2137000000,2.63,,,,,,,,6169000000,,5462000000,700000000,33632000000,18961000000,812000000,802498217
AMAT,6951,Information Technology,2025-07-27,10-Q,2026-08-20,,3562000000,2233000000,2563000000,784000000,1779000000,2.22,,,,,,,,5384000000,,5463000000,700000000,34211000000,19504000000,802000000,796642427
AMAT,6951,Information Technology,2025-10-26,10-K (Q4 derived: FY − 9M YTD),2025-12-12,,3265000000,1712000000,2267000000,370000000,1897000000,2.37,2828000000,785000000,156000000,,,365000000,851000000,7241000000,,6455000000,0,36299000000,20415000000,-3000000,
AMAT,6951,Information Technology,2025-12-05,10-K,2025-12-12,,,,,,,,,,,,,,,,,,,,,,792943366
AMAT,6951,Information Technology,2026-01-25,10-Q,2026-02-19,,3435000000,1831000000,2328000000,302000000,2026000000,2.54,1686000000,646000000,207000000,,,365000000,337000000,7218000000,,6453000000,,37644000000,21717000000,799000000,793609867
AMAT,6951,Information Technology,2026-04-26,10-Q,2026-05-21,,3947000000,2523000000,3225000000,419000000,2806000000,3.51,,,,,,,,6301000000,,5256000000,1199000000,40286000000,23909000000,799000000,793959430
AMAT,6951,Information Technology,2026-07-26,10-Q,2026-08-20,,4586000000,3075000000,2907000000,369000000,2538000000,3.17,,,,,,,,7037000000,,5245000000,1199000000,43522000000,25626000000,800000000,793597443
AMCR,1748790,Materials,2025-03-31,10-K,2025-08-15,3333000000,654000000,313000000,,40000000,196000000,0.68,,,,,,,,2045000000,,,9000000,18042000000,3851000000,289100000,
AMCR,1748790,Materials,2025-04-29,10-Q,2025-05-01,,,,,,,,,,,,,,,,,,,,,,1445343212
AMCR,1748790,Materials,2025-06-30,10-K,2025-08-15,5082000000,895000000,87000000,,-6000000,-39000000,-0.2999999999999998,1114000000,,44000000,323000000,,295000000,0,827000000,,,141000000,37066000000,11728000000,29600000,
AMCR,1748790,Materials,2025-08-13,10-K,2025-08-15,,,,,,,,,,,,,,,,,,,,,,2305359941
AMCR,1748790,Materials,2025-09-30,10-Q,2025-11-06,,1124000000,461000000,,49000000,262000000,0.113,-133000000,,10000000,364000000,,294000000,,825000000,,,1915000000,37147000000,11718000000,2315000000,
AMCR,1748790,Materials,2025-11-04,10-Q,2025-11-06,,,,,,,,,,,,,,,,,,,,,,2308359941
AMCR,1748790,Materials,2025-12-31,10-Q,2026-02-04,,1039000000,331000000,,3000000,177000000,0.38,,,,,,,,1057000000,,,436000000,37046000000,11636000000,463800000,
AMCR,1748790,Materials,2026-02-02,10-Q,2026-02-04,,,,,,,,,,,,,,,,,,,,,,462045690
AMCR,1748790,Materials,2026-03-31,10-Q,2026-05-07,,1190000000,461000000,,32000000,278000000,0.6,,,,,,,,1587000000,,,561000000,37582000000,11651000000,463800000,
AMCR,1748790,Materials,2026-05-05,10-Q,2026-05-07,,,,,,,,,,,,,,,,,,,,,,462345690
AMCR,1748790,Materials,2026-06-30,10-K (Q4 derived: FY − 9M YTD),2026-08-14,,1337000000,646000000,,97000000,389000000,0.8299999999999998,1595000000,,30000000,365000000,,301000000,0,1115000000,,,,37095000000,11790000000,300000,
AMCR,1748790,Materials,2026-08-12,10-K,2026-08-14,,,,,,,,,,,,,,,,,,,,,,462345690
AMD,2488,Information Technology,2025-03-29,10-Q,2026-05-06,,3736000000,806000000,,123000000,709000000,0.44,939000000,212000000,364000000,,20000000,,749000000,6049000000,,3217000000,,71550000000,57881000000,1626000000,
AMD,2488,Information Technology,2025-05-01,10-Q,2025-05-07,,,,,,,,,,,,,,,,,,,,,,1621404195
AMD,2488,Information Technology,2025-06-28,10-Q,2026-08-05,,3059000000,-134000000,,-834000000,872000000,0.54,,,,,38000000,,,4442000000,,3218000000,,74820000000,59665000000,1630000000,
AMD,2488,Information Technology,2025-07-30,10-Q,2025-08-06,,,,,,,,,,,,,,,,,,,,,,1622843689
AMD,2488,Information Technology,2025-09-27,10-Q,2025-11-05,,4780000000,1270000000,,153000000,1243000000,0.75,,,,,37000000,,,4808000000,,2347000000,873000000,76891000000,60790000000,1641000000,
AMD,2488,Information Technology,2025-10-30,10-Q,2025-11-05,,,,,,,,,,,,,,,,,,,,,,1628041540
AMD,2488,Information Technology,2025-12-27,10-K (Q4 derived: FY − 9M YTD),2026-02-04,,5577000000,1752000000,,455000000,1511000000,0.9199999999999999,2600000000,222000000,486000000,,36000000,,0,5539000000,,2348000000,874000000,76926000000,62999000000,4000000,
AMD,2488,Information Technology,2026-01-30,10-K/A,2026-02-04,,,,,,,,,,,,,,,,,,,,,,1630410843
AMD,2488,Information Technology,2026-03-28,10-Q,2026-05-06,,5416000000,1476000000,,238000000,1383000000,0.84,2955000000,389000000,487000000,,37000000,,221000000,5585000000,,2350000000,874000000,79642000000,64462000000,1650000000,
AMD,2488,Information Technology,2026-04-29,10-Q,2026-05-06,,,,,,,,,,,,,,,,,,,,,,1630600639
AMD,2488,Information Technology,2026-06-27,10-Q,2026-08-05,,6203000000,1990000000,,252000000,2297000000,1.38,,,,,37000000,,,5086000000,,2351000000,875000000,84464000000,67224000000,1659000000,
AMD,2488,Information Technology,2026-07-29,10-Q,2026-08-05,,,,,,,,,,,,,,,,,,,,,,1632475042
AME,1037868,Industrials,2025-03-31,10-Q,2026-04-30,1731971000,,454829000,434222000,82464000,351758000,1.52,417545000,23069000,9464000,106367000,,71455000,18011000,399001000,,1459445000,,14877096000,9969946000,231542000,
AME,1037868,Industrials,2025-04-23,10-Q,2025-05-01,,,,,,,,,,,,,,,,,,,,,,230878978
AME,1037868,Industrials,2025-06-30,10-Q,2026-08-04,1778056000,,461626000,442169000,83802000,358367000,1.55,,,12849000,107701000,,,,619712000,,1534347000,,15266546000,10388672000,231472000,
AME,1037868,Industrials,2025-07-25,10-Q,2025-07-31,,,,,,,,,,,,,,,,,,,,,,230953960
AME,1037868,Industrials,2025-09-30,10-Q,2025-10-30,1892641000,,488380000,447965000,76549000,371416000,1.6,,,12916000,103078000,,,,439237000,,1426072000,,16182257000,10526876000,231670000,
AME,1037868,Industrials,2025-10-27,10-Q,2025-10-30,,,,,,,,,,,,,,,,,,,,,,230203873
AME,1037868,Industrials,2025-12-31,10-K (Q4 derived: FY − 9M YTD),2026-02-17,1998448000,,505482000,473983000,75382000,398601000,1.7300000000000004,584264000,56997000,12538000,105658000,,70975000,270425000,457951000,2283309000,1074334000,,16067543000,10628786000,-302000,
AME,1037868,Industrials,2026-01-30,10-K,2026-02-17,,,,,,,,,,,,,,,,,,,,,,228977202
AME,1037868,Industrials,2026-03-31,10-Q,2026-04-30,1928437000,,514936000,492980000,93623000,399357000,1.74,451516000,25468000,9708000,105490000,,77796000,27935000,481250000,,1062603000,,16309535000,10919297000,229835000,
AME,1037868,Industrials,2026-04-24,10-Q,2026-04-30,,,,,,,,,,,,,,,,,,,,,,229203002
AME,1037868,Industrials,2026-06-30,10-Q,2026-08-04,2044397000,,528193000,492372000,85476000,406896000,1.77,,,13892000,105931000,,,,495446000,,1055541000,,16594713000,11260763000,229855000,
AME,1037868,Industrials,2026-07-28,10-Q,2026-08-04,,,,,,,,,,,,,,,,,,,,,,229261244
AMGN,318154,Health Care,2025-03-31,10-Q,2026-05-01,,,1178000000,1973000000,243000000,1730000000,3.2,1391000000,411000000,85000000,1387000000,723000000,1279000000,,8810000000,57381000000,54013000000,3368000000,89367000000,6207000000,541000000,
AMGN,318154,Health Care,2025-04-28,10-Q,2025-05-02,,,,,,,,,,,,,,,,,,,,,,537706118
AMGN,318154,Health Care,2025-06-30,10-Q,2026-08-05,,,2656000000,1568000000,136000000,1432000000,2.65,,,,,694000000,,,8028000000,56204000000,53760000000,2444000000,87897000000,7428000000,541000000,
AMGN,318154,Health Care,2025-07-31,10-Q,2025-08-06,,,,,,,,,,,,,,,,,,,,,,538361851
AMGN,318154,Health Care,2025-09-30,10-Q,2025-11-05,,,2526000000,,705000000,3216000000,5.93,,,,,685000000,,,9445000000,54587000000,52434000000,2153000000,90141000000,9619000000,542000000,
AMGN,318154,Health Care,2025-10-30,10-Q,2025-11-05,,,,,,,,,,,,,,,,,,,,,,538480671
AMGN,318154,Health Care,2025-12-31,10-K (Q4 derived: FY − 9M YTD),2026-02-13,,,2720000000,,181000000,1333000000,2.460000000000001,1603000000,642000000,125000000,1132000000,653000000,1283000000,,9129000000,54604000000,50005000000,4599000000,90586000000,8658000000,0,
AMGN,318154,Health Care,2026-02-10,10-K,2026-02-13,,,,,,,,,,,,,,,,,,,,,,539067675
AMGN,318154,Health Care,2026-03-31,10-Q,2026-05-01,,,2666000000,2084000000,265000000,1819000000,3.34,2189000000,712000000,75000000,1116000000,657000000,1358000000,,12038000000,57323000000,51886000000,5437000000,92504000000,9190000000,544000000,
AMGN,318154,Health Care,2026-04-27,10-Q,2026-05-01,,,,,,,,,,,,,,,,,,,,,,539708274
AMGN,318154,Health Care,2026-06-30,10-Q,2026-08-05,,,3514000000,2768000000,393000000,2375000000,4.37,,,,,673000000,,,13989000000,57304000000,51859000000,5445000000,95639000000,11688000000,544000000,
AMGN,318154,Health Care,2026-07-30,10-Q,2026-08-05,,,,,,,,,,,,,,,,,,,,,,540632005
AMP,820027,Financials,2025-03-31,10-Q,2026-05-07,4481000000,,,687000000,104000000,583000000,5.83,1686000000,36000000,49000000,,,144000000,730000000,,,,,179059000000,5426000000,100000000,
AMP,820027,Financials,2025-04-25,10-Q,2025-05-02,,,,,,,,,,,,,,,,,,,,,,95222673
AMP,820027,Financials,2025-06-30,10-Q,2026-08-04,4490000000,,,1351000000,291000000,1060000000,10.73,,,,,,,,,,,,184903000000,6082000000,98800000,
AMP,820027,Financials,2025-07-25,10-Q,2025-08-05,,,,,,,,,,,,,,,,,,,,,,94271565
AMP,820027,Financials,2025-09-30,10-Q,2025-10-31,4893000000,,,1174000000,262000000,912000000,9.33,,,,,,,,,,,,190086000000,6455000000,97800000,
AMP,820027,Financials,2025-10-24,10-Q,2025-10-31,,,,,,,,,,,,,,,,,,,,,,92905713
AMP,820027,Financials,2025-12-31,10-K (Q4 derived: FY − 9M YTD),2026-03-12,5047000000,,,1292000000,284000000,1008000000,10.450000000000003,2669000000,44000000,61000000,,,149000000,895000000,,,,,190904000000,6549000000,-700000,
AMP,820027,Financials,2026-02-06,10-K/A,2026-03-12,,,,,,,,,,,,,,,,,,,,,,91178997
AMP,820027,Financials,2026-03-31,10-Q,2026-05-07,4886000000,,,1144000000,229000000,915000000,9.68,459000000,29000000,39000000,,,148000000,874000000,,,,,184448000000,6212000000,94500000,
AMP,820027,Financials,2026-04-24,10-Q,2026-05-07,,,,,,,,,,,,,,,,,,,,,,89897084
AMP,820027,Financials,2026-06-30,10-Q,2026-08-04,5013000000,,,1442000000,329000000,1113000000,11.98,,,,,,,,,,,,197871000000,6366000000,92900000,
AMP,820027,Financials,2026-07-24,10-Q,2026-08-04,,,,,,,,,,,,,,,,,,,,,,88333219
AMT,1053507,Real Estate,2024-12-31,10-K,2025-02-25,2547600000,,1080100000,1305700000,75200000,,2.62,1199000000,443400000,41900000,,,757000000,,1999600000,,,3693000000,61077400000,3382200000,119000,
AMT,1053507,Real Estate,2025-02-18,10-K,2025-02-25,,,,,,,,,,,,,,,,,,,,,,467457256
AMT,1053507,Real Estate,2025-03-31,10-Q,2026-04-28,2562800000,,1254100000,617500000,118900000,,1.04,1295000000,331100000,53400000,,,757100000,0,2103700000,,,2816900000,62055600000,3534800000,468519000,
AMT,1053507,Real Estate,2025-04-22,10-Q,2025-04-29,,,,,,,,,,,,,,,,,,,,,,468138245
AMT,1053507,Real Estate,2025-06-30,10-Q,2025-07-29,2626900000,,1197700000,511800000,131300000,,0.78,,,,,,795800000,,2076000000,,,2290800000,63754500000,3712800000,468791000,
AMT,1053507,Real Estate,2025-07-22,10-Q,2025-07-29,,,,,,,,,,,,,,,,,,,,,,468251225
AMT,1053507,Real Estate,2025-09-30,10-Q,2025-10-28,2717400000,,1233300000,950000000,37400000,,1.82,,,,,,796000000,,1950700000,,,2387700000,63888700000,3952700000,469039000,
AMT,1053507,Real Estate,2025-10-21,10-Q,2025-10-28,,,,,,,,,,,,,,,,,,,,,,468146623
AMT,1053507,Real Estate,2025-12-31,10-K (Q4 derived: FY − 9M YTD),2026-02-24,2737500000,,1160700000,964900000,128100000,,1.7600000000000002,1427500000,579200000,31600000,,,831900000,,1474800000,,,3387800000,63190400000,3652500000,-99000,
AMT,1053507,Real Estate,2026-02-17,10-K,2026-02-24,,,,,,,,,,,,,,,,,,,,,,466084820
AMT,1053507,Real Estate,2026-03-31,10-Q,2026-04-28,2737500000,,1239200000,1018100000,139600000,,1.84,1400600000,449500000,58400000,,,792900000,176200000,1608800000,,,6119000000,63234600000,3522600000,466833000,
AMT,1053507,Real Estate,2026-04-21,10-Q,2026-04-28,,,,,,,,,,,,,,,,,,,,,,465893069
AMZN,1018724,Consumer Discretionary,2025-03-31,10-Q,2026-04-30,155667000000,,18405000000,21679000000,4553000000,17127000000,1.59,17015000000,,3689000000,14262000000,,,,66207000000,58750000000,53374000000,5014000000,643256000000,305867000000,10793000000,
AMZN,1018724,Consumer Discretionary,2025-04-23,10-Q,2025-05-02,,,,,,,,,,,,,,,,,,,,,,10616352407
AMZN,1018724,Consumer Discretionary,2025-06-30,10-Q,2026-07-31,167702000000,,19171000000,20857000000,2678000000,18164000000,1.68,32515000000,,6534000000,15227000000,,,,57741000000,56082000000,50718000000,5005000000,682170000000,333775000000,10806000000,
AMZN,1018724,Consumer Discretionary,2025-07-23,10-Q,2025-08-01,,,,,,,,,,,,,,,,,,,,,,10664912097
AMZN,1018724,Consumer Discretionary,2025-09-30,10-Q,2025-10-31,180169000000,,17422000000,28170000000,6910000000,21187000000,1.95,35525000000,,4847000000,16796000000,,,,66922000000,55097000000,50742000000,3997000000,727921000000,369631000000,10845000000,
AMZN,1018724,Consumer Discretionary,2025-10-22,10-Q,2025-10-31,,,,,,,,,,,,,,,,,,,,,,10690216011
AMZN,1018724,Consumer Discretionary,2025-12-31,10-K (Q4 derived: FY − 9M YTD),2026-02-06,213386000000,,24977000000,26605000000,4946000000,21192000000,1.9500000000000002,54459000000,,4397000000,19471000000,,,,86810000000,68836000000,65648000000,2748000000,818042000000,411065000000,12000000,
AMZN,1018724,Consumer Discretionary,2026-01-28,10-K,2026-02-06,,,,,,,,,,,,,,,,,,,,,,10734920870
AMZN,1018724,Consumer Discretionary,2026-03-31,10-Q,2026-04-30,181519000000,,23852000000,39834000000,9560000000,30255000000,2.78,26032000000,,4032000000,18945000000,,,,101816000000,122632000000,119074000000,2832000000,916630000000,441914000000,10874000000,
AMZN,1018724,Consumer Discretionary,2026-04-22,10-Q,2026-04-30,,,,,,,,,,,,,,,,,,,,,,10757109436
AMZN,1018724,Consumer Discretionary,2026-06-30,10-Q,2026-07-31,200606000000,,27461000000,80857000000,18199000000,62647000000,5.75,45387000000,,6038000000,19988000000,,,,78213000000,132995000000,128894000000,3330000000,1095689000000,551620000000,10903000000,
AMZN,1018724,Consumer Discretionary,2026-07-22,10-Q,2026-07-31,,,,,,,,,,,,,,,,,,,,,,10786313572
ANET,1596532,Information Technology,2025-03-31,10-Q,2026-05-06,2004800000,1276100000,858800000,955000000,141200000,813800000,0.64,641700000,28400000,93000000,13800000,,,787100000,1845100000,,,,14514600000,10119100000,1279200000,
ANET,1596532,Information Technology,2025-05-01,10-Q,2025-05-07,,,,,,,,,,,,,,,,,,,,,,1255921431
ANET,1596532,Information Technology,2025-06-30,10-Q,2026-08-05,2204800000,1438600000,986200000,1080200000,191400000,888800000,0.7,,,,,,,,2225500000,,,,16534200000,10901600000,1271200000,
ANET,1596532,Information Technology,2025-07-31,10-Q,2025-08-06,,,,,,,,,,,,,,,,,,,,,,1256865381
ANET,1596532,Information Technology,2025-09-30,10-Q,2025-11-05,2308300000,1490200000,978200000,1077100000,224100000,853000000,0.67,,,,,,,,2326600000,,,,18048800000,11907100000,1276600000,
ANET,1596532,Information Technology,2025-10-30,10-Q,2025-11-05,,,,,,,,,,,,,,,,,,,,,,1259285070
ANET,1596532,Information Technology,2025-12-31,10-K (Q4 derived: FY − 9M YTD),2026-02-17,2487800000,1563800000,1032900000,1137400000,181600000,955800000,0.75,1261900000,,133100000,22800000,,,620100000,1963900000,,,,19448600000,12370500000,0,
ANET,1596532,Information Technology,2026-02-10,10-K,2026-02-17,,,,,,,,,,,,,,,,,,,,,,1256537906
ANET,1596532,Information Technology,2026-03-31,10-Q,2026-05-06,2709000000,1676800000,1157800000,1271400000,248500000,1022900000,0.8,1693500000,54500000,120900000,23300000,,,0,2789500000,,,,21656500000,13487100000,1273800000,
ANET,1596532,Information Technology,2026-04-30,10-Q,2026-05-06,,,,,,,,,,,,,,,,,,,,,,1259202593
ANET,1596532,Information Technology,2026-06-30,10-Q,2026-08-05,3035700000,1910300000,1378000000,1504300000,291400000,1212900000,0.95,,,,,,,,2290200000,,,,23720100000,14797700000,1276000000,
ANET,1596532,Information Technology,2026-07-30,10-Q,2026-08-05,,,,,,,,,,,,,,,,,,,,,,1261224648
AON,315293,Financials,2025-03-31,10-Q,2026-05-01,,,1461000000,1250000000,268000000,965000000,4.43,140000000,56000000,147000000,,,147000000,,964000000,,16284000000,1348000000,50304000000,7004000000,217900000,
AON,315293,Financials,2025-04-24,10-Q,2025-04-25,,,,,,,,,,,,,,,,,,,,,,215939916
AON,315293,Financials,2025-06-30,10-Q,2026-07-29,,,859000000,703000000,109000000,579000000,2.66,,,,,,,,1008000000,,15451000000,1837000000,54010000000,7843000000,217300000,
AON,315293,Financials,2025-07-24,10-Q,2025-07-25,,,,,,,,,,,,,,,,,,,,,,215626597
AON,315293,Financials,2025-09-30,10-Q,2025-10-31,,,816000000,597000000,127000000,458000000,2.11,,,,,,,,1095000000,,15055000000,1735000000,51637000000,7939000000,216700000,
AON,315293,Financials,2025-10-30,10-Q,2025-10-31,,,,,,,,,,,,,,,,,,,,,,214935265
AON,315293,Financials,2025-12-31,10-K (Q4 derived: FY − 9M YTD),2026-02-13,,,1208000000,2209000000,505000000,1693000000,7.809999999999999,1397000000,74000000,60000000,,,161000000,,1195000000,15249000000,14660000000,589000000,50784000000,9352000000,-200000,
AON,315293,Financials,2026-02-12,10-K,2026-02-13,,,,,,,,,,,,,,,,,,,,,,214254496
AON,315293,Financials,2026-03-31,10-Q,2026-05-01,,,1715000000,1553000000,314000000,1212000000,5.63,430000000,67000000,82000000,,,162000000,,1178000000,,13542000000,1121000000,51429000000,9834000000,215400000,
AON,315293,Financials,2026-04-30,10-Q,2026-05-01,,,,,,,,,,,,,,,,,,,,,,213576949
AON,315293,Financials,2026-06-30,10-Q,2026-07-29,,,915000000,724000000,159000000,551000000,2.58,,,,,,,,1062000000,,12947000000,2020000000,53347000000,9598000000,213900000,
AON,315293,Financials,2026-07-28,10-Q,2026-07-29,,,,,,,,,,,,,,,,,,,,,,212125434
AOS,91142,Industrials,2023-09-30,10-Q,2024-10-23,937500000,356200000,193200000,176400000,41000000,135400000,0.9,,,1500000,,2400000,,,281000000,,119600000,10000000,3200100000,1882400000,151209974,
AOS,91142,Industrials,2023-12-31,10-K (Q4 derived: FY − 9M YTD),2026-02-10,988100000,369800000,131000000,176900000,39600000,137300000,0.9199999999999999,231300000,29900000,1400000,20800000,1100000,47800000,145100000,339900000,127300000,117300000,10000000,3213900000,1844400000,-532233,
AOS,91142,Industrials,2024-03-31,10-Q,2025-04-29,978800000,384700000,193700000,192700000,45100000,147600000,1,106600000,22000000,8300000,19600000,1000000,47300000,74500000,251600000,,109700000,10000000,3182200000,1881800000,148297481,
AOS,91142,Industrials,2024-06-30,10-Q,2025-07-24,1024300000,396000000,208400000,206600000,50400000,156200000,1.06,,22900000,2100000,19600000,1800000,,,216100000,,130400000,10000000,3197600000,1911600000,147599585,
AOS,91142,Industrials,2024-09-30,10-Q,2025-10-28,902600000,337300000,158100000,156600000,36500000,120100000,0.82,,32500000,2300000,20300000,1500000,,,219300000,,109700000,10000000,3154200000,1916700000,146700340,
AOS,91142,Industrials,2024-12-31,10-K (Q4 derived: FY − 9M YTD),2026-02-10,912400000,338100000,147500000,145100000,35400000,109700000,0.7599999999999998,221900000,30600000,2200000,19300000,2400000,49500000,68700000,239600000,193200000,183200000,10000000,3240000000,1883500000,-445366,
AOS,91142,Industrials,2025-03-31,10-Q,2026-04-30,963900000,375400000,184000000,181100000,44500000,136600000,0.95,38700000,21300000,6100000,20700000,2900000,49200000,120600000,173000000,,259800000,10000000,3267700000,1855100000,144407720,
AOS,91142,Industrials,2025-06-30,10-Q,2026-07-30,1011300000,397100000,206200000,201600000,49400000,152200000,1.07,,17100000,,20500000,4600000,,,177900000,,284200000,19200000,3246700000,1845900000,142483521,
AOS,91142,Industrials,2025-09-30,10-Q,2025-10-28,942500000,364500000,175400000,171800000,39800000,132000000,0.94,,14800000,,21600000,3600000,,,152700000,,166800000,19000000,3170700000,1844500000,140894888,
AOS,91142,Industrials,2025-12-31,10-K (Q4 derived: FY − 9M YTD),2026-02-10,912500000,350400000,163000000,160600000,35200000,125400000,0.8999999999999999,183100000,17600000,2500000,22300000,2400000,50600000,65400000,174500000,155000000,112700000,42300000,3142800000,1858000000,-667745,
AOS,91142,Industrials,2026-03-31,10-Q,2026-04-30,945600000,365700000,161800000,154700000,36700000,118000000,0.85,129400000,10500000,6600000,23900000,7100000,50200000,51300000,185200000,,574200000,41600000,3650300000,1877900000,139167380,
AOS,91142,Industrials,2026-06-30,10-Q,2026-07-30,1004300000,387800000,166100000,158000000,33100000,124900000,0.91,,,,24600000,8100000,,,181300000,,598000000,39500000,3644500000,1841900000,137862584,
APA,1841666,Energy,2025-03-31,10-Q,2026-05-07,,,865000000,763000000,,347000000,0.96,1096000000,,,643000000,91000000,91000000,,67000000,,,,18531000000,5436000000,364000000,
APA,1841666,Energy,2025-04-30,10-Q,2025-05-08,,,,,,,,,,,,,,,,,,,,,,360845120
APA,1841666,Energy,2025-06-30,10-Q,2026-08-06,,,739000000,1028000000,,603000000,1.67,,,,530000000,86000000,90000000,,107000000,,,,18078000000,5905000000,361000000,
APA,1841666,Energy,2025-07-31,10-Q,2025-08-07,,,,,,,,,,,,,,,,,,,,,,357786460
APA,1841666,Energy,2025-09-30,10-Q,2025-11-06,,,767000000,511000000,,205000000,0.57,,,,565000000,72000000,90000000,,475000000,,,,17699000000,5965000000,358000000,
APA,1841666,Energy,2025-10-31,10-Q,2025-11-06,,,,,,,,,,,,,,,,,,,,,,354669251
APA,1841666,Energy,2025-12-31,10-K (Q4 derived: FY − 9M YTD),2026-02-26,,,718000000,489000000,,279000000,0.79,808000000,,,566000000,74000000,89000000,,516000000,,,,17761000000,6093000000,-2000000,
APA,1841666,Energy,2026-01-31,10-K,2026-02-26,,,,,,,,,,,,,,,,,,,,,,353251476
APA,1841666,Energy,2026-03-31,10-Q,2026-05-07,,,1055000000,830000000,,446000000,1.26,554000000,,,553000000,70000000,88000000,,293000000,,,,18079000000,6456000000,354000000,
APA,1841666,Energy,2026-04-30,10-Q,2026-05-07,,,,,,,,,,,,,,,,,,,,,,353470227
APA,1841666,Energy,2026-06-30,10-Q,2026-08-06,,,1280000000,1277000000,,747000000,2.11,,,,504000000,69000000,88000000,,444000000,,,,17973000000,7021000000,354000000,
APA,1841666,Energy,2026-07-31,10-Q,2026-08-06,,,,,,,,,,,,,,,,,,,,,,350351510
APD,2969,Materials,2024-03-31,10-Q,2025-05-01,2930200000,,637200000,711400000,130500000,572400000,2.57,,,,,59900000,,,2535000000,,,,35921700000,14913400000,222700000,222305907
APD,2969,Materials,2024-06-30,10-Q,2025-07-31,2985500000,,737600000,849500000,140600000,696600000,3.13,,,,,,,,2375700000,,,,36974300000,15101300000,222800000,222314502
APD,2969,Materials,2024-09-30,10-K (Q4 derived: FY − 9M YTD),2025-11-20,3187500000,,2424400000,2503300000,538400000,1949900000,8.75,,2075200000,15600000,380800000,,393500000,,2979700000,,,,39574600000,17036500000,0,
APD,2969,Materials,2024-10-31,10-K,2024-11-21,,,,,,,,,,,,,,,,,,,,,,222378909
APD,2969,Materials,2024-12-31,10-Q,2026-01-30,2931500000,,643600000,790500000,140700000,617400000,2.77,811700000,2117600000,16400000,366800000,,393600000,,1845500000,,,,40017200000,16692300000,222900000,222475666
APD,2969,Materials,2025-03-31,10-Q,2026-04-30,2916200000,,-2328000000,-2243300000,-505800000,-1730600000,-7.77,,,,,,,,1491400000,,,,38872900000,14703400000,222800000,222544214
APD,2969,Materials,2025-06-30,10-Q,2026-07-30,3022700000,,790600000,890800000,159600000,713800000,3.2,,,,,,,,2324300000,,,,41659100000,15537500000,222900000,222553640
APD,2969,Materials,2025-09-30,10-K (Q4 derived: FY − 9M YTD),2025-11-20,3166900000,,16800000,121300000,111200000,4900000,0.020000000000000018,,1517700000,10700000,412800000,,398400000,,1856000000,,,,41059500000,15024900000,0,
APD,2969,Materials,2025-10-31,10-K,2025-11-20,,,,,,,,,,,,,,,,,,,,,,222590241
APD,2969,Materials,2025-12-31,10-Q,2026-01-30,3102500000,,734500000,850800000,159400000,678200000,3.04,900700000,1251200000,10600000,370700000,,398400000,,1026400000,,,,41240700000,15411300000,222900000,222656008
APD,2969,Materials,2026-03-31,10-Q,2026-04-30,3171800000,,752700000,883500000,158700000,710400000,3.19,,,,,,,,951000000,,,,41644700000,15649900000,222900000,222680686
APD,2969,Materials,2026-06-30,10-Q,2026-07-30,3161000000,,-2097100000,-1937700000,-515400000,-1440800000,-6.47,,,,,,,,980500000,,,,40445600000,13883800000,222800000,222685530
APH,820313,Information Technology,2025-03-31,10-Q,2026-05-01,,1644000000,1024800000,962900000,218700000,737800000,0.58,764900000,188600000,26600000,236300000,,199500000,180900000,1657200000,,,,22902100000,10301200000,1266200000,
APH,820313,Information Technology,2025-04-22,10-Q,2025-04-25,,,,,,,,,,,,,,,,,,,,,,1209599081
APH,820313,Information Technology,2025-06-30,10-Q,2026-07-31,,2053300000,1418800000,1348100000,247300000,1091300000,0.86,,,,209400000,,199600000,,3207000000,,,,25668400000,11519300000,1272200000,
APH,820313,Information Technology,2025-07-22,10-Q,2025-07-25,,,,,,,,,,,,,,,,,,,,,,1220921111
APH,820313,Information Technology,2025-09-30,10-Q,2025-10-24,,2359300000,1702300000,1640900000,385800000,1245700000,0.97,,,,227700000,,201200000,,3799300000,,,,27143000000,12520300000,1282800000,
APH,820313,Information Technology,2025-10-21,10-Q,2025-10-24,,,,,,,,,,,,,,,,,,,,,,1224055508
APH,820313,Information Technology,2025-12-31,10-K (Q4 derived: FY − 9M YTD),2026-02-11,,2461100000,1722700000,1648800000,443600000,1195500000,0.9299999999999997,1722200000,253700000,40600000,249000000,,201900000,171300000,11130600000,,,,36236900000,13413100000,3700000,
APH,820313,Information Technology,2026-01-31,10-K,2026-02-11,,,,,,,,,,,,,,,,,,,,,,1229214930
APH,820313,Information Technology,2026-03-31,10-Q,2026-05-01,,2800200000,1831800000,1645700000,702400000,933000000,0.72,1121500000,291600000,34200000,485800000,,306700000,178000000,4128000000,,,,42133800000,13976800000,1289700000,
APH,820313,Information Technology,2026-04-28,10-Q,2026-05-01,,,,,,,,,,,,,,,,,,,,,,1230234445
APH,820313,Information Technology,2026-06-30,10-Q,2026-07-31,,3548000000,2584600000,2388400000,604300000,1769200000,1.37,,,,341400000,,307400000,,4729400000,,,,44806600000,15491600000,1289200000,
APH,820313,Information Technology,2026-07-28,10-Q,2026-07-31,,,,,,,,,,,,,,,,,,,,,,1232983457
APO,1858681,Financials,2025-03-31,10-Q,2026-05-07,5548000000,,,1181000000,243000000,442000000,0.68,1012000000,,149000000,308000000,135000000,278000000,193000000,,10581000000,,,395045000000,17976000000,592984841,
APO,1858681,Financials,2025-05-05,10-Q,2025-05-07,,,,,,,,,,,,,,,,,,,,,,571494234
APO,1858681,Financials,2025-06-30,10-Q,2026-08-10,6814000000,,,845000000,3000000,630000000,0.99,,,,,143000000,,,,12144000000,,,419550000000,19321000000,590371367,
APO,1858681,Financials,2025-08-05,10-Q,2025-08-07,,,,,,,,,,,,,,,,,,,,,,572026735
APO,1858681,Financials,2025-09-30,10-Q,2025-11-10,9823000000,,,2899000000,438000000,1736000000,2.78,,,,,166000000,,,,12631000000,,,449543000000,23137000000,607824766,
APO,1858681,Financials,2025-11-05,10-Q,2025-11-10,,,,,,,,,,,,,,,,,,,,,,580422573
APO,1858681,Financials,2025-12-31,10-K (Q4 derived: FY − 9M YTD),2026-02-25,9864000000,,,1752000000,592000000,684000000,1.0700000000000003,4669000000,,266000000,391000000,174000000,311000000,240000000,,13364000000,,,460949000000,23341000000,1442017,
APO,1858681,Financials,2026-02-20,10-K,2026-02-25,,,,,,,,,,,,,,,,,,,,,,578247338
APO,1858681,Financials,2026-03-31,10-Q,2026-05-07,5059000000,,,283000000,1694000000,-1906000000,-3.27,1620000000,,232000000,397000000,179000000,312000000,632000000,,14220000000,,,467530000000,19951000000,594853870,
APO,1858681,Financials,2026-05-05,10-Q,2026-05-07,,,,,,,,,,,,,,,,,,,,,,576517513
APO,1858681,Financials,2026-06-30,10-Q,2026-08-10,11153000000,,,2485000000,396000000,1361000000,2.15,,,,,190000000,,,,13727000000,,,494048000000,21006000000,610221778,
APO,1858681,Financials,2026-08-05,10-Q,2026-08-10,,,,,,,,,,,,,,,,,,,,,,590543159
APP,1751008,Communication Services,2023-09-30,10-Q,2024-11-06,,,186318000,109225000,586000,108639000,0.3,,,,,,,,332491000,,2912302000,,5005228000,1095790000,356906222,335783928
APP,1751008,Communication Services,2023-12-31,10-K (Q4 derived: FY − 9M YTD),2026-02-19,,,393718000,299928000,26580000,172233000,0.48,343988000,244000,88049000,119111000,,,0,502152000,3120906000,2905906000,215000000,5359187000,1256329000,-5670513,339886712
APP,1751008,Communication Services,2024-03-31,10-Q,2025-05-07,,,339559000,267945000,31762000,236183000,0.67,392779000,,95253000,112667000,,,752224000,436336000,,3489891000,,5262517000,760204000,348596295,328958886
APP,1751008,Communication Services,2024-06-30,10-Q,2025-08-06,,,384422000,317876000,16894000,309969000,0.89,,,,,,,,460449000,,3482166000,,5269466000,814836000,347964201,334168646
APP,1751008,Communication Services,2024-09-30,10-Q,2025-11-05,,,534299000,467729000,34656000,434420000,1.25,,,,,,,,567596000,,3474456000,,5442484000,938206000,348225000,335481141
APP,1751008,Communication Services,2024-12-31,10-K (Q4 derived: FY − 9M YTD),2026-02-19,,,628334000,534728000,-61384000,599204000,1.7200000000000002,701003000,,93833000,127837000,,,625000,697030000,3508983000,3508983000,0,5869259000,1089818000,-465000,340042000
APP,1751008,Communication Services,2025-03-31,10-Q,2026-05-06,,,839982000,794606000,71068000,576419000,1.67,831712000,,61281000,79887000,,,1000911000,551024000,,3509964000,,5706701000,575421000,344878000,338361559
APP,1751008,Communication Services,2025-06-30,10-Q,2026-08-05,,,957682000,884004000,112148000,819531000,2.39,,,,,,,,1192608000,,3510958000,,5959497000,1167127000,342194000,338782503
APP,1751008,Communication Services,2025-09-30,10-Q,2025-11-05,,,1079007000,1020946000,185401000,835545000,2.45,,,,,,,,1666899000,,3511965000,,6343035000,1473920000,340974000,338533000
APP,1751008,Communication Services,2025-12-31,10-K (Q4 derived: FY − 9M YTD),2026-02-19,,,1275243000,1253354000,151098000,1102256000,3.24,1313734000,,80254000,32736000,,,417615000,2487096000,3512987000,3512987000,,7259610000,2134671000,-698000,338313000
APP,1751008,Communication Services,2026-03-31,10-Q,2026-05-06,,,1439933000,1431408000,225795000,1205613000,3.56,1291393000,,83372000,33665000,,,981723000,2758671000,,3514022000,,7707705000,2363483000,338729000,336294000
APP,1751008,Communication Services,2026-06-30,10-Q,2026-08-05,,,1494277000,1505526000,238988000,1266538000,3.76,,,,,,,,3053306000,,3515072000,,8269131000,3163016000,337031000,335291000
APTV,1521332,Consumer Discretionary,2025-03-31,10-Q,2026-05-05,4825000000,,448000000,,356000000,-11000000,-0.05,273000000,,32000000,242000000,,,0,1100000000,,7646000000,241000000,23102000000,8961000000,230160000,
APTV,1521332,Consumer Discretionary,2025-04-25,10-Q,2025-05-01,,,,,,,,,,,,,,,,,,,,,,217730489
APTV,1521332,Consumer Discretionary,2025-06-30,10-Q,2026-08-04,3199000000,,325000000,,16000000,393000000,1.8,,,,190000000,,,,1448000000,,7758000000,32000000,23942000000,9690000000,218110000,
APTV,1521332,Consumer Discretionary,2025-07-25,10-Q,2025-07-31,,,,,,,,,,,,,,,,,,,,,,217759811
APTV,1521332,Consumer Discretionary,2025-09-30,10-Q,2025-10-30,5212000000,,-175000000,,103000000,-355000000,-1.63,,,,249000000,,,,1640000000,,7613000000,17000000,23497000000,9282000000,217410000,
APTV,1521332,Consumer Discretionary,2025-10-24,10-Q,2025-10-30,,,,,,,,,,,,,,,,,,,,,,216079411
APTV,1521332,Consumer Discretionary,2025-12-31,10-K,2026-02-06,5153000000,963000000,425000000,,196000000,138000000,0.64,818000000,,26000000,250000000,,,301000000,1575000000,7653000000,7467000000,23000000,23413000000,9207000000,216140000,
APTV,1521332,Consumer Discretionary,2026-01-30,10-K,2026-02-06,,,,,,,,,,,,,,,,,,,,,,212748401
APTV,1521332,Consumer Discretionary,2026-03-31,10-Q,2026-05-05,5086000000,,378000000,,81000000,189000000,0.88,-143000000,,24000000,250000000,,,76000000,3173000000,,9248000000,102000000,25203000000,9233000000,213800000,
APTV,1521332,Consumer Discretionary,2026-05-01,10-Q,2026-05-05,,,,,,,,,,,,,,,,,,,,,,211620527
APTV,1521332,Consumer Discretionary,2026-06-30,10-Q,2026-08-04,3274000000,,367000000,,52000000,248000000,1.17,,,,195000000,,,,761000000,,5331000000,23000000,17996000000,8753000000,212100000,
APTV,1521332,Consumer Discretionary,2026-07-31,10-Q,2026-08-04,,,,,,,,,,,,,,,,,,,,,,207633331
ARE,1035443,Real Estate,2025-03-31,10-Q,2026-04-27,758158000,,,,,-8939000,-0.07,207949000,,10064000,,50876000,229987000,208187000,476430000,13090834000,,,37600428000,17464647000,170522000,
ARE,1035443,Real Estate,2025-04-15,10-Q,2025-04-28,,,,,,,,,,,,,,,,,,,,,,172988874
ARE,1035443,Real Estate,2025-06-30,10-Q,2026-08-03,762040000,,,,,-107002000,-0.64,,,,,55296000,,,520545000,13294100000,,,37623629000,17175235000,170135000,
ARE,1035443,Real Estate,2025-07-15,10-Q,2025-07-21,,,,,,,,,,,,,,,,,,,,,,172958948
ARE,1035443,Real Estate,2025-09-30,10-Q,2025-10-27,751944000,,,,,-232754000,-1.38,,,,,54852000,,,579474000,13593541000,,,37375148000,16639302000,170181000,
ARE,1035443,Real Estate,2025-10-15,10-Q,2025-10-27,,,,,,,,,,,,,,,,,,,,,,172825059
ARE,1035443,Real Estate,2025-12-31,10-K (Q4 derived: FY − 9M YTD),2026-01-26,754414000,,,,,-1080875000,-6.35,312378000,,8232000,,65674000,227031000,0,549062000,12400555000,,,34081835000,15470070000,29000,
ARE,1035443,Real Estate,2026-01-15,10-K,2026-01-26,,,,,,,,,,,,,,,,,,,,,,173300361
ARE,1035443,Real Estate,2026-03-31,10-Q,2026-04-27,671022000,,,,,361653000,2.1,196624000,,11032000,,64584000,123752000,0,418720000,12519995000,,,34167397000,15734092000,170867000,
ARE,1035443,Real Estate,2026-04-15,10-Q,2026-04-27,,,,,,,,,,,,,,,,,,,,,,174269480
ARE,1035443,Real Estate,2026-06-30,10-Q,2026-08-03,662784000,,,,,-72783000,-0.43,,,,,64342000,,,470449000,12812874000,,,34632226000,15553976000,170718000,
ARE,1035443,Real Estate,2026-07-15,10-Q,2026-08-03,,,,,,,,,,,,,,,,,,,,,,174247570
ARES,1176948,Financials,2023-09-30,10-Q,2024-11-08,677689000,,,226872000,29898000,,,,,,,25975000,,,,,,,23383893000,1733179000,,
ARES,1176948,Financials,2023-12-31,10-K (Q4 derived: FY − 9M YTD),2026-02-25,1119808000,,,483100000,59553000,,,-560052000,,,,,,,,,,,24730500000,1893399000,,
ARES,1176948,Financials,2024-03-31,10-Q,2025-05-12,735806000,,,231048000,27233000,73027000,,710045000,,,,,16294000,,,,,,24413270000,1767494000,,
ARES,1176948,Financials,2024-06-30,10-Q,2025-08-08,874915000,,,317325000,41074000,94938000,,,,,,,16008000,,,,,,24192557000,2001768000,,
ARES,1176948,Financials,2024-09-30,10-Q,2025-11-06,841966000,,,327106000,46453000,118460000,,,,,,,16242000,,,,,,24522650000,2076075000,,
ARES,1176948,Financials,2024-12-31,10-K (Q4 derived: FY − 9M YTD),2026-02-25,1237981000,,,399873000,49857000,177317000,,807618000,,,,,16098000,,,,,,24884308000,3543646000,,
ARES,1176948,Financials,2025-03-31,10-Q,2026-05-08,1004508000,,,141038000,17537000,47170000,,1994203000,,,,,21489000,,,,,,27181768000,4454107000,,
ARES,1176948,Financials,2025-06-30,10-Q,2026-08-07,1040823000,,,286938000,60958000,137062000,,,,,,,20958000,,,,,,27264941000,4361831000,,
ARES,1176948,Financials,2025-09-30,10-Q,2025-11-06,1152538000,,,652271000,111892000,288882000,,,,,,,21095000,,,,,,27032166000,4474028000,,
ARES,1176948,Financials,2025-12-31,10-K (Q4 derived: FY − 9M YTD),2026-02-25,1557749000,,,206646000,8148000,54248000,,-483688000,,,,,21027000,,,,,,28633369000,4275463000,,
ARES,1176948,Financials,2026-03-31,10-Q,2026-05-08,1298861000,,,312921000,59872000,142589000,,406515000,,,,,25442000,,,,,,28394933000,4025435000,,
ARES,1176948,Financials,2026-06-30,10-Q,2026-08-07,1293657000,,,385942000,72977000,150635000,,,,,,,25194000,,,,,,29631399000,3968073000,,
ATO,731802,Utilities,2025-03-31,10-Q,2026-05-06,1950502000,,628939000,603097000,117521000,485576000,3.03,,839666000,,,,,,543504000,8413725000,,,26980381000,13137965000,160426000,
ATO,731802,Utilities,2025-05-02,10-Q,2025-05-07,,,,,,,,,,,,,,,,,,,,,,158836864
ATO,731802,Utilities,2025-06-30,10-Q,2026-08-05,838774000,,252067000,230630000,44201000,186429000,1.16,,866930000,,,,,,709378000,8907983000,,,27712527000,13385838000,161171000,
ATO,731802,Utilities,2025-08-01,10-Q,2025-08-06,,,,,,,,,,,,,,,,,,,,,,160523571
ATO,731802,Utilities,2025-09-30,10-K (Q4 derived: FY − 9M YTD),2025-11-14,737480000,,219485000,213118000,38227000,174891000,1.0599999999999996,348124000,963612000,,185676000,,141449000,,202687000,8907169000,,,28249522000,13558890000,775000,
ATO,731802,Utilities,2025-11-10,10-K,2025-11-14,,,,,,,,,,,,,,,,,,,,,,161693336
ATO,731802,Utilities,2025-12-31,10-Q,2026-02-03,1342585000,,514764000,503582000,100618000,402964000,2.44,308058000,1033347000,,194645000,,160407000,,367023000,9553625000,,,29798395000,14282892000,164871000,
ATO,731802,Utilities,2026-01-30,10-Q,2026-02-03,,,,,,,,,,,,,,,,,,,,,,165438946
ATO,731802,Utilities,2026-03-31,10-Q,2026-05-06,1962402000,,764804000,733589000,151690000,581899000,3.47,,1003589000,,,,,,125694000,9554229000,,,30380096000,14908650000,167812000,
ATO,731802,Utilities,2026-05-01,10-Q,2026-05-06,,,,,,,,,,,,,,,,,,,,,,166919822
ATO,731802,Utilities,2026-06-30,10-Q,2026-08-05,879059000,,320414000,303283000,60594000,242689000,1.43,,,,,,,,520953000,9748716000,,,31585539000,15258058000,169374000,
ATO,731802,Utilities,2026-07-31,10-Q,2026-08-05,,,,,,,,,,,,,,,,,,,,,,168988553
AVGO,1730168,Information Technology,2025-02-02,10-Q,2026-03-11,,10145000000,6260000000,5490000000,-13000000,,1.14,6113000000,100000000,1280000000,,873000000,2774000000,0,9307000000,,,1650000000,165358000000,,4836000000,
AVGO,1730168,Information Technology,2025-02-28,10-Q,2025-03-12,,,,,,,,,,,,,,,,,,,,,,4701948717
AVGO,1730168,Information Technology,2025-05-04,10-Q,2026-06-09,,10197000000,5829000000,5085000000,120000000,,1.03,,,,,769000000,2785000000,2450000000,9472000000,,,1650000000,164630000000,,4826000000,
AVGO,1730168,Information Technology,2025-05-30,10-Q,2025-06-11,,,,,,,,,,,,,,,,,,,,,,4703470979
AVGO,1730168,Information Technology,2025-08-03,10-Q,2025-09-10,,10703000000,5887000000,5285000000,1145000000,,0.85,,,,,807000000,2786000000,,10718000000,,,900000000,165621000000,,4860000000,
AVGO,1730168,Information Technology,2025-08-29,10-Q,2025-09-10,,,,,,,,,,,,,,,,,,,,,,4722365022
AVGO,1730168,Information Technology,2025-11-02,10-K (Q4 derived: FY − 9M YTD),2025-12-18,,12249000000,7508000000,6869000000,-1649000000,,1.7499999999999996,7703000000,237000000,2195000000,,,2797000000,0,16178000000,65136000000,61984000000,3152000000,171092000000,,12000000,
AVGO,1730168,Information Technology,2025-11-28,10-K,2025-12-18,,,,,,,,,,,,,,,,,,,,,,4741273799
AVGO,1730168,Information Technology,2026-02-01,10-Q,2026-03-11,,13157000000,8563000000,8195000000,846000000,,1.5,8260000000,250000000,2176000000,,801000000,3086000000,7850000000,14174000000,66057000000,63805000000,2252000000,169903000000,,4888000000,
AVGO,1730168,Information Technology,2026-02-27,10-Q,2026-03-11,,,,,,,,,,,,,,,,,,,,,,4734668184
AVGO,1730168,Information Technology,2026-05-03,10-Q,2026-06-09,,15415000000,10788000000,10130000000,820000000,,1.91,,,,,776000000,3092000000,600000000,19628000000,64907000000,62655000000,2252000000,179158000000,,4876000000,
AVGO,1730168,Information Technology,2026-05-29,10-Q,2026-06-09,,,,,,,,,,,,,,,,,,,,,,4757580198
AVY,8818,Materials,2025-03-29,10-Q,2026-05-05,,621500000,,227000000,60700000,166300000,2.09,-16300000,36000000,7900000,77900000,,69400000,261600000,195900000,,,,8354700000,2170500000,79400000,
AVY,8818,Materials,2025-04-26,10-Q,2025-04-29,,,,,,,,,,,,,,,,,,,,,,78175563
AVY,8818,Materials,2025-06-28,10-Q,2026-08-04,,639100000,,255500000,66500000,189000000,2.41,,,,80800000,,,,215900000,,,,8568200000,2201600000,78300000,
AVY,8818,Materials,2025-07-26,10-Q,2025-07-29,,,,,,,,,,,,,,,,,,,,,,77981594
AVY,8818,Materials,2025-09-27,10-Q,2025-10-28,,635000000,,234800000,68500000,166300000,2.13,,,,84000000,,,,536300000,,,,8866900000,2211000000,78000000,
AVY,8818,Materials,2025-10-25,10-Q,2025-10-28,,,,,,,,,,,,,,,,,,,,,,77295394
AVY,8818,Materials,2025-12-31,10-K (Q4 derived: FY − 9M YTD),2026-02-25,,650700000,,207800000,41400000,166400000,2.1499999999999995,376800000,67100000,5200000,85500000,,72400000,118700000,202800000,3199000000,,,8801700000,2242100000,-300000,
AVY,8818,Materials,2026-01-31,10-K,2026-02-25,,,,,,,,,,,,,,,,,,,,,,76877940
AVY,8818,Materials,2026-03-31,10-Q,2026-05-05,,664800000,,240400000,72300000,168100000,2.18,136500000,28300000,5800000,86800000,,72300000,60600000,255100000,,,,8978600000,2300500000,77000000,
AVY,8818,Materials,2026-05-02,10-Q,2026-05-05,,,,,,,,,,,,,,,,,,,,,,76490385
AVY,8818,Materials,2026-06-30,10-Q,2026-08-04,,729400000,,282700000,78600000,204100000,2.67,,,,86400000,,,,227300000,,,,9212300000,2322800000,76400000,
AVY,8818,Materials,2026-08-01,10-Q,2026-08-04,,,,,,,,,,,,,,,,,,,,,,75788142
AWK,1410636,Utilities,2025-03-31,10-Q,2026-04-29,,,371000000,270000000,65000000,205000000,1.05,331000000,548000000,,216000000,,149000000,,114000000,,,,33156000000,10534000000,195000000,
AWK,1410636,Utilities,2025-04-21,10-Q,2025-04-30,,,,,,,,,,,,,,,,,,,,,,195011615
AWK,1410636,Utilities,2025-06-30,10-Q,2026-07-29,,,489000000,376000000,87000000,289000000,1.48,,,,,,,,94000000,,,,33913000000,10682000000,195000000,
AWK,1410636,Utilities,2025-07-21,10-Q,2025-07-30,,,,,,,,,,,,,,,,,,,,,,195098566
AWK,1410636,Utilities,2025-09-30,10-Q,2025-10-29,,,614000000,494000000,115000000,379000000,1.94,,,,,,,,166000000,,,,34748000000,10907000000,195000000,
AWK,1410636,Utilities,2025-10-20,10-Q,2025-10-29,,,,,,,,,,,,,,,,,,,,,,195123565
AWK,1410636,Utilities,2025-12-31,10-K (Q4 derived: FY − 9M YTD),2026-02-18,,,405000000,282000000,44000000,238000000,1.2200000000000006,663000000,1048000000,,231000000,,161000000,,98000000,,,,35442000000,10837000000,0,
AWK,1410636,Utilities,2026-02-09,10-K,2026-02-18,,,,,,,,,,,,,,,,,,,,,,195208666
AWK,1410636,Utilities,2026-03-31,10-Q,2026-04-29,,,391000000,259000000,63000000,196000000,1,305000000,659000000,,237000000,,162000000,,137000000,,,,35264000000,11037000000,195000000,
AWK,1410636,Utilities,2026-04-20,10-Q,2026-04-29,,,,,,,,,,,,,,,,,,,,,,195280521
AWK,1410636,Utilities,2026-06-30,10-Q,2026-07-29,,,542000000,405000000,90000000,315000000,1.61,,,,,,,,191000000,,,,36453000000,11665000000,196000000,
AWK,1410636,Utilities,2026-07-20,10-Q,2026-07-29,,,,,,,,,,,,,,,,,,,,,,198728989
AXON,1069183,Industrials,2025-03-31,10-Q,2026-05-07,603633000,365739000,-8793000,108391000,20411000,87980000,1.08,25794000,24862000,140239000,19453000,7821000,,,1092938000,2006712000,1727797000,278915000,6083159000,2555853000,81484000,
AXON,1069183,Industrials,2025-05-01,10-Q,2025-05-07,,,,,,,,,,,,,,,,,,,,,,77850812
AXON,1069183,Industrials,2025-06-30,10-Q,2026-08-06,668538000,403743000,-1036000,-38883000,-75000000,36117000,0.44,,,139244000,,28686000,,,615496000,2007822000,1728575000,279247000,6215256000,2732400000,82062000,
AXON,1069183,Industrials,2025-07-31,10-Q,2025-08-05,,,,,,,,,,,,,,,,,,,,,,78504440
AXON,1069183,Industrials,2025-09-30,10-Q,2025-11-05,710641000,427348000,-2129000,15703000,17889000,-2186000,-0.03,,,146152000,,28912000,,,1423871000,2008926000,1729366000,279560000,6657365000,3027750000,78416000,
AXON,1069183,Industrials,2025-10-31,10-Q,2025-11-05,,,,,,,,,,,,,,,,,,,,,,78910466
AXON,1069183,Industrials,2025-12-31,10-K (Q4 derived: FY − 9M YTD),2026-02-25,796724000,461295000,-50118000,-66237000,-68982000,2745000,0.030000000000000027,217235000,61808000,208596000,26945000,28819000,,,1201147000,1810722000,1730170000,80552000,7000313000,3242658000,152000,
AXON,1069183,Industrials,2026-02-18,10-K,2026-02-25,,,,,,,,,,,,,,,,,,,,,,80397675
AXON,1069183,Industrials,2026-03-31,10-Q,2026-05-07,807345000,477286000,29243000,200221000,30909000,169312000,2.05,-31517000,23125000,134701000,30361000,28643000,,,458921000,1730987000,1730987000,0,7066849000,3534113000,82478000,
AXON,1069183,Industrials,2026-04-30,10-Q,2026-05-07,,,,,,,,,,,,,,,,,,,,,,80602077
AXON,1069183,Industrials,2026-06-30,10-Q,2026-08-06,904389000,546447000,46778000,32684000,3257000,29427000,0.36,,,143996000,,28101000,,,597704000,1731817000,1731817000,0,7481157000,3674537000,82541000,
AXON,1069183,Industrials,2026-07-31,10-Q,2026-08-06,,,,,,,,,,,,,,,,,,,,,,81237415
AXP,4962,Financials,2025-03-31,10-Q,2026-04-23,,,,3330000000,746000000,2584000000,3.64,4764000000,430000000,158000000,433000000,,509000000,1208000000,,51236000000,,,282244000000,31202000000,702000000,
AXP,4962,Financials,2025-04-11,10-Q,2025-04-18,,,,,,,,,,,,,,,,,,,,,,700588870
AXP,4962,Financials,2025-06-30,10-Q,2026-07-24,,,,3550000000,665000000,2885000000,4.08,,,,,,,,,58202000000,,,295556000000,32311000000,699000000,
AXP,4962,Financials,2025-07-14,10-Q,2025-07-18,,,,,,,,,,,,,,,,,,,,,,695882227
AXP,4962,Financials,2025-09-30,10-Q,2025-10-17,,,,3825000000,923000000,2902000000,4.14,,,,,,,,,57787000000,,,297550000000,32417000000,693000000,
AXP,4962,Financials,2025-10-14,10-Q,2025-10-17,,,,,,,,,,,,,,,,,,,,,,688851653
AXP,4962,Financials,2025-12-31,10-K (Q4 derived: FY − 9M YTD),2026-02-06,,,,3090000000,628000000,2462000000,3.530000000000001,3067000000,722000000,141000000,462000000,,583000000,899000000,,56387000000,,,300052000000,33474000000,-2000000,
AXP,4962,Financials,2026-01-30,10-K,2026-02-06,,,,,,,,,,,,,,,,,,,,,,686614005
AXP,4962,Financials,2026-03-31,10-Q,2026-04-23,,,,3778000000,807000000,2971000000,4.28,3804000000,1149000000,203000000,468000000,,583000000,1911000000,,58750000000,,,308894000000,33995000000,686000000,
AXP,4962,Financials,2026-04-17,10-Q,2026-04-23,,,,,,,,,,,,,,,,,,,,,,682326443
AXP,4962,Financials,2026-06-30,10-Q,2026-07-24,,,,4071000000,961000000,3110000000,4.53,,,,,,,,,57017000000,,,308203000000,34280000000,679000000,
AXP,4962,Financials,2026-07-14,10-Q,2026-07-24,,,,,,,,,,,,,,,,,,,,,,675309833
AZO,866787,Consumer Discretionary,2025-02-15,10-Q,2026-03-20,3952012000,2128401000,706767000,597945000,110022000,487923000,28.29,,,,,,,,300905000,,9052099000,,18116279000,-4457773000,17245000,
AZO,866787,Consumer Discretionary,2025-03-14,10-Q,2025-03-21,,,,,,,,,,,,,,,,,,,,,,16728657
AZO,866787,Consumer Discretionary,2025-05-10,10-Q,2026-06-12,4464339000,2353523000,866174000,754889000,146449000,608440000,35.36,,,,,,,,268625000,,8853110000,,18621983000,-3974405000,17207000,
AZO,866787,Consumer Discretionary,2025-06-06,10-Q,2025-06-13,,,,,,,,,,,,,,,,,,,,,,16728714
AZO,866787,Consumer Discretionary,2025-08-30,10-K (Q4 derived: FY − Q1..Q3),2025-10-27,6242725000,3216493000,1196066000,1047978000,211027000,836951000,48.7,,,,,,,,271803000,,8799775000,,19355324000,-3414313000,-34577000,
AZO,866787,Consumer Discretionary,2025-10-20,10-K,2025-10-27,,,,,,,,,,,,,,,,,,,,,,16632663
AZO,866787,Consumer Discretionary,2025-11-22,10-Q,2025-12-19,4628630000,2359313000,784205000,677935000,147112000,530823000,31.04,944171000,314173000,,148194000,,,427178000,287639000,,8623112000,,19665585000,-3228607000,17102000,
AZO,866787,Consumer Discretionary,2025-12-12,10-Q,2025-12-19,,,,,,,,,,,,,,,,,,,,,,16567821
AZO,866787,Consumer Discretionary,2026-02-14,10-Q,2026-03-20,4274098000,2243358000,698456000,591251000,122391000,468860000,27.63,,,,,,,,285492000,,8907052000,,20438595000,-2908770000,16969000,
AZO,866787,Consumer Discretionary,2026-03-13,10-Q,2026-03-20,,,,,,,,,,,,,,,,,,,,,,16476820
AZO,866787,Consumer Discretionary,2026-05-09,10-Q,2026-06-12,4840950000,2524574000,923756000,813266000,171775000,641491000,38.07,,,,,,,,253729000,,9016477000,,20916463000,-2784552000,16852000,
AZO,866787,Consumer Discretionary,2026-06-05,10-Q,2026-06-12,,,,,,,,,,,,,,,,,,,,,,16325355
BA,12927,Industrials,2025-03-31,10-Q,2026-04-22,19496000000,2417000000,461000000,76000000,107000000,-37000000,-0.16,-1616000000,674000000,135000000,466000000,708000000,,,10142000000,53394000000,,7930000000,156494000000,-3325000000,753400000,
BA,12927,Industrials,2025-04-16,10-Q,2025-04-23,,,,,,,,,,,,,,,,,,,,,,754005474
BA,12927,Industrials,2025-06-30,10-Q,2026-07-28,22749000000,2435000000,-176000000,-561000000,51000000,-611000000,-0.92,,,,460000000,710000000,,,7087000000,53143000000,,8719000000,155120000000,-3295000000,756600000,
BA,12927,Industrials,2025-07-22,10-Q,2025-07-29,,,,,,,,,,,,,,,,,,,,,,756157695
BA,12927,Industrials,2025-09-30,10-Q,2025-10-29,23270000000,-2375000000,-4781000000,-5199000000,140000000,-5337000000,-7.14,,,,491000000,694000000,,,6173000000,53177000000,,8742000000,150023000000,-8250000000,759900000,
BA,12927,Industrials,2025-10-22,10-Q,2025-10-29,,,,,,,,,,,,,,,,,,,,,,760095468
BA,12927,Industrials,2025-12-31,10-K (Q4 derived: FY − 9M YTD),2026-01-30,23948000000,1812000000,8777000000,8319000000,99000000,8220000000,10.73,1331000000,956000000,83000000,536000000,659000000,,,10921000000,53848000000,,8461000000,168235000000,5454000000,5600000,
BA,12927,Industrials,2026-01-23,10-K,2026-01-30,,,,,,,,,,,,,,,,,,,,,,785347096
BA,12927,Industrials,2026-03-31,10-Q,2026-04-22,22217000000,2546000000,448000000,26000000,33000000,-4000000,-0.11,-179000000,1275000000,161000000,573000000,616000000,,,9441000000,46962000000,,2855000000,164787000000,5987000000,788000000,
BA,12927,Industrials,2026-04-15,10-Q,2026-04-22,,,,,,,,,,,,,,,,,,,,,,788302331
BA,12927,Industrials,2026-06-30,10-Q,2026-07-28,24560000000,2414000000,156000000,-365000000,63000000,-444000000,-0.67,,,,596000000,600000000,,,7239000000,45596000000,,4565000000,165870000000,6100000000,790600000,
BA,12927,Industrials,2026-07-21,10-Q,2026-07-28,,,,,,,,,,,,,,,,,,,,,,790370020
BAC,70858,Financials,2025-03-31,10-Q,2026-05-01,28247000000,,,8997000000,1637000000,7360000000,0.89,-2184000000,,999000000,565000000,,,4521000000,,304146000000,,,3349039000000,293949000000,7770800000,
BAC,70858,Financials,2025-04-29,10-Q,2025-04-30,,,,,,,,,,,,,,,,,,,,,,7531876103
BAC,70858,Financials,2025-06-30,10-Q,2026-07-31,27443000000,,,8668000000,1498000000,7170000000,0.9,,,,,,,,,313418000000,,,3440798000000,298021000000,7651600000,
BAC,70858,Financials,2025-07-30,10-Q,2025-07-31,,,,,,,,,,,,,,,,,,,,,,7406947312
BAC,70858,Financials,2025-09-30,10-Q,2025-10-31,28088000000,,,9456000000,987000000,8469000000,1.06,,,,,,,,,311484000000,,,3403716000000,304152000000,7627100000,
BAC,70858,Financials,2025-10-30,10-Q,2025-10-31,,,,,,,,,,,,,,,,,,,,,,7302495550
BAC,70858,Financials,2025-12-31,10-K (Q4 derived: FY − 9M YTD),2026-02-25,31180000000,,,12435000000,4907000000,7528000000,0.96,-22945000000,,969000000,594000000,,,6310000000,,317816000000,,,3411738000000,303243000000,-43800000,
BAC,70858,Financials,2026-02-24,10-K,2026-02-25,,,,,,,,,,,,,,,,,,,,,,7176682170
BAC,70858,Financials,2026-03-31,10-Q,2026-05-01,30272000000,,,10404000000,1820000000,8584000000,1.11,41770000000,,1032000000,605000000,,,7240000000,,325964000000,,,3496186000000,300668000000,7417500000,
BAC,70858,Financials,2026-04-30,10-Q,2026-05-01,,,,,,,,,,,,,,,,,,,,,,7096590651
BAC,70858,Financials,2026-06-30,10-Q,2026-07-31,31558000000,,,11565000000,2491000000,9074000000,1.21,,,,,,,,,339863000000,,,3499191000000,301094000000,7294200000,
BAC,70858,Financials,2026-07-30,10-Q,2026-07-31,,,,,,,,,,,,,,,,,,,,,,6992748365
BALL,9389,Materials,2025-03-31,10-Q,2026-05-05,,,,,53000000,,0.63,-665000000,81000000,,150000000,,57000000,555000000,449000000,,,447000000,18039000000,5501000000,285067000,
BALL,9389,Materials,2025-05-02,10-Q,2025-05-06,,,,,,,,,,,,,,,,,,,,,,277417504
BALL,9389,Materials,2025-06-30,10-Q,2026-08-04,,,,,61000000,,0.76,,,,155000000,,,,296000000,,,447000000,18608000000,5206000000,277771000,
BALL,9389,Materials,2025-08-01,10-Q,2025-08-05,,,,,,,,,,,,,,,,,,,,,,272148895
BALL,9389,Materials,2025-09-30,10-Q,2025-11-04,,,,,76000000,,1.18,,,,158000000,,,,568000000,,,258000000,18721000000,5446000000,272891000,
BALL,9389,Materials,2025-10-31,10-Q,2025-11-04,,,,,,,,,,,,,,,,,,,,,,267987212
BALL,9389,Materials,2025-12-31,10-K (Q4 derived: FY − 9M YTD),2026-02-19,,,,,50000000,,0.7399999999999998,1211000000,170000000,,159000000,,54000000,215000000,1212000000,,,2000000,19524000000,5421000000,-2565000,
BALL,9389,Materials,2026-02-17,10-K,2026-02-19,,,,,,,,,,,,,,,,,,,,,,266077175
BALL,9389,Materials,2026-03-31,10-Q,2026-05-05,,,,,62000000,,0.77,-777000000,161000000,,159000000,,54000000,1000000,730000000,,,647000000,19770000000,5600000000,267411000,
BALL,9389,Materials,2026-05-01,10-Q,2026-05-05,,,,,,,,,,,,,,,,,,,,,,266246511
BALL,9389,Materials,2026-06-30,10-Q,2026-08-04,,,,,65000000,,0.83,,,,165000000,,,,491000000,,,649000000,20110000000,5746000000,267139000,
BALL,9389,Materials,2026-07-31,10-Q,2026-08-04,,,,,,,,,,,,,,,,,,,,,,264703357
BAX,10456,Health Care,2025-03-31,10-Q,2026-04-30,2625000000,861000000,58000000,-3000000,-67000000,126000000,0.25,-193000000,,10000000,247000000,,87000000,,2294000000,,,651000000,21304000000,7081000000,514000000,
BAX,10456,Health Care,2025-04-30,10-Q,2025-05-06,,,,,,,,,,,,,,,,,,,,,,513174623
BAX,10456,Health Care,2025-06-30,10-Q,2026-07-30,2810000000,991000000,191000000,133000000,11000000,91000000,0.18,,,,,,,,1686000000,,,2000000,21046000000,7320000000,514000000,
BAX,10456,Health Care,2025-07-31,10-Q,2025-08-05,,,,,,,,,,,,,,,,,,,,,,513621061
BAX,10456,Health Care,2025-09-30,10-Q,2025-11-04,2835000000,950000000,172000000,121000000,172000000,-46000000,-0.09,,,,,,,,1726000000,,,751000000,21067000000,7241000000,514000000,
BAX,10456,Health Care,2025-10-31,10-Q,2025-11-04,,,,,,,,,,,,,,,,,,,,,,514055805
BAX,10456,Health Care,2025-12-31,10-K (Q4 derived: FY − 9M YTD),2026-02-12,2974000000,577000000,-729000000,-756000000,279000000,-1128000000,-2.2,584000000,,37000000,240000000,,87000000,,1966000000,9438000000,,2000000,20055000000,6129000000,-1000000,
BAX,10456,Health Care,2026-02-05,10-K,2026-02-12,,,,,,,,,,,,,,,,,,,,,,514490045
BAX,10456,Health Care,2026-03-31,10-Q,2026-04-30,2701000000,891000000,66000000,-6000000,11000000,-15000000,-0.03,213000000,,10000000,237000000,,5000000,,2017000000,,,842000000,19846000000,6043000000,515000000,
BAX,10456,Health Care,2026-04-24,10-Q,2026-04-30,,,,,,,,,,,,,,,,,,,,,,516469008
BAX,10456,Health Care,2026-06-30,10-Q,2026-07-30,2960000000,1032000000,217000000,158000000,23000000,126000000,0.24,,,,,,,,2150000000,,,844000000,19791000000,6206000000,518000000,
BAX,10456,Health Care,2026-07-23,10-Q,2026-07-30,,,,,,,,,,,,,,,,,,,,,,516995999
BBY,764478,Consumer Discretionary,2025-05-03,10-Q,2025-06-06,8767000000,2049000000,219000000,,19000000,202000000,0.95,34000000,166000000,40000000,211000000,12000000,202000000,100000000,1147000000,1163000000,1153000000,10000000,14128000000,2763000000,213000000,
BBY,764478,Consumer Discretionary,2025-06-04,10-Q,2025-06-06,,,,,,,,,,,,,,,,,,,,,,211346694
BBY,764478,Consumer Discretionary,2025-08-02,10-Q,2026-09-04,,2194000000,251000000,,68000000,186000000,0.87,,,,,,,,1456000000,1174000000,1164000000,10000000,15253000000,2716000000,212000000,
BBY,764478,Consumer Discretionary,2025-09-03,10-Q,2025-09-05,,,,,,,,,,,,,,,,,,,,,,210101265
BBY,764478,Consumer Discretionary,2025-11-01,10-Q,2025-12-05,,2248000000,198000000,,64000000,140000000,0.66,,,,,,,,923000000,1165000000,1155000000,10000000,16786000000,2653000000,212100000,
BBY,764478,Consumer Discretionary,2025-12-03,10-Q,2025-12-05,,,,,,,,,,,,,,,,,,,,,,209535103
BBY,764478,Consumer Discretionary,2026-01-31,10-K (Q4 derived: FY − 9M YTD),2026-03-18,,2882000000,721000000,,186000000,541000000,2.56,1278000000,175000000,33000000,203000000,,199000000,73000000,1738000000,,,,14670000000,2964000000,-600000,
BBY,764478,Consumer Discretionary,2026-03-16,10-K,2026-03-18,,,,,,,,,,,,,,,,,,,,,,209112577
BBY,764478,Consumer Discretionary,2026-05-02,10-Q,2026-06-05,,2102000000,370000000,,102000000,276000000,1.31,375000000,160000000,40000000,194000000,,202000000,0,1749000000,,,,14890000000,3083000000,211300000,
BBY,764478,Consumer Discretionary,2026-06-03,10-Q,2026-06-05,,,,,,,,,,,,,,,,,,,,,,210767126
BBY,764478,Consumer Discretionary,2026-08-01,10-Q,2026-09-04,,2338000000,421000000,,116000000,315000000,1.48,,,,,,,,2255000000,,,,16107000000,3183000000,212700000,
BBY,764478,Consumer Discretionary,2026-09-02,10-Q,2026-09-04,,,,,,,,,,,,,,,,,,,,,,209727698
BDX,10795,Health Care,2024-03-31,10-Q,2025-05-01,5045000000,,734000000,633000000,96000000,537000000,1.85,,,,,125000000,,,2348000000,,15995000000,,54157000000,25647000000,290344000,289006461
BDX,10795,Health Care,2024-06-30,10-Q,2025-08-07,4990000000,,602000000,500000000,13000000,487000000,1.68,,,,,,,,4459000000,,18131000000,,55582000000,25868000000,290253000,289042418
BDX,10795,Health Care,2024-09-30,10-K (Q4 derived: FY − 9M YTD),2025-11-25,5437000000,,622000000,514000000,114000000,400000000,1.37,,296000000,51000000,586000000,,,0,1717000000,,17940000000,,57286000000,25890000000,152000,
BDX,10795,Health Care,2024-10-31,10-K,2024-11-27,,,,,,,,,,,,,,,,,,,,,,289122120
BDX,10795,Health Care,2024-12-31,10-Q,2026-02-09,5168000000,,453000000,306000000,3000000,303000000,1.04,693000000,105000000,90000000,607000000,,,750000000,711000000,,17440000000,,54665000000,25205000000,290389000,287135421
BDX,10795,Health Care,2025-03-31,10-Q,2026-05-07,4480000000,,383000000,201000000,43000000,308000000,1.07,,,,567000000,,,,667000000,,17666000000,,54467000000,25241000000,287737000,286607414
BDX,10795,Health Care,2025-06-30,10-Q,2026-08-06,4726000000,,739000000,569000000,118000000,574000000,2,,,,575000000,,,,735000000,,17531000000,,54902000000,25472000000,287223000,286627469
BDX,10795,Health Care,2025-09-30,10-K (Q4 derived: FY − 9M YTD),2025-11-25,8301000000,,1174000000,975000000,52000000,493000000,1.7200000000000006,,377000000,79000000,756000000,,,250000000,567000000,,17620000000,,55325000000,25390000000,-184000,
BDX,10795,Health Care,2025-10-31,10-K,2025-11-25,,,,,,,,,,,,,,,,,,,,,,285418551
BDX,10795,Health Care,2025-12-31,10-Q,2026-02-09,5252000000,,552000000,393000000,11000000,382000000,1.34,657000000,108000000,91000000,614000000,,,250000000,740000000,,16916000000,,54841000000,25282000000,285845000,284741809
BDX,10795,Health Care,2026-03-31,10-Q,2026-05-07,4714000000,,93000000,39000000,76000000,-311000000,-1.11,,,,563000000,,,,813000000,,14706000000,,50832000000,24133000000,280640000,275540427
BDX,10795,Health Care,2026-06-30,10-Q,2026-08-06,4983000000,,663000000,554000000,102000000,377000000,1.37,,,,564000000,,,,708000000,,13511000000,,50731000000,24416000000,275158000,272386800
BEN,38777,Financials,2025-03-31,10-Q,2026-04-28,,,145600000,42700000,31100000,151400000,0.26,,,,,20800000,,,,2671300000,,,31989800000,12346000000,519900000,
BEN,38777,Financials,2025-04-22,10-Q,2025-05-02,,,,,,,,,,,,,,,,,,,,,,525521295
BEN,38777,Financials,2025-06-30,10-Q,2026-07-31,,,154100000,176600000,59900000,92300000,0.15,,,,,25800000,,,,2666700000,,,32552200000,12203900000,516500000,
BEN,38777,Financials,2025-07-22,10-Q,2025-08-01,,,,,,,,,,,,,,,,,,,,,,519195475
BEN,38777,Financials,2025-09-30,10-K (Q4 derived: FY − 9M YTD),2025-11-10,,,85400000,254300000,65800000,117600000,0.21000000000000008,-20700000,31200000,44800000,31100000,25200000,171100000,67100000,,2362000000,,,32368300000,12077800000,-800000,
BEN,38777,Financials,2025-10-31,10-K,2025-11-10,,,,,,,,,,,,,,,,,,,,,,520970580
BEN,38777,Financials,2025-12-31,10-Q,2026-01-30,,,281000000,451800000,105000000,255500000,0.46,-255100000,,75600000,28800000,20400000,170200000,41900000,,2357300000,,,32549100000,12134900000,518300000,
BEN,38777,Financials,2026-01-22,10-Q,2026-01-30,,,,,,,,,,,,,,,,,,,,,,520763448
BEN,38777,Financials,2026-03-31,10-Q,2026-04-28,,,323300000,445700000,99100000,268200000,0.49,,,,,19900000,,,,2253300000,,,34109800000,12123800000,518200000,
BEN,38777,Financials,2026-04-22,10-Q,2026-04-28,,,,,,,,,,,,,,,,,,,,,,519637162
BEN,38777,Financials,2026-06-30,10-Q,2026-07-31,,,215800000,370900000,115600000,171500000,0.31,,,,,23500000,,,,2401900000,,,36243000000,11738200000,516000000,
BEN,38777,Financials,2026-07-22,10-Q,2026-07-31,,,,,,,,,,,,,,,,,,,,,,508076910
BF.B,14693,Consumer Staples,2023-10-31,10-Q,2024-12-05,1107000000,671000000,339000000,310000000,68000000,242000000,0.5,,,,,31000000,,,373000000,2654000000,2654000000,,8115000000,3454000000,480115000,
BF.B,14693,Consumer Staples,2024-01-31,10-Q,2025-03-05,1069000000,635000000,373000000,342000000,57000000,285000000,0.6,,,,,33000000,,,589000000,2678000000,2678000000,,8237000000,3245000000,475566000,
BF.B,14693,Consumer Staples,2024-04-30,10-K (Q4 derived: FY − 9M YTD),2026-06-12,964000000,569000000,375000000,347000000,81000000,266000000,0.56,285000000,80000000,7000000,21000000,34000000,104000000,0,446000000,2672000000,2372000000,300000000,8166000000,3517000000,-1224000,472600000
BF.B,14693,Consumer Staples,2024-07-31,10-Q,2025-08-28,951000000,565000000,281000000,253000000,58000000,195000000,0.41,17000000,41000000,4000000,22000000,32000000,103000000,,416000000,2684000000,2384000000,300000000,8205000000,3465000000,472941000,
BF.B,14693,Consumer Staples,2024-10-31,10-Q,2025-12-04,1095000000,646000000,341000000,313000000,55000000,258000000,0.55,,,,,32000000,,,416000000,2691000000,2391000000,300000000,8332000000,3705000000,473057000,
BF.B,14693,Consumer Staples,2025-01-31,10-Q,2026-03-04,1035000000,619000000,280000000,332000000,62000000,270000000,0.57,,,,,31000000,,,599000000,2661000000,2361000000,300000000,8071000000,3823000000,472886000,
BF.B,14693,Consumer Staples,2025-04-30,10-K (Q4 derived: FY − 9M YTD),2026-06-12,894000000,513000000,205000000,183000000,37000000,146000000,0.31000000000000005,152000000,50000000,8000000,21000000,27000000,107000000,0,444000000,2421000000,2421000000,0,8086000000,3993000000,-10000,472669000
BF.B,14693,Consumer Staples,2025-07-31,10-Q,2026-09-02,924000000,552000000,260000000,220000000,50000000,170000000,0.36,160000000,31000000,4000000,22000000,25000000,107000000,,471000000,2419000000,2075000000,344000000,8171000000,3988000000,472963000,
BF.B,14693,Consumer Staples,2025-10-31,10-Q,2025-12-04,1036000000,615000000,305000000,279000000,55000000,224000000,0.47,,,,,26000000,,,319000000,2419000000,2072000000,347000000,8221000000,4134000000,472607000,
BF.B,14693,Consumer Staples,2026-01-31,10-Q,2026-03-04,1056000000,640000000,340000000,315000000,48000000,267000000,0.58,,,,,26000000,,,383000000,2445000000,2089000000,356000000,8302000000,4082000000,462857000,
BF.B,14693,Consumer Staples,2026-04-30,10-K (Q4 derived: FY − 9M YTD),2026-06-12,912000000,571000000,96000000,71000000,17000000,54000000,0.1200000000000001,291000000,26000000,10000000,24000000,26000000,106000000,0,308000000,2434000000,2083000000,351000000,7894000000,4020000000,-2219000,
BF.B,14693,Consumer Staples,2026-07-31,10-Q,2026-09-02,911000000,549000000,252000000,229000000,53000000,176000000,0.38,173000000,12000000,4000000,23000000,25000000,106000000,,301000000,2083000000,2083000000,0,7825000000,3969000000,459518000,
BG,1996862,Consumer Staples,2024-12-31,10-K,2026-02-19,13542000000,1081000000,,730000000,100000000,602000000,4.36,1053000000,489000000,,123000000,113000000,91000000,,3311000000,5363000000,4694000000,669000000,24899000000,9913000000,-1348658,
BG,1996862,Consumer Staples,2025-02-18,10-K,2025-02-20,,,,,,,,,,,,,,,,,,,,,,133968048
BG,1996862,Consumer Staples,2025-03-31,10-Q,2026-04-29,11643000000,597000000,,284000000,80000000,201000000,1.48,-285000000,310000000,,120000000,104000000,91000000,,3245000000,5389000000,4714000000,675000000,26660000000,10578000000,135407823,
BG,1996862,Consumer Staples,2025-05-05,10-Q,2025-05-07,,,,,,,,,,,,,,,,,,,,,,134404972
BG,1996862,Consumer Staples,2025-06-30,10-K,2026-02-19,12769000000,738000000,,494000000,124000000,354000000,2.61,,,,116000000,106000000,,,6790000000,7734000000,7044000000,690000000,31154000000,10883000000,135599243,
BG,1996862,Consumer Staples,2025-08-01,10-Q,2025-08-05,,,,,,,,,,,,,,,,,,,,,,200062018
BG,1996862,Consumer Staples,2025-09-30,10-K,2026-02-19,22155000000,1063000000,,270000000,86000000,166000000,0.84,,,,241000000,202000000,,,1315000000,11143000000,9809000000,1334000000,46298000000,15768000000,198477018,
BG,1996862,Consumer Staples,2025-11-03,10-Q,2025-11-05,,,,,,,,,,,,,,,,,,,,,,193361047
BG,1996862,Consumer Staples,2025-12-31,10-K,2026-02-19,23762000000,1011000000,,86000000,-2000000,95000000,0.49,1347000000,538000000,,226000000,216000000,135000000,,1135000000,10168000000,8831000000,1337000000,44528000000,15904000000,9754667,
BG,1996862,Consumer Staples,2026-02-17,10-K,2026-02-19,,,,,,,,,,,,,,,,,,,,,,193509080
BG,1996862,Consumer Staples,2026-03-31,10-Q,2026-04-29,21861000000,766000000,,61000000,-14000000,68000000,0.35,-541000000,336000000,,238000000,181000000,136000000,,839000000,11308000000,9947000000,1361000000,47576000000,16045000000,195733665,
BG,1996862,Consumer Staples,2026-04-27,10-Q,2026-04-29,,,,,,,,,,,,,,,,,,,,,,194018115
BIIB,875045,Health Care,2024-12-31,10-K (Q4 derived: FY − 9M YTD),2026-02-06,2454700000,,,291500000,24800000,266700000,1.83,760900000,39300000,75100000,184000000,60000000,,,,4547200000,,1748600000,28049300000,,-100000,
BIIB,875045,Health Care,2025-02-11,10-K,2025-02-12,,,,,,,,,,,,,,,,,,,,,,146374937
BIIB,875045,Health Care,2025-03-31,10-Q,2026-04-29,2431000000,,,311200000,70700000,240500000,1.64,259300000,37100000,81000000,183200000,60000000,,,,4548700000,,,28033100000,,146600000,
BIIB,875045,Health Care,2025-04-30,10-Q,2025-05-01,,,,,,,,,,,,,,,,,,,,,,146527832
BIIB,875045,Health Care,2025-06-30,10-Q,2025-07-31,2645500000,,,744000000,109200000,634800000,4.33,,,,,72600000,,,,6283700000,,,28330200000,,146700000,
BIIB,875045,Health Care,2025-07-29,10-Q,2025-07-31,,,,,,,,,,,,,,,,,,,,,,146614598
BIIB,875045,Health Care,2025-09-30,10-Q,2025-10-30,2534700000,,,557300000,90800000,466500000,3.17,,,,,67400000,,,,6285100000,,,29207500000,,147100000,
BIIB,875045,Health Care,2025-10-29,10-Q,2025-10-30,,,,,,,,,,,,,,,,,,,,,,146702272
BIIB,875045,Health Care,2025-12-31,10-K (Q4 derived: FY − 9M YTD),2026-02-06,2279400000,,,-56000000,-7100000,-48900000,-0.3500000000000014,511900000,43900000,59600000,200200000,67500000,,,,6286800000,,0,29439500000,,300000,
BIIB,875045,Health Care,2026-02-04,10-K,2026-02-06,,,,,,,,,,,,,,,,,,,,,,146758528
BIIB,875045,Health Care,2026-03-31,10-Q,2026-04-29,2477800000,,,377700000,58200000,319500000,2.15,645500000,51200000,84000000,204400000,67600000,,,,6288500000,,,29483100000,,148400000,
BIIB,875045,Health Care,2026-04-27,10-Q,2026-04-29,,,,,,,,,,,,,,,,,,,,,,147637117
BKNG,1075531,Consumer Discretionary,2025-03-31,10-Q,2026-04-28,4762000000,,1062000000,396000000,63000000,,0.4,3283000000,121000000,143000000,154000000,,319000000,2170000000,15578000000,16024000000,15369000000,655000000,27191000000,-6112000000,827000000,
BKNG,1075531,Consumer Discretionary,2025-04-21,10-Q,2025-04-29,,,,,,,,,,,,,,,,,,,,,,32540338
BKNG,1075531,Consumer Discretionary,2025-06-30,10-Q,2026-08-04,6798000000,,2250000000,1104000000,209000000,,1.1,,,,,,,,17595000000,18472000000,17473000000,999000000,30684000000,-6657000000,815000000,
BKNG,1075531,Consumer Discretionary,2025-07-21,10-Q,2025-07-29,,,,,,,,,,,,,,,,,,,,,,32409885
BKNG,1075531,Consumer Discretionary,2025-09-30,10-Q,2025-10-28,9008000000,,3483000000,3469000000,721000000,,84.41,,,,,,,,16509000000,16996000000,15997000000,999000000,28752000000,-4736000000,32558000,
BKNG,1075531,Consumer Discretionary,2025-10-20,10-Q,2025-10-28,,,,,,,,,,,,,,,,,,,,,,32233815
BKNG,1075531,Consumer Discretionary,2025-12-31,10-K (Q4 derived: FY − 9M YTD),2026-02-18,6349000000,,2030000000,1863000000,435000000,,44.17999999999999,1490000000,73000000,,151000000,,307000000,2119000000,17203000000,18736000000,16856000000,1880000000,29264000000,-5578000000,-116000,
BKNG,1075531,Consumer Discretionary,2026-02-10,10-K,2026-02-18,,,,,,,,,,,,,,,,,,,,,,31673346
BKNG,1075531,Consumer Discretionary,2026-03-31,10-Q,2026-04-28,5532000000,,1271000000,1399000000,316000000,,1.36,3215000000,107000000,141000000,131000000,,343000000,3770000000,16024000000,,15398000000,3015000000,27720000000,-8724000000,794000000,
BKNG,1075531,Consumer Discretionary,2026-04-20,10-Q,2026-04-28,,,,,,,,,,,,,,,,,,,,,,774878436
BKNG,1075531,Consumer Discretionary,2026-06-30,10-Q,2026-08-04,7352000000,,2500000000,2560000000,610000000,,2.53,,,,,,,,17214000000,,18180000000,2000000000,29682000000,-10783000000,770000000,
BKNG,1075531,Consumer Discretionary,2026-07-27,10-Q,2026-08-04,,,,,,,,,,,,,,,,,,,,,,751380500
BKR,1701605,Energy,2025-03-31,10-Q,2026-04-24,6427000000,,,561000000,152000000,402000000,,709000000,300000000,50000000,285000000,,229000000,188000000,,,,55000000,38110000000,17042000000,,
BKR,1701605,Energy,2025-04-16,10-Q,2025-04-23,,,,,,,,,,,,,,,,,,,,,,990749975
BKR,1701605,Energy,2025-06-30,10-Q,2026-07-27,6910000000,,,967000000,256000000,701000000,,,,,293000000,,,,,,,66000000,38740000000,17697000000,,
BKR,1701605,Energy,2025-07-16,10-Q,2025-07-23,,,,,,,,,,,,,,,,,,,,,,985879124
BKR,1701605,Energy,2025-09-30,10-Q,2025-10-24,7010000000,,,821000000,204000000,609000000,,,,,282000000,,,,,,,68000000,39233000000,18157000000,,
BKR,1701605,Energy,2025-10-16,10-Q,2025-10-24,,,,,,,,,,,,,,,,,,,,,,986773882
BKR,1701605,Energy,2025-12-31,10-K (Q4 derived: FY − 9M YTD),2026-02-05,7386000000,,,528000000,-359000000,876000000,,1662000000,377000000,50000000,327000000,,227000000,0,,,,689000000,40881000000,18834000000,,
BKR,1701605,Energy,2026-01-27,10-K,2026-02-05,,,,,,,,,,,,,,,,,,,,,,988236510
BKR,1701605,Energy,2026-03-31,10-Q,2026-04-24,6587000000,,,1274000000,336000000,930000000,,500000000,336000000,45000000,354000000,,228000000,0,,,,753000000,50896000000,19314000000,,
BKR,1701605,Energy,2026-04-16,10-Q,2026-04-24,,,,,,,,,,,,,,,,,,,,,,992068697
BKR,1701605,Energy,2026-06-30,10-Q,2026-07-27,6742000000,,,892000000,210000000,681000000,,,,,333000000,,,,,,,774000000,52620000000,19908000000,,
BKR,1701605,Energy,2026-07-23,10-Q,2026-07-27,,,,,,,,,,,,,,,,,,,,,,992674071
BLDR,1316835,Industrials,2025-03-31,10-Q,2026-04-30,3657496000,1115241000,184441000,119549000,23245000,96304000,0.84,132328000,99974000,14238000,145031000,,,12347000,115371000,,,,11447615000,4374160000,114339000,
BLDR,1316835,Industrials,2025-04-25,10-Q,2025-05-01,,,,,,,,,,,,,,,,,,,,,,110514818
BLDR,1316835,Industrials,2025-06-30,10-Q,2026-07-30,4234064000,1299041000,311287000,239299000,54268000,185031000,1.66,,,,,,,,87020000,,,,11464555000,4178092000,111196000,
BLDR,1316835,Industrials,2025-07-28,10-Q,2025-07-31,,,,,,,,,,,,,,,,,,,,,,110546931
BLDR,1316835,Industrials,2025-09-30,10-Q,2025-10-30,3941190000,1199483000,228768000,159510000,37126000,122384000,1.1,,,,,,,,296162000,,,,11430883000,4316189000,110930000,
BLDR,1316835,Industrials,2025-10-24,10-Q,2025-10-30,,,,,,,,,,,,,,,,,,,,,,110580581
BLDR,1316835,Industrials,2025-12-31,10-K (Q4 derived: FY − 9M YTD),2026-02-17,3357888000,1002012000,61780000,-5975000,-37455000,31480000,0.29000000000000004,194794000,88071000,6712000,151342000,,,0,181753000,,,,11237530000,4352251000,-320000,
BLDR,1316835,Industrials,2026-02-11,10-K,2026-02-17,,,,,,,,,,,,,,,,,,,,,,110605069
BLDR,1316835,Industrials,2026-03-31,10-Q,2026-04-30,3287077000,928966000,16516000,-57876000,-10462000,-47414000,-0.43,87454000,46745000,13628000,148360000,,,300067000,98342000,,,,11303094000,4004220000,109870000,
BLDR,1316835,Industrials,2026-04-24,10-Q,2026-04-30,,,,,,,,,,,,,,,,,,,,,,107559876
BLDR,1316835,Industrials,2026-06-30,10-Q,2026-07-30,3862548000,1086787000,128507000,52403000,56303000,-3900000,-0.04,,,,,,,,65651000,,,,11323809000,4005175000,107564000,
BLDR,1316835,Industrials,2026-07-23,10-Q,2026-07-30,,,,,,,,,,,,,,,,,,,,,,107596457
BLK,2012383,Financials,2024-06-30,10-Q,2025-08-06,,,1800000000,2014000000,477000000,1495000000,9.99,,,,,126000000,,,,,,,,,149657889,
BLK,2012383,Financials,2024-09-30,10-Q,2025-11-05,,,2006000000,2265000000,574000000,1631000000,10.9,,,,,154000000,,,14037000000,12370000000,,,132816000000,41178000000,149608575,
BLK,2012383,Financials,2024-10-31,10-Q,2024-11-06,,,,,,,,,,,,,,,,,,,,,,154878930
BLK,2012383,Financials,2024-12-31,10-K (Q4 derived: FY − 9M YTD),2026-02-25,,,2075000000,2103000000,442000000,1670000000,10.639999999999997,2618000000,90000000,242000000,,166000000,791000000,386000000,12762000000,12314000000,,,138615000000,47495000000,1819127,
BLK,2012383,Financials,2025-01-31,10-K,2025-02-25,,,,,,,,,,,,,,,,,,,,,,155253443
BLK,2012383,Financials,2025-03-31,10-Q,2026-05-06,,,1698000000,1763000000,248000000,1510000000,9.64,-1128000000,78000000,241000000,,166000000,838000000,657000000,7747000000,12349000000,,,141942000000,48036000000,156632023,
BLK,2012383,Financials,2025-04-30,10-Q,2025-05-07,,,,,,,,,,,,,,,,,,,,,,154926181
BLK,2012383,Financials,2025-06-30,10-Q,2026-08-06,,,1731000000,2252000000,587000000,1593000000,10.19,,,,,173000000,,,9478000000,12762000000,,,146470000000,49141000000,156253855,
BLK,2012383,Financials,2025-09-30,10-Q,2025-11-05,,,1955000000,1997000000,470000000,1323000000,8.43,,,,,135000000,,,9979000000,12766000000,,,162682000000,55519000000,165177482,
BLK,2012383,Financials,2025-12-31,10-K (Q4 derived: FY − 9M YTD),2026-02-25,,,1661000000,1607000000,372000000,1127000000,7.100000000000001,2277000000,130000000,421000000,,140000000,,,11468000000,12768000000,,,169998000000,55888000000,1512494,
BLK,2012383,Financials,2026-03-31,10-Q,2026-05-06,,,2814000000,2842000000,516000000,2212000000,14.06,-980000000,106000000,319000000,,134000000,,,9841000000,12749000000,,,170237000000,56688000000,165001107,
BLK,2012383,Financials,2026-06-30,10-Q,2026-08-06,,,2461000000,2719000000,677000000,1914000000,12.19,,,,,134000000,,,10492000000,12744000000,,,175875000000,57613000000,164647766,
BMY,14272,Health Care,2025-03-31,10-Q,2026-04-30,11201000000,,,2971000000,509000000,2456000000,1.2,1954000000,260000000,144000000,1012000000,,1258000000,,10875000000,49506000000,46157000000,3349000000,92427000000,17389000000,2040000000,
BMY,14272,Health Care,2025-04-17,10-Q,2025-04-24,,,,,,,,,,,,,,,,,,,,,,2035080810
BMY,14272,Health Care,2025-06-30,10-Q,2026-07-30,12269000000,,,1773000000,460000000,1310000000,0.64,,,,,,,,12599000000,48945000000,44470000000,4475000000,94676000000,17435000000,2038000000,
BMY,14272,Health Care,2025-07-24,10-Q,2025-07-31,,,,,,,,,,,,,,,,,,,,,,2035435838
BMY,14272,Health Care,2025-09-30,10-Q,2025-10-30,12222000000,,,3114000000,919000000,2201000000,1.08,,,,,,,,15726000000,48717000000,44469000000,4248000000,96889000000,18552000000,2039000000,
BMY,14272,Health Care,2025-10-23,10-Q,2025-10-30,,,,,,,,,,,,,,,,,,,,,,2035753027
BMY,14272,Health Care,2025-12-31,10-K (Q4 derived: FY − 9M YTD),2026-02-11,12502000000,,,1470000000,384000000,1087000000,0.5299999999999998,1974000000,370000000,133000000,977000000,,1262000000,,10209000000,44827000000,42850000000,1977000000,90038000000,18473000000,0,
BMY,14272,Health Care,2026-02-04,10-K,2026-02-11,,,,,,,,,,,,,,,,,,,,,,2036473705
BMY,14272,Health Care,2026-03-31,10-Q,2026-04-30,11489000000,,,3240000000,561000000,2677000000,1.31,1104000000,347000000,146000000,594000000,,1283000000,,9574000000,44140000000,42152000000,1988000000,86476000000,20068000000,2047000000,
BMY,14272,Health Care,2026-04-21,10-Q,2026-04-30,,,,,,,,,,,,,,,,,,,,,,2042071247
BMY,14272,Health Care,2026-06-30,10-Q,2026-07-30,12973000000,,,4086000000,770000000,3317000000,1.62,,,,,,,,8722000000,42861000000,42093000000,768000000,87634000000,22319000000,2048000000,
BMY,14272,Health Care,2026-07-22,10-Q,2026-07-30,,,,,,,,,,,,,,,,,,,,,,2042714656
BNY,1390777,Financials,2024-03-31,10-Q,2025-05-02,,,,,297000000,1025000000,1.25,-2680000000,299000000,,468000000,5056000000,324000000,988000000,5305000000,32396000000,,,434728000000,40569000000,762268000,747815835
BNY,1390777,Financials,2024-06-30,10-Q,2025-08-01,,,,,357000000,1168000000,1.52,,,,,,,,5311000000,30947000000,,,428539000000,40843000000,751596000,737957499
BNY,1390777,Financials,2024-09-30,10-Q,2025-10-31,,,,,336000000,1182000000,1.5,,,,,,,,6234000000,33199000000,,,427461000000,41992000000,742080000,727078320
BNY,1390777,Financials,2024-12-31,10-Q,2025-05-02,,,,,315000000,1155000000,1.54,1550000000,413000000,,428000000,,349000000,750000000,4178000000,30854000000,,,416064000000,41318000000,733720000,
BNY,1390777,Financials,2025-01-31,10-K,2025-02-27,,,,,,,,,,,,,,,,,,,,,,716320652
BNY,1390777,Financials,2025-03-31,10-Q,2026-05-01,,,,,300000000,1220000000,1.58,412000000,320000000,,446000000,,343000000,746000000,5354000000,30869000000,,,440691000000,43119000000,727398000,715434285
BNY,1390777,Financials,2025-06-30,10-Q,2026-07-31,,,,,404000000,1423000000,1.93,,,,,,,,5699000000,33429000000,,,485781000000,43950000000,720007000,705240816
BNY,1390777,Financials,2025-09-30,10-Q,2025-10-31,,,,,395000000,1445000000,1.88,,,,,,,,5055000000,32287000000,,,455312000000,43879000000,712854000,697349124
BNY,1390777,Financials,2025-12-31,10-K (Q4 derived: FY − 9M YTD),2026-02-25,,,,,376000000,1461000000,2.0100000000000007,5185000000,436000000,,552000000,,377000000,1045000000,5111000000,31873000000,,,472300000000,44313000000,-3626000,
BNY,1390777,Financials,2026-01-31,10-K,2026-02-25,,,,,,,,,,,,,,,,,,,,,,686907398
BNY,1390777,Financials,2026-03-31,10-Q,2026-05-01,,,,,386000000,1632000000,2.24,-3013000000,617000000,,415000000,,,983000000,6390000000,32582000000,,,561517000000,44783000000,698164000,686379045
BNY,1390777,Financials,2026-06-30,10-Q,2026-07-31,,,,,475000000,1761000000,2.45,,,,,,,,7483000000,30368000000,,,525019000000,44664000000,692223000,678504142
BR,1383312,Industrials,2025-03-31,10-Q,2026-04-30,,,344900000,,67800000,243100000,2.05,,,,,33500000,,,317200000,3433600000,3433600000,,8299600000,2382300000,118500000,
BR,1383312,Industrials,2025-04-28,10-Q,2025-05-01,,,,,,,,,,,,,,,,,,,,,,117463440
BR,1383312,Industrials,2025-06-30,10-K (Q4 derived: FY − 9M YTD),2026-08-04,,,498700000,,97300000,374200000,3.1699999999999995,699700000,15600000,,,29800000,103100000,130700000,561500000,3252300000,2753000000,499300000,8545000000,2655100000,0,
BR,1383312,Industrials,2025-08-01,10-K,2025-08-05,,,,,,,,,,,,,,,,,,,,,,117129320
BR,1383312,Industrials,2025-09-30,10-Q,2025-11-04,,,188800000,,47700000,165400000,1.4,42300000,15200000,,,27900000,103100000,150500000,290700000,3281300000,2781800000,499500000,8302900000,2635100000,118000000,
BR,1383312,Industrials,2025-10-30,10-Q,2025-11-04,,,,,,,,,,,,,,,,,,,,,,116727559
BR,1383312,Industrials,2025-12-31,10-Q,2026-02-03,,,206000000,,85700000,284600000,2.42,,,,,27700000,,,370700000,3173100000,2673400000,499700000,8639500000,2879200000,117700000,
BR,1383312,Industrials,2026-01-29,10-Q,2026-02-03,,,,,,,,,,,,,,,,,,,,,,116748715
BR,1383312,Industrials,2026-03-31,10-Q,2026-04-30,,,359500000,,64300000,276300000,2.36,,,,,27300000,,,304800000,3227000000,2727200000,499800000,8779200000,2818800000,117000000,
BR,1383312,Industrials,2026-04-27,10-Q,2026-04-30,,,,,,,,,,,,,,,,,,,,,,115658297
BR,1383312,Industrials,2026-06-30,10-K (Q4 derived: FY − 9M YTD),2026-08-04,,,546300000,,123900000,398100000,3.42,677400000,32100000,,,28900000,112800000,250800000,402900000,3254600000,3254600000,0,8945300000,2840500000,-500000,
BR,1383312,Industrials,2026-07-31,10-K,2026-08-04,,,,,,,,,,,,,,,,,,,,,,114021798
BRK.B,1067983,Financials,2023-09-30,10-Q,2024-11-04,93210000000,,,-16959000000,-4392000000,-12767000000,,,,,,,,,,,,,1019933000000,525330000000,,
BRK.B,1067983,Financials,2023-12-31,10-K (Q4 derived: FY − 9M YTD),2026-03-02,93376000000,,,46938000000,9180000000,37574000000,,14400000000,5708000000,,3129000000,,,2193000000,,,,,1069978000000,561273000000,,
BRK.B,1067983,Financials,2024-03-31,10-Q,2025-05-05,89869000000,,,15706000000,2874000000,12702000000,,10566000000,4393000000,,3168000000,1316000000,,2562000000,,,,,1070035000000,571490000000,,
BRK.B,1067983,Financials,2024-06-30,10-Q,2025-08-04,93653000000,,,38137000000,7639000000,30348000000,,,,,3198000000,1230000000,,,,,,,1108860000000,601697000000,,
BRK.B,1067983,Financials,2024-09-30,10-Q,2025-11-03,92995000000,,,32508000000,6028000000,26251000000,,,,,3206000000,1214000000,,,,,,,1147251000000,629069000000,,
BRK.B,1067983,Financials,2024-12-31,10-K (Q4 derived: FY − 9M YTD),2026-03-02,94916000000,,,24025000000,4274000000,19694000000,,4621000000,5347000000,,3283000000,1440000000,,0,,,,,1153881000000,649368000000,,
BRK.B,1067983,Financials,2025-03-31,10-Q,2026-05-04,89725000000,,,5148000000,476000000,4603000000,,10903000000,4281000000,,3265000000,1257000000,,,,,,,1164532000000,654471000000,,
BRK.B,1067983,Financials,2025-06-30,10-Q,2026-08-10,92515000000,,,14750000000,2293000000,12370000000,,,,,3329000000,1253000000,,,,,,,1163968000000,667989000000,,
BRK.B,1067983,Financials,2025-09-30,10-Q,2025-11-03,94972000000,,,38105000000,7241000000,30796000000,,,,,3333000000,1261000000,,,,,,,1225963000000,698155000000,,
BRK.B,1067983,Financials,2025-12-31,10-K (Q4 derived: FY − 9M YTD),2026-03-02,94232000000,,,24456000000,5189000000,19199000000,,11192000000,6202000000,,3549000000,1298000000,,,,,,,1222176000000,717419000000,,
BRK.B,1067983,Financials,2026-03-31,10-Q,2026-05-04,93675000000,,,12319000000,2140000000,10106000000,,10438000000,4986000000,,3510000000,1301000000,,235000000,,,,,1252271000000,727181000000,,
BRK.B,1067983,Financials,2026-06-30,10-Q,2026-08-10,101808000000,,,32063000000,6291000000,25667000000,,,,,3606000000,1335000000,,,,,,,1263071000000,747910000000,,
BRO,79282,Financials,2025-03-31,10-Q,2026-04-27,1404000000,,,427000000,93000000,331000000,1.15,213000000,17000000,29000000,11000000,,43000000,0,669000000,3806000000,3731000000,75000000,16760000000,,285000000,
BRO,79282,Financials,2025-04-28,10-Q,2025-04-28,,,,,,,,,,,,,,,,,,,,,,286607567
BRO,79282,Financials,2025-06-30,10-Q,2026-07-27,1285000000,,,311000000,77000000,231000000,0.78,,,,11000000,,,,8893000000,7545000000,7470000000,75000000,25636000000,,293000000,
BRO,79282,Financials,2025-07-25,10-Q,2025-07-28,,,,,,,,,,,,,,,,,,,,,,329842812
BRO,79282,Financials,2025-09-30,10-Q,2025-10-28,1606000000,,,311000000,82000000,227000000,0.68,,,,14000000,,,,1190000000,7728000000,7653000000,75000000,29354000000,,332000000,
BRO,79282,Financials,2025-10-24,10-Q,2025-10-28,,,,,,,,,,,,,,,,,,,,,,341420790
BRO,79282,Financials,2025-12-31,10-K (Q4 derived: FY − 9M YTD),2026-02-12,1607000000,,,321000000,53000000,264000000,0.5900000000000003,444000000,20000000,17000000,18000000,,56000000,,1079000000,7613000000,6894000000,719000000,29991000000,,9000000,
BRO,79282,Financials,2026-02-10,10-K,2026-02-12,,,,,,,,,,,,,,,,,,,,,,340420023
BRO,79282,Financials,2026-03-31,10-Q,2026-04-27,1901000000,,,533000000,106000000,426000000,1.06,262000000,21000000,26000000,17000000,,57000000,250000000,1003000000,7822000000,6584000000,1238000000,29700000000,,337000000,
BRO,79282,Financials,2026-04-24,10-Q,2026-04-27,,,,,,,,,,,,,,,,,,,,,,338947841
BRO,79282,Financials,2026-06-30,10-Q,2026-07-27,1676000000,,,383000000,94000000,288000000,0.84,,,,18000000,,,,918000000,7759000000,7346000000,413000000,29887000000,,334000000,
BRO,79282,Financials,2026-07-24,10-Q,2026-07-27,,,,,,,,,,,,,,,,,,,,,,334610357
BSX,885725,Health Care,2025-03-31,10-Q,2026-05-01,,3210000000,921000000,805000000,133000000,,0.45,541000000,187000000,74000000,325000000,82000000,,,725000000,,,,40140000000,22212000000,1493100000,
BSX,885725,Health Care,2025-04-29,10-Q,2025-05-01,,,,,,,,,,,,,,,,,,,,,,1479446345
BSX,885725,Health Care,2025-06-30,10-Q,2026-08-03,,3424000000,819000000,941000000,146000000,,0.53,,,,,90000000,,,534000000,,,,41559000000,22418000000,1493500000,
BSX,885725,Health Care,2025-07-29,10-Q,2025-08-01,,,,,,,,,,,,,,,,,,,,,,1481751634
BSX,885725,Health Care,2025-09-30,10-Q,2025-11-03,,3542000000,1048000000,939000000,183000000,,0.51,,,,,87000000,,,1275000000,,,,42707000000,23394000000,1495500000,
BSX,885725,Health Care,2025-10-30,10-Q,2025-11-03,,,,,,,,,,,,,,,,,,,,,,1482442039
BSX,885725,Health Care,2025-12-31,10-K (Q4 derived: FY − 9M YTD),2026-02-17,,3679000000,825000000,700000000,30000000,,0.44999999999999996,1364000000,351000000,71000000,365000000,90000000,,,1965000000,,,,43673000000,24233000000,500000,
BSX,885725,Health Care,2026-01-30,10-K,2026-02-17,,,,,,,,,,,,,,,,,,,,,,1483885456
BSX,885725,Health Care,2026-03-31,10-Q,2026-05-01,,3614000000,1101000000,1162000000,-176000000,,0.9,348000000,177000000,83000000,351000000,90000000,,,1453000000,,,,44351000000,25864000000,1495000000,
BSX,885725,Health Care,2026-04-29,10-Q,2026-05-01,,,,,,,,,,,,,,,,,,,,,,1486355179
BSX,885725,Health Care,2026-06-30,10-Q,2026-08-03,,3848000000,1178000000,1060000000,155000000,,0.61,,,,,96000000,,,539000000,,,,45216000000,24930000000,1474800000,
BSX,885725,Health Care,2026-07-30,10-Q,2026-08-03,,,,,,,,,,,,,,,,,,,,,,1449229526
BX,1393818,Financials,2025-03-31,10-Q,2026-05-08,3289458000,,,1452601000,243827000,614852000,0.8,1109218000,29278000,471089000,,118115000,1858537000,,2386979000,12583600000,,,45255629000,7978120000,772434602,
BX,1393818,Financials,2025-04-25,10-Q,2025-05-02,,,,,,,,,,,,,,,,,,,,,,729647970
BX,1393818,Financials,2025-06-30,10-Q,2026-08-07,3711900000,,,1915627000,289494000,764244000,0.98,,,312400000,,135822000,,,2235499000,12136032000,,,45373094000,8352339000,782401237,
BX,1393818,Financials,2025-08-01,10-Q,2025-08-08,,,,,,,,,,,,,,,,,,,,,,737091668
BX,1393818,Financials,2025-09-30,10-Q,2025-11-07,3088635000,,,1446582000,209657000,624917000,0.8,,,303300000,,126288000,,,2430690000,12126441000,,,46554290000,8392523000,782681135,
BX,1393818,Financials,2025-10-31,10-Q,2025-11-07,,,,,,,,,,,,,,,,,,,,,,738450871
BX,1393818,Financials,2025-12-31,10-K (Q4 derived: FY − 9M YTD),2026-02-27,4360272000,,,2356836000,382045000,1015201000,1.3000000000000003,1067795000,22350000,358590000,,128089000,1597553000,,2631241000,12576587000,,,47708975000,8665526000,1003836,
BX,1393818,Financials,2026-02-20,10-K,2026-02-27,,,,,,,,,,,,,,,,,,,,,,742180737
BX,1393818,Financials,2026-03-31,10-Q,2026-05-08,3617595000,,,1455057000,197150000,649729000,0.83,991046000,33409000,560862000,,137053000,1917928000,,2448485000,13408505000,,,48326982000,8370770000,786296310,
BX,1393818,Financials,2026-05-01,10-Q,2026-05-08,,,,,,,,,,,,,,,,,,,,,,742879807
BX,1393818,Financials,2026-06-30,10-Q,2026-08-07,5043978000,,,2808452000,452386000,1229189000,1.54,,,354600000,,145023000,,,2507073000,13318636000,,,49892220000,9014543000,799897435,
BX,1393818,Financials,2026-07-31,10-Q,2026-08-07,,,,,,,,,,,,,,,,,,,,,,750625114
BXP,1037540,Real Estate,2025-03-31,10-Q,2026-05-07,865215000,511798000,,,,61177000,0.39,210036000,57395000,22917000,220107000,163444000,173118000,,398126000,,,,25436521000,5319942000,158632000,
BXP,1037540,Real Estate,2025-04-28,10-Q,2025-05-06,,,,,,,,,,,,,,,,,,,,,,158324596
BXP,1037540,Real Estate,2025-06-30,10-Q,2026-08-06,868457000,514080000,,,,88977000,0.56,,,,,162783000,,,446953000,,,,25621190000,5258786000,158795000,
BXP,1037540,Real Estate,2025-07-31,10-Q,2025-08-06,,,,,,,,,,,,,,,,,,,,,,158375515
BXP,1037540,Real Estate,2025-09-30,10-Q,2025-11-07,871510000,517008000,,,,-121712000,-0.77,,,,,164299000,,,861066000,,,,25999482000,4999559000,158345000,
BXP,1037540,Real Estate,2025-10-31,10-Q,2025-11-07,,,,,,,,,,,,,,,,,,,,,,158468685
BXP,1037540,Real Estate,2025-12-31,10-K (Q4 derived: FY − 9M YTD),2026-02-27,877097000,515763000,,,,248350000,1.56,407752000,45027000,4771000,232015000,162612000,123387000,,1478206000,,,,26166164000,5147190000,82000,
BXP,1037540,Real Estate,2026-02-20,10-K,2026-02-27,,,,,,,,,,,,,,,,,,,,,,158629124
BXP,1037540,Real Estate,2026-03-31,10-Q,2026-05-07,872148000,506007000,,,,101576000,0.64,156466000,30765000,25320000,227967000,152093000,124089000,,512783000,,,,25102250000,5152113000,159056000,
BXP,1037540,Real Estate,2026-05-01,10-Q,2026-05-07,,,,,,,,,,,,,,,,,,,,,,159477391
BXP,1037540,Real Estate,2026-06-30,10-Q,2026-08-06,895699000,538655000,,,,68564000,0.43,,,,,153425000,,,493949000,,,,25173869000,5155145000,159629000,
BXP,1037540,Real Estate,2026-07-31,10-Q,2026-08-06,,,,,,,,,,,,,,,,,,,,,,159661556
C,831001,Financials,2023-12-31,10-K (Q4 derived: FY − 9M YTD),2026-02-20,17044000000,,,-2103000000,-296000000,-1839000000,-1.0999999999999996,-4666000000,1765000000,,1172000000,22555000000,1313000000,548000000,,286619000000,,,2412000000000,205453000000,-5700000,
C,831001,Financials,2024-01-31,10-K,2024-02-23,,,,,,,,,,,,,,,,,,,,,,1911366783
C,831001,Financials,2024-03-31,10-Q,2025-05-08,21016000000,,,4544000000,1136000000,3371000000,1.58,-10831000000,1607000000,,1110000000,22716000000,1291000000,413000000,,285495000000,,,2432510000000,206585000000,1943200000,1907439613
C,831001,Financials,2024-06-30,10-Q,2025-08-06,20032000000,,,4310000000,1047000000,3217000000,1.52,,,,,22494000000,,,,280321000000,,,2405686000000,208310000000,1945700000,1907795225
C,831001,Financials,2024-09-30,10-Q,2025-11-06,20209000000,,,4390000000,1116000000,3238000000,1.51,,,,,,,,,299081000000,,,2430663000000,209083000000,1940300000,1891264803
C,831001,Financials,2024-12-31,10-K (Q4 derived: FY − 9M YTD),2026-02-20,19465000000,,,3802000000,912000000,2856000000,1.33,24796000000,1688000000,,1019000000,,1314000000,968000000,,287300000000,,,2352945000000,208598000000,-3000000,
C,831001,Financials,2025-01-31,10-K,2025-02-21,,,,,,,,,,,,,,,,,,,,,,1884479551
C,831001,Financials,2025-03-31,10-Q,2025-05-08,21596000000,,,5448000000,1340000000,4064000000,1.96,-58708000000,1517000000,,1050000000,,1323000000,1751000000,,295684000000,,,2571514000000,212408000000,1919600000,1867733680
C,831001,Financials,2025-06-30,10-Q,2025-08-06,21668000000,,,5219000000,1186000000,4019000000,1.96,,,,,,,,,317761000000,,,2622772000000,213222000000,1893100000,1840897898
C,831001,Financials,2025-09-30,10-Q,2025-11-06,22090000000,,,5350000000,1559000000,3752000000,1.86,,,,,,,,,315846000000,,,2642475000000,213023000000,1862600000,1789266159
C,831001,Financials,2025-12-31,10-K (Q4 derived: FY − 9M YTD),2026-02-20,19871000000,,,3811000000,1288000000,2471000000,1.21,26555000000,1631000000,,1103000000,,1351000000,4500000000,,315827000000,,,2657202000000,212291000000,-18700000,
C,831001,Financials,2026-01-31,10-K,2026-02-20,,,,,,,,,,,,,,,,,,,,,,1749319009
CAH,721371,Health Care,2024-12-31,10-Q,2026-02-05,55264000000,1941000000,549000000,511000000,110000000,400000000,,,,,192000000,35000000,,,3810000000,,,,47002000000,-2991000000,243000000,
CAH,721371,Health Care,2025-01-24,10-Q,2025-01-30,,,,,,,,,,,,,,,,,,,,,,241567993
CAH,721371,Health Care,2025-03-31,10-Q,2025-05-01,54878000000,2123000000,730000000,665000000,157000000,506000000,,,,,,74000000,,,3326000000,,,,49871000000,-2948000000,241000000,
CAH,721371,Health Care,2025-04-25,10-Q,2025-05-01,,,,,,,,,,,,,,,,,,,,,,238677005
CAH,721371,Health Care,2025-06-30,10-K (Q4 derived: FY − 9M YTD),2026-08-11,60159000000,2202000000,428000000,384000000,141000000,239000000,,1527000000,232000000,153000000,209000000,74000000,120000000,0,3874000000,,,,53122000000,-2781000000,-1000000,
CAH,721371,Health Care,2025-07-31,10-K,2025-08-12,,,,,,,,,,,,,,,,,,,,,,238793647
CAH,721371,Health Care,2025-09-30,10-Q,2025-10-30,64009000000,2319000000,668000000,598000000,144000000,450000000,1.88,973000000,108000000,93000000,233000000,80000000,129000000,375000000,4593000000,,,,55228000000,-2879000000,239000000,
CAH,721371,Health Care,2025-10-24,10-Q,2025-10-30,,,,,,,,,,,,,,,,,,,,,,237595042
CAH,721371,Health Care,2025-12-31,10-Q,2026-02-05,65627000000,2397000000,707000000,630000000,159000000,467000000,,,,,234000000,88000000,,,2777000000,,,,58083000000,-2884000000,237000000,
CAH,721371,Health Care,2026-01-31,10-Q,2026-02-05,,,,,,,,,,,,,,,,,,,,,,235316016
CAH,721371,Health Care,2026-06-30,10-K,2026-08-11,,,,,,,,,,,,,,,4856000000,,,,57299000000,-2883000000,,
CAH,721371,Health Care,2026-07-31,10-K,2026-08-11,,,,,,,,,,,,,,,,,,,,,,232575728
CARR,1783180,Industrials,2024-12-31,10-K,2025-02-11,5148000000,,774000000,693000000,723000000,2551000000,2.8100000000000005,132000000,217000000,22000000,,,156000000,1513000000,3969000000,,11026000000,1252000000,37403000000,,-2700000,
CARR,1783180,Industrials,2025-01-31,10-K,2025-02-11,,,,,,,,,,,,,,,,,,,,,,868339902
CARR,1783180,Industrials,2025-03-31,10-Q,2026-04-30,5218000000,,629000000,548000000,111000000,412000000,0.47,483000000,63000000,23000000,,,198000000,1288000000,1698000000,,11080000000,104000000,36447000000,,878300000,
CARR,1783180,Industrials,2025-04-15,10-Q,2025-05-01,,,,,,,,,,,,,,,,,,,,,,857309847
CARR,1783180,Industrials,2025-06-30,10-Q,2025-07-29,6113000000,,903000000,812000000,162000000,591000000,0.68,,,21000000,,,,,1797000000,,11336000000,107000000,38493000000,,866300000,
CARR,1783180,Industrials,2025-07-15,10-Q,2025-07-29,,,,,,,,,,,,,,,,,,,,,,851022837
CARR,1783180,Industrials,2025-09-30,10-Q,2025-10-28,5579000000,,539000000,433000000,-1000000,428000000,0.5,,,11000000,,,,,1423000000,,11336000000,107000000,38077000000,,858600000,
CARR,1783180,Industrials,2025-10-15,10-Q,2025-10-28,,,,,,,,,,,,,,,,,,,,,,842209781
CARR,1783180,Industrials,2025-12-31,10-K (Q4 derived: FY − 9M YTD),2026-02-05,4837000000,,101000000,5000000,-32000000,53000000,0.07000000000000006,1040000000,131000000,19000000,,,189000000,479000000,1555000000,,11365000000,108000000,37190000000,,-5300000,
CARR,1783180,Industrials,2026-01-30,10-K,2026-02-05,,,,,,,,,,,,,,,,,,,,,,835843882
CARR,1783180,Industrials,2026-03-31,10-Q,2026-04-30,5341000000,,259000000,170000000,-96000000,238000000,0.28,79000000,94000000,21000000,,,201000000,306000000,1371000000,,10422000000,1005000000,37186000000,,842800000,
CARR,1783180,Industrials,2026-04-15,10-Q,2026-04-30,,,,,,,,,,,,,,,,,,,,,,830580423
CASY,726958,Consumer Staples,2025-01-31,10-Q,2026-03-09,3903633000,,,107750000,20653000,87097000,2.33,,,,,29415000,,,394815000,,2439038000,243755000,8220178000,3417316000,37362056,
CASY,726958,Consumer Staples,2025-03-06,10-Q,2025-03-11,,,,,,,,,,,,,,,,,,,,,,37119004
CASY,726958,Consumer Staples,2025-04-30,10-K (Q4 derived: FY − 9M YTD),2026-06-22,3992758000,,,,29351000,98307000,2.630000000000001,333858000,180725000,12243000,107443000,27916000,18564000,0,326662000,2405375000,2413620000,94925000,8208118000,3508670000,17032,
CASY,726958,Consumer Staples,2025-06-18,10-K,2025-06-23,,,,,,,,,,,,,,,,,,,,,,37180985
CASY,726958,Consumer Staples,2025-07-31,10-Q,2025-09-08,4567106000,,,278457000,63102000,215355000,5.77,372417000,110046000,15221000,108963000,26850000,19655000,31251000,458073000,,2373058000,98089000,8371009000,3640678000,37352080,
CASY,726958,Consumer Staples,2025-09-03,10-Q,2025-09-08,,,,,,,,,,,,,,,,,,,,,,37181263
CASY,726958,Consumer Staples,2025-10-31,10-Q,2025-12-09,4506084000,,,273993000,67657000,206336000,5.53,,,,,24690000,,,492016000,,2352032000,101265000,8585167000,3809528000,37285133,
CASY,726958,Consumer Staples,2025-12-07,10-Q,2025-12-09,,,,,,,,,,,,,,,,,,,,,,37066933
CASY,726958,Consumer Staples,2026-01-31,10-Q,2026-03-09,3916132000,,,171447000,41374000,130073000,3.49,,,,,23381000,,,465019000,,2331744000,101455000,8585750000,3853485000,37241037,
CASY,726958,Consumer Staples,2026-03-05,10-Q,2026-03-09,,,,,,,,,,,,,,,,,,,,,,36959030
CASY,726958,Consumer Staples,2026-04-30,10-K (Q4 derived: FY − 9M YTD),2026-06-22,4571779000,,,,50442000,162684000,4.370000000000001,398510000,191082000,20416000,115495000,21713000,21097000,63247000,522991000,2320875000,2330237000,101357000,8936055000,3951719000,-28813,
CASY,726958,Consumer Staples,2026-06-16,10-K,2026-06-22,,,,,,,,,,,,,,,,,,,,,,37004914
CAT,18230,Industrials,2023-09-30,10-Q,2024-11-06,16810000000,,3449000000,3515000000,734000000,,5.45,,,,525000000,,,,6545000000,,,,86791000000,20507000000,512600000,509084743
CAT,18230,Industrials,2023-12-31,10-K (Q4 derived: FY − 9M YTD),2026-02-13,17070000000,,3134000000,3249000000,587000000,,5.270000000000001,4003000000,536000000,,545000000,,662000000,2766000000,6978000000,,24472000000,,87476000000,19503000000,-2100000,499377269
CAT,18230,Industrials,2024-03-31,10-Q,2025-05-07,15799000000,,3519000000,3532000000,688000000,,5.75,2052000000,500000000,44000000,524000000,,648000000,4455000000,4959000000,,,,83741000000,17645000000,496900000,489272920
CAT,18230,Industrials,2024-06-30,10-Q,2025-08-06,16689000000,,3482000000,3500000000,836000000,,5.48,,,,531000000,,,,4341000000,,,,83336000000,17136000000,489500000,484898116
CAT,18230,Industrials,2024-09-30,10-Q,2025-11-03,16106000000,,3147000000,3098000000,642000000,,5.06,,,,543000000,,,,5638000000,,,,86273000000,19403000000,486700000,482802488
CAT,18230,Industrials,2024-12-31,10-K (Q4 derived: FY − 9M YTD),2026-02-13,16215000000,,2924000000,3243000000,463000000,,5.780000000000001,3393000000,703000000,,555000000,,680000000,640000000,6889000000,,27351000000,,87764000000,19494000000,-2300000,477932024
CAT,18230,Industrials,2025-03-31,10-Q,2026-05-06,14249000000,,2579000000,2570000000,574000000,,4.2,1289000000,710000000,45000000,540000000,,674000000,3660000000,3562000000,,,,84974000000,18070000000,477100000,471041788
CAT,18230,Industrials,2025-06-30,10-Q,2026-08-05,16569000000,,2860000000,2818000000,646000000,,4.62,,,,554000000,,,,5442000000,,,,90325000000,18663000000,471500000,468478923
CAT,18230,Industrials,2025-09-30,10-Q,2025-11-03,17638000000,,3052000000,3127000000,836000000,,4.88,,,,570000000,,,,7538000000,,,,93722000000,20659000000,470800000,467979596
CAT,18230,Industrials,2025-12-31,10-K (Q4 derived: FY − 9M YTD),2026-02-13,19133000000,,2660000000,3026000000,712000000,,5.119999999999999,3591000000,898000000,,598000000,,706000000,340000000,9980000000,,30696000000,,98585000000,21318000000,-1100000,465287332
CAT,18230,Industrials,2026-03-31,10-Q,2026-05-06,17415000000,,3085000000,3211000000,670000000,,5.47,1870000000,728000000,,595000000,,703000000,5028000000,4072000000,,,,95550000000,18660000000,465800000,460637026
CAT,18230,Industrials,2026-06-30,10-Q,2026-08-05,20543000000,,4295000000,4558000000,1055000000,,7.77,,,,616000000,,,,6713000000,,,,102609000000,19394000000,462500000,459674889
CB,896159,Financials,2024-12-31,10-K (Q4 derived: FY − 9M YTD),2026-02-27,14175000000,,,3119000000,479000000,2575000000,6.32,4565000000,,,,189000000,367000000,450000000,,14379000000,,,246548000000,64021000000,-405338,
CB,896159,Financials,2025-02-20,10-K,2025-02-27,,,,,,,,,,,,,,,,,,,,,,400412084
CB,896159,Financials,2025-03-31,10-Q,2026-04-28,13353000000,,,1664000000,321000000,1331000000,3.29,1566000000,,,,181000000,366000000,691000000,,14508000000,,,251752000000,65726000000,404674351,
CB,896159,Financials,2025-04-18,10-Q,2025-04-28,,,,,,,,,,,,,,,,,,,,,,400725707
CB,896159,Financials,2025-06-30,10-Q,2025-07-28,14836000000,,,3716000000,717000000,2968000000,7.35,,,,,181000000,,,,13477000000,,,261563000000,69395000000,403847030,
CB,896159,Financials,2025-07-21,10-Q,2025-07-28,,,,,,,,,,,,,,,,,,,,,,398690293
CB,896159,Financials,2025-09-30,10-Q,2025-10-27,16148000000,,,3894000000,787000000,2801000000,6.99,,,,,197000000,,,,15727000000,,,270210000000,71855000000,400868891,
CB,896159,Financials,2025-10-21,10-Q,2025-10-27,,,,,,,,,,,,,,,,,,,,,,393550859
CB,896159,Financials,2025-12-31,10-K (Q4 derived: FY − 9M YTD),2026-02-27,15065000000,,,3770000000,597000000,3210000000,8.07,4060000000,,,,205000000,384000000,1171000000,,15728000000,,,272327000000,73757000000,-1678832,
CB,896159,Financials,2026-02-20,10-K,2026-02-27,,,,,,,,,,,,,,,,,,,,,,390156552
CB,896159,Financials,2026-03-31,10-Q,2026-04-28,14773000000,,,2993000000,646000000,2320000000,5.88,3947000000,,,,198000000,380000000,1174000000,,15970000000,,,275456000000,73788000000,394599504,
CB,896159,Financials,2026-04-21,10-Q,2026-04-28,,,,,,,,,,,,,,,,,,,,,,387860106
CBOE,1374310,Financials,2025-03-31,10-Q,2026-05-01,,565200000,353900000,350200000,99600000,250600000,2.37,912900000,14700000,12400000,30300000,,66400000,30000000,1047200000,1441500000,1441500000,,8667300000,4452100000,105100000,
CBOE,1374310,Financials,2025-04-25,10-Q,2025-05-02,,,,,,,,,,,,,,,,,,,,,,104713346
CBOE,1374310,Financials,2025-06-30,10-Q,2026-07-31,,587300000,339100000,334600000,99500000,235100000,2.23,,,,29900000,,,,1256300000,1442000000,1442000000,,9048300000,4665100000,105000000,
CBOE,1374310,Financials,2025-07-25,10-Q,2025-08-01,,,,,,,,,,,,,,,,,,,,,,104590130
CBOE,1374310,Financials,2025-09-30,10-Q,2025-10-31,,605500000,370300000,430100000,129300000,300800000,2.85,,,,30900000,,,,1496700000,1442400000,1442400000,,9068600000,4884900000,104900000,
CBOE,1374310,Financials,2025-10-24,10-Q,2025-10-31,,,,,,,,,,,,,,,,,,,,,,104644514
CBOE,1374310,Financials,2025-12-31,10-K (Q4 derived: FY − 9M YTD),2026-02-20,,671100000,403800000,451700000,138200000,313500000,2.9699999999999998,352100000,20000000,11700000,31300000,,75800000,0,2216500000,1442900000,1442900000,0,9305300000,5138300000,0,
CBOE,1374310,Financials,2026-02-13,10-K,2026-02-20,,,,,,,,,,,,,,,,,,,,,,104667696
CBOE,1374310,Financials,2026-03-31,10-Q,2026-05-01,,728900000,505600000,515500000,129800000,385700000,3.66,1960000000,19200000,12900000,29500000,,75800000,40900000,2134400000,1443400000,793900000,649500000,11070600000,5373500000,105000000,
CBOE,1374310,Financials,2026-04-24,10-Q,2026-05-01,,,,,,,,,,,,,,,,,,,,,,104653784
CBOE,1374310,Financials,2026-06-30,10-Q,2026-07-31,,731600000,476000000,494700000,141600000,353100000,3.35,,,,28100000,,,,2276200000,1443800000,794200000,649600000,10609300000,5625800000,104900000,
CBOE,1374310,Financials,2026-07-24,10-Q,2026-07-31,,,,,,,,,,,,,,,,,,,,,,104431019
CBRE,1138118,Real Estate,2025-03-31,10-Q,2026-04-23,8875000000,,276000000,243000000,52000000,163000000,0.54,-546000000,,21000000,142000000,,,418000000,1382000000,,3207000000,666000000,26366000000,8282000000,302914671,
CBRE,1138118,Real Estate,2025-04-21,10-Q,2025-04-24,,,,,,,,,,,,,,,,,,,,,,298104853
CBRE,1138118,Real Estate,2025-06-30,10-Q,2026-07-29,9717000000,,374000000,301000000,61000000,215000000,0.72,,,,145000000,,,,1395000000,,4340000000,71000000,27693000000,8253000000,300008422,
CBRE,1138118,Real Estate,2025-07-25,10-Q,2025-07-29,,,,,,,,,,,,,,,,,,,,,,297554325
CBRE,1138118,Real Estate,2025-09-30,10-Q,2025-10-23,10258000000,,481000000,487000000,91000000,363000000,1.21,,,,181000000,,,,1669000000,,4321000000,71000000,28566000000,8535000000,300257330,
CBRE,1138118,Real Estate,2025-10-20,10-Q,2025-10-23,,,,,,,,,,,,,,,,,,,,,,297592997
CBRE,1138118,Real Estate,2025-12-31,10-K (Q4 derived: FY − 9M YTD),2026-02-12,11629000000,,622000000,564000000,114000000,416000000,1.3900000000000001,1221000000,,10000000,189000000,,,288000000,1864000000,,5050000000,71000000,30877000000,8878000000,-298800,
CBRE,1138118,Real Estate,2026-02-10,10-K,2026-02-12,,,,,,,,,,,,,,,,,,,,,,295158554
CBRE,1138118,Real Estate,2026-03-31,10-Q,2026-04-23,10527000000,,511000000,454000000,112000000,318000000,1.07,-825000000,,48000000,182000000,,,530000000,1664000000,,5021000000,70000000,30170000000,8520000000,296987404,
CBRE,1138118,Real Estate,2026-04-21,10-Q,2026-04-23,,,,,,,,,,,,,,,,,,,,,,292816579
CBRE,1138118,Real Estate,2026-06-30,10-Q,2026-07-29,11226000000,,365000000,315000000,68000000,204000000,0.69,,,,190000000,,,,1489000000,,5731000000,69000000,30471000000,8398000000,293859609,
CBRE,1138118,Real Estate,2026-07-27,10-Q,2026-07-29,,,,,,,,,,,,,,,,,,,,,,289575298
CCI,1051470,Real Estate,2025-03-31,10-Q,2026-05-07,1061000000,,521000000,289000000,5000000,-464000000,-1.07,641000000,40000000,18000000,177000000,,690000000,21000000,60000000,,,1503000000,31760000000,,436000000,
CCI,1051470,Real Estate,2025-05-07,10-Q,2025-05-09,,,,,,,,,,,,,,,,,,,,,,435458808
CCI,1051470,Real Estate,2025-06-30,10-Q,2026-08-05,1060000000,,506000000,269000000,4000000,291000000,0.67,,,,175000000,,,,94000000,,,2251000000,31636000000,,437000000,
CCI,1051470,Real Estate,2025-08-04,10-Q,2025-08-06,,,,,,,,,,,,,,,,,,,,,,435470061
CCI,1051470,Real Estate,2025-09-30,10-Q,2025-11-06,1072000000,,525000000,281000000,4000000,323000000,0.74,,,,167000000,,,,57000000,,,2769000000,31501000000,,437000000,
CCI,1051470,Real Estate,2025-11-04,10-Q,2025-11-06,,,,,,,,,,,,,,,,,,,,,,435479010
CCI,1051470,Real Estate,2025-12-31,10-K (Q4 derived: FY − 9M YTD),2026-02-23,1071000000,,523000000,280000000,3000000,294000000,0.6699999999999999,870000000,59000000,18000000,170000000,,-3695000000,-46000000,99000000,24337000000,,2783000000,31518000000,,1000000,
CCI,1051470,Real Estate,2026-02-19,10-K,2026-02-23,,,,,,,,,,,,,,,,,,,,,,436070436
CCI,1051470,Real Estate,2026-03-31,10-Q,2026-05-07,1010000000,,465000000,225000000,5000000,151000000,0.34,509000000,57000000,18000000,172000000,,473000000,25000000,55000000,,,3148000000,31391000000,,437000000,
CCI,1051470,Real Estate,2026-05-05,10-Q,2026-05-07,,,,,,,,,,,,,,,,,,,,,,436451983
CCI,1051470,Real Estate,2026-06-30,10-Q,2026-08-05,1008000000,,470000000,303000000,4000000,94000000,0.22,,,,171000000,,,,1042000000,,,2260000000,21512000000,,434000000,
CCI,1051470,Real Estate,2026-08-03,10-Q,2026-08-05,,,,,,,,,,,,,,,,,,,,,,425455439
CCL,815097,Consumer Discretionary,2025-02-28,10-Q,2026-03-27,,,543000000,-68000000,7000000,-78000000,-0.06,925000000,607000000,18000000,654000000,,0,,833000000,27711000000,25487000000,1531000000,48535000000,9182000000,1309000000,
CCL,815097,Consumer Discretionary,2025-03-18,10-Q,2025-03-25,,,,,,,,,,,,,,,,,,,,,,1166606981
CCL,815097,Consumer Discretionary,2025-05-31,10-Q,2026-06-26,,,934000000,585000000,17000000,565000000,0.42,,,,692000000,,,,2146000000,27967000000,25862000000,1392000000,51165000000,10007000000,1400000000,
CCL,815097,Consumer Discretionary,2025-06-19,10-Q,2025-06-26,,,,,,,,,,,,,,,,,,,,,,1167404107
CCL,815097,Consumer Discretionary,2025-08-31,10-Q,2025-09-29,,,2271000000,,6000000,1852000000,1.33,,,,717000000,,,,1763000000,27188000000,25064000000,1417000000,50831000000,11928000000,1402000000,
CCL,815097,Consumer Discretionary,2025-09-22,10-Q,2025-09-29,,,,,,,,,,,,,,,,,,,,,,1167541049
CCL,815097,Consumer Discretionary,2025-11-30,10-K (Q4 derived: FY − 9M YTD),2026-01-27,,,735000000,,-18000000,422000000,0.31000000000000005,1518000000,1506000000,28000000,726000000,,,,1928000000,27383000000,24037000000,2603000000,51687000000,12270000000,1000000,
CCL,815097,Consumer Discretionary,2026-01-13,10-K,2026-01-27,,,,,,,,,,,,,,,,,,,,,,1236706612
CCL,815097,Consumer Discretionary,2026-02-28,10-Q,2026-03-27,,,607000000,280000000,17000000,258000000,0.19,1263000000,566000000,28000000,696000000,,208000000,,1424000000,26004000000,23788000000,1502000000,51567000000,13031000000,1392000000,
CCL,815097,Consumer Discretionary,2026-03-19,10-Q,2026-03-27,,,,,,,,,,,,,,,,,,,,,,1239000212
CCL,815097,Consumer Discretionary,2026-05-31,10-Q,2026-06-26,,,851000000,555000000,17000000,537000000,0.39,,,,723000000,,,,2243000000,25570000000,23418000000,1471000000,52228000000,12968000000,1388000000,
CCL,815097,Consumer Discretionary,2026-06-19,10-Q,2026-06-26,,,,,,,,,,,,,,,,,,,,,,1369649119
CDNS,813672,Information Technology,2024-01-31,10-K,2024-02-14,,,,,,,,,,,,,,,,,,,,,,272239000
CDNS,813672,Information Technology,2024-03-31,10-Q,2025-04-30,1009103000,,249956000,310043000,62400000,247643000,0.91,253232000,49601000,88129000,39556000,8692000,,125006000,1012418000,,,,5722130000,3567596000,273544000,272134000
CDNS,813672,Information Technology,2024-06-30,10-Q,2025-07-30,1060681000,,293876000,315710000,86190000,229520000,0.84,,,87569000,,12905000,,,1058955000,,,,7225741000,4260892000,273520000,273820000
CDNS,813672,Information Technology,2024-09-30,10-Q,2025-10-29,1215499000,,350056000,333414000,95303000,238111000,0.87,,,109013000,,24495000,,,2786040000,,,,9167031000,4563338000,273958000,274263000
CDNS,813672,Information Technology,2024-12-31,10-K (Q4 derived: FY − 9M YTD),2026-02-19,1355981000,,456875000,436652000,96442000,340210000,1.2400000000000002,441359000,37202000,106508000,54683000,29907000,,150008000,2644030000,,,,8974482000,4673578000,154000,
CDNS,813672,Information Technology,2025-01-31,10-K,2025-02-21,,,,,,,,,,,,,,,,,,,,,,274108000
CDNS,813672,Information Technology,2025-03-31,10-Q,2026-05-01,1242366000,,361520000,355692000,82113000,273579000,1,487021000,23061000,107613000,52916000,29118000,,350007000,2777674000,,,,9013486000,4776257000,273631000,273042000
CDNS,813672,Information Technology,2025-06-30,10-Q,2025-07-30,1275441000,,241797000,280607000,120556000,160051000,0.59,,,118325000,,28948000,,,2822762000,,,,9508698000,5006538000,272899000,272490000
CDNS,813672,Information Technology,2025-09-30,10-Q,2025-10-29,1338838000,,425390000,392783000,105661000,287122000,1.05,,,116073000,,29035000,,,2753246000,,,,9599271000,5199002000,273798000,272201000
CDNS,813672,Information Technology,2025-12-31,10-K (Q4 derived: FY − 9M YTD),2026-02-19,1440114000,,463335000,492961000,104825000,388136000,1.4199999999999995,553495000,41041000,113164000,64559000,29440000,,200009000,3001317000,,,,10153148000,5474181000,-128000,
CDNS,813672,Information Technology,2026-01-31,10-K,2026-02-19,,,,,,,,,,,,,,,,,,,,,,272651000
CDNS,813672,Information Technology,2026-03-31,10-Q,2026-05-01,1474220000,,431329000,428103000,92443000,335660000,1.23,355782000,48820000,138183000,84622000,31613000,,200000000,1406668000,,,,12098354000,6561463000,273725000,275816000
CDW,1402057,Information Technology,2025-03-31,10-Q,2026-05-06,,1122300000,361400000,304000000,79100000,224900000,1.69,287200000,26900000,,74900000,,82800000,200100000,471400000,,5622400000,230600000,15018500000,2323100000,133500000,
CDW,1402057,Information Technology,2025-05-02,10-Q,2025-05-07,,,,,,,,,,,,,,,,,,,,,,131685150
CDW,1402057,Information Technology,2025-06-30,10-Q,2026-08-05,,1241200000,420200000,364900000,93700000,271200000,2.05,,,,73300000,,,,481000000,,5623200000,9500000,15265700000,2467200000,132400000,
CDW,1402057,Information Technology,2025-08-01,10-Q,2025-08-06,,,,,,,,,,,,,,,,,,,,,,131060745
CDW,1402057,Information Technology,2025-09-30,10-Q,2025-11-04,,1255500000,443300000,389400000,98400000,291000000,2.21,,,,73300000,,,,452900000,,5619700000,9100000,15197600000,2539700000,131800000,
CDW,1402057,Information Technology,2025-10-30,10-Q,2025-11-04,,,,,,,,,,,,,,,,,,,,,,130193660
CDW,1402057,Information Technology,2025-12-31,10-K (Q4 derived: FY − 9M YTD),2026-02-20,,1254400000,430700000,369100000,89600000,279500000,2.1399999999999997,433800000,37900000,,74100000,,81700000,153000000,618700000,,4622300000,1007500000,16028200000,2606100000,-500000,
CDW,1402057,Information Technology,2026-02-17,10-K,2026-02-20,,,,,,,,,,,,,,,,,,,,,,128993588
CDW,1402057,Information Technology,2026-03-31,10-Q,2026-05-06,,1190000000,376000000,319000000,83600000,235400000,1.82,274800000,26400000,,74900000,,81100000,201000000,578600000,,4635100000,1005900000,16453400000,2555400000,129500000,
CDW,1402057,Information Technology,2026-05-01,10-Q,2026-05-06,,,,,,,,,,,,,,,,,,,,,,127753451
CDW,1402057,Information Technology,2026-06-30,10-Q,2026-08-05,,1319800000,428600000,372900000,98500000,274400000,2.15,,,,75300000,,,,361800000,,4808100000,1008900000,17254800000,2442100000,127400000,
CDW,1402057,Information Technology,2026-07-31,10-Q,2026-08-05,,,,,,,,,,,,,,,,,,,,,,125017426
CEG,1868275,Utilities,2025-03-31,10-Q,2026-05-11,6788000000,,451000000,151000000,22000000,118000000,0.38,107000000,806000000,,640000000,,122000000,0,1846000000,,7321000000,,52252000000,12956000000,314000000,
CEG,1868275,Utilities,2025-04-30,10-Q,2025-05-06,,,,,,,,,,,,,,,,,,,,,,313417370
CEG,1868275,Utilities,2025-06-30,10-Q,2026-08-06,6101000000,,951000000,,440000000,839000000,2.67,,,,,,,,1974000000,,7286000000,,53038000000,13446000000,314000000,
CEG,1868275,Utilities,2025-07-31,10-Q,2025-08-07,,,,,,,,,,,,,,,,,,,,,,312405579
CEG,1868275,Utilities,2025-09-30,10-Q,2025-11-07,6570000000,,1086000000,,466000000,930000000,2.97,,,,,,,,3959000000,,7269000000,,56161000000,14350000000,313000000,
CEG,1868275,Utilities,2025-10-31,10-Q,2025-11-07,,,,,,,,,,,,,,,,,,,,,,312290080
CEG,1868275,Utilities,2025-12-31,10-K (Q4 derived: FY − 9M YTD),2026-02-24,6074000000,,598000000,,259000000,432000000,1.3800000000000008,805000000,986000000,,656000000,,121000000,0,3641000000,7403000000,7250000000,92000000,57249000000,14517000000,0,
CEG,1868275,Utilities,2026-02-01,10-K,2026-02-24,,,,,,,,,,,,,,,,,,,,,,361990335
CEG,1868275,Utilities,2026-03-31,10-Q,2026-05-11,11122000000,,2332000000,,530000000,1590000000,4.49,425000000,1275000000,,1202000000,,155000000,,800000000,,16994000000,370000000,96911000000,33483000000,354000000,
CEG,1868275,Utilities,2026-04-30,10-Q,2026-05-11,,,,,,,,,,,,,,,,,,,,,,361190063
CEG,1868275,Utilities,2026-06-30,10-Q,2026-08-06,7504000000,,580000000,,398000000,513000000,1.42,,,,,,,,697000000,,19111000000,363000000,98253000000,31977000000,360000000,
CEG,1868275,Utilities,2026-07-31,10-Q,2026-08-06,,,,,,,,,,,,,,,,,,,,,,354307379
CF,1324404,Materials,2025-03-31,10-Q,2026-05-07,1663000000,572000000,455000000,437000000,86000000,,1.85,586000000,132000000,10000000,221000000,37000000,86000000,444000000,,2972000000,2972000000,,13308000000,4780000000,168800000,
CF,1324404,Materials,2025-05-05,10-Q,2025-05-08,,,,,,,,,,,,,,,,,,,,,,162010025
CF,1324404,Materials,2025-06-30,10-Q,2026-08-06,1890000000,755000000,648000000,635000000,143000000,,2.37,,,,,36000000,,,,2973000000,2973000000,,13750000000,4963000000,163100000,
CF,1324404,Materials,2025-08-04,10-Q,2025-08-07,,,,,,,,,,,,,,,,,,,,,,161972955
CF,1324404,Materials,2025-09-30,10-Q,2025-11-06,1659000000,632000000,580000000,565000000,105000000,,2.19,,,,,41000000,,,,2974000000,2974000000,,14203000000,4849000000,161200000,
CF,1324404,Materials,2025-11-03,10-Q,2025-11-06,,,,,,,,,,,,,,,,,,,,,,155974644
CF,1324404,Materials,2025-12-31,10-K (Q4 derived: FY − 9M YTD),2026-02-25,1872000000,765000000,617000000,602000000,107000000,,2.580000000000001,539000000,226000000,10000000,228000000,41000000,78000000,345000000,,3215000000,3215000000,,14088000000,4838000000,-2100000,
CF,1324404,Materials,2026-01-30,10-K,2026-02-25,,,,,,,,,,,,,,,,,,,,,,153668821
CF,1324404,Materials,2026-03-31,10-Q,2026-05-07,1986000000,746000000,863000000,844000000,168000000,,3.98,496000000,223000000,11000000,228000000,39000000,78000000,28000000,,3216000000,3216000000,,14608000000,5342000000,154500000,
CF,1324404,Materials,2026-05-04,10-Q,2026-05-07,,,,,,,,,,,,,,,,,,,,,,153629274
CF,1324404,Materials,2026-06-30,10-Q,2026-08-06,2222000000,1145000000,1121000000,1093000000,224000000,,4.73,,,,,50000000,,,,3216000000,3216000000,,15099000000,5748000000,153900000,
CF,1324404,Materials,2026-08-03,10-Q,2026-08-06,,,,,,,,,,,,,,,,,,,,,,151338130
CFG,759944,Financials,2025-03-31,10-Q,2026-05-04,1935000000,,,468000000,95000000,373000000,0.77,-213000000,,31000000,123000000,,186000000,200000000,,12267000000,,,220148000000,24866000000,442200180,
CFG,759944,Financials,2025-04-25,10-Q,2025-05-01,,,,,,,,,,,,,,,,,,,,,,433649118
CFG,759944,Financials,2025-06-30,10-Q,2026-08-03,2037000000,,,554000000,118000000,436000000,0.92,,,,,,185000000,,,12526000000,,,218310000000,25234000000,436539774,
CFG,759944,Financials,2025-07-25,10-Q,2025-08-04,,,,,,,,,,,,,,,,,,,,,,431348989
CFG,759944,Financials,2025-09-30,10-Q,2025-11-03,2118000000,,,629000000,135000000,494000000,1.05,,,,,,184000000,,,10441000000,,,222747000000,25829000000,435472350,
CFG,759944,Financials,2025-10-24,10-Q,2025-11-03,,,,,,,,,,,,,,,,,,,,,,429486191
CFG,759944,Financials,2025-12-31,10-K (Q4 derived: FY − 9M YTD),2026-02-12,2157000000,,,677000000,149000000,528000000,1.1199999999999997,-158000000,,23000000,112000000,,200000000,125000000,,11224000000,,,226351000000,26317000000,-1024865,
CFG,759944,Financials,2026-02-04,10-K,2026-02-12,,,,,,,,,,,,,,,,,,,,,,424983657
CFG,759944,Financials,2026-03-31,10-Q,2026-05-04,2168000000,,,650000000,133000000,517000000,1.13,237000000,,33000000,113000000,,198000000,300000000,,12260000000,,,227918000000,26172000000,429894837,
CFG,759944,Financials,2026-04-24,10-Q,2026-05-04,,,,,,,,,,,,,,,,,,,,,,422881942
CFG,759944,Financials,2026-06-30,10-Q,2026-08-03,2283000000,,,755000000,168000000,587000000,1.3,,,,,,198000000,,,15190000000,,,233836000000,26183000000,426681848,
CFG,759944,Financials,2026-07-24,10-Q,2026-08-03,,,,,,,,,,,,,,,,,,,,,,421176788
CHD,313927,Consumer Staples,2025-03-31,10-Q,2026-05-01,1467100000,659600000,295300000,282100000,62000000,220100000,0.89,185700000,16500000,20700000,60900000,23300000,72400000,,1074500000,2205200000,2205200000,,8955900000,4551000000,248000000,
CHD,313927,Consumer Staples,2025-04-29,10-Q,2025-05-01,,,,,,,,,,,,,,,,,,,,,,246277335
CHD,313927,Consumer Staples,2025-06-30,10-Q,2026-07-31,1506300000,647000000,261700000,250500000,59500000,191000000,0.78,,,,56600000,23500000,,,923200000,2205800000,2205800000,,8788200000,4393700000,246400000,
CHD,313927,Consumer Staples,2025-07-30,10-Q,2025-08-01,,,,,,,,,,,,,,,,,,,,,,243608695
CHD,313927,Consumer Staples,2025-09-30,10-Q,2025-10-31,1585600000,714400000,254600000,236200000,54000000,182200000,0.75,,,,64100000,23800000,,,305300000,2204500000,2204500000,,9144400000,4223000000,243200000,
CHD,313927,Consumer Staples,2025-10-29,10-Q,2025-10-31,,,,,,,,,,,,,,,,,,,,,,240130071
CHD,313927,Consumer Staples,2025-12-31,10-K (Q4 derived: FY − 9M YTD),2026-02-12,1644200000,753800000,266000000,188100000,44600000,143500000,0.6099999999999999,,55200000,13800000,65800000,24600000,70800000,300000000,409000000,2205100000,2205100000,,8912400000,4002200000,-1600000,
CHD,313927,Consumer Staples,2026-02-09,10-K,2026-02-12,,,,,,,,,,,,,,,,,,,,,,236694241
CHD,313927,Consumer Staples,2026-03-31,10-Q,2026-05-01,1469300000,681400000,291000000,272600000,56300000,216300000,0.91,174800000,31900000,25700000,62900000,24000000,72900000,,503400000,2205700000,2205700000,,9006500000,4186000000,238100000,
CHD,313927,Consumer Staples,2026-04-29,10-Q,2026-05-01,,,,,,,,,,,,,,,,,,,,,,236943602
CHD,313927,Consumer Staples,2026-06-30,10-Q,2026-07-31,1530000000,693900000,276400000,255900000,53100000,202800000,0.85,,,,,24200000,,,254800000,2206300000,2206300000,,9105700000,4347800000,238200000,
CHD,313927,Consumer Staples,2026-07-29,10-Q,2026-07-31,,,,,,,,,,,,,,,,,,,,,,237203907
CHRW,1043277,Industrials,2025-03-31,10-Q,2026-05-01,,,176853000,156802000,21500000,135302000,1.11,106531000,3348000,23146000,25642000,,77490000,47700000,129942000,1389941000,922087000,467854000,5226114000,1734725000,121932000,
CHRW,1043277,Industrials,2025-04-30,10-Q,2025-05-02,,,,,,,,,,,,,,,,,,,,,,118730622
CHRW,1043277,Industrials,2025-06-30,10-Q,2026-07-31,,,215919000,193893000,41422000,152471000,1.26,,,,24866000,,,,155993000,1354235000,922318000,431917000,5321911000,1784387000,121025000,
CHRW,1043277,Industrials,2025-07-30,10-Q,2025-08-01,,,,,,,,,,,,,,,,,,,,,,118091162
CHRW,1043277,Industrials,2025-09-30,10-Q,2025-10-31,,,220836000,205234000,42247000,162987000,1.34,,,,25829000,,,,136837000,1183150000,1183150000,0,5227854000,1857041000,121349000,
CHRW,1043277,Industrials,2025-10-29,10-Q,2025-10-31,,,,,,,,,,,,,,,,,,,,,,118137178
CHRW,1043277,Industrials,2025-12-31,10-K (Q4 derived: FY − 9M YTD),2026-02-13,,,181353000,166528000,30207000,136321000,1.12,305414000,3013000,17296000,26481000,,74323000,114395000,160871000,1089438000,1089438000,0,5058381000,1845647000,89000,
CHRW,1043277,Industrials,2026-02-11,10-K,2026-02-13,,,,,,,,,,,,,,,,,,,,,,118620833
CHRW,1043277,Industrials,2026-03-31,10-Q,2026-05-01,,,175686000,166673000,19440000,147233000,1.22,68599000,2635000,28295000,24852000,,79030000,212659000,159665000,1342727000,1342727000,0,5235419000,1704121000,121010000,
CHRW,1043277,Industrials,2026-04-29,10-Q,2026-05-01,,,,,,,,,,,,,,,,,,,,,,117873042
CHRW,1043277,Industrials,2026-06-30,10-Q,2026-07-31,,,255743000,237865000,51079000,186786000,1.56,,,,22569000,,,,154590000,1685017000,1685017000,,5843506000,1627690000,119751000,
CHRW,1043277,Industrials,2026-07-29,10-Q,2026-07-31,,,,,,,,,,,,,,,,,,,,,,116851258
CHTR,1091667,Communication Services,2023-09-30,10-Q,2024-11-01,13584000000,,3126000000,1805000000,369000000,1255000000,8.25,,,,2130000000,,,783000000,571000000,97799000000,95800000000,1999000000,146682000000,11098000000,152019159,
CHTR,1091667,Communication Services,2023-12-31,10-K (Q4 derived: FY − 9M YTD),2026-01-30,13711000000,,3267000000,1635000000,406000000,1058000000,7.049999999999997,3855000000,2856000000,152000000,2188000000,,,1194000000,709000000,97777000000,95777000000,2000000000,147193000000,11086000000,-528960,
CHTR,1091667,Communication Services,2024-03-31,10-Q,2025-04-25,13679000000,,3131000000,1726000000,446000000,1106000000,7.55,3212000000,2791000000,214000000,2190000000,,,516000000,661000000,97965000000,97965000000,0,148044000000,11874000000,146643199,
CHTR,1091667,Communication Services,2024-06-30,10-Q,2025-07-25,13685000000,,3263000000,1850000000,427000000,1231000000,8.49,,,,2170000000,,,361000000,602000000,96692000000,96692000000,0,148611000000,12879000000,144914860,
CHTR,1091667,Communication Services,2024-09-30,10-Q,2025-10-31,13795000000,,3335000000,1880000000,406000000,1280000000,8.82,,,,2145000000,,,222000000,721000000,95315000000,93517000000,1798000000,149371000000,14099000000,145059470,
CHTR,1091667,Communication Services,2024-12-31,10-K (Q4 derived: FY − 9M YTD),2026-01-30,13926000000,,3389000000,2046000000,370000000,1466000000,10.11,3460000000,3062000000,138000000,2168000000,,,114000000,459000000,93933000000,92134000000,1799000000,150020000000,15587000000,-125599,
CHTR,1091667,Communication Services,2025-03-31,10-Q,2026-04-24,13735000000,,3237000000,1854000000,445000000,1217000000,8.42,4236000000,2399000000,222000000,2181000000,,,802000000,796000000,93769000000,91970000000,1799000000,150954000000,16247000000,144574684,
CHTR,1091667,Communication Services,2025-06-30,10-Q,2026-07-24,13766000000,,3279000000,1909000000,414000000,1301000000,9.18,,,,2176000000,,,1451000000,606000000,94412000000,91863000000,2549000000,151589000000,16209000000,141684415,
CHTR,1091667,Communication Services,2025-09-30,10-Q,2025-10-31,13672000000,,3131000000,1734000000,418000000,1137000000,8.34,,,,2160000000,,,2113000000,464000000,95163000000,94413000000,750000000,152850000000,15340000000,136395133,
CHTR,1091667,Communication Services,2025-12-31,10-K (Q4 derived: FY − 9M YTD),2026-01-30,13601000000,,3261000000,1961000000,415000000,1332000000,10.260000000000002,3761000000,3335000000,143000000,2194000000,,,766000000,477000000,94756000000,94006000000,750000000,154213000000,16054000000,-3082625,
CHTR,1091667,Communication Services,2026-03-31,10-Q,2026-04-24,13597000000,,3208000000,1828000000,465000000,1163000000,9.17,4304000000,2855000000,203000000,2211000000,,,1026000000,517000000,94414000000,94414000000,0,154644000000,16385000000,126849271,
CHTR,1091667,Communication Services,2026-06-30,10-Q,2026-07-24,13526000000,,3063000000,1999000000,475000000,1292000000,10.66,,,,2197000000,,,852000000,509000000,93959000000,92960000000,999000000,155618000000,16952000000,121255667,
CI,1739940,Health Care,2025-03-31,10-Q,2026-04-30,65502000000,,1971000000,1648000000,239000000,1323000000,4.85,1920000000,,,674000000,362000000,412000000,1508000000,8334000000,26455000000,,,150658000000,40226000000,272953000,
CI,1739940,Health Care,2025-04-25,10-Q,2025-05-02,,,,,,,,,,,,,,,,,,,,,,267142597
CI,1739940,Health Care,2025-06-30,10-Q,2026-07-30,67178000000,,2306000000,2021000000,389000000,1532000000,5.71,,,,682000000,338000000,,,4329000000,26480000000,,,151651000000,40214000000,268154000,
CI,1739940,Health Care,2025-07-25,10-Q,2025-07-31,,,,,,,,,,,,,,,,,,,,,,266928075
CI,1739940,Health Care,2025-09-30,10-Q,2025-10-30,69748000000,,2578000000,2295000000,322000000,,6.98,,,,697000000,363000000,,,6025000000,30947000000,,,157919000000,41805000000,267530000,
CI,1739940,Health Care,2025-10-24,10-Q,2025-10-30,,,,,,,,,,,,,,,,,,,,,,267125816
CI,1739940,Health Care,2025-12-31,10-K (Q4 derived: FY − 9M YTD),2026-02-26,72472000000,,2345000000,1817000000,543000000,,4.66,6149000000,,,722000000,300000000,396000000,1001000000,7676000000,30871000000,,,157919000000,41713000000,-964000,
CI,1739940,Health Care,2026-01-30,10-K,2026-02-26,,,,,,,,,,,,,,,,,,,,,,263528277
CI,1739940,Health Care,2026-03-31,10-Q,2026-04-30,68494000000,,2358000000,2270000000,409000000,1654000000,6.26,1131000000,,,650000000,357000000,417000000,0,7040000000,29371000000,,,153266000000,42210000000,264017000,
CI,1739940,Health Care,2026-04-24,10-Q,2026-04-30,,,,,,,,,,,,,,,,,,,,,,264532404
CI,1739940,Health Care,2026-06-30,10-Q,2026-07-30,71668000000,,2676000000,2257000000,382000000,1660000000,6.29,,,,655000000,359000000,,,6298000000,29086000000,,,157082000000,42620000000,263962000,
CI,1739940,Health Care,2026-07-24,10-Q,2026-07-30,,,,,,,,,,,,,,,,,,,,,,264240486
CIEN,936395,Information Technology,2025-05-03,10-Q,2026-06-04,1125878000,452838000,32842000,19016000,10047000,8969000,0.06,,,47960000,,,,,949771000,,1528776000,11580000,5659366000,2776379000,144972000,
CIEN,936395,Information Technology,2025-05-30,10-Q,2025-06-05,,,,,,,,,,,,,,,,,,,,,,141367218
CIEN,936395,Information Technology,2025-08-02,10-Q,2026-09-03,1219385000,503079000,73535000,65819000,15511000,50308000,0.35,,,46928000,,,,,1055976000,,1526467000,11580000,5748778000,2787301000,144499000,
CIEN,936395,Information Technology,2025-08-29,10-Q,2025-09-04,,,,,,,,,,,,,,,,,,,,,,141055908
CIEN,936395,Information Technology,2025-11-01,10-K (Q4 derived: FY − 9M YTD),2025-12-12,1351984000,577179000,10491000,2858000,-16631000,19489000,0.13,371077000,45428000,48829000,27496000,,,84472000,1091952000,,1524158000,11580000,5864667000,2729323000,90000,
CIEN,936395,Information Technology,2025-12-05,10-K,2025-12-12,,,,,,,,,,,,,,,,,,,,,,140854735
CIEN,936395,Information Technology,2026-01-31,10-Q,2026-03-05,1427042000,625520000,189412000,181115000,30832000,150283000,1.03,227645000,73885000,49827000,32309000,,,80513000,1123413000,,1524744000,11580000,5892359000,2792358000,145799000,
CIEN,936395,Information Technology,2026-02-27,10-Q,2026-03-05,,,,,,,,,,,,,,,,,,,,,,141398427
CIEN,936395,Information Technology,2026-05-02,10-Q,2026-06-04,1570739000,691554000,237871000,231060000,12840000,218220000,1.49,,,55473000,,,,,1045126000,,1519539000,11580000,6039449000,2892225000,146314000,
CIEN,936395,Information Technology,2026-05-29,10-Q,2026-06-04,,,,,,,,,,,,,,,,,,,,,,141552922
CIEN,936395,Information Technology,2026-08-01,10-Q,2026-09-03,1671129000,759265000,301179000,310621000,44203000,266418000,1.83,,,57878000,,,,,2445708000,,3229843000,0,7997240000,3056738000,145967000,
CIEN,936395,Information Technology,2026-08-28,10-Q,2026-09-03,,,,,,,,,,,,,,,,,,,,,,141808525
CINF,20286,Financials,2025-03-31,10-Q,2026-04-27,2566000000,,,-128000000,-38000000,-90000000,-0.57,310000000,3000000,,,13000000,125000000,42000000,1010000000,790000000,,,37276000000,13718000000,156400000,
CINF,20286,Financials,2025-04-23,10-Q,2025-04-28,,,,,,,,,,,,,,,,,,,,,,156303610
CINF,20286,Financials,2025-06-30,10-Q,2026-07-27,3248000000,,,855000000,170000000,685000000,4.34,,,,,14000000,,,995000000,790000000,,,38842000000,14301000000,157800000,
CINF,20286,Financials,2025-07-23,10-Q,2025-07-28,,,,,,,,,,,,,,,,,,,,,,156376422
CINF,20286,Financials,2025-09-30,10-Q,2025-10-27,3726000000,,,1413000000,291000000,1122000000,7.11,,,,,13000000,,,1460000000,790000000,,,40567000000,15406000000,157800000,
CINF,20286,Financials,2025-10-22,10-Q,2025-10-27,,,,,,,,,,,,,,,,,,,,,,156018513
CINF,20286,Financials,2025-12-31,10-K (Q4 derived: FY − 9M YTD),2026-02-23,3091000000,,,840000000,164000000,676000000,4.289999999999999,947000000,8000000,,,13000000,133000000,103000000,1431000000,790000000,,,41002000000,15911000000,-100000,
CINF,20286,Financials,2026-02-17,10-K,2026-02-23,,,,,,,,,,,,,,,,,,,,,,155617576
CINF,20286,Financials,2026-03-31,10-Q,2026-04-27,2863000000,,,326000000,52000000,274000000,1.75,656000000,2000000,,,13000000,133000000,179000000,1210000000,791000000,,,41211000000,15714000000,157000000,
CINF,20286,Financials,2026-04-22,10-Q,2026-04-27,,,,,,,,,,,,,,,,,,,,,,154686742
CINF,20286,Financials,2026-06-30,10-Q,2026-07-27,4274000000,,,1576000000,321000000,1255000000,8.05,,,,,14000000,,,1750000000,791000000,,,43231000000,16671000000,155700000,
CINF,20286,Financials,2026-07-22,10-Q,2026-07-27,,,,,,,,,,,,,,,,,,,,,,153478045
CL,21665,Consumer Staples,2024-03-31,10-Q,2025-04-25,,3039000000,1047000000,967000000,238000000,683000000,0.83,681000000,,19000000,150000000,,,509000000,1079000000,,8151000000,20000000,16571000000,230000000,825900000,820441114
CL,21665,Consumer Staples,2024-06-30,10-Q,2025-08-01,,3066000000,1092000000,1010000000,243000000,731000000,0.89,,,,157000000,,,,1110000000,,8146000000,21000000,16480000000,123000000,823700000,817087145
CL,21665,Consumer Staples,2024-09-30,10-Q,2025-10-31,,3074000000,1065000000,986000000,210000000,737000000,0.9,,,,150000000,,,,1234000000,,7909000000,20000000,16774000000,435000000,822500000,817010957
CL,21665,Consumer Staples,2024-12-31,10-K (Q4 derived: FY − 9M YTD),2026-02-23,,2982000000,1063000000,993000000,214000000,739000000,0.8999999999999999,1269000000,,27000000,148000000,,,455000000,1096000000,7005000000,7289000000,652000000,16046000000,212000000,-1000000,
CL,21665,Consumer Staples,2025-01-31,10-K,2025-02-13,,,,,,,,,,,,,,,,,,,,,,811536437
CL,21665,Consumer Staples,2025-03-31,10-Q,2026-05-01,,2987000000,1076000000,953000000,227000000,690000000,0.85,600000000,,23000000,148000000,,,284000000,1112000000,,6571000000,1698000000,16647000000,363000000,815000000,810420118
CL,21665,Consumer Staples,2025-06-30,10-Q,2026-07-31,,3069000000,1080000000,1007000000,234000000,743000000,0.91,,,,151000000,,,,1215000000,,7144000000,,17470000000,702000000,813300000,808220815
CL,21665,Consumer Staples,2025-09-30,10-Q,2025-10-31,,3049000000,1059000000,992000000,226000000,735000000,0.91,,,,158000000,,,,1279000000,,7306000000,,17513000000,856000000,810200000,806064942
CL,21665,Consumer Staples,2025-12-31,10-K (Q4 derived: FY − 9M YTD),2026-02-23,,3146000000,92000000,108000000,113000000,-37000000,-0.040000000000000036,1453000000,,28000000,173000000,,,406000000,1288000000,7839000000,6871000000,1115000000,16330000000,54000000,-1700000,
CL,21665,Consumer Staples,2026-01-31,10-K,2026-02-23,,,,,,,,,,,,,,,,,,,,,,801548028
CL,21665,Consumer Staples,2026-03-31,10-Q,2026-05-01,,3226000000,964000000,892000000,211000000,646000000,0.8,747000000,,40000000,156000000,,,306000000,1335000000,,7937000000,,16610000000,145000000,805100000,800189310
CL,21665,Consumer Staples,2026-06-30,10-Q,2026-07-31,,3296000000,1016000000,950000000,231000000,693000000,0.86,,,,155000000,,,,1370000000,,7823000000,,16790000000,236000000,801800000,797172829
CLX,21076,Consumer Staples,2024-12-31,10-Q,2026-02-03,,738000000,,237000000,43000000,193000000,1.54,,,27000000,53000000,22000000,,,290000000,,2483000000,,5577000000,-41000000,124662000,
CLX,21076,Consumer Staples,2025-01-17,10-Q,2025-02-03,,,,,,,,,,,,,,,,,,,,,,123189867
CLX,21076,Consumer Staples,2025-03-31,10-Q,2026-04-30,,744000000,,254000000,63000000,186000000,1.5,,,24000000,55000000,23000000,,,226000000,,2483000000,,5512000000,27000000,124066000,
CLX,21076,Consumer Staples,2025-04-21,10-Q,2025-05-05,,,,,,,,,,,,,,,,,,,,,,123252807
CLX,21076,Consumer Staples,2025-06-30,10-K (Q4 derived: FY − 9M YTD),2025-08-08,,924000000,,410000000,74000000,332000000,2.6799999999999997,294000000,75000000,17000000,57000000,22000000,150000000,75000000,167000000,2484000000,2484000000,0,5561000000,321000000,-181000,
CLX,21076,Consumer Staples,2025-07-23,10-K,2025-08-08,,,,,,,,,,,,,,,,,,,,,,122309414
CLX,21076,Consumer Staples,2025-09-30,10-Q,2025-11-03,,596000000,,107000000,25000000,80000000,0.65,93000000,36000000,10000000,56000000,23000000,151000000,129000000,166000000,,2485000000,,5528000000,-22000000,123018000,
CLX,21076,Consumer Staples,2025-10-20,10-Q,2025-11-03,,,,,,,,,,,,,,,,,,,,,,121980379
CLX,21076,Consumer Staples,2025-12-31,10-Q,2026-02-03,,722000000,,215000000,54000000,157000000,1.29,,,24000000,55000000,25000000,,,227000000,,2486000000,,5613000000,-125000000,121915000,
CLX,21076,Consumer Staples,2026-01-20,10-Q,2026-02-03,,,,,,,,,,,,,,,,,,,,,,120911863
CLX,21076,Consumer Staples,2026-03-31,10-Q,2026-04-30,,722000000,,256000000,65000000,187000000,1.54,,,15000000,58000000,27000000,,,1187000000,,2487000000,,6436000000,-67000000,121787000,
CLX,21076,Consumer Staples,2026-04-16,10-Q,2026-04-30,,,,,,,,,,,,,,,,,,,,,,120921351
CMCSA,1166691,Communication Services,2023-09-30,10-Q,2023-10-26,30115000000,,6475000000,5465000000,1468000000,4046000000,0.98,,,,,1060000000,,,6435000000,97300000000,,2978000000,261072000000,82625000000,4141000000,
CMCSA,1166691,Communication Services,2023-12-31,10-K (Q4 derived: FY − 9M YTD),2024-01-31,31253000000,,4484000000,4044000000,890000000,3260000000,0.81,5922000000,3320000000,286000000,3529000000,1019000000,1180000000,3521000000,6215000000,97100000000,,2069000000,264811000000,82703000000,-36000000,
CMCSA,1166691,Communication Services,2024-03-31,10-Q,2025-04-24,,,5810000000,5105000000,1328000000,3857000000,0.97,7848000000,2630000000,373000000,3551000000,1002000000,1193000000,2664000000,6515000000,96600000000,,2502000000,263601000000,82549000000,3992000000,
CMCSA,1166691,Communication Services,2024-06-30,10-Q,2025-07-31,,,6635000000,5175000000,1336000000,3929000000,1,,,,,,,,6065000000,98100000000,,1021000000,262555000000,83219000000,3920000000,
CMCSA,1166691,Communication Services,2024-09-30,10-Q,2025-10-30,,,5859000000,4819000000,1243000000,3629000000,0.94,,,,,,,,8814000000,101400000000,,2610000000,269871000000,85774000000,3880000000,
CMCSA,1166691,Communication Services,2024-12-31,10-K (Q4 derived: FY − 9M YTD),2026-02-03,,,4993000000,3574000000,-1110000000,4777000000,1.2399999999999998,8080000000,3914000000,305000000,3833000000,,1190000000,2183000000,7322000000,99100000000,,4907000000,266211000000,85560000000,-22000000,
CMCSA,1166691,Communication Services,2025-03-31,10-Q,2026-04-23,,,5658000000,4492000000,1196000000,3375000000,0.89,8294000000,2252000000,382000000,3849000000,,1224000000,2240000000,8593000000,99100000000,,6848000000,267770000000,86638000000,3784000000,
CMCSA,1166691,Communication Services,2025-06-30,10-Q,2026-07-23,,,5992000000,14647000000,3603000000,11123000000,2.98,,,,,,,,9687000000,101500000000,,5720000000,273850000000,96851000000,3727000000,
CMCSA,1166691,Communication Services,2025-09-30,10-Q,2025-10-30,,,5534000000,4468000000,1218000000,3332000000,0.9,,,,,,,,9325000000,99100000000,,5852000000,272995000000,97081000000,3689000000,
CMCSA,1166691,Communication Services,2025-12-31,10-K (Q4 derived: FY − 9M YTD),2026-02-03,,,3488000000,2159000000,89000000,2168000000,0.6099999999999994,8841000000,3749000000,274000000,4187000000,,1209000000,1537000000,9481000000,98900000000,,5958000000,272631000000,96903000000,-24000000,
CMCSA,1166691,Communication Services,2026-03-31,10-Q,2026-04-23,,,4135000000,2733000000,706000000,2174000000,0.6,6891000000,2351000000,427000000,3865000000,,1248000000,1502000000,9468000000,94600000000,,5394000000,260002000000,88274000000,3617000000,
CMCSA,1166691,Communication Services,2026-06-30,10-Q,2026-07-23,,,5160000000,4612000000,1194000000,3526000000,0.99,,,,,,,,7661000000,90400000000,,6117000000,257548000000,89763000000,3570000000,
CME,1156375,Financials,2023-09-30,10-Q,2024-11-08,1337800000,,820200000,974300000,224100000,,2.06,,,,,39600000,,,2300200000,,,,125598200000,28151600000,359619000,
CME,1156375,Financials,2023-12-31,10-K (Q4 derived: FY − 9M YTD),2026-02-26,1439300000,,863200000,1006000000,191400000,,2.2399999999999993,1044300000,20800000,24300000,,39700000,400100000,,2912000000,,,,129706100000,26737900000,52000,
CME,1156375,Financials,2024-03-31,10-Q,2025-04-30,1487900000,,959600000,1113400000,258200000,,2.35,892700000,19800000,23300000,,39900000,2328400000,,1436900000,,,,132053700000,27154200000,359833000,
CME,1156375,Financials,2024-06-30,10-Q,2025-07-25,1532500000,,1000600000,1154500000,271300000,,2.42,,,,,40100000,,,1789900000,,,,123379300000,27635800000,359869000,
CME,1156375,Financials,2024-09-30,10-Q,2025-10-24,1584400000,,1024200000,1176900000,264100000,,2.5,,,,,40200000,,,2322100000,,,,137795100000,28216200000,359989000,
CME,1156375,Financials,2024-12-31,10-K (Q4 derived: FY − 9M YTD),2026-02-26,1525300000,,947100000,1096600000,222000000,,2.4000000000000004,1017900000,26200000,27100000,,40700000,418800000,,2892400000,,,,137447000000,26486900000,45000,
CME,1156375,Financials,2025-03-31,10-Q,2026-04-24,1642300000,,1108000000,1244800000,288600000,,2.62,1116600000,14200000,21200000,,41700000,2567400000,,1405300000,,,,157831600000,27030700000,360227000,
CME,1156375,Financials,2025-06-30,10-Q,2026-07-24,1692000000,,1129300000,1330300000,305200000,1025100000,2.81,,,,,44000000,,,1981300000,,,,179907000000,27739000000,360355000,
CME,1156375,Financials,2025-09-30,10-Q,2025-10-24,1537600000,,972600000,1177000000,269000000,,2.49,,,,,44000000,,,2446800000,,,,187144600000,28190300000,360422000,
CME,1156375,Financials,2025-12-31,10-K (Q4 derived: FY − 9M YTD),2026-02-26,1648700000,,1019600000,1578400000,395500000,,3.24,1133900000,32500000,28900000,,43700000,455000000,,4416900000,,,,198424200000,28728200000,-20000,
CME,1156375,Financials,2026-03-31,10-Q,2026-04-24,1880100000,,1309700000,1510900000,356600000,,3.18,1259900000,21800000,21800000,,43600000,2697600000,,2391200000,,,,201993500000,26618200000,363208000,
CME,1156375,Financials,2026-06-30,10-Q,2026-07-24,1706200000,,1107100000,1327700000,285900000,1041800000,2.88,,,,,43600000,,,2144200000,,,,194676600000,26520400000,361282000,
CMG,1058090,Consumer Discretionary,2025-03-31,10-Q,2026-04-30,2875253000,,479250000,501503000,114904000,386599000,0.28,557075000,144810000,37601000,87211000,,,553796000,725597000,,,,9044094000,3490872000,1360719000,
CMG,1058090,Consumer Discretionary,2025-04-21,10-Q,2025-04-24,,,,,,,,,,,,,,,,,,,,,,1347364000
CMG,1058090,Consumer Discretionary,2025-06-30,10-Q,2026-07-31,3063393000,,559057000,577412000,141285000,436127000,0.32,,,,90945000,,,,844524000,,,,9268794000,3528195000,1350236000,
CMG,1058090,Consumer Discretionary,2025-07-21,10-Q,2025-07-24,,,,,,,,,,,,,,,,,,,,,,1340885000
CMG,1058090,Consumer Discretionary,2025-09-30,10-Q,2025-10-30,3003444000,,477172000,496961000,114858000,382103000,0.29,,,,90524000,,,,698743000,,,,9281848000,3221838000,1339522000,
CMG,1058090,Consumer Discretionary,2025-10-27,10-Q,2025-10-30,,,,,,,,,,,,,,,,,,,,,,1322278000
CMG,1058090,Consumer Discretionary,2025-12-31,10-K (Q4 derived: FY − 9M YTD),2026-02-04,2983511000,,420319000,433643000,102711000,330932000,0.2499999999999999,425844000,197455000,25577000,92702000,,,741796000,350545000,0,,,8994531000,2830607000,-7543000,
CMG,1058090,Consumer Discretionary,2026-01-30,10-K,2026-02-04,,,,,,,,,,,,,,,,,,,,,,1302423000
CMG,1058090,Consumer Discretionary,2026-03-31,10-Q,2026-04-30,3088242000,,397063000,405805000,102981000,302824000,0.23,651350000,180332000,28000000,96718000,,,701027000,246636000,,,,8803219000,2407635000,1301859000,
CMG,1058090,Consumer Discretionary,2026-04-24,10-Q,2026-04-30,,,,,,,,,,,,,,,,,,,,,,1282734000
CMG,1058090,Consumer Discretionary,2026-06-30,10-Q,2026-07-31,3348562000,,525595000,533272000,129725000,403547000,0.32,,,,98327000,,,,228199000,,,,8864585000,2199791000,1279064000,
CMG,1058090,Consumer Discretionary,2026-07-24,10-Q,2026-07-31,,,,,,,,,,,,,,,,,,,,,,1265418000
CMI,26172,Industrials,2024-03-31,10-Q,2025-05-05,8403000000,2041000000,923000000,2221000000,193000000,,14.03,276000000,169000000,,265000000,89000000,239000000,,2541000000,,,113000000,31827000000,9067000000,142100000,136779875
CMI,26172,Industrials,2024-06-30,10-Q,2025-08-05,8796000000,2193000000,1045000000,977000000,225000000,,5.26,,,,,109000000,,,1590000000,,,167000000,31320000000,9551000000,137900000,137047646
CMI,26172,Industrials,2024-09-30,10-Q,2025-11-06,8456000000,2171000000,1050000000,1043000000,200000000,,5.86,,,,,83000000,,,1733000000,,,654000000,32052000000,10315000000,138100000,137181852
CMI,26172,Industrials,2024-12-31,10-K (Q4 derived: FY − 9M YTD),2026-02-10,8447000000,2034000000,732000000,662000000,217000000,,3.0600000000000023,1422000000,540000000,,271000000,89000000,250000000,,1671000000,,,660000000,31540000000,10271000000,-300000,
CMI,26172,Industrials,2025-01-31,10-K,2025-02-11,,,,,,,,,,,,,,,,,,,,,,137481164
CMI,26172,Industrials,2025-03-31,10-Q,2025-05-05,8174000000,2155000000,1134000000,1117000000,267000000,,5.96,-3000000,162000000,,269000000,77000000,251000000,0,1532000000,,,661000000,32531000000,10924000000,138300000,137754897
CMI,26172,Industrials,2025-06-30,10-Q,2025-08-05,8643000000,2281000000,1226000000,1225000000,297000000,,6.43,,,,,87000000,,,2319000000,,,615000000,34259000000,11789000000,138500000,137786038
CMI,26172,Industrials,2025-09-30,10-Q,2025-11-06,8317000000,2129000000,852000000,830000000,271000000,,3.86,,,,,83000000,,,2566000000,,,122000000,33638000000,12064000000,138800000,138036253
CMI,26172,Industrials,2025-12-31,10-K (Q4 derived: FY − 9M YTD),2026-02-10,8536000000,1951000000,813000000,791000000,171000000,,4.27,1534000000,544000000,,280000000,82000000,277000000,,2845000000,,,94000000,33992000000,12349000000,100000,
CMI,26172,Industrials,2026-01-31,10-K,2026-02-10,,,,,,,,,,,,,,,,,,,,,,138165463
CMI,26172,Industrials,2026-03-31,10-Q,2026-05-05,,2243000000,949000000,934000000,254000000,,4.71,309000000,189000000,,282000000,,276000000,243000000,2614000000,,,157000000,34445000000,12351000000,138800000,137989067
CMI,26172,Industrials,2026-06-30,10-Q,2026-08-04,,2465000000,1279000000,1293000000,325000000,,6.73,,,,,,,,3179000000,,,151000000,35630000000,12847000000,138500000,137664487
CMS,811156,Utilities,2025-03-31,10-Q,2026-04-28,2447000000,,494000000,358000000,63000000,304000000,1.01,1000000000,888000000,,388000000,,,,465000000,,16148000000,704000000,36295000000,8335000000,299100000,
CMS,811156,Utilities,2025-04-07,10-Q,2025-04-24,,,,,,,,,,,,,,,,,,,,,,299123745
CMS,811156,Utilities,2025-06-30,10-Q,2026-07-28,1838000000,,317000000,255000000,62000000,201000000,0.66,,,,288000000,,,,844000000,,16781000000,1100000000,37699000000,8394000000,299100000,
CMS,811156,Utilities,2025-07-14,10-Q,2025-07-31,,,,,,,,,,,,,,,,,,,,,,299335461
CMS,811156,Utilities,2025-09-30,10-Q,2025-10-30,2021000000,,481000000,340000000,68000000,277000000,0.92,,,,288000000,,,,362000000,,16774000000,1200000000,38008000000,8864000000,300400000,
CMS,811156,Utilities,2025-10-13,10-Q,2025-10-30,,,,,,,,,,,,,,,,,,,,,,304319765
CMS,811156,Utilities,2025-12-31,10-K (Q4 derived: FY − 9M YTD),2026-02-10,2233000000,,435000000,295000000,53000000,289000000,0.94,478000000,,,342000000,,,,509000000,,17807000000,950000000,39941000000,9144000000,1600000,
CMS,811156,Utilities,2026-01-16,10-K,2026-02-10,,,,,,,,,,,,,,,,,,,,,,306420901
CMS,811156,Utilities,2026-03-31,10-Q,2026-04-28,2730000000,,490000000,362000000,85000000,340000000,1.1,705000000,1039000000,,412000000,,,,175000000,,17456000000,1400000000,40285000000,9466000000,307100000,
CMS,811156,Utilities,2026-04-13,10-Q,2026-04-28,,,,,,,,,,,,,,,,,,,,,,308919602
CMS,811156,Utilities,2026-06-30,10-Q,2026-07-28,1829000000,,264000000,129000000,33000000,120000000,0.37,,,,308000000,,,,241000000,,18172000000,864000000,40905000000,9774000000,310800000,
CMS,811156,Utilities,2026-07-13,10-Q,2026-07-28,,,,,,,,,,,,,,,,,,,,,,313577136
CNC,1071739,Health Care,2025-03-31,10-Q,2026-04-28,46620000000,5288000000,1534000000,1746000000,432000000,1311000000,2.63,1510000000,135000000,59000000,314000000,,,41000000,14815000000,,18308000000,12000000,87044000000,27916000000,498180000,
CNC,1071739,Health Care,2025-04-23,10-Q,2025-04-25,,,,,,,,,,,,,,,,,,,,,,497603000
CNC,1071739,Health Care,2025-06-30,10-Q,2026-07-28,48742000000,3018000000,-458000000,-257000000,2000000,-253000000,-0.51,,,,,,,,14513000000,,17552000000,25000000,86395000000,27406000000,493548000,
CNC,1071739,Health Care,2025-07-23,10-Q,2025-07-25,,,,,,,,,,,,,,,,,,,,,,491133000
CNC,1071739,Health Care,2025-09-30,10-Q,2025-10-29,49690000000,3345000000,-6954000000,-6674000000,-42000000,-6631000000,-13.5,,,,,,,,17058000000,,17545000000,38000000,82087000000,20948000000,491141000,
CNC,1071739,Health Care,2025-10-27,10-Q,2025-10-29,,,,,,,,,,,,,,,,,,,,,,491518000
CNC,1071739,Health Care,2025-12-31,10-K (Q4 derived: FY − 9M YTD),2026-02-17,49725000000,2558000000,-1745000000,-1543000000,-443000000,-1101000000,-2.24,437000000,213000000,58000000,329000000,,,2000000,17888000000,17493000000,17351000000,50000000,76747000000,19953000000,-528000,
CNC,1071739,Health Care,2026-02-13,10-K,2026-02-17,,,,,,,,,,,,,,,,,,,,,,491771000
CNC,1071739,Health Care,2026-03-31,10-Q,2026-04-28,49944000000,5650000000,1861000000,2099000000,560000000,1541000000,3.11,4366000000,200000000,67000000,300000000,,,29000000,21264000000,,16308000000,63000000,81175000000,21427000000,495591000,
CNC,1071739,Health Care,2026-04-24,10-Q,2026-04-28,,,,,,,,,,,,,,,,,,,,,,493797000
CNC,1071739,Health Care,2026-06-30,10-Q,2026-07-28,53579000000,4617000000,1198000000,1486000000,399000000,1091000000,2.19,,,,,,,,24151000000,,16030000000,75000000,83012000000,22562000000,497637000,
CNC,1071739,Health Care,2026-07-24,10-Q,2026-07-28,,,,,,,,,,,,,,,,,,,,,,493995000
CNP,1130310,Utilities,2024-12-31,10-K (Q4 derived: FY − 9M YTD),2026-02-19,2262000000,,483000000,280000000,32000000,248000000,0.3800000000000001,889000000,2012000000,,356000000,,138000000,,24000000,20397000000,20397000000,,43768000000,10666000000,2776000,
CNP,1130310,Utilities,2025-02-10,10-K,2025-02-20,,,,,,,,,,,,,,,,,,,,,,651729244
CNP,1130310,Utilities,2025-03-31,10-Q,2026-04-23,2920000000,,649000000,378000000,81000000,297000000,0.45,410000000,1038000000,,363000000,,143000000,,1254000000,,20362000000,,44486000000,10955000000,653319000,
CNP,1130310,Utilities,2025-04-21,10-Q,2025-04-24,,,,,,,,,,,,,,,,,,,,,,652728398
CNP,1130310,Utilities,2025-06-30,10-Q,2025-07-24,1944000000,,417000000,253000000,55000000,198000000,0.3,,,,370000000,,,,93000000,,20564000000,,44099000000,11019000000,654044000,
CNP,1130310,Utilities,2025-07-21,10-Q,2025-07-24,,,,,,,,,,,,,,,,,,,,,,652864878
CNP,1130310,Utilities,2025-09-30,10-Q/A,2025-11-07,1988000000,,502000000,286000000,-7000000,293000000,0.45,,,,392000000,,,,37000000,,19400000000,,45049000000,11035000000,656028000,
CNP,1130310,Utilities,2025-10-20,10-Q/A,2025-11-07,,,,,,,,,,,,,,,,,,,,,,652868273
CNP,1130310,Utilities,2025-12-31,10-K (Q4 derived: FY − 9M YTD),2026-02-19,2505000000,,542000000,330000000,66000000,264000000,0.40000000000000013,774000000,1481000000,,405000000,,143000000,,38000000,20566000000,20566000000,,46534000000,11153000000,970000,
CNP,1130310,Utilities,2026-02-13,10-K,2026-02-19,,,,,,,,,,,,,,,,,,,,,,652871584
CNP,1130310,Utilities,2026-03-31,10-Q,2026-04-23,2975000000,,658000000,409000000,93000000,316000000,0.48,282000000,1198000000,,423000000,,150000000,,639000000,,22476000000,,47837000000,11449000000,659393000,
CNP,1130310,Utilities,2026-04-15,10-Q,2026-04-23,,,,,,,,,,,,,,,,,,,,,,654169480
COF,927628,Financials,2024-06-30,10-Q,2025-07-31,9506000000,,,651000000,54000000,597000000,1.38,,,,,,,,47829000000,,,,480018000000,57981000000,383900000,381856146
COF,927628,Financials,2024-09-30,10-Q,2025-11-03,10014000000,,,2218000000,441000000,1777000000,4.41,,,,,,,,49719000000,,,,486433000000,62925000000,383700000,381510336
COF,927628,Financials,2024-12-31,10-K (Q4 derived: FY − 9M YTD),2026-02-19,10190000000,,,1459000000,366000000,1096000000,2.67,2448000000,356000000,144000000,,,232000000,161000000,43671000000,,,,490144000000,60784000000,-100000,
COF,927628,Financials,2025-01-31,10-K,2025-02-20,,,,,,,,,,,,,,,,,,,,,,381327698
COF,927628,Financials,2025-03-31,10-Q,2026-05-07,10000000000,,,1729000000,325000000,1404000000,3.45,4667000000,348000000,177000000,,,234000000,375000000,48965000000,,,,493604000000,63542000000,384000000,
COF,927628,Financials,2025-04-30,10-Q,2025-05-07,,,,,,,,,,,,,,,,,,,,,,383137556
COF,927628,Financials,2025-06-30,10-Q,2025-07-31,12492000000,,,-5929000000,-1666000000,-4277000000,-8.58,,,,,,,,61578000000,,,,658968000000,110956000000,505600000,639517306
COF,927628,Financials,2025-09-30,10-Q,2025-11-03,15359000000,,,4382000000,1189000000,3192000000,4.83,,,,,,,,58527000000,,,,661877000000,113813000000,639500000,635733605
COF,927628,Financials,2025-12-31,10-K (Q4 derived: FY − 9M YTD),2026-02-19,15583000000,,,2099000000,345000000,2134000000,3.8000000000000003,7831000000,444000000,200000000,,,508000000,2520000000,62093000000,,,,669009000000,113616000000,30400000,
COF,927628,Financials,2026-01-31,10-K,2026-02-19,,,,,,,,,,,,,,,,,,,,,,621931593
COF,927628,Financials,2026-03-31,10-Q,2026-05-07,15231000000,,,2699000000,518000000,2174000000,3.34,6023000000,553000000,131000000,,,502000000,2793000000,79256000000,,,,682905000000,112261000000,623400000,
COF,927628,Financials,2026-04-30,10-Q,2026-05-07,,,,,,,,,,,,,,,,,,,,,,622292783
COHR,820318,Information Technology,2025-03-31,10-Q,2026-05-06,,,,9890000,8125000,15711000,-0.11,,,,,,,,890258000,3731797000,3727130000,4667000,14444825000,5352622000,155175000,
COHR,820318,Information Technology,2025-05-05,10-Q,2025-05-07,,,,,,,,,,,,,,,,,,,,,,155440611
COHR,820318,Information Technology,2025-06-30,10-K (Q4 derived: FY − 9M YTD),2026-08-14,,,,-63416000,34695000,-95619000,-0.8200000000000001,130284000,131350000,43590000,,,,,909200000,3686921000,3498615000,188306000,14910936000,5644514000,-4465000,
COHR,820318,Information Technology,2025-08-11,10-K,2025-08-15,,,,,,,,,,,,,,,,,,,,,,155805474
COHR,820318,Information Technology,2025-09-30,10-Q,2025-11-05,,,,216886000,-8310000,226349000,1.19,45955000,103946000,44134000,,,,,852778000,3307785000,3259406000,48379000,14698845000,5830199000,190684000,
COHR,820318,Information Technology,2025-11-03,10-Q,2025-11-05,,,,,,,,,,,,,,,,,,,,,,157153611
COHR,820318,Information Technology,2025-12-31,10-Q,2026-02-04,,,,167988000,24174000,146717000,0.76,,,,,,,,863739000,3351866000,3245403000,106463000,15087717000,8539296000,192757000,
COHR,820318,Information Technology,2026-02-02,10-Q,2026-02-04,,,,,,,,,,,,,,,,,,,,,,187481852
COHR,820318,Information Technology,2026-03-31,10-Q,2026-05-06,,,,184347000,2674000,191402000,0.97,,,,,,,,1592730000,3193781000,3184770000,9011000,17286701000,10676983000,196367000,
COHR,820318,Information Technology,2026-05-04,10-Q,2026-05-06,,,,,,,,,,,,,,,,,,,,,,195639321
COHR,820318,Information Technology,2026-06-30,10-K (Q4 derived: FY − 9M YTD),2026-08-14,,,,278512000,42311000,240530000,1.2000000000000002,69456000,555681000,50419000,,,,,1162018000,3222224000,3214308000,7916000,18299852000,10903495000,2259000,
COHR,820318,Information Technology,2026-08-10,10-K,2026-08-14,,,,,,,,,,,,,,,,,,,,,,195832246
COIN,1679788,Financials,2023-09-30,10-Q,2024-10-30,674148000,,-79825000,34661000,36926000,-2265000,-0.01,,,,,20821000,,,5100799000,3076599000,3076599000,,127305595000,5921125000,237270000,
COIN,1679788,Financials,2023-12-31,10-K (Q4 derived: FY − 9M YTD),2026-02-12,953795000,,115613000,132853000,-140584000,273437000,1.13,-254761000,,163883000,29485000,18737000,,,5489100000,2979957000,2979957000,,14753901000,6281649000,19912000,
COIN,1679788,Financials,2024-03-31,10-Q,2025-05-08,1637570000,,760461000,1437424000,261179000,1176245000,4.4,411485000,,224504000,29327000,19071000,,,6711400000,4225014000,4225014000,,348036477000,8070994000,267945000,
COIN,1679788,Financials,2024-06-30,10-Q,2025-07-31,1449628000,,343117000,-60237000,-96387000,36150000,0.14,,,,,,,,7225535000,4228019000,4228019000,,286959173000,8370769000,266831000,
COIN,1679788,Financials,2024-09-30,10-Q,2025-10-30,1205193000,,169513000,68581000,-6914000,75495000,0.28,,,,,,,,7723806000,4231047000,4231047000,,290558608000,8728122000,267440000,
COIN,1679788,Financials,2024-12-31,10-K (Q4 derived: FY − 9M YTD),2026-02-12,2271637000,,1034069000,1496876000,205700000,1291176000,4.720000000000001,1511709000,,221984000,32995000,,,,9308266000,4234081000,4234081000,0,22541951000,10276842000,1138000,253640000
COIN,1679788,Financials,2025-03-31,10-Q,2026-05-07,2034295000,,705806000,82456000,16848000,65608000,0.24,852694000,,190729000,33333000,,,0,9969393000,4237090000,4237090000,,21731006000,10468240000,271251000,
COIN,1679788,Financials,2025-06-30,10-Q,2026-07-30,1497208000,,-24650000,1823773000,394873000,1428900000,5.14,,,,,,,,9367889000,4240122000,2973545000,1266577000,23476038000,12094889000,278913000,
COIN,1679788,Financials,2025-09-30,10-Q,2025-10-30,1868693000,,480532000,502143000,69591000,432552000,1.5,,,,,,,,8676275000,7201528000,5933447000,1268081000,31351367000,16023224000,291958000,268736000
COIN,1679788,Financials,2025-12-31,10-K (Q4 derived: FY − 9M YTD),2026-02-12,1781129000,,273753000,-886307000,-219574000,-666733000,-2.3999999999999995,3065151000,,230482000,71116000,,,,11285452000,7200000000,5937034000,1269585000,29671832000,14793058000,4044000,267836000
COIN,1679788,Financials,2026-03-31,10-Q,2026-05-07,1412982000,,-21421000,-464705000,-70588000,-394117000,-1.49,182744000,,248055000,68006000,,,1062234000,10205022000,7200000000,5940628000,1271056000,28848792000,13480573000,264775000,263411000
COIN,1679788,Financials,2026-06-30,10-Q,2026-07-30,1220068000,,-113488000,-395411000,-35943000,-359468000,-1.36,,,,,,,,8614065000,5900000000,5944232000,0,26460286000,13079665000,263412000,263782000
COO,711404,Health Care,2025-01-31,10-Q,2026-03-06,,660200000,182000000,153300000,49000000,104300000,0.52,190600000,89400000,,91000000,,,0,100900000,2491200000,2489100000,,12222200000,8127300000,201200000,
COO,711404,Health Care,2025-03-03,10-Q,2025-03-07,,,,,,,,,,,,,,,,,,,,,,199981183
COO,711404,Health Care,2025-04-30,10-Q,2026-06-05,,679100000,184800000,144500000,56800000,87700000,0.44,,,,,,,,116200000,2525600000,2523600000,,12413600000,8287900000,200700000,
COO,711404,Health Care,2025-05-26,10-Q,2025-05-30,,,,,,,,,,,,,,,,,,,,,,199512504
COO,711404,Health Care,2025-07-31,10-Q,2025-08-28,,692000000,175700000,151900000,53600000,98300000,0.49,,,,,,,,124900000,2431400000,2429500000,,12376700000,8352800000,200000000,
COO,711404,Health Care,2025-08-22,10-Q,2025-08-28,,,,,,,,,,,,,,,,,,,,,,198808921
COO,711404,Health Care,2025-10-31,10-K (Q4 derived: FY − 9M YTD),2025-12-05,,650800000,140400000,116800000,32200000,84600000,0.42000000000000015,247900000,98000000,,98400000,,,196800000,110600000,2457500000,2455700000,,12394800000,8238900000,-600000,
COO,711404,Health Care,2025-12-01,10-K,2025-12-05,,,,,,,,,,,,,,,,,,,,,,195978026
COO,711404,Health Care,2026-01-31,10-Q,2026-03-06,,695200000,212800000,192200000,61400000,130800000,0.66,260900000,102200000,,95500000,,,92500000,124900000,1879000000,1877300000,,12424200000,8363800000,196700000,
COO,711404,Health Care,2026-03-02,10-Q,2026-03-06,,,,,,,,,,,,,,,,,,,,,,195114398
COO,711404,Health Care,2026-04-30,10-Q,2026-06-05,,735400000,-31000000,-48400000,29500000,-77900000,-0.4,,,,,,,,138800000,1861300000,1859500000,,12482300000,8238900000,195000000,
COO,711404,Health Care,2026-06-01,10-Q,2026-06-05,,,,,,,,,,,,,,,,,,,,,,195030630
COP,1163165,Energy,2024-03-31,10-Q,2025-05-08,13848000000,,,3808000000,1257000000,2551000000,2.15,4985000000,,,2211000000,,924000000,1325000000,5574000000,,,1113000000,95348000000,49325000000,1180320000,1169533976
COP,1163165,Energy,2024-06-30,10-Q,2025-08-07,13620000000,,,3659000000,1330000000,2329000000,1.98,,,,2334000000,,,,4294000000,,,1312000000,95994000000,49745000000,1170299000,1161249790
COP,1163165,Energy,2024-09-30,10-Q,2025-11-06,13041000000,,,3235000000,1176000000,2059000000,1.76,,,,2390000000,,,,5221000000,,,1314000000,96699000000,49881000000,1163227000,1150912478
COP,1163165,Energy,2024-12-31,10-K (Q4 derived: FY − 9M YTD),2026-02-17,14236000000,,,2970000000,664000000,2306000000,1.8999999999999995,4457000000,,,2664000000,,897000000,1950000000,5607000000,,,1035000000,122780000000,64796000000,9447000,
COP,1163165,Energy,2025-01-31,10-K,2025-02-18,,,,,,,,,,,,,,,,,,,,,,1272380205
COP,1163165,Energy,2025-03-31,10-Q,2026-04-30,16517000000,,,4466000000,1617000000,2849000000,2.23,6115000000,,,2746000000,,998000000,1500000000,6309000000,,,608000000,124254000000,65238000000,1274879000,1262410026
COP,1163165,Energy,2025-06-30,10-Q,2026-08-06,14004000000,,,3017000000,1046000000,1971000000,1.56,,,,2838000000,,,,4901000000,,,414000000,122599000000,65572000000,1258998000,1248942311
COP,1163165,Energy,2025-09-30,10-Q,2025-11-06,15031000000,,,2928000000,1202000000,1726000000,1.38,,,,2917000000,,,,5260000000,,,1016000000,122472000000,64923000000,1246854000,1235718250
COP,1163165,Energy,2025-12-31,10-K (Q4 derived: FY − 9M YTD),2026-02-17,13392000000,,,2245000000,803000000,1442000000,1.17,4318000000,,,2999000000,,1038000000,1022000000,6497000000,,,1020000000,121939000000,64487000000,-6613000,
COP,1163165,Energy,2026-01-31,10-K,2026-02-17,,,,,,,,,,,,,,,,,,,,,,1222339152
COP,1163165,Energy,2026-03-31,10-Q,2026-04-30,15761000000,,,3363000000,1180000000,2183000000,1.78,4295000000,,,2906000000,,1032000000,1006000000,5877000000,,,1065000000,122725000000,64541000000,1224960000,1218294007
COP,1163165,Energy,2026-06-30,10-Q,2026-08-06,19161000000,,,6082000000,2151000000,3931000000,3.23,,,,2983000000,,,,6574000000,,,462000000,124261000000,65349000000,1214255000,1201337479
COR,1140859,Health Care,2025-03-31,10-Q,2026-05-06,75453673000,3059809000,1036190000,928656000,211239000,717871000,3.68,,,,259818000,,,,1978061000,7856207000,7085886000,,71193874000,1012837000,195094000,
COR,1140859,Health Care,2025-04-30,10-Q,2025-05-07,,,,,,,,,,,,,,,,,,,,,,193823487
COR,1140859,Health Care,2025-06-30,10-Q,2026-08-05,80663532000,2907115000,867654000,896277000,206528000,687402000,3.52,,,,253995000,,,,2231852000,8240486000,8043699000,,73956905000,1980193000,195230000,
COR,1140859,Health Care,2025-07-31,10-Q,2025-08-06,,,,,,,,,,,,,,,,,,,,,,193877881
COR,1140859,Health Care,2025-09-30,10-K (Q4 derived: FY − 9M YTD),2025-11-25,83728554000,2953577000,18503000,-187044000,146027000,-339704000,-1.7399999999999993,3133417000,249812000,25943000,258770000,,107512000,71000,4356138000,7660773000,7542988000,,76590112000,1508019000,42000,
COR,1140859,Health Care,2025-10-31,10-K,2025-11-25,,,,,,,,,,,,,,,,,,,,,,193993444
COR,1140859,Health Care,2025-12-31,10-Q,2026-02-04,85932016000,3072071000,760449000,708640000,142514000,559647000,2.87,-2305169000,119376000,66054000,260401000,,126516000,,1753122000,7921735000,7579459000,,78361214000,1908328000,195319000,
COR,1140859,Health Care,2026-01-31,10-Q,2026-02-04,,,,,,,,,,,,,,,,,,,,,,194530682
COR,1140859,Health Care,2026-03-31,10-Q,2026-05-06,78355916000,3588339000,1142593000,2088572000,459044000,1641332000,8.4,,,,249292000,,,,2176496000,12385520000,12182860000,,81652100000,3397590000,195383000,
COR,1140859,Health Care,2026-04-30,10-Q,2026-05-06,,,,,,,,,,,,,,,,,,,,,,194561060
COR,1140859,Health Care,2026-06-30,10-Q,2026-08-05,84754837000,3607235000,1120217000,996394000,219727000,763518000,3.94,,,,269499000,,,,2815291000,11723241000,11444086000,,83805553000,3050958000,193944000,
COR,1140859,Health Care,2026-07-31,10-Q,2026-08-05,,,,,,,,,,,,,,,,,,,,,,190827165
COST,909832,Consumer Staples,2025-02-16,10-Q,2026-03-11,63723000000,,2316000000,,634000000,1788000000,4.02,,,151000000,552000000,36000000,,,12356000000,,5755000000,98000000,73224000000,25577000000,444886000,
COST,909832,Consumer Staples,2025-03-05,10-Q,2025-03-13,,,,,,,,,,,,,,,,,,,,,,443683357
COST,909832,Consumer Staples,2025-05-11,10-Q,2025-06-05,63205000000,,2530000000,,677000000,1903000000,4.28,,,106000000,552000000,35000000,,,13836000000,,5717000000,178000000,75482000000,27125000000,444762000,
COST,909832,Consumer Staples,2025-05-28,10-Q,2025-06-05,,,,,,,,,,,,,,,,,,,,,,443477086
COST,909832,Consumer Staples,2025-08-31,10-K (Q4 derived: FY − Q1..Q3),2025-10-08,86156000000,,3341000000,,900000000,2610000000,5.870000000000001,,,140000000,774000000,46000000,,,14161000000,,5713000000,75000000,77099000000,29164000000,-889736000,
COST,909832,Consumer Staples,2025-09-30,10-K,2025-10-08,,,,,,,,,,,,,,,,,,,,,,443179176
COST,909832,Consumer Staples,2025-11-23,10-Q,2025-12-17,67307000000,,2463000000,,582000000,2001000000,4.5,4688000000,1526000000,486000000,597000000,35000000,,210000000,16217000000,,5666000000,70000000,82790000000,30303000000,444515000,
COST,909832,Consumer Staples,2025-12-10,10-Q,2025-12-17,,,,,,,,,,,,,,,,,,,,,,443869411
COST,909832,Consumer Staples,2026-02-15,10-Q,2026-03-11,69597000000,,2606000000,,686000000,2035000000,4.58,,,166000000,597000000,33000000,,,17383000000,,5688000000,72000000,83639000000,32087000000,444420000,
COST,909832,Consumer Staples,2026-03-04,10-Q,2026-03-11,,,,,,,,,,,,,,,,,,,,,,443652540
COST,909832,Consumer Staples,2026-05-10,10-Q,2026-06-03,,,2815000000,,746000000,2192000000,4.93,,,119000000,597000000,32000000,,,18946000000,,5670000000,0,86430000000,33509000000,444430000,
COST,909832,Consumer Staples,2026-05-27,10-Q,2026-06-03,,,,,,,,,,,,,,,,,,,,,,443478804
CPAY,1175454,Financials,2025-03-31,10-Q,2026-05-08,1005667000,,427124000,327511000,83636000,243233000,3.4,-74151000,44771000,18366000,92188000,,,58718000,1554835000,8171403000,,2254918000,18547780000,3453836000,71558000,
CPAY,1175454,Financials,2025-04-30,10-Q,2025-05-12,,,,,,,,,,,,,,,,,,,,,,70493451
CPAY,1175454,Financials,2025-06-30,10-Q,2026-08-10,1102030000,,479390000,393090000,109012000,284168000,3.98,,,,91350000,,,,2192849000,8117700000,,2248617000,20435226000,3928573000,71429000,
CPAY,1175454,Financials,2025-08-04,10-Q,2025-08-07,,,,,,,,,,,,,,,,,,,,,,70614383
CPAY,1175454,Financials,2025-09-30,10-Q,2025-11-10,1172480000,,523120000,421702000,143323000,277941000,3.91,,,,93163000,,,,2005508000,8122952000,,2301280000,19744837000,4075691000,71131000,
CPAY,1175454,Financials,2025-11-03,10-Q,2025-11-10,,,,,,,,,,,,,,,,,,,,,,69958056
CPAY,1175454,Financials,2025-12-31,10-K (Q4 derived: FY − 9M YTD),2026-02-27,1248226000,,564474000,399376000,133760000,264484000,3.75,812738000,52441000,27811000,116602000,,,500235000,2408097000,10001687000,,3345530000,26408135000,3883864000,-315000,
CPAY,1175454,Financials,2026-02-17,10-K,2026-02-27,,,,,,,,,,,,,,,,,,,,,,68050296
CPAY,1175454,Financials,2026-03-31,10-Q,2026-05-08,1260987000,,636165000,505017000,151303000,350066000,5.07,-56620000,51092000,27495000,114826000,,,785971000,2536812000,10360640000,,3753770000,26664790000,3510128000,68443000,
CPAY,1175454,Financials,2026-05-01,10-Q,2026-05-08,,,,,,,,,,,,,,,,,,,,,,65361919
CPAY,1175454,Financials,2026-06-30,10-Q,2026-08-10,1338809000,,472274000,344720000,92932000,248307000,3.7,,,,118297000,,,,3163539000,10623531000,,4525389000,28224167000,3541884000,66325000,
CPAY,1175454,Financials,2026-07-31,10-Q,2026-08-10,,,,,,,,,,,,,,,,,,,,,,65659599
CPRT,900075,Industrials,2025-01-31,10-Q,2026-03-03,,,426211000,463051000,76510000,387400000,0.4,,,,54199000,,,,,,,,9187347000,,977910000,
CPRT,900075,Industrials,2025-02-25,10-Q,2025-02-26,,,,,,,,,,,,,,,,,,,,,,966092956
CPRT,900075,Industrials,2025-04-30,10-Q,2026-05-29,,,451545000,502804000,97466000,406609000,0.42,,,,54416000,,,,,,,,9672222000,,978089000,
CPRT,900075,Industrials,2025-06-02,10-Q,2025-06-03,,,,,,,,,,,,,,,,,,,,,,966936214
CPRT,900075,Industrials,2025-07-31,10-K (Q4 derived: FY − 9M YTD),2025-09-26,,,412591000,478408000,83100000,396354000,0.41000000000000014,438476000,87641000,9099000,53607000,,,,,,,,10090902000,,78000,
CPRT,900075,Industrials,2025-09-25,10-K,2025-09-26,,,,,,,,,,,,,,,,,,,,,,967731528
CPRT,900075,Industrials,2025-10-31,10-Q,2025-11-24,,,430694000,487123000,84913000,403714000,0.41,535253000,108042000,9319000,54042000,,,,,,,,10581014000,,977100000,
CPRT,900075,Industrials,2025-11-20,10-Q,2025-11-24,,,,,,,,,,,,,,,,,,,,,,968017684
CPRT,900075,Industrials,2026-01-31,10-Q,2026-03-03,,,388710000,441049000,91082000,350732000,0.36,,,,8558000,,,,,,,,10594962000,,975089000,
CPRT,900075,Industrials,2026-03-02,10-Q,2026-03-03,,,,,,,,,,,,,,,,,,,,,,963308388
CPRT,900075,Industrials,2026-04-30,10-Q,2026-05-29,,,464282000,502094000,100701000,402401000,0.43,,,,58983000,,,,,,,,9649036000,,942770000,
CPRT,900075,Industrials,2026-05-27,10-Q,2026-05-29,,,,,,,,,,,,,,,,,,,,,,925811482
CPT,906345,Real Estate,2025-03-31,10-Q,2026-05-01,2487000,,,41326000,,38822000,0.36,148216000,,4058000,149252000,33790000,113537000,0,26182000,3735700000,,,8993132000,4614956000,108597000,
CPT,906345,Real Estate,2025-04-25,10-Q,2025-05-02,,,,,,,,,,,,,,,,,,,,,,106837968
CPT,906345,Real Estate,2025-06-30,10-Q,2026-07-31,2633000,,,83825000,,80670000,0.74,,,,,35375000,,,33091000,3826000000,,,9119573000,4587485000,109400000,
CPT,906345,Real Estate,2025-07-25,10-Q,2025-08-01,,,,,,,,,,,,,,,,,,,,,,106852727
CPT,906345,Real Estate,2025-09-30,10-Q,2025-11-07,2565000,,,114359000,,108934000,1,,,,,34995000,,,25931000,3740200000,,,9055166000,4536293000,108580000,
CPT,906345,Real Estate,2025-10-31,10-Q,2025-11-07,,,,,,,,,,,,,,,,,,,,,,106395330
CPT,906345,Real Estate,2025-12-31,10-K (Q4 derived: FY − 9M YTD),2026-02-12,5282000,,,159407000,,156036000,1.44,196815000,971000,4243000,150191000,34079000,115485000,220655000,25203000,3900800000,,,9042989000,4362523000,-183000,
CPT,906345,Real Estate,2026-02-05,10-K,2026-02-12,,,,,,,,,,,,,,,,,,,,,,103408210
CPT,906345,Real Estate,2026-03-31,10-Q,2026-05-01,2143000,,,45312000,,42449000,0.4,148105000,,4053000,150000000,37359000,114948000,262829000,40684000,4250500000,,,9059627000,4028886000,104899000,
CPT,906345,Real Estate,2026-04-24,10-Q,2026-05-01,,,,,,,,,,,,,,,,,,,,,,100519732
CPT,906345,Real Estate,2026-06-30,10-Q,2026-07-31,3131000,,,21982000,,18790000,0.18,,,,,41422000,,,44717000,4848300000,,,9456080000,3802124000,102363000,
CPT,906345,Real Estate,2026-07-24,10-Q,2026-07-31,,,,,,,,,,,,,,,,,,,,,,100539350
CRH,849395,Materials,2025-03-31,10-Q,2026-04-30,6756000000,1837000000,18000000,-146000000,-58000000,-94000000,-0.15,-659000000,645000000,32000000,477000000,,,310000000,3352000000,15578000000,14213000000,1365000000,51921000000,21119000000,676700000,
CRH,849395,Materials,2025-04-22,10-Q,2025-05-05,,,,,,,,,,,,,,,,,,,,,,676004196
CRH,849395,Materials,2025-06-30,10-Q,2026-07-30,10206000000,4026000000,1935000000,1756000000,425000000,1319000000,1.94,,,,528000000,,,,2876000000,15706000000,14642000000,1064000000,53984000000,22345000000,677700000,
CRH,849395,Materials,2025-07-23,10-Q,2025-08-06,,,,,,,,,,,,,,,,,,,,,,672659283
CRH,849395,Materials,2025-09-30,10-Q,2025-11-05,11069000000,4309000000,2081000000,1921000000,428000000,1503000000,2.21,,,,,,,,4198000000,18579000000,14734000000,3845000000,58527000000,23309000000,675500000,
CRH,849395,Materials,2025-10-23,10-Q,2025-11-05,,,,,,,,,,,,,,,,,,,,,,670270575
CRH,849395,Materials,2025-12-31,10-K (Q4 derived: FY − 9M YTD),2026-02-18,9416000000,3356000000,1406000000,1274000000,246000000,1025000000,1.5199999999999996,2915000000,,39000000,,,,251000000,4096000000,17533000000,16478000000,1055000000,58329000000,24004000000,-1200000,
CRH,849395,Materials,2026-02-04,10-K,2026-02-18,,,,,,,,,,,,,,,,,,,,,,668250818
CRH,849395,Materials,2026-03-31,10-Q,2026-04-30,7370000000,2045000000,-38000000,-224000000,-55000000,-176000000,-0.27,-616000000,,29000000,576000000,,,332000000,3240000000,18438000000,16071000000,2367000000,58167000000,23071000000,668500000,
CRH,849395,Materials,2026-04-20,10-Q,2026-04-30,,,,,,,,,,,,,,,,,,,,,,668200216
CRH,849395,Materials,2026-06-30,10-Q,2026-07-30,10777000000,4294000000,2079000000,2163000000,661000000,1486000000,2.21,,,,548000000,,,,3025000000,17821000000,15410000000,2411000000,58552000000,24035000000,668800000,
CRH,849395,Materials,2026-07-20,10-Q,2026-07-30,,,,,,,,,,,,,,,,,,,,,,665284511
CRL,1100682,Health Care,2025-03-29,10-Q,2026-05-07,,,74669000,,10100000,25469000,0.5,171697000,59324000,13135000,120364000,,,353132000,229356000,,,121000,7582366000,3194336000,50853000,
CRL,1100682,Health Care,2025-04-26,10-Q,2025-05-07,,,,,,,,,,,,,,,,,,,,,,49115712
CRL,1100682,Health Care,2025-06-28,10-Q,2026-08-05,,,100134000,,18725000,52326000,1.06,,35298000,,119507000,,,,182824000,,,98000,7560545000,3353321000,49316000,
CRL,1100682,Health Care,2025-07-26,10-Q,2025-08-06,,,,,,,,,,,,,,,,,,,,,,49214178
CRL,1100682,Health Care,2025-09-27,10-Q,2025-11-05,,,133799000,,31644000,54422000,1.1,,35580000,,85164000,,,,207097000,,,54000,7513812000,3405449000,49426000,
CRL,1100682,Health Care,2025-10-25,10-Q,2025-11-05,,,,,,,,,,,,,,,,,,,,,,49215471
CRL,1100682,Health Care,2025-12-27,10-K (Q4 derived: FY − 9M YTD),2026-02-18,,,-283440000,,-17809000,-276555000,-5.5600000000000005,147520000,88950000,17632000,78277000,,,96000,213770000,,,166000,7135422000,3164630000,-302000,
CRL,1100682,Health Care,2026-01-24,10-K,2026-02-18,,,,,,,,,,,,,,,,,,,,,,49227800
CRL,1100682,Health Care,2026-03-28,10-Q,2026-05-07,,,119897000,,-15140000,-14843000,-0.3,41077000,55908000,22381000,67151000,,,208285000,191830000,,,6699000,7730308000,2940594000,48951000,
CRL,1100682,Health Care,2026-04-24,10-Q,2026-05-07,,,,,,,,,,,,,,,,,,,,,,48167730
CRL,1100682,Health Care,2026-06-27,10-Q,2026-08-05,,,119888000,,53930000,-1482000,-0.03,,,,67290000,,,,192025000,,,5460000,7532145000,2839636000,48021000,
CRL,1100682,Health Care,2026-07-25,10-Q,2026-08-05,,,,,,,,,,,,,,,,,,,,,,47738872
CRM,1108524,Information Technology,2025-04-30,10-Q,2026-05-28,,7564000000,1942000000,1974000000,433000000,1541000000,1.59,6476000000,179000000,814000000,,,402000000,2633000000,10928000000,8435000000,8435000000,0,98610000000,60666000000,970000000,
CRM,1108524,Information Technology,2025-05-22,10-Q,2025-05-29,,,,,,,,,,,,,,,,,,,,,,956000000
CRM,1108524,Information Technology,2025-07-31,10-Q,2026-08-27,,7994000000,2332000000,2406000000,519000000,1887000000,1.96,740000000,135000000,793000000,,,399000000,2225000000,10365000000,8436000000,8436000000,0,97573000000,61328000000,962000000,
CRM,1108524,Information Technology,2025-08-28,10-Q,2025-09-04,,,,,,,,,,,,,,,,,,,,,,952000000
CRM,1108524,Information Technology,2025-10-31,10-Q,2025-12-04,,8004000000,2188000000,2512000000,426000000,2086000000,2.19,2316000000,139000000,819000000,,,395000000,3801000000,8978000000,8438000000,8438000000,0,95144000000,60021000000,952000000,
CRM,1108524,Information Technology,2025-11-28,10-Q,2025-12-04,,,,,,,,,,,,,,,,,,,,,,937000000
CRM,1108524,Information Technology,2026-01-31,10-K (Q4 derived: FY − 9M YTD),2026-03-02,,8693000000,1869000000,2628000000,685000000,1943000000,2.0699999999999994,5464000000,141000000,1083000000,,,391000000,3937000000,7327000000,14439000000,10439000000,4000000000,112305000000,59142000000,-6000000,
CRM,1108524,Information Technology,2026-02-25,10-K,2026-03-02,,,,,,,,,,,,,,,,,,,,,,923000000
CRM,1108524,Information Technology,2026-04-30,10-Q,2026-05-28,,8563000000,2347000000,2721000000,614000000,2107000000,2.42,6701000000,145000000,857000000,,,365000000,27248000000,8935000000,39280000000,39280000000,0,106680000000,34235000000,871000000,
CRM,1108524,Information Technology,2026-05-21,10-Q,2026-05-28,,,,,,,,,,,,,,,,,,,,,,819000000
CRM,1108524,Information Technology,2026-07-31,10-Q,2026-08-27,,8696000000,2331000000,4552000000,1026000000,3526000000,4.29,1269000000,171000000,906000000,,,364000000,84000000,8310000000,39288000000,39288000000,0,109620000000,38378000000,821000000,
CRM,1108524,Information Technology,2026-08-20,10-Q,2026-08-27,,,,,,,,,,,,,,,,,,,,,,823000000
CRWD,1535527,Information Technology,2025-01-31,10-K (Q4 derived: FY − 9M YTD),2026-03-05,1058538000,785857000,-81271000,-42433000,46268000,-88252000,-0.35,345722000,87211000,268501000,,,,,4323295000,,743983000,,8701578000,3279494000,-5997000,
CRWD,1535527,Information Technology,2025-04-30,10-Q,2026-06-04,1103434000,815559000,-118713000,-83944000,21106000,-104264000,-0.42,384107000,85751000,247661000,,,,0,4614153000,,744355000,,8720362000,3450877000,248432000,
CRWD,1535527,Information Technology,2025-05-29,10-Q,2025-06-04,,,,,,,,,,,,,,,,,,,,,,249248174
CRWD,1535527,Information Technology,2025-07-31,10-Q,2026-08-27,1168952000,860401000,-105457000,-64152000,5971000,-70153000,-0.07,,,,19600000,,,,4972436000,,744727000,,9288859000,3756680000,999634000,
CRWD,1535527,Information Technology,2025-08-21,10-Q,2025-08-28,,,,,,,,,,,,,,,,,,,,,,250955140
CRWD,1535527,Information Technology,2025-10-31,10-Q,2025-12-03,1234244000,926439000,-69443000,-23268000,10720000,-33997000,-0.14,,,,,,,,4801083000,,745099000,,9965347000,4016497000,251326000,
CRWD,1535527,Information Technology,2025-11-25,10-Q,2025-12-03,,,,,,,,,,,,,,,,,,,,,,252098440
CRWD,1535527,Information Technology,2026-01-31,10-K (Q4 derived: FY − 9M YTD),2026-03-05,1305375000,993677000,13786000,57840000,-3621000,59377000,0.24,497869000,102465000,273951000,,,,,5230125000,,745471000,,11086684000,4428390000,671000,
CRWD,1535527,Information Technology,2026-04-30,10-Q,2026-06-04,1385629000,1043352000,-30600000,39063000,-6903000,27774000,0.11,590937000,97624000,297703000,,,,175622000,4552801000,,745843000,,11270100000,4633877000,257881000,
CRWD,1535527,Information Technology,2026-05-28,10-Q,2026-06-04,,,,,,,,,,,,,,,,,,,,,,254564820
CRWD,1535527,Information Technology,2026-07-31,10-Q,2026-08-27,1470897000,1096895000,-33232000,3933000,-1373000,5306000,0.01,,,,25700000,,,,5013847000,,746216000,,12025001000,5101724000,1044469000,
CRWD,1535527,Information Technology,2026-08-20,10-Q,2026-08-27,,,,,,,,,,,,,,,,,,,,,,1023934842
CSCO,858877,Information Technology,2025-04-26,10-Q,2026-05-19,,9278000000,3202000000,2947000000,456000000,2491000000,0.62,,,,,,,,8161000000,25105000000,22857000000,2248000000,119782000000,45935000000,4002000000,
CSCO,858877,Information Technology,2025-05-15,10-Q,2025-05-20,,,,,,,,,,,,,,,,,,,,,,3959998180
CSCO,858877,Information Technology,2025-07-26,10-K (Q4 derived: FY − 9M YTD),2026-09-02,,9280000000,3087000000,2999000000,449000000,2550000000,0.6399999999999999,4234000000,217000000,948000000,,,1625000000,1252000000,8346000000,24611000000,22861000000,1750000000,122291000000,46843000000,-6000000,
CSCO,858877,Information Technology,2025-08-28,10-K,2025-09-03,,,,,,,,,,,,,,,,,,,,,,3953196953
CSCO,858877,Information Technology,2025-10-25,10-Q,2025-11-18,,9745000000,3363000000,3391000000,531000000,2860000000,0.72,3212000000,323000000,1055000000,,,1617000000,1992000000,8400000000,24613000000,21364000000,3249000000,121102000000,46873000000,3993000000,
CSCO,858877,Information Technology,2025-11-13,10-Q,2025-11-18,,,,,,,,,,,,,,,,,,,,,,3951094563
CSCO,858877,Information Technology,2026-01-24,10-Q,2026-02-17,,9972000000,3781000000,3646000000,471000000,3175000000,0.8,,,,,,,,7458000000,24617000000,21367000000,3250000000,123371000000,47723000000,3984000000,
CSCO,858877,Information Technology,2026-02-12,10-Q,2026-02-17,,,,,,,,,,,,,,,,,,,,,,3949893042
CSCO,858877,Information Technology,2026-04-25,10-Q,2026-05-19,,10080000000,3960000000,4039000000,666000000,3373000000,0.85,,,,,,,,7083000000,22869000000,19371000000,3498000000,125546000000,48861000000,3982000000,
CSCO,858877,Information Technology,2026-05-14,10-Q,2026-05-19,,,,,,,,,,,,,,,,,,,,,,3941434665
CSCO,858877,Information Technology,2026-07-25,10-K (Q4 derived: FY − 9M YTD),2026-09-02,,11063000000,4264000000,4933000000,1074000000,3859000000,0.9700000000000002,5386000000,390000000,927000000,,,1659000000,1501000000,7218000000,22872000000,19372000000,3500000000,129637000000,50285000000,0,
CSCO,858877,Information Technology,2026-08-27,10-K,2026-09-02,,,,,,,,,,,,,,,,,,,,,,3942586873
CSGP,1057352,Real Estate,2025-03-31,10-Q,2026-04-29,,579000000,-43000000,-7000000,8000000,-15000000,-0.04,53000000,54000000,30000000,47000000,,,19000000,3680800000,1000000000,992200000,,10428100000,8556200000,410500000,
CSGP,1057352,Real Estate,2025-04-28,10-Q,2025-05-01,,,,,,,,,,,,,,,,,,,,,,421886653
CSGP,1057352,Real Estate,2025-06-30,10-Q,2026-07-29,,613000000,-27000000,22000000,16000000,6000000,0.01,,,,,,,,3628600000,1000000000,992500000,,10507100000,8601400000,424300000,
CSGP,1057352,Real Estate,2025-07-21,10-Q,2025-07-23,,,,,,,,,,,,,,,,,,,,,,423650362
CSGP,1057352,Real Estate,2025-09-30,10-Q,2025-10-29,,661400000,-51100000,-45800000,-14900000,-30900000,-0.07,,,,,,,,1935300000,1000000000,992900000,,10819900000,8615800000,419900000,
CSGP,1057352,Real Estate,2025-10-27,10-Q,2025-10-29,,,,,,,,,,,,,,,,,,,,,,423822791
CSGP,1057352,Real Estate,2025-12-31,10-K (Q4 derived: FY − 9M YTD),2026-02-26,,707200000,49100000,60900000,14400000,46500000,0.11,162100000,60800000,41000000,81000000,,,385000000,1633000000,140000000,993000000,,10538000000,8334000000,4000000,
CSGP,1057352,Real Estate,2026-02-20,10-K,2026-02-26,,,,,,,,,,,,,,,,,,,,,,419793301
CSGP,1057352,Real Estate,2026-03-31,10-Q,2026-04-29,,701000000,3000000,12000000,9000000,3000000,0.01,152000000,45000000,42000000,82000000,,,505000000,1215000000,1000000000,994000000,,10164000000,7913000000,414000000,
CSGP,1057352,Real Estate,2026-04-27,10-Q,2026-04-29,,,,,,,,,,,,,,,,,,,,,,408355715
CSGP,1057352,Real Estate,2026-06-30,10-Q,2026-07-29,,728000000,76000000,74000000,19000000,55000000,0.14,,,,,,,,1266000000,1000000000,994000000,,10139000000,7932000000,404400000,
CSGP,1057352,Real Estate,2026-07-27,10-Q,2026-07-29,,,,,,,,,,,,,,,,,,,,,,405197588
CSX,277948,Industrials,2024-03-31,10-Q,2025-04-16,,,1337000000,1168000000,288000000,880000000,0.45,1066000000,517000000,16000000,410000000,,235000000,247000000,,,,557000000,42482000000,,1962000000,1954927162
CSX,277948,Industrials,2024-06-30,10-Q,2025-07-23,,,1448000000,1267000000,304000000,963000000,0.49,,,13000000,410000000,,,563000000,,,,557000000,42362000000,,1948000000,1938739661
CSX,277948,Industrials,2024-09-30,10-Q,2025-10-16,,,1354000000,1184000000,290000000,894000000,0.46,,,16000000,416000000,,,402000000,,,,6000000,43069000000,,1940000000,1928419153
CSX,277948,Industrials,2024-12-31,10-K (Q4 derived: FY − 9M YTD),2026-02-12,,,1106000000,936000000,203000000,733000000,0.3900000000000001,1388000000,838000000,-5000000,422000000,,230000000,1025000000,,,,606000000,42764000000,,-7000000,
CSX,277948,Industrials,2025-01-31,10-K,2025-02-27,,,,,,,,,,,,,,,,,,,,,,1894616582
CSX,277948,Industrials,2025-03-31,10-Q,2026-04-22,,,1041000000,858000000,212000000,646000000,0.34,1255000000,719000000,14000000,425000000,,245000000,751000000,,,,605000000,43199000000,,1892000000,1878545871
CSX,277948,Industrials,2025-06-30,10-Q,2026-07-22,,,1283000000,1093000000,264000000,829000000,0.44,,,15000000,427000000,,,,,,,616000000,42929000000,,1869000000,1864277014
CSX,277948,Industrials,2025-09-30,10-Q,2025-10-16,,,1087000000,898000000,204000000,694000000,0.37,,,14000000,424000000,,,,,,,608000000,43279000000,,1867000000,1862136956
CSX,277948,Industrials,2025-12-31,10-K (Q4 derived: FY − 9M YTD),2026-02-12,,,1110000000,920000000,200000000,720000000,0.3800000000000001,1386000000,677000000,11000000,404000000,,242000000,112000000,,,,708000000,43682000000,,-3000000,
CSX,277948,Industrials,2026-01-31,10-K,2026-02-12,,,,,,,,,,,,,,,,,,,,,,1859556799
CSX,277948,Industrials,2026-03-31,10-Q,2026-04-22,,,1253000000,1063000000,256000000,807000000,0.43,1272000000,543000000,13000000,415000000,,260000000,222000000,,,,710000000,44232000000,,1862000000,1858138856
CSX,277948,Industrials,2026-06-30,10-Q,2026-07-22,,,1506000000,1320000000,318000000,1002000000,0.54,,,27000000,411000000,,,,,,,1702000000,44726000000,,1859000000,1852474917
CTAS,723254,Industrials,2025-02-28,10-Q,2026-04-07,,1319341000,609853000,586438000,122941000,463497000,1.13,,,,,,,,243428000,2027477000,2027477000,449915000,9611136000,4592248000,410307000,
CTAS,723254,Industrials,2025-03-31,10-Q,2025-04-03,,,,,,,,,,,,,,,,,,,,,,403786963
CTAS,723254,Industrials,2025-05-31,10-K (Q4 derived: FY − 9M YTD),2026-07-29,,1325989000,597452000,575415000,127159000,448256000,1.0900000000000003,640318000,114624000,30743000,126458000,,157924000,256671000,263973000,2424999000,2424999000,0,9825241000,4684481000,-206000,
CTAS,723254,Industrials,2025-06-30,10-K,2025-07-28,,,,,,,,,,,,,,,,,,,,,,402977926
CTAS,723254,Industrials,2025-08-31,10-Q,2025-10-08,,1366561000,617859000,595907000,104767000,491140000,1.2,414481000,101957000,30348000,125937000,,157766000,266097000,138143000,2425757000,2425757000,,9837690000,4755700000,409294000,
CTAS,723254,Industrials,2025-09-30,10-Q,2025-10-08,,,,,,,,,,,,,,,,,,,,,,401866678
CTAS,723254,Industrials,2025-11-30,10-Q,2026-01-07,,1412485000,655714000,628504000,133161000,495343000,1.21,,,,,,,,200842000,2426529000,2426529000,550750000,10132881000,4455347000,406433000,
CTAS,723254,Industrials,2025-12-31,10-Q,2026-01-07,,,,,,,,,,,,,,,,,,,,,,399889646
CTAS,723254,Industrials,2026-02-28,10-Q,2026-04-07,,1448456000,659904000,632497000,130001000,502496000,1.24,,,,,,,,183204000,2427301000,2427301000,229490000,10233721000,4788383000,404717000,
CTAS,723254,Industrials,2026-03-31,10-Q,2026-04-07,,,,,,,,,,,,,,,,,,,,,,400087119
CTAS,723254,Industrials,2026-05-31,10-K (Q4 derived: FY − 9M YTD),2026-07-29,,1480291000,673035000,648426000,137437000,510989000,1.2600000000000002,709104000,95998000,31126000,130738000,,180635000,18877000,289018000,1429086000,1429086000,998987000,10529140000,5139887000,-639000,
CTAS,723254,Industrials,2026-06-30,10-K,2026-07-29,,,,,,,,,,,,,,,,,,,,,,400169561
CTSH,1058290,Information Technology,2024-12-31,10-K (Q4 derived: FY − 9M YTD),2026-02-12,5082000000,,751000000,740000000,199000000,546000000,1.0999999999999996,920000000,83000000,41000000,143000000,,150000000,154000000,2231000000,,875000000,,19966000000,14408000000,0,
CTSH,1058290,Information Technology,2025-02-07,10-K,2025-02-12,,,,,,,,,,,,,,,,,,,,,,494615514
CTSH,1058290,Information Technology,2025-03-31,10-Q,2026-04-29,5115000000,,853000000,872000000,213000000,663000000,1.34,400000000,77000000,42000000,136000000,,155000000,209000000,1980000000,,567000000,,19967000000,14899000000,495000000,
CTSH,1058290,Information Technology,2025-04-25,10-Q,2025-05-01,,,,,,,,,,,,,,,,,,,,,,492941963
CTSH,1058290,Information Technology,2025-06-30,10-Q,2025-07-31,5245000000,,817000000,842000000,197000000,645000000,1.31,,,,,,,,1796000000,,559000000,,20164000000,15288000000,492000000,
CTSH,1058290,Information Technology,2025-07-25,10-Q,2025-07-31,,,,,,,,,,,,,,,,,,,,,,488395937
CTSH,1058290,Information Technology,2025-09-30,10-Q,2025-10-29,5415000000,,866000000,887000000,613000000,274000000,0.56,,,,,,,,2341000000,,551000000,,20134000000,14897000000,487000000,
CTSH,1058290,Information Technology,2025-10-24,10-Q,2025-10-29,,,,,,,,,,,,,,,,,,,,,,482646473
CTSH,1058290,Information Technology,2025-12-31,10-K (Q4 derived: FY − 9M YTD),2026-02-12,5333000000,,853000000,878000000,235000000,648000000,1.3399999999999994,858000000,77000000,44000000,140000000,,151000000,338000000,1901000000,,543000000,,20692000000,15015000000,-2000000,
CTSH,1058290,Information Technology,2026-02-06,10-K,2026-02-12,,,,,,,,,,,,,,,,,,,,,,478246920
CTSH,1058290,Information Technology,2026-03-31,10-Q,2026-04-29,5413000000,,843000000,867000000,208000000,662000000,1.39,274000000,76000000,46000000,141000000,,159000000,444000000,1504000000,,535000000,,20500000000,15068000000,477000000,
CTSH,1058290,Information Technology,2026-04-24,10-Q,2026-04-29,,,,,,,,,,,,,,,,,,,,,,473869469
CTVA,1755672,Materials,2025-03-31,10-Q,2026-05-06,4417000000,,,784000000,117000000,652000000,0.95,-2109000000,,,296000000,36000000,116000000,270000000,2008000000,1792000000,,673000000,42123000000,24285000000,686600000,
CTVA,1755672,Materials,2025-05-01,10-Q,2025-05-08,,,,,,,,,,,,,,,,,,,,,,682170000
CTVA,1755672,Materials,2025-06-30,10-Q,2026-07-31,6456000000,,,1804000000,422000000,1314000000,1.92,,,,301000000,52000000,,,2065000000,1687000000,,1283000000,41759000000,25909000000,683100000,
CTVA,1755672,Materials,2025-07-31,10-Q,2025-08-07,,,,,,,,,,,,,,,,,,,,,,679100000
CTVA,1755672,Materials,2025-09-30,10-Q,2025-11-05,2618000000,,,-370000000,-62000000,-320000000,-0.47,,,,,,,,2509000000,1688000000,,788000000,42198000000,25219000000,678700000,
CTVA,1755672,Materials,2025-10-29,10-Q,2025-11-05,,,,,,,,,,,,,,,,,,,,,,675732000
CTVA,1755672,Materials,2025-12-31,10-K (Q4 derived: FY − 9M YTD),2026-02-12,3910000000,,,-530000000,7000000,-552000000,-0.81,4375000000,,,306000000,46000000,121000000,301000000,4521000000,1686000000,,782000000,42845000000,24144000000,-1700000,
CTVA,1755672,Materials,2026-02-05,10-K,2026-02-12,,,,,,,,,,,,,,,,,,,,,,672524000
CTVA,1755672,Materials,2026-03-31,10-Q,2026-05-06,4905000000,,,858000000,133000000,720000000,1.07,-2891000000,,,297000000,36000000,121000000,250000000,1964000000,1682000000,,791000000,42717000000,24362000000,673600000,
CTVA,1755672,Materials,2026-04-29,10-Q,2026-05-06,,,,,,,,,,,,,,,,,,,,,,668820000
CTVA,1755672,Materials,2026-06-30,10-Q,2026-07-31,6379000000,,,1625000000,408000000,1161000000,1.73,,,,,47000000,,,2365000000,1682000000,,0,41642000000,25159000000,669800000,
CTVA,1755672,Materials,2026-07-24,10-Q,2026-07-31,,,,,,,,,,,,,,,,,,,,,,667196000
CVNA,1690820,Consumer Discretionary,2023-09-30,10-Q,2024-10-30,2773000000,482000000,48000000,,29000000,782000000,7.05,,,,,153000000,,,544000000,,5305000000,545000000,7025000000,339000000,,
CVNA,1690820,Consumer Discretionary,2023-12-31,10-K (Q4 derived: FY − 9M YTD),2026-02-18,2424000000,402000000,-38000000,,-2000000,-114000000,-4.49,-239000000,18000000,21000000,,165000000,,,530000000,5176000000,5416000000,777000000,7071000000,243000000,,
CVNA,1690820,Consumer Discretionary,2024-03-31,10-Q,2025-05-07,3061000000,591000000,134000000,,-1000000,28000000,0.24,101000000,18000000,22000000,,173000000,,,252000000,,5544000000,390000000,6983000000,289000000,,
CVNA,1690820,Consumer Discretionary,2024-06-30,10-Q,2025-07-30,3410000000,715000000,259000000,,1000000,18000000,,,,,,,,,542000000,,5428000000,198000000,7170000000,526000000,,
CVNA,1690820,Consumer Discretionary,2024-09-30,10-Q,2025-10-29,3655000000,807000000,337000000,,-1000000,85000000,,,,,,,,,871000000,,5431000000,209000000,7368000000,611000000,,
CVNA,1690820,Consumer Discretionary,2024-12-31,10-K (Q4 derived: FY − 9M YTD),2026-02-18,3547000000,763000000,260000000,,-3000000,79000000,,60000000,24000000,22000000,,,,,1716000000,5297000000,5256000000,302000000,8484000000,1260000000,,
CVNA,1690820,Consumer Discretionary,2025-03-31,10-Q,2026-04-29,4232000000,929000000,394000000,,2000000,216000000,,232000000,27000000,23000000,,,,,1858000000,,5269000000,300000000,8878000000,1504000000,,
CVNA,1690820,Consumer Discretionary,2025-06-30,10-Q,2026-07-29,4840000000,1064000000,511000000,,0,183000000,,,,,,,,,1857000000,,5323000000,312000000,9366000000,1730000000,716153000,
CVNA,1690820,Consumer Discretionary,2025-09-30,10-Q,2025-10-29,5647000000,1148000000,552000000,,-4000000,151000000,,,,,,,,,2142000000,,4810000000,319000000,9853000000,2279000000,,
CVNA,1690820,Consumer Discretionary,2025-12-31,10-K (Q4 derived: FY − 9M YTD),2026-02-18,5603000000,1051000000,424000000,,-2783000000,857000000,,430000000,51000000,22000000,,,,,2327000000,4918000000,4830000000,211000000,13201000000,3441000000,,
CVNA,1690820,Consumer Discretionary,2026-03-31,10-Q,2026-04-29,6432000000,1271000000,581000000,,36000000,250000000,,107000000,51000000,26000000,,,,,2410000000,,4846000000,238000000,13771000000,3720000000,,
CVNA,1690820,Consumer Discretionary,2026-06-30,10-Q,2026-07-29,7376000000,1384000000,680000000,,66000000,310000000,,,,,,,,,2630000000,,4854000000,319000000,14552000000,4028000000,739960000,
CVS,64803,Health Care,2025-03-31,10-Q,2026-05-06,94588000000,,3374000000,2617000000,835000000,1779000000,1.41,4556000000,743000000,126000000,1154000000,,840000000,0,10076000000,,,,255585000000,76929000000,1264000000,
CVS,64803,Health Care,2025-04-23,10-Q,2025-05-01,,,,,,,,,,,,,,,,,,,,,,1265019429
CVS,64803,Health Care,2025-06-30,10-Q,2026-08-05,98915000000,,2381000000,1647000000,634000000,1021000000,0.8,,,,1171000000,,,,11787000000,,,,258343000000,77379000000,1270000000,
CVS,64803,Health Care,2025-07-23,10-Q,2025-07-31,,,,,,,,,,,,,,,,,,,,,,1268326375
CVS,64803,Health Care,2025-09-30,10-Q,2025-10-29,102871000000,,-3207000000,-3482000000,508000000,-3975000000,-3.13,,,,1134000000,,,,9098000000,,,,255327000000,72928000000,1269000000,
CVS,64803,Health Care,2025-10-22,10-Q,2025-10-29,,,,,,,,,,,,,,,,,,,,,,1269432485
CVS,64803,Health Care,2025-12-31,10-K (Q4 derived: FY − 9M YTD),2026-02-10,105693000000,,2112000000,1354000000,-1569000000,2943000000,2.32,3390000000,784000000,135000000,1147000000,,845000000,0,8453000000,,,,253538000000,75214000000,5000000,
CVS,64803,Health Care,2026-02-04,10-K,2026-02-10,,,,,,,,,,,,,,,,,,,,,,1272211063
CVS,64803,Health Care,2026-03-31,10-Q,2026-05-06,100426000000,,4680000000,3938000000,981000000,2943000000,2.3,4249000000,849000000,266000000,1115000000,,847000000,,9542000000,,,,252974000000,77456000000,1279000000,
CVS,64803,Health Care,2026-04-29,10-Q,2026-05-06,,,,,,,,,,,,,,,,,,,,,,1275927307
CVS,64803,Health Care,2026-06-30,10-Q,2026-08-05,106096000000,,4703000000,3977000000,982000000,2979000000,2.31,,,,1126000000,,,,11329000000,,,,253768000000,79702000000,1287000000,
CVS,64803,Health Care,2026-07-29,10-Q,2026-08-05,,,,,,,,,,,,,,,,,,,,,,1278970369
CVX,93410,Energy,2024-03-31,10-Q,2025-05-08,48716000000,,,7922000000,2371000000,5501000000,2.97,6828000000,4089000000,,4091000000,118000000,3003000000,2978000000,6278000000,,,,261651000000,160625000000,1849116000,1847009033
CVX,93410,Energy,2024-06-30,10-Q,2025-08-07,51181000000,,,7036000000,2593000000,4434000000,2.43,,,,4004000000,113000000,,,4008000000,,,,260644000000,159233000000,1833431000,1828917113
CVX,93410,Energy,2024-09-30,10-Q,2025-11-06,50669000000,,,6489000000,1993000000,4487000000,2.48,,,,4214000000,164000000,,,,,,,259232000000,156202000000,1807030000,1797091325
CVX,93410,Energy,2024-12-31,10-K (Q4 derived: FY − 9M YTD),2026-02-24,52226000000,,,6059000000,2800000000,3239000000,1.8400000000000007,8695000000,4338000000,,4973000000,199000000,2887000000,4500000000,,,,4012000000,256938000000,152318000000,-12776000,
CVX,93410,Energy,2025-02-07,10-K,2025-02-21,,,,,,,,,,,,,,,,,,,,,,1760598537
CVX,93410,Energy,2025-03-31,10-Q,2026-05-07,47610000000,,,5583000000,2071000000,3500000000,2,5189000000,3927000000,,4123000000,212000000,2984000000,3917000000,,,,,256397000000,149244000000,1751441000,1746393905
CVX,93410,Energy,2025-06-30,10-Q,2026-08-06,44822000000,,,4147000000,1632000000,2490000000,1.45,,,,4344000000,274000000,,,,,,,250820000000,146417000000,1724397000,1727990376
CVX,93410,Energy,2025-09-30,10-Q,2025-11-06,49726000000,,,5414000000,1801000000,3539000000,1.82,,,,5781000000,370000000,,,,,,,326501000000,189843000000,1946035000,2013521597
CVX,93410,Energy,2025-12-31,10-K (Q4 derived: FY − 9M YTD),2026-02-24,46873000000,,,4599000000,1754000000,2770000000,1.3600000000000003,10789000000,5264000000,,5884000000,361000000,3404000000,2998000000,,,,2345000000,324012000000,186450000000,47996000,
CVX,93410,Energy,2026-02-06,10-K,2026-02-24,,,,,,,,,,,,,,,,,,,,,,1995385539
CVX,93410,Energy,2026-03-31,10-Q,2026-05-07,48607000000,,,3946000000,1653000000,2210000000,1.11,2514000000,4063000000,,5808000000,345000000,3526000000,2572000000,,,,,329551000000,183715000000,1985900000,1991597732
CVX,93410,Energy,2026-06-30,10-Q,2026-08-06,70055000000,,,16684000000,4470000000,12072000000,6.11,,,,6082000000,352000000,,,,,,,330135000000,189883000000,1975087000,1975771274
D,715957,Utilities,2024-12-31,10-K,2026-02-23,3400000000,,391000000,74000000,-10000000,134000000,0.14,641000000,,,,444000000,561000000,,310000000,39320000000,,,102415000000,26863000000,1000000,
D,715957,Utilities,2025-02-20,10-K,2025-02-27,,,,,,,,,,,,,,,,,,,,,,852050458
D,715957,Utilities,2025-03-31,10-Q,2026-05-01,4076000000,,1223000000,752000000,40000000,665000000,0.77,1183000000,,,,481000000,569000000,,355000000,,,,104555000000,27365000000,852200000,
D,715957,Utilities,2025-04-25,10-Q,2025-05-01,,,,,,,,,,,,,,,,,,,,,,852790571
D,715957,Utilities,2025-06-30,10-K,2026-02-23,3810000000,,1096000000,1033000000,220000000,760000000,0.88,,,,,505000000,,,344000000,,,,107441000000,27215000000,853200000,
D,715957,Utilities,2025-07-25,10-Q,2025-08-01,,,,,,,,,,,,,,,,,,,,,,853433625
D,715957,Utilities,2025-09-30,10-K,2026-02-23,4527000000,,1339000000,1244000000,216000000,1006000000,1.16,,,,,527000000,,,932000000,,,,111597000000,27691000000,855400000,
D,715957,Utilities,2025-10-24,10-Q,2025-10-31,,,,,,,,,,,,,,,,,,,,,,853913277
D,715957,Utilities,2025-12-31,10-K,2026-02-23,4093000000,,756000000,582000000,56000000,567000000,0.65,987000000,,,,509000000,570000000,,250000000,46332000000,,,115857000000,29083000000,1700000,
D,715957,Utilities,2026-02-16,10-K,2026-02-23,,,,,,,,,,,,,,,,,,,,,,878785631
D,715957,Utilities,2026-03-31,10-Q,2026-05-01,5019000000,,1392000000,834000000,48000000,621000000,0.69,882000000,,,,561000000,587000000,,351000000,,,,118578000000,29147000000,880100000,
D,715957,Utilities,2026-04-24,10-Q,2026-05-01,,,,,,,,,,,,,,,,,,,,,,879455403
DAL,27904,Industrials,2024-03-31,10-Q,2025-04-09,,,614000000,122000000,85000000,37000000,0.06,2408000000,1193000000,,615000000,,64000000,,3877000000,18127000000,15576000000,2551000000,74969000000,11151000000,645000000,645312283
DAL,27904,Industrials,2024-06-30,10-Q,2025-07-10,,,2267000000,1773000000,468000000,1305000000,2.01,,1308000000,,620000000,,,,4110000000,16783000000,14084000000,2699000000,75197000000,12386000000,648000000,645419328
DAL,27904,Industrials,2024-09-30,10-Q,2025-10-09,,,1397000000,1561000000,289000000,1272000000,1.97,,1328000000,,643000000,,,,3969000000,16581000000,13881000000,2700000000,75368000000,13646000000,647000000,645281221
DAL,27904,Industrials,2024-12-31,10-K (Q4 derived: FY − 9M YTD),2026-02-11,,,1717000000,1202000000,359000000,843000000,1.29,1894000000,1310000000,,635000000,,96000000,,3069000000,15347000000,13546000000,1801000000,75372000000,15293000000,1000000,
DAL,27904,Industrials,2025-01-31,10-K,2025-02-11,,,,,,,,,,,,,,,,,,,,,,645962006
DAL,27904,Industrials,2025-03-31,10-Q,2026-04-08,,,569000000,320000000,80000000,240000000,0.37,2378000000,1224000000,,607000000,,99000000,,3711000000,15076000000,12432000000,2644000000,77342000000,15447000000,652000000,652955169
DAL,27904,Industrials,2025-06-30,10-Q,2026-07-10,,,2102000000,2574000000,444000000,2130000000,3.27,,1209000000,,602000000,,,,3331000000,14381000000,12400000000,1981000000,78395000000,17440000000,652000000,652948402
DAL,27904,Industrials,2025-09-30,10-Q,2025-10-09,,,1684000000,1777000000,360000000,1417000000,2.17,,1160000000,,614000000,,,,3791000000,14174000000,12299000000,1875000000,79623000000,18822000000,654000000,652962768
DAL,27904,Industrials,2025-12-31,10-K (Q4 derived: FY − 9M YTD),2026-02-11,,,1467000000,1513000000,294000000,1219000000,1.8600000000000003,2260000000,907000000,,620000000,,122000000,,4310000000,13308000000,11936000000,1372000000,81317000000,20853000000,1000000,
DAL,27904,Industrials,2026-01-31,10-K,2026-02-11,,,,,,,,,,,,,,,,,,,,,,653130708
DAL,27904,Industrials,2026-03-31,10-Q,2026-04-08,,,501000000,-214000000,75000000,-289000000,-0.44,2432000000,1200000000,,635000000,,129000000,,5053000000,13235000000,10608000000,2627000000,84431000000,20376000000,652000000,656994112
DAL,27904,Industrials,2026-06-30,10-Q,2026-07-10,,,1864000000,2009000000,405000000,1604000000,2.44,,,,656000000,,,,4665000000,12905000000,10101000000,2804000000,86321000000,21815000000,658000000,657623030
DASH,1792789,Consumer Discretionary,2023-09-30,10-Q,2024-10-30,2164000000,,-108000000,-69000000,6000000,-73000000,-0.19,,,,128000000,,,,2344000000,,,,10013000000,6559000000,393217000,
DASH,1792789,Consumer Discretionary,2023-12-31,10-K (Q4 derived: FY − 9M YTD),2026-05-06,2303000000,,-89000000,-139000000,17000000,-154000000,-0.3899999999999999,485000000,29000000,269000000,130000000,,,51000000,2656000000,,,,10839000000,6806000000,2154000,
DASH,1792789,Consumer Discretionary,2024-03-31,10-Q,2025-05-07,2513000000,,-61000000,-18000000,7000000,-23000000,-0.06,553000000,17000000,252000000,142000000,,,0,3124000000,,,,11450000000,6999000000,405482000,
DASH,1792789,Consumer Discretionary,2024-06-30,10-Q,2025-08-06,2630000000,,-201000000,-157000000,1000000,-157000000,-0.38,,,,140000000,,,,3430000000,,,,11837000000,7162000000,410482000,
DASH,1792789,Consumer Discretionary,2024-09-30,10-Q,2025-11-06,2706000000,,107000000,155000000,-6000000,162000000,0.38,,,,138000000,,,,3664000000,,,,12277000000,7569000000,427962000,
DASH,1792789,Consumer Discretionary,2024-12-31,10-K (Q4 derived: FY − 9M YTD),2026-05-06,2873000000,,117000000,176000000,37000000,141000000,0.32999999999999996,518000000,32000000,271000000,141000000,,,0,4019000000,,,,12845000000,7803000000,20539000,
DASH,1792789,Consumer Discretionary,2025-03-31,10-Q,2026-05-06,3032000000,,155000000,198000000,6000000,193000000,0.44,635000000,74000000,235000000,152000000,,,0,4500000000,,,,13572000000,8389000000,435563000,
DASH,1792789,Consumer Discretionary,2025-06-30,10-Q,2026-08-05,3284000000,,163000000,271000000,-13000000,285000000,0.65,,,,159000000,,,,3911000000,,,,16950000000,8923000000,438377000,
DASH,1792789,Consumer Discretionary,2025-09-30,10-Q,2025-11-06,3446000000,,258000000,248000000,5000000,244000000,0.55,,,,169000000,,,,3279000000,,,,17971000000,9495000000,441812000,
DASH,1792789,Consumer Discretionary,2025-12-31,10-K (Q4 derived: FY − 9M YTD),2026-05-06,3955000000,,147000000,222000000,9000000,213000000,0.48,421000000,54000000,276000000,267000000,,,0,4378000000,,,,19659000000,10033000000,1075000,
DASH,1792789,Consumer Discretionary,2026-03-31,10-Q,2026-05-06,4036000000,,151000000,191000000,8000000,184000000,0.42,594000000,57000000,231000000,269000000,,,162000000,4575000000,,,,19711000000,10198000000,442326000,
DASH,1792789,Consumer Discretionary,2026-06-30,10-Q,2026-08-05,4454000000,,156000000,207000000,8000000,200000000,0.46,,,,295000000,,,,4424000000,,,,19561000000,9921000000,439345000,
DD,1666700,Industrials,2025-03-31,10-Q,2026-05-05,,,,97000000,17000000,-589000000,-1.4,,122000000,7000000,160000000,83000000,172000000,,1762000000,,,,35981000000,22834000000,419900000,
DD,1666700,Industrials,2025-04-30,10-Q,2025-05-02,,,,,,,,,,,,,,,,,,,,,,418498705
DD,1666700,Industrials,2025-06-30,10-Q,2026-08-04,,,,78000000,54000000,59000000,0.42,,,,166000000,84000000,,,1837000000,,,,36559000000,23064000000,139900000,
DD,1666700,Industrials,2025-08-01,10-Q,2025-08-05,,,,,,,,,,,,,,,,,,,,,,418716685
DD,1666700,Industrials,2025-09-30,10-K,2026-02-17,,,,91000000,19000000,-123000000,-0.29,,,,257000000,99000000,,,1955000000,,,,38044000000,22894000000,420100000,
DD,1666700,Industrials,2025-11-04,10-Q,2025-11-06,,,,,,,,,,,,,,,,,,,,,,418975324
DD,1666700,Industrials,2025-12-31,10-K,2026-02-17,,,,-66000000,-89000000,-126000000,-0.3,,-150000000,-5000000,-125000000,47000000,82000000,,715000000,,,0,21575000000,13919000000,-700000,
DD,1666700,Industrials,2026-02-12,10-K,2026-02-17,,,,,,,,,,,,,,,,,,,,,,408923857
DD,1666700,Industrials,2026-03-31,10-Q,2026-05-05,,,,181000000,31000000,161000000,0.39,,102000000,13000000,155000000,40000000,82000000,,710000000,,,0,21449000000,14040000000,412800000,
DD,1666700,Industrials,2026-05-01,10-Q,2026-05-05,,,,,,,,,,,,,,,,,,,,,,409921306
DD,1666700,Industrials,2026-06-30,10-Q,2026-08-04,,,,266000000,75000000,143000000,1.05,,,,154000000,41000000,,,1740000000,,,0,21061000000,13769000000,136800000,
DD,1666700,Industrials,2026-07-31,10-Q,2026-08-04,,,,,,,,,,,,,,,,,,,,,,135042975
DDOG,1561550,Information Technology,2023-09-30,10-Q,2024-11-08,547536000,444217000,-4230000,24300000,1670000,22630000,0.06,,,,9400000,1303000,,,261309000,,,,3543302000,1806476000,351309000,
DDOG,1561550,Information Technology,2023-12-31,10-K (Q4 derived: FY − 9M YTD),2026-02-18,589649000,484820000,27742000,57267000,3274000,53993000,0.16,220226000,10395000,128121000,9800000,1292000,,,330339000,,,,3936072000,2025354000,27897000,
DDOG,1561550,Information Technology,2024-03-31,10-Q,2025-05-07,611253000,501155000,11996000,46185000,3554000,42631000,0.12,212270000,14158000,135033000,10700000,1374000,,,282218000,,,,4141466000,2202355000,355979000,
DDOG,1561550,Information Technology,2024-06-30,10-Q,2025-08-08,645279000,521780000,12618000,47793000,3969000,43824000,0.12,,,,10900000,,,,410963000,,,,4412391000,2407308000,356740000,
DDOG,1561550,Information Technology,2024-09-30,10-Q,2025-11-07,690016000,552260000,20278000,56136000,4439000,51697000,0.14,,,,12400000,,,,337418000,,,,4631471000,2629145000,357635000,
DDOG,1561550,Information Technology,2024-12-31,10-K (Q4 derived: FY − 9M YTD),2026-02-18,737727000,593549000,9392000,53826000,8232000,45594000,0.13,265228000,7761000,158461000,14500000,,,,1246983000,,,,5785339000,2714363000,1305000,
DDOG,1561550,Information Technology,2025-03-31,10-Q,2026-05-07,761553000,603925000,-12420000,31796000,7154000,24642000,0.07,271541000,8748000,164265000,10100000,,,,1079854000,,,,6010381000,2916674000,363078000,
DDOG,1561550,Information Technology,2025-06-30,10-Q,2026-08-06,826760000,660782000,-35500000,6088000,3441000,2647000,0.01,,,,11100000,,,,489030000,,,,5822415000,3195757000,358725000,
DDOG,1561550,Information Technology,2025-09-30,10-Q,2025-11-07,885651000,709194000,-5809000,35667000,1782000,33885000,0.1,,,,13300000,,,,540602000,,,,6052470000,3439118000,362001000,
DDOG,1561550,Information Technology,2025-12-31,10-K (Q4 derived: FY − 9M YTD),2026-02-18,953194000,766300000,9356000,53470000,6903000,46567000,0.13,327069000,8892000,205386000,14600000,,,,401305000,,,,6643844000,3732206000,1567000,
DDOG,1561550,Information Technology,2026-03-31,10-Q,2026-05-07,1006426000,797198000,7327000,58930000,6356000,52574000,0.15,334622000,11358000,196841000,16300000,,,,426360000,,,,6952012000,3988222000,364731000,
DDOG,1561550,Information Technology,2026-06-30,10-Q,2026-08-06,1121454000,881341000,5455000,51733000,7175000,44558000,0.12,,,,17800000,,,,434957000,,,,7547675000,4367160000,371023000,
DE,315189,Industrials,2024-04-28,10-Q,2025-05-29,15235000000,,,3117000000,751000000,2370000000,8.53,,,,,836000000,,,5553000000,,,17699000000,105628000000,22684000000,277900000,275570318
DE,315189,Industrials,2024-07-28,10-Q,2025-08-28,13152000000,,,2355000000,625000000,1734000000,6.29,,,,,840000000,,,7004000000,,,15294000000,107841000000,23062000000,275600000,273599818
DE,315189,Industrials,2024-10-27,10-K (Q4 derived: FY − 9M YTD),2025-12-18,11144000000,,,1519000000,249000000,1245000000,4.580000000000002,5092000000,597000000,49000000,520000000,870000000,403000000,780000000,7324000000,,,13533000000,107320000000,22836000000,-1100000,
DE,315189,Industrials,2024-11-29,10-K,2024-12-12,,,,,,,,,,,,,,,,,,,,,,271575282
DE,315189,Industrials,2025-01-26,10-Q,2026-02-26,8508000000,,,895000000,27000000,869000000,3.19,-1132000000,352000000,28000000,549000000,829000000,403000000,441000000,6601000000,,,12811000000,103119000000,22479000000,272300000,271413927
DE,315189,Industrials,2025-04-27,10-Q,2026-05-28,12763000000,,,2337000000,539000000,1804000000,6.64,,,,555000000,784000000,,,7991000000,,,15948000000,106303000000,24287000000,271800000,270827055
DE,315189,Industrials,2025-07-27,10-Q,2026-08-27,12018000000,,,1600000000,339000000,1289000000,4.75,,,,564000000,794000000,,,8580000000,,,14607000000,107817000000,25175000000,271400000,270329392
DE,315189,Industrials,2025-11-02,10-K (Q4 derived: FY − 9M YTD),2025-12-18,12394000000,,,1425000000,354000000,1065000000,3.9299999999999997,3995000000,508000000,47000000,561000000,762000000,438000000,2000000,8276000000,,,13796000000,105996000000,25950000000,-200000,
DE,315189,Industrials,2025-11-28,10-K,2025-12-18,,,,,,,,,,,,,,,,,,,,,,270445437
DE,315189,Industrials,2026-02-01,10-Q,2026-02-26,9611000000,,,836000000,196000000,656000000,2.42,-890000000,256000000,41000000,590000000,719000000,441000000,302000000,6798000000,,,14392000000,103436000000,26300000000,270900000,270107282
DE,315189,Industrials,2026-05-03,10-Q,2026-05-28,13369000000,,,2293000000,518000000,1773000000,6.55,,,,594000000,712000000,,,7905000000,,,15632000000,107001000000,27406000000,270800000,269937425
DE,315189,Industrials,2026-08-02,10-Q,2026-08-27,12608000000,,,1882000000,529000000,1379000000,5.1,,,,603000000,710000000,,,8928000000,,,17115000000,107607000000,27990000000,270700000,269625412
DECK,910521,Consumer Discretionary,2025-03-31,10-K (Q4 derived: FY − 9M YTD),2026-05-22,1021780000,579768000,173925000,,39881000,151411000,1.0,-72992000,16442000,9169000,,725000,,265991000,1889188000,,,,3570252000,2513013000,-254000,
DECK,910521,Consumer Discretionary,2025-05-09,10-K,2025-05-23,,,,,,,,,,,,,,,,,,,,,,149435875
DECK,910521,Consumer Discretionary,2025-06-30,10-Q,2026-07-30,964538000,537906000,165287000,,43863000,139203000,0.93,36146000,23940000,8739000,,935000,,182991000,1720416000,,,,3839271000,2467479000,149635000,
DECK,910521,Consumer Discretionary,2025-07-10,10-Q,2025-07-31,,,,,,,,,,,,,,,,,,,,,,148343362
DECK,910521,Consumer Discretionary,2025-09-30,10-Q,2025-10-31,1430840000,803822000,326521000,,74204000,268152000,1.82,,,,,521000,,,1414479000,,,,3784279000,2466030000,147652000,
DECK,910521,Consumer Discretionary,2025-10-09,10-Q,2025-10-31,,,,,,,,,,,,,,,,,,,,,,145744833
DECK,910521,Consumer Discretionary,2025-12-31,10-Q,2026-02-03,1957549000,1171360000,614366000,,145768000,481145000,3.33,,,,,1069000,,,2086746000,,,,4102150000,2609454000,144289000,
DECK,910521,Consumer Discretionary,2026-01-13,10-Q,2026-02-03,,,,,,,,,,,,,,,,,,,,,,141949971
DECK,910521,Consumer Discretionary,2026-03-31,10-K (Q4 derived: FY − 9M YTD),2026-05-22,1119369000,644638000,156729000,,38450000,135571000,0.9799999999999995,95842000,17082000,13132000,,5000,,261612000,1907249000,,,,3687765000,2499638000,-1397000,
DECK,910521,Consumer Discretionary,2026-05-01,10-K,2026-05-22,,,,,,,,,,,,,,,,,,,,,,138880957
DECK,910521,Consumer Discretionary,2026-06-30,10-Q,2026-07-30,1019531000,575163000,155301000,,39078000,129972000,0.94,47904000,15222000,10741000,,2227000,,338186000,1602589000,,,,3868621000,2301682000,138559000,
DECK,910521,Consumer Discretionary,2026-07-09,10-Q,2026-07-30,,,,,,,,,,,,,,,,,,,,,,136414227
DELL,1571996,Information Technology,2023-08-04,10-K,2025-03-25,22934000000,5416000000,1194000000,743000000,261000000,489000000,0.66,,,,,352000000,,,8364000000,27138000000,20177000000,6961000000,85658000000,-2772000000,738000000,724000000
DELL,1571996,Information Technology,2023-11-03,10-K,2025-03-25,22251000000,5201000000,1539000000,1233000000,183000000,1052000000,1.42,,,,,371000000,,,8298000000,26617000000,20119000000,6498000000,83264000000,-2664000000,740000000,715000000
DELL,1571996,Information Technology,2024-02-02,10-K,2025-03-25,22318000000,5372000000,1547000000,1344000000,136000000,1210000000,1.66,1533000000,727000000,203000000,841000000,373000000,261000000,878000000,7366000000,25994000000,19012000000,6982000000,82126000000,-2227000000,-2000000,705000000
DELL,1571996,Information Technology,2024-05-03,10-Q,2025-06-10,22244000000,4851000000,965000000,592000000,-400000000,997000000,1.37,1043000000,596000000,210000000,800000000,343000000,336000000,700000000,5830000000,25480000000,19382000000,6098000000,80190000000,-2822000000,727000000,710000000
DELL,1571996,Information Technology,2024-08-02,10-Q,2025-09-08,25026000000,5361000000,1392000000,1039000000,157000000,887000000,1.23,,,,,,,,4550000000,24522000000,17811000000,6711000000,82687000000,-2894000000,724000000,705000000
DELL,1571996,Information Technology,2024-11-01,10-Q,2025-12-09,24366000000,5360000000,1721000000,1445000000,275000000,1175000000,1.64,,,,,,,,5225000000,25022000000,19410000000,5612000000,81951000000,-2285000000,717000000,702000000
DELL,1571996,Information Technology,2025-01-31,10-K,2025-03-25,23931000000,5678000000,2159000000,1972000000,440000000,1533000000,2.15,585000000,735000000,186000000,774000000,,311000000,734000000,3633000000,24567000000,19363000000,5204000000,79746000000,-1482000000,-2000000,696000000
DELL,1571996,Information Technology,2025-05-02,10-Q,2026-06-09,23378000000,4937000000,1165000000,1083000000,118000000,965000000,1.37,2796000000,568000000,190000000,738000000,,396000000,1980000000,7700000000,28781000000,23936000000,4845000000,86869000000,-3024000000,702000000,683000000
DELL,1571996,Information Technology,2025-08-01,10-Q,2025-09-08,29776000000,5447000000,1773000000,1440000000,276000000,1164000000,1.7,,,,,,,,8145000000,28689000000,21535000000,7154000000,89176000000,-2766000000,686000000,675000000
DELL,1571996,Information Technology,2025-10-31,10-Q,2025-12-09,27005000000,5593000000,2119000000,1941000000,393000000,1548000000,2.28,,,,,,,,9569000000,31243000000,23849000000,7394000000,87479000000,-2620000000,680000000,667000000
DELL,1571996,Information Technology,2026-01-30,10-K (Q4 derived: FY − 9M YTD),2026-03-16,33379000000,6730000000,3092000000,2799000000,540000000,2259000000,3.34,4674000000,721000000,189000000,773000000,,346000000,1847000000,11528000000,31503000000,23513000000,7990000000,101286000000,-2470000000,-5000000,652000000
DELL,1571996,Information Technology,2026-05-01,10-Q,2026-06-09,43842000000,7782000000,3656000000,3948000000,510000000,3438000000,5.24,4081000000,963000000,189000000,758000000,,464000000,1628000000,11578000000,31161000000,23611000000,7550000000,114913000000,-1404000000,656000000,649000000
DG,29534,Consumer Staples,2025-05-02,10-Q,2026-06-02,10435979000,3231288000,576113000,511509000,119581000,391928000,1.78,847155000,290928000,30273000,252793000,,129819000,,850018000,,,,30987661000,7703663000,220135000,
DG,29534,Consumer Staples,2025-05-30,10-Q,2025-06-03,,,,,,,,,,,,,,,,,,,,,,220070611
DG,29534,Consumer Staples,2025-08-01,10-Q,2026-08-27,10727737000,3361668000,595428000,537701000,126275000,411426000,1.86,,,,256800000,,,,1284567000,,,,31653111000,8012131000,220854000,
DG,29534,Consumer Staples,2025-08-26,10-Q,2025-08-28,,,,,,,,,,,,,,,,,,,,,,220106028
DG,29534,Consumer Staples,2025-10-31,10-Q,2025-12-04,10649450000,3184330000,425851000,369916000,87259000,282657000,1.28,,,,266300000,,,,1240623000,,,,31718582000,8186140000,220955000,
DG,29534,Consumer Staples,2025-12-02,10-Q,2025-12-04,,,,,,,,,,,,,,,,,,,,,,220118871
DG,29534,Consumer Staples,2026-01-30,10-K (Q4 derived: FY − 9M YTD),2026-03-20,10911203000,3322403000,606276000,545466000,119166000,426300000,1.9299999999999997,815675000,233704000,18106000,270361000,,129925000,,1138501000,,,,30963730000,8511962000,166000,
DG,29534,Consumer Staples,2026-03-18,10-K,2026-03-20,,,,,,,,,,,,,,,,,,,,,,220226320
DG,29534,Consumer Staples,2026-05-01,10-Q,2026-06-02,10786965000,3410472000,638516000,591278000,147151000,444127000,2,716188000,351605000,37031000,270832000,,130144000,,1353113000,,,,31699653000,8843284000,221559000,
DG,29534,Consumer Staples,2026-05-29,10-Q,2026-06-02,,,,,,,,,,,,,,,,,,,,,,220586647
DG,29534,Consumer Staples,2026-07-31,10-Q,2026-08-27,11290380000,3680921000,769164000,726281000,175966000,550315000,2.48,,,,277500000,,,,1589590000,,,,32167333000,9288648000,221505000,
DG,29534,Consumer Staples,2026-08-25,10-Q,2026-08-27,,,,,,,,,,,,,,,,,,,,,,220616790
DGX,1022079,Health Care,2025-03-31,10-Q,2026-04-22,2652000000,,346000000,,59000000,220000000,1.94,314000000,117000000,22000000,140000000,,84000000,,188000000,,,1000000,15797000000,6929000000,113000000,
DGX,1022079,Health Care,2025-04-15,10-Q,2025-04-23,,,,,,,,,,,,,,,,,,,,,,111635472
DGX,1022079,Health Care,2025-06-30,10-Q,2026-07-23,2761000000,,438000000,,97000000,282000000,2.47,,,,143000000,,,,319000000,,,504000000,15969000000,7228000000,113000000,
DGX,1022079,Health Care,2025-07-15,10-Q,2025-07-23,,,,,,,,,,,,,,,,,,,,,,111823441
DGX,1022079,Health Care,2025-09-30,10-Q,2025-10-21,2816000000,,386000000,,77000000,245000000,2.16,,,,142000000,,,,432000000,,,504000000,16197000000,7258000000,113000000,
DGX,1022079,Health Care,2025-10-15,10-Q,2025-10-21,,,,,,,,,,,,,,,,,,,,,,111242362
DGX,1022079,Health Care,2025-12-31,10-K (Q4 derived: FY − 9M YTD),2026-02-26,2806000000,,386000000,,81000000,245000000,2.1799999999999997,465000000,158000000,25000000,145000000,,90000000,300000000,420000000,5671000000,5167000000,504000000,16225000000,7170000000,0,
DGX,1022079,Health Care,2026-02-02,10-K,2026-02-26,,,,,,,,,,,,,,,,,,,,,,109866320
DGX,1022079,Health Care,2026-03-31,10-Q,2026-04-22,2895000000,,399000000,,74000000,252000000,2.24,278000000,114000000,20000000,147000000,,88000000,,393000000,,,503000000,16673000000,7366000000,112000000,
DGX,1022079,Health Care,2026-04-15,10-Q,2026-04-22,,,,,,,,,,,,,,,,,,,,,,110696429
DGX,1022079,Health Care,2026-06-30,10-Q,2026-07-23,3043000000,,459000000,,88000000,320000000,2.84,,,,146000000,,,,626000000,5642000000,5632000000,10000000,16939000000,7516000000,112000000,
DGX,1022079,Health Care,2026-07-15,10-Q,2026-07-23,,,,,,,,,,,,,,,,,,,,,,110373360
DHI,882184,Consumer Discretionary,2025-03-31,10-Q,2026-04-23,7734000000,,,1067100000,248000000,810400000,2.58,,,,,,,,2471400000,,,,35690000000,24327100000,314000000,
DHI,882184,Consumer Discretionary,2025-04-17,10-Q,2025-04-23,,,,,,,,,,,,,,,,,,,,,,307181294
DHI,882184,Consumer Discretionary,2025-06-30,10-Q,2026-07-23,9225700000,,,1358100000,325000000,1024600000,3.36,,,,,,,,2614000000,,,,36395900000,24052900000,304900000,
DHI,882184,Consumer Discretionary,2025-07-17,10-Q,2025-07-23,,,,,,,,,,,,,,,,,,,,,,298123529
DHI,882184,Consumer Discretionary,2025-09-30,10-K (Q4 derived: FY − 9M YTD),2025-11-19,9677800000,,,1204800000,288000000,905300000,3.040000000000001,2471800000,43800000,29900000,27400000,,118400000,700000000,2985400000,,,,35471200000,24190400000,-4200000,
DHI,882184,Consumer Discretionary,2025-11-13,10-K,2025-11-19,,,,,,,,,,,,,,,,,,,,,,292060538
DHI,882184,Consumer Discretionary,2025-12-31,10-Q,2026-01-22,6886900000,,,798100000,196700000,594800000,2.03,854000000,27400000,41400000,27700000,,131500000,669700000,2506300000,,,,34639600000,23995500000,293300000,
DHI,882184,Consumer Discretionary,2026-01-15,10-Q,2026-01-22,,,,,,,,,,,,,,,,,,,,,,289703395
DHI,882184,Consumer Discretionary,2026-03-31,10-Q,2026-04-23,7558100000,,,867400000,209400000,647900000,2.24,,,,,,,,1917900000,,,,35566900000,23625800000,289000000,
DHI,882184,Consumer Discretionary,2026-04-16,10-Q,2026-04-23,,,,,,,,,,,,,,,,,,,,,,283579613
DHI,882184,Consumer Discretionary,2026-06-30,10-Q,2026-07-23,9227100000,,,1226200000,307500000,904900000,3.2,,,,,,,,2078700000,,,,36511300000,23819500000,283000000,
DHI,882184,Consumer Discretionary,2026-07-16,10-Q,2026-07-23,,,,,,,,,,,,,,,,,,,,,,279701267
DHR,313616,Health Care,2025-03-28,10-Q,2026-04-21,,3511000000,1274000000,1129000000,175000000,954000000,1.32,1299000000,245000000,61000000,,,194000000,1078000000,,16477000000,15976000000,,79116000000,50849000000,720800000,
DHR,313616,Health Care,2025-04-16,10-Q,2025-04-22,,,,,,,,,,,,,,,,,,,,,,715669594
DHR,313616,Health Care,2025-06-27,10-Q,2026-07-21,,3523000000,760000000,655000000,100000000,555000000,0.77,,,,,,,,,17355000000,16853000000,,81620000000,52334000000,719100000,
DHR,313616,Health Care,2025-07-17,10-Q,2025-07-22,,,,,,,,,,,,,,,,,,,,,,716051590
DHR,313616,Health Care,2025-09-26,10-Q,2025-10-21,,3523000000,1154000000,1076000000,168000000,908000000,1.27,,,,,,,,,16856000000,16833000000,,79897000000,51071000000,713700000,
DHR,313616,Health Care,2025-10-16,10-Q,2025-10-21,,,,,,,,,,,,,,,,,,,,,,706349563
DHR,313616,Health Care,2025-12-31,10-K (Q4 derived: FY − 9M YTD),2026-02-24,,3966000000,1502000000,1373000000,190000000,1197000000,1.6799999999999997,2117000000,371000000,63000000,,,226000000,0,,18418000000,18416000000,,83464000000,52534000000,-1800000,
DHR,313616,Health Care,2026-02-02,10-K,2026-02-24,,,,,,,,,,,,,,,,,,,,,,707139356
DHR,313616,Health Care,2026-03-27,10-Q,2026-04-21,,3591000000,1344000000,1235000000,206000000,1029000000,1.45,1322000000,237000000,58000000,,,226000000,0,,18484000000,17561000000,,83544000000,52949000000,711200000,
DHR,313616,Health Care,2026-04-16,10-Q,2026-04-21,,,,,,,,,,,,,,,,,,,,,,707770627
DHR,313616,Health Care,2026-06-26,10-Q,2026-07-21,,3611000000,1127000000,1078000000,208000000,870000000,1.23,,,,,,,,,26558000000,25147000000,,92367000000,52581000000,707600000,
DHR,313616,Health Care,2026-07-16,10-Q,2026-07-21,,,,,,,,,,,,,,,,,,,,,,702986054
DIS,1744489,Communication Services,2025-03-29,10-Q,2026-05-06,23621000000,,4436000000,3087000000,-314000000,3275000000,1.81,,,,1324000000,471000000,,,5852000000,,36443000000,6446000000,195833000000,104339000000,1814000000,
DIS,1744489,Communication Services,2025-04-30,10-Q,2025-05-07,,,,,,,,,,,,,,,,,,,,,,1797746311
DIS,1744489,Communication Services,2025-06-28,10-Q,2026-08-05,23650000000,,4575000000,3211000000,-2732000000,5262000000,2.92,,,,1332000000,438000000,,,5367000000,,36531000000,5732000000,196612000000,109145000000,1805000000,
DIS,1744489,Communication Services,2025-07-30,10-Q,2025-08-06,,,,,,,,,,,,,,,,,,,,,,1797933833
DIS,1744489,Communication Services,2025-09-27,10-K (Q4 derived: FY − 9M YTD),2025-11-13,22464000000,,3480000000,2045000000,602000000,1313000000,0.7299999999999995,4474000000,1916000000,359000000,1394000000,-3208000000,898000000,1004000000,5695000000,42026000000,35315000000,6711000000,197514000000,109869000000,-1000000,
DIS,1744489,Communication Services,2025-11-05,10-K,2025-11-13,,,,,,,,,,,,,,,,,,,,,,1785288846
DIS,1744489,Communication Services,2025-12-27,10-Q,2026-02-02,25981000000,,4600000000,3693000000,1209000000,2402000000,1.34,735000000,3013000000,332000000,1316000000,443000000,,2034000000,5678000000,,35821000000,10819000000,202089000000,108476000000,1793000000,
DIS,1744489,Communication Services,2026-01-28,10-Q,2026-02-02,,,,,,,,,,,,,,,,,,,,,,1771519851
DIS,1744489,Communication Services,2026-03-28,10-Q,2026-05-06,25168000000,,4603000000,3367000000,902000000,2247000000,1.27,,,,1405000000,473000000,,,5682000000,,38471000000,8887000000,205217000000,108708000000,1772000000,
DIS,1744489,Communication Services,2026-04-29,10-Q,2026-05-06,,,,,,,,,,,,,,,,,,,,,,1736511424
DIS,1744489,Communication Services,2026-06-27,10-Q,2026-08-05,25248000000,,5555000000,3645000000,801000000,2638000000,1.51,,,,1414000000,463000000,,,5185000000,,37414000000,8627000000,204740000000,110032000000,1743000000,
DIS,1744489,Communication Services,2026-07-29,10-Q,2026-08-05,,,,,,,,,,,,,,,,,,,,,,1726686902
DLR,1297996,Real Estate,2024-12-31,10-K (Q4 derived: FY − 9M YTD),2026-02-13,1435862000,,144322000,,4928000,189569000,0.51,769475000,,,455355000,104742000,,,3870891000,,,,45283616000,21340397000,2906000,
DLR,1297996,Real Estate,2025-02-18,10-K,2025-02-25,,,,,,,,,,,,,,,,,,,,,,336644245
DLR,1297996,Real Estate,2025-03-31,10-Q,2026-05-01,1407637000,,196861000,,17135000,109974000,0.27,399085000,,,443009000,98464000,,,2321885000,,,,45080562000,21295598000,344721000,
DLR,1297996,Real Estate,2025-04-28,10-Q,2025-05-01,,,,,,,,,,,,,,,,,,,,,,336791489
DLR,1297996,Real Estate,2025-06-30,10-Q,2025-08-01,1493150000,,211697000,,12883000,1032156000,2.94,,,,461167000,109383000,,,3554126000,,,,48714995000,22914527000,345734000,
DLR,1297996,Real Estate,2025-07-30,10-Q,2025-08-01,,,,,,,,,,,,,,,,,,,,,,341050435
DLR,1297996,Real Estate,2025-09-30,10-Q,2025-10-31,1577234000,,138421000,,11695000,67812000,0.15,,,,497002000,113584000,,,3299703000,,,,48728634000,23025030000,349234000,
DLR,1297996,Real Estate,2025-10-29,10-Q,2025-10-31,,,,,,,,,,,,,,,,,,,,,,343501552
DLR,1297996,Real Estate,2025-12-31,10-K (Q4 derived: FY − 9M YTD),2026-02-13,1634671000,,112624000,,-9673000,98647000,0.22999999999999998,718953000,,,493458000,116516000,,,3451647000,,,,49410468000,22925663000,1179000,
DLR,1297996,Real Estate,2026-02-09,10-K,2026-02-13,,,,,,,,,,,,,,,,,,,,,,343615444
DLR,1297996,Real Estate,2026-03-31,10-Q,2026-05-01,1635173000,,267806000,,16008000,179274000,0.46,532421000,,,499511000,116384000,,,2426631000,,,,48859973000,23368753000,353254000,
DLR,1297996,Real Estate,2026-04-29,10-Q,2026-05-01,,,,,,,,,,,,,,,,,,,,,,351406070
DLTR,935703,Consumer Staples,2025-05-03,10-Q,2026-05-28,4639700000,1649500000,384100000,423100000,109600000,343400000,1.61,,,17200000,151100000,,,427700000,1007400000,,2428800000,1000000000,18291200000,3904800000,213900000,
DLTR,935703,Consumer Staples,2025-06-02,10-Q,2025-06-04,,,,,,,,,,,,,,,,,,,,,,208695818
DLTR,935703,Consumer Staples,2025-08-02,10-Q,2026-08-27,4570400000,1570100000,231000000,208600000,53100000,188400000,0.91,,,,162000000,,,,666300000,,2429700000,0,13384900000,3605100000,207800000,
DLTR,935703,Consumer Staples,2025-08-29,10-Q,2025-09-03,,,,,,,,,,,,,,,,,,,,,,203967842
DLTR,935703,Consumer Staples,2025-11-01,10-Q,2025-12-03,4751000000,1700500000,343300000,321300000,76700000,244600000,1.2,,,,164500000,,,,594800000,,2430700000,0,13656300000,3464700000,203800000,
DLTR,935703,Consumer Staples,2025-12-01,10-Q,2025-12-03,,,,,,,,,,,,,,,,,,,,,,198853187
DLTR,935703,Consumer Staples,2026-01-31,10-K (Q4 derived: FY − 9M YTD),2026-03-16,5450700000,2130600000,694700000,676500000,164800000,506100000,2.4999999999999996,,,12900000,170500000,,,236000000,717800000,2431700000,2431700000,0,13466200000,3754900000,-2200000,
DLTR,935703,Consumer Staples,2026-03-12,10-K,2026-03-16,,,,,,,,,,,,,,,,,,,,,,197298217
DLTR,935703,Consumer Staples,2026-05-02,10-Q,2026-05-28,4975800000,,473300000,462400000,115100000,347300000,1.76,,,21100000,,,,585800000,1007300000,,2932600000,0,13823800000,3507000000,197400000,
DLTR,935703,Consumer Staples,2026-05-26,10-Q,2026-05-28,,,,,,,,,,,,,,,,,,,,,,192174588
DLTR,935703,Consumer Staples,2026-08-01,10-Q,2026-08-27,4891200000,,690100000,686400000,171900000,514500000,2.7,,,,,,,,1058100000,,2933500000,,14029600000,3425300000,190900000,
DLTR,935703,Consumer Staples,2026-08-25,10-Q,2026-08-27,,,,,,,,,,,,,,,,,,,,,,187630299
DOC,765880,Real Estate,2025-03-31,10-Q,2026-05-06,702889000,,,,2080000,42828000,0.06,279429000,,4627000,,72693000,213479000,24959000,70625000,8876665000,,,19815729000,8188047000,699118000,
DOC,765880,Real Estate,2025-04-23,10-Q,2025-04-25,,,,,,,,,,,,,,,,,,,,,,694732106
DOC,765880,Real Estate,2025-06-30,10-Q,2026-08-05,694348000,,,,2382000,31673000,0.05,,,,,75063000,,,89436000,9041253000,,,19810267000,7928100000,695194000,
DOC,765880,Real Estate,2025-07-23,10-Q,2025-07-25,,,,,,,,,,,,,,,,,,,,,,694923453
DOC,765880,Real Estate,2025-09-30,10-Q,2025-10-24,705873000,,,,-1206000,-117122000,-0.17,,,,,76784000,,,91038000,9131561000,,,19582401000,7597275000,694930000,
DOC,765880,Real Estate,2025-10-22,10-Q,2025-10-24,,,,,,,,,,,,,,,,,,,,,,694949823
DOC,765880,Real Estate,2025-12-31,10-K (Q4 derived: FY − 9M YTD),2026-02-03,719402000,,,,6027000,113968000,0.16,294084000,,4000000,,80638000,211861000,87000,467457000,9847894000,,,20336018000,7500094000,-336000,
DOC,765880,Real Estate,2026-01-30,10-K,2026-02-03,,,,,,,,,,,,,,,,,,,,,,695043997
DOC,765880,Real Estate,2026-03-31,10-Q,2026-05-06,752952000,,,,254000,193633000,0.28,260881000,,4502000,,87292000,211994000,1374000,1170992000,10422772000,,,21616225000,7826288000,695168000,
DOC,765880,Real Estate,2026-05-04,10-Q,2026-05-06,,,,,,,,,,,,,,,,,,,,,,689419702
DOC,765880,Real Estate,2026-06-30,10-Q,2026-08-05,771579000,,,,-1402000,52818000,0.08,,,,,92280000,,,1626827000,10032186000,,,21680046000,7844750000,689885000,
DOC,765880,Real Estate,2026-08-03,10-Q,2026-08-05,,,,,,,,,,,,,,,,,,,,,,689527260
DOV,29905,Industrials,2025-03-31,10-Q,2026-04-23,,745500000,296309000,,56140000,230821000,1.67,,48192000,23874000,87418000,,71399000,40700000,,2972119000,2572540000,399579000,12648548000,7137767000,138260000,
DOV,29905,Industrials,2025-04-18,10-Q,2025-04-24,,,,,,,,,,,,,,,,,,,,,,137104367
DOV,29905,Industrials,2025-06-30,10-Q,2026-07-23,,818262000,354597000,,71967000,279064000,2.02,,,7003000,94383000,,,,,3068413000,2668666000,399747000,13161284000,7441305000,137974000,
DOV,29905,Industrials,2025-07-18,10-Q,2025-07-24,,,,,,,,,,,,,,,,,,,,,,137134453
DOV,29905,Industrials,2025-09-30,10-Q,2025-10-23,,833594000,377153000,,82951000,301996000,2.19,,,6728000,98461000,,,,,3070278000,2670362000,399916000,13420643000,7662936000,138029000,
DOV,29905,Industrials,2025-10-17,10-Q,2025-10-23,,,,,,,,,,,,,,,,,,,,,,137153223
DOV,29905,Industrials,2025-12-31,10-K (Q4 derived: FY − 9M YTD),2026-02-13,,820813000,345302000,,65765000,282075000,2.0600000000000005,,56989000,6376000,99315000,,69826000,500000000,,3327972000,2621295000,706677000,13422423000,7405206000,-322000,
DOV,29905,Industrials,2026-02-02,10-K,2026-02-13,,,,,,,,,,,,,,,,,,,,,,134866626
DOV,29905,Industrials,2026-03-31,10-Q,2026-04-23,,798135000,305909000,,60153000,238433000,1.75,,59808000,20960000,97421000,,70446000,53937000,,3290113000,2597265000,692848000,13506680000,7489886000,135895000,
DOV,29905,Industrials,2026-04-17,10-Q,2026-04-23,,,,,,,,,,,,,,,,,,,,,,134661414
DOV,29905,Industrials,2026-06-30,10-Q,2026-07-23,,880606000,391787000,,75153000,312246000,2.3,,,6799000,96812000,,,,,3259988000,2578196000,681792000,13694216000,7704004000,135553000,
DOV,29905,Industrials,2026-07-17,10-Q,2026-07-23,,,,,,,,,,,,,,,,,,,,,,134680225
DOW,1751788,Materials,2023-12-31,10-K (Q4 derived: FY − 9M YTD),2026-02-03,10621000000,,,-352000000,-257000000,,-0.15000000000000002,1656000000,,,657000000,197000000,491000000,125000000,2987000000,,,117000000,57967000000,18607000000,-700000,702293433
DOW,1751788,Materials,2024-03-31,10-Q,2025-04-25,10765000000,,,449000000,-89000000,516000000,0.73,464000000,714000000,,720000000,199000000,493000000,200000000,3723000000,,,118000000,58817000000,18425000000,705500000,703205830
DOW,1751788,Materials,2024-06-30,10-Q,2025-07-25,10915000000,,,608000000,150000000,439000000,0.62,,723000000,,682000000,197000000,,,3341000000,,,238000000,58526000000,18318000000,705300000,700921028
DOW,1751788,Materials,2024-09-30,10-Q,2025-10-24,10879000000,,,324000000,84000000,214000000,0.3,,736000000,,741000000,199000000,,,2883000000,,,296000000,59389000000,18311000000,703600000,700091690
DOW,1751788,Materials,2024-12-31,10-K (Q4 derived: FY − 9M YTD),2026-02-03,10405000000,,,219000000,254000000,,-0.07999999999999985,814000000,767000000,,751000000,216000000,492000000,0,2189000000,16208000000,,497000000,57312000000,17355000000,200000,
DOW,1751788,Materials,2025-01-15,10-K,2025-02-04,,,,,,,,,,,,,,,,,,,,,,703831931
DOW,1751788,Materials,2025-03-31,10-Q,2026-04-24,10431000000,,,-374000000,-84000000,-307000000,-0.44,91000000,685000000,,714000000,216000000,494000000,0,1465000000,,,502000000,57499000000,16788000000,706900000,706861738
DOW,1751788,Materials,2025-06-30,10-Q,2025-07-25,10104000000,,,-659000000,142000000,-835000000,-1.18,,662000000,,724000000,209000000,,,2399000000,,,401000000,58991000000,17231000000,709500000,708844151
DOW,1751788,Materials,2025-09-30,10-Q,2025-10-24,9973000000,,,70000000,-54000000,62000000,0.08,,564000000,,688000000,221000000,,,4609000000,,,413000000,60990000000,17541000000,713200000,710767392
DOW,1751788,Materials,2025-12-31,10-K (Q4 derived: FY − 9M YTD),2026-02-03,9460000000,,,-1548000000,-71000000,,-2.17,284000000,568000000,,708000000,219000000,251000000,0,3816000000,,,222000000,58538000000,16008000000,2200000,
DOW,1751788,Materials,2026-01-15,10-K,2026-02-03,,,,,,,,,,,,,,,,,,,,,,717534072
DOW,1751788,Materials,2026-03-31,10-Q,2026-04-24,9794000000,,,-390000000,55000000,-533000000,-0.74,1124000000,503000000,,719000000,219000000,252000000,,4110000000,,,793000000,59780000000,15249000000,721200000,720741438
DPZ,1286681,Consumer Discretionary,2025-03-23,10-Q,2026-04-27,1112056000,443147000,210095000,192482000,42831000,149651000,4.33,179076000,14745000,10381000,,45585000,,50000000,304320000,,,,1877619000,-3912688000,34553820,
DPZ,1286681,Consumer Discretionary,2025-04-21,10-Q,2025-04-28,,,,,,,,,,,,,,,,,,,,,,34241477
DPZ,1286681,Consumer Discretionary,2025-06-15,10-Q,2026-07-20,1145144000,460970000,225044000,168251000,37160000,131091000,3.81,,,10975000,,44648000,,,272859000,,,,1811293000,-3974627000,34401016,
DPZ,1286681,Consumer Discretionary,2025-07-14,10-Q,2025-07-21,,,,,,,,,,,,,,,,,,,,,,33948921
DPZ,1286681,Consumer Discretionary,2025-09-07,10-Q,2025-10-14,1147054000,459902000,223168000,179199000,39880000,139319000,4.08,,,10325000,,45012000,,,139728000,,,,1660277000,-3961959000,34146418,
DPZ,1286681,Consumer Discretionary,2025-10-07,10-Q,2025-10-14,,,,,,,,,,,,,,,,,,,,,,33786218
DPZ,1286681,Consumer Discretionary,2025-12-28,10-K (Q4 derived: FY − Q1..Q3),2026-02-23,1535740000,609541000,295667000,230406000,48763000,181643000,5.35,,,12959000,,60727000,,,125675000,14600000,,100000,1716459000,-3901142000,-68863608,
DPZ,1286681,Consumer Discretionary,2026-02-16,10-K,2026-02-23,,,,,,,,,,,,,,,,,,,,,,33628897
DPZ,1286681,Consumer Discretionary,2026-03-22,10-Q,2026-04-27,1150594000,464512000,230357000,180642000,40831000,139811000,4.13,161955000,15043000,8789000,,46227000,,75098000,232922000,,,,1844488000,-3906773000,33815028,
DPZ,1286681,Consumer Discretionary,2026-04-20,10-Q,2026-04-27,,,,,,,,,,,,,,,,,,,,,,33261870
DPZ,1286681,Consumer Discretionary,2026-06-14,10-Q,2026-07-20,1194427000,478228000,232039000,175229000,39479000,135750000,4.07,,,,,46057000,,,164836000,,,,1763322000,-3982431000,33318244,
DPZ,1286681,Consumer Discretionary,2026-07-13,10-Q,2026-07-20,,,,,,,,,,,,,,,,,,,,,,33081735
DRI,940944,Consumer Discretionary,2024-11-24,10-Q,2025-12-30,2890000000,569400000,292100000,245900000,30200000,215100000,1.82,,,,127700000,,,,217300000,2121700000,,,12940200000,2070900000,118300000,
DRI,940944,Consumer Discretionary,2024-12-16,10-Q,2025-01-02,,,,,,,,,,,,,,,,,,,,,,117146786
DRI,940944,Consumer Discretionary,2025-02-23,10-Q,2026-03-27,3158000000,673000000,418200000,372700000,49000000,323400000,2.74,,,,131900000,,,,224200000,2123000000,,,12560900000,2203000000,118000000,
DRI,940944,Consumer Discretionary,2025-03-17,10-Q,2025-04-01,,,,,,,,,,,,,,,,,,,,,,117026246
DRI,940944,Consumer Discretionary,2025-05-25,10-K (Q4 derived: FY − 9M YTD),2026-07-24,3271700000,707700000,382800000,336500000,32500000,303800000,2.5699999999999994,457000000,172000000,14600000,135000000,,163900000,51000000,240000000,2128900000,,0,12587000000,2311300000,-100000,117033830
DRI,940944,Consumer Discretionary,2025-08-24,10-Q,2025-09-26,3044700000,574300000,339200000,293800000,35900000,257800000,2.19,342500000,174100000,25000000,135100000,,175100000,182700000,211000000,2135100000,,,12759600000,2225600000,117600000,
DRI,940944,Consumer Discretionary,2025-09-15,10-Q,2025-09-26,,,,,,,,,,,,,,,,,,,,,,116313762
DRI,940944,Consumer Discretionary,2025-11-23,10-Q,2025-12-30,3102100000,581300000,320400000,272400000,35000000,237200000,2.03,,,,137900000,,,,224100000,2139100000,,,12940200000,2080400000,116700000,
DRI,940944,Consumer Discretionary,2025-12-15,10-Q,2025-12-30,,,,,,,,,,,,,,,,,,,,,,115139249
DRI,940944,Consumer Discretionary,2026-02-22,10-Q,2026-03-27,3345300000,703600000,406400000,356800000,46200000,306800000,2.65,,,,141800000,,,,240400000,2141000000,,,12888800000,2104000000,115800000,
DRI,940944,Consumer Discretionary,2026-03-16,10-Q,2026-03-27,,,,,,,,,,,,,,,,,,,,,,114535003
DRI,940944,Consumer Discretionary,2026-05-31,10-K (Q4 derived: FY − 9M YTD),2026-07-24,3718800000,822900000,516800000,465600000,57800000,404900000,3.5100000000000007,572100000,193100000,12600000,146300000,,171500000,137300000,219500000,1637700000,,693600000,12862400000,2207500000,-400000,114077969
DTE,936340,Utilities,2024-01-31,10-K,2024-02-08,,,,,,,,,,,,,,,,,,,,,,206452985
DTE,936340,Utilities,2024-03-31,10-Q,2025-05-01,,,517000000,334000000,21000000,313000000,1.51,1042000000,,,423000000,218000000,202000000,,292000000,,,,45902000000,11173000000,207000000,206937244
DTE,936340,Utilities,2024-06-30,10-Q,2025-07-29,,,502000000,358000000,36000000,322000000,1.55,,,,,233000000,,,20000000,,,,47811000000,11106000000,207000000,207020080
DTE,936340,Utilities,2024-09-30,10-Q,2025-10-30,,,517000000,356000000,-121000000,477000000,2.3,,,,,252000000,,,969000000,,,,49806000000,11592000000,207000000,207100586
DTE,936340,Utilities,2024-12-31,10-K (Q4 derived: FY − 9M YTD),2026-02-17,,,555000000,322000000,30000000,292000000,1.4099999999999993,1084000000,,,444000000,248000000,203000000,,24000000,22138000000,,,48846000000,11699000000,0,
DTE,936340,Utilities,2025-01-31,10-K,2025-02-13,,,,,,,,,,,,,,,,,,,,,,207242390
DTE,936340,Utilities,2025-03-31,10-Q,2026-04-30,,,624000000,427000000,-18000000,445000000,2.14,1020000000,,,452000000,250000000,217000000,,33000000,,,,49555000000,11921000000,207000000,207515682
DTE,936340,Utilities,2025-06-30,10-Q,2025-07-29,,,427000000,230000000,1000000,229000000,1.1,,,,,256000000,,,32000000,,,,50248000000,11722000000,207000000,207587803
DTE,936340,Utilities,2025-09-30,10-Q,2025-10-30,,,619000000,413000000,-6000000,419000000,2.01,,,,,271000000,,,34000000,,,,52028000000,12158000000,207000000,207683012
DTE,936340,Utilities,2025-12-31,10-K (Q4 derived: FY − 9M YTD),2026-02-17,,,704000000,480000000,111000000,369000000,1.7700000000000005,1048000000,,,474000000,279000000,218000000,,208000000,25306000000,,,54066000000,12303000000,0,
DTE,936340,Utilities,2026-01-30,10-K,2026-02-17,,,,,,,,,,,,,,,,,,,,,,207803764
DTE,936340,Utilities,2026-03-31,10-Q,2026-04-30,,,412000000,189000000,-58000000,247000000,1.19,906000000,,,483000000,293000000,233000000,,238000000,,,,55108000000,12323000000,208000000,208028313
DUK,1326160,Utilities,2024-12-31,10-K (Q4 derived: FY − 9M YTD),2026-02-26,,,2112000000,1338000000,109000000,1205000000,1.54,3377000000,3089000000,,1627000000,,,,314000000,80689000000,76340000000,4349000000,186343000000,50127000000,0,
DUK,1326160,Utilities,2025-01-31,10-K,2025-02-27,,,,,,,,,,,,,,,,,,,,,,776461008
DUK,1326160,Utilities,2025-03-31,10-Q,2026-05-05,,,2343000000,1597000000,193000000,1379000000,1.76,2177000000,3148000000,,1691000000,889000000,,,475000000,,79700000000,4180000000,195736000000,50670000000,777000000,
DUK,1326160,Utilities,2025-04-30,10-Q,2025-05-06,,,,,,,,,,,,,,,,,,,,,,777257107
DUK,1326160,Utilities,2025-06-30,10-Q,2025-08-05,,,1830000000,1127000000,119000000,984000000,1.25,,,,,,,,344000000,,78914000000,5046000000,189713000000,50891000000,777000000,
DUK,1326160,Utilities,2025-07-31,10-Q,2025-08-05,,,,,,,,,,,,,,,,,,,,,,777624467
DUK,1326160,Utilities,2025-09-30,10-Q,2025-11-07,,,2334000000,1630000000,176000000,1421000000,1.81,,,,,,,,688000000,,79301000000,6452000000,192293000000,51462000000,778000000,
DUK,1326160,Utilities,2025-10-31,10-Q,2025-11-07,,,,,,,,,,,,,,,,,,,,,,777661224
DUK,1326160,Utilities,2025-12-31,10-K (Q4 derived: FY − 9M YTD),2026-02-26,,,2119000000,1358000000,154000000,1184000000,1.5,3658000000,4143000000,,1960000000,,,,245000000,87212000000,80108000000,7104000000,195736000000,51842000000,0,
DUK,1326160,Utilities,2026-01-31,10-K,2026-02-26,,,,,,,,,,,,,,,,,,,,,,777670866
DUK,1326160,Utilities,2026-03-31,10-Q,2026-05-05,,,2725000000,1897000000,333000000,1550000000,1.97,1512000000,4088000000,,1884000000,,,,2140000000,,80477000000,7395000000,198048000000,54457000000,779000000,
DUK,1326160,Utilities,2026-04-30,10-Q,2026-05-05,,,,,,,,,,,,,,,,,,,,,,779596217
DVA,927066,Health Care,2025-03-31,10-Q,2026-05-05,3223529000,,438937000,286333000,54117000,162917000,2,180009000,143258000,29759000,,,,510161000,438780000,,,,17119030000,-267101000,81275000,
DVA,927066,Health Care,2025-05-09,10-Q,2025-05-12,,,,,,,,,,,,,,,,,,,,,,75500000
DVA,927066,Health Care,2025-06-30,10-Q,2026-08-04,3379526000,,537841000,368928000,93708000,199337000,2.58,,,,,,,,708417000,,,,17492958000,-369633000,77362000,
DVA,927066,Health Care,2025-08-01,10-Q,2025-08-05,,,,,,,,,,,,,,,,,,,,,,71500000
DVA,927066,Health Care,2025-09-30,10-Q,2025-10-29,3420227000,,505767000,308803000,68554000,150332000,2.04,,,,,,,,705960000,,,,17555892000,-571874000,73769000,
DVA,927066,Health Care,2025-10-28,10-Q,2025-10-29,,,,,,,,,,,,,,,,,,,,,,70600000
DVA,927066,Health Care,2025-12-31,10-K (Q4 derived: FY − 9M YTD),2026-02-11,3619787000,,561070000,382759000,76728000,234217000,3.2199999999999998,540726000,145430000,38394000,,,,274479000,676438000,,,,17480103000,-651082000,-1557000,
DVA,927066,Health Care,2026-02-06,10-K,2026-02-11,,,,,,,,,,,,,,,,,,,,,,66800000
DVA,927066,Health Care,2026-03-31,10-Q,2026-05-05,3415548000,,481892000,341234000,66199000,197530000,2.87,320831000,102018000,28160000,,,,196371000,644243000,,,,17499365000,-755496000,68875000,
DVA,927066,Health Care,2026-05-05,10-Q,2026-05-05,,,,,,,,,,,,,,,,,,,,,,64200000
DVA,927066,Health Care,2026-06-30,10-Q,2026-08-04,3554084000,,579001000,435010000,91787000,265397000,4.02,,,,,,,,668963000,,,,17709489000,-765096000,66092000,
DVA,927066,Health Care,2026-07-31,10-Q,2026-08-04,,,,,,,,,,,,,,,,,,,,,,63800000
DVN,1090012,Energy,2025-03-31,10-Q,2026-05-06,4452000000,,,646000000,137000000,494000000,0.77,1942000000,,30000000,912000000,,,301000000,1198000000,8880000000,8395000000,485000000,30928000000,14545000000,645000000,
DVN,1090012,Energy,2025-04-23,10-Q,2025-05-07,,,,,,,,,,,,,,,,,,,,,,642100000
DVN,1090012,Energy,2025-06-30,10-Q,2026-08-05,4284000000,,,1161000000,244000000,899000000,1.41,1545000000,,23000000,914000000,,,249000000,1713000000,8878000000,8393000000,485000000,31390000000,15060000000,636000000,
DVN,1090012,Energy,2025-07-23,10-Q,2025-08-06,,,,,,,,,,,,,,,,,,,,,,634800000
DVN,1090012,Energy,2025-09-30,10-Q,2025-11-06,4331000000,,,912000000,219000000,687000000,1.09,1690000000,,24000000,879000000,,,250000000,1229000000,8391000000,7393000000,998000000,31221000000,15350000000,629000000,
DVN,1090012,Energy,2025-10-23,10-Q,2025-11-06,,,,,,,,,,,,,,,,,,,,,,627300000
DVN,1090012,Energy,2025-12-31,10-K (Q4 derived: FY − 9M YTD),2026-02-18,4121000000,,,747000000,185000000,562000000,0.8999999999999999,1534000000,,22000000,890000000,,,250000000,1384000000,8389000000,7391000000,998000000,31599000000,15528000000,-4000000,
DVN,1090012,Energy,2026-02-04,10-K,2026-02-18,,,,,,,,,,,,,,,,,,,,,,620000000
DVN,1090012,Energy,2026-03-31,10-Q,2026-05-06,3807000000,,,166000000,46000000,120000000,0.19,1655000000,,22000000,904000000,,,69000000,1763000000,8386000000,7387000000,999000000,32543000000,15428000000,618000000,621000000
DVN,1090012,Energy,2026-04-22,10-Q,2026-05-06,,,,,,,,,,,,,,,,,,,,,,621400000
DVN,1090012,Energy,2026-06-30,10-Q,2026-08-05,7417000000,,,2384000000,473000000,1911000000,2.03,3674000000,,71000000,1416000000,,,197000000,950000000,11388000000,9891000000,1497000000,70893000000,41747000000,940000000,
DVN,1090012,Energy,2026-07-22,10-Q,2026-08-05,,,,,,,,,,,,,,,,,,,,,,1100000000
DXCM,1093557,Health Care,2025-03-31,10-Q,2026-04-30,,589000000,133700000,154300000,48900000,105400000,0.27,183800000,87000000,34200000,60000000,,,,904900000,,,,6751700000,2266600000,407500000,
DXCM,1093557,Health Care,2025-04-24,10-Q,2025-05-01,,,,,,,,,,,,,,,,,,,,,,392107501
DXCM,1093557,Health Care,2025-06-30,10-Q,2026-07-30,,688800000,212600000,241100000,61300000,179800000,0.45,,,,63000000,,,,1159000000,,,,7327000000,2573100000,408200000,
DXCM,1093557,Health Care,2025-07-23,10-Q,2025-07-30,,,,,,,,,,,,,,,,,,,,,,392155265
DXCM,1093557,Health Care,2025-09-30,10-Q,2025-10-30,,731400000,242500000,352300000,68500000,283800000,0.7,,,,63600000,,,,1835700000,,,,7500000000,2726100000,407400000,
DXCM,1093557,Health Care,2025-10-23,10-Q,2025-10-30,,,,,,,,,,,,,,,,,,,,,,390016272
DXCM,1093557,Health Care,2025-12-31,10-K (Q4 derived: FY − 9M YTD),2026-02-12,,792700000,323000000,340700000,73400000,267300000,0.6699999999999999,294000000,101900000,35000000,65200000,,,312800000,917700000,,,,6339900000,2746000000,-2200000,
DXCM,1093557,Health Care,2026-02-05,10-K,2026-02-12,,,,,,,,,,,,,,,,,,,,,,384864842
DXCM,1093557,Health Care,2026-03-31,10-Q,2026-04-30,,750300000,255300000,269500000,70000000,199500000,0.51,525600000,76600000,43300000,67100000,,,,1118200000,,,,6633300000,2956900000,393600000,
DXCM,1093557,Health Care,2026-04-23,10-Q,2026-04-30,,,,,,,,,,,,,,,,,,,,,,385872977
DXCM,1093557,Health Care,2026-06-30,10-Q,2026-07-30,,830000000,318300000,317500000,68400000,249100000,0.64,,,,68200000,,,,1105000000,,,,6455300000,2621400000,390100000,
DXCM,1093557,Health Care,2026-07-23,10-Q,2026-07-30,,,,,,,,,,,,,,,,,,,,,,377360765
EBAY,1065088,Consumer Discretionary,2025-04-28,10-Q/A,2025-05-09,,,,,,,,,,,,,,,,,,,,,,461000000
EBAY,1065088,Consumer Discretionary,2025-05-26,10-K/A,2025-05-30,,,,,,,,,,,,,,,,,,,,,,461000000
EBAY,1065088,Consumer Discretionary,2025-06-30,10-Q,2026-08-06,,1980000000,479000000,472000000,107000000,364000000,0.78,,,,,,134000000,,2070000000,,,1175000000,17961000000,4624000000,470000000,
EBAY,1065088,Consumer Discretionary,2025-07-25,10-Q,2025-07-31,,,,,,,,,,,,,,,,,,,,,,457000000
EBAY,1065088,Consumer Discretionary,2025-09-30,10-Q,2025-10-30,,1999000000,576000000,573000000,-24000000,632000000,1.35,,,,,,132000000,,2423000000,,,1175000000,17791000000,4719000000,467000000,
EBAY,1065088,Consumer Discretionary,2025-10-24,10-Q,2025-10-30,,,,,,,,,,,,,,,,,,,,,,452000000
EBAY,1065088,Consumer Discretionary,2025-12-31,10-K (Q4 derived: FY − 9M YTD),2026-02-19,,2116000000,601000000,623000000,98000000,528000000,1.1399999999999997,583000000,117000000,159000000,,,131000000,635000000,1867000000,,,750000000,17437000000,4483000000,-3000000,
EBAY,1065088,Consumer Discretionary,2026-02-13,10-K,2026-02-19,,,,,,,,,,,,,,,,,,,,,,448000000
EBAY,1065088,Consumer Discretionary,2026-03-31,10-Q,2026-04-29,,2287000000,611000000,618000000,106000000,512000000,1.12,969000000,72000000,156000000,,,139000000,486000000,2894000000,,,750000000,17893000000,4412000000,457000000,
EBAY,1065088,Consumer Discretionary,2026-04-24,10-Q,2026-04-29,,,,,,,,,,,,,,,,,,,,,,444000000
EBAY,1065088,Consumer Discretionary,2026-06-30,10-Q,2026-08-06,,2302000000,676000000,665000000,113000000,550000000,1.21,,,,,,138000000,,2310000000,,,850000000,17933000000,4665000000,455000000,
EBAY,1065088,Consumer Discretionary,2026-07-31,10-Q,2026-08-06,,,,,,,,,,,,,,,,,,,,,,445000000
ECHO,1415404,Communication Services,2023-12-31,10-K,2024-02-29,,,-852126000,-2439195000,-417571000,,-7.48,411097000,567176000,13785000,482325000,,,,1821376000,,,,57108894000,19880177000,270533741,
ECHO,1415404,Communication Services,2024-03-31,10-Q,2025-05-09,,,-15244000,-110300000,-1925000,-107376000,-0.4,451259000,519612000,9058000,485400000,,,,613702000,951000000,,,55556417000,19777151000,271519,
ECHO,1415404,Communication Services,2024-06-30,10-Q,2025-08-01,,,-65369000,-224104000,-16646000,-205591000,-0.76,,,,507525000,,,,419246000,,,,55255193000,19573041000,271592,
ECHO,1415404,Communication Services,2024-09-30,10-Q,2025-11-06,,,-160767000,-178963000,-35162000,-141812000,-0.52,,,,477434000,,,,622608000,,,,57547377000,19442922000,271736,
ECHO,1415404,Communication Services,2024-11-30,10-Q,2024-11-12,,,,,,,,,,,,,,,,1983000000,,,,,,
ECHO,1415404,Communication Services,2024-12-31,10-K (Q4 derived: FY − 9M YTD),2026-03-02,,,-62690000,437797000,102678000,335233000,1.23,45553000,344271000,8085000,459834000,,,,4305393000,,,,60938687000,20191372000,273807384,
ECHO,1415404,Communication Services,2025-03-31,10-Q,2026-05-11,,,-88132000,-267268000,-63987000,-202669000,-0.71,206755000,258427000,7609000,488333000,,,,2529878000,,,,60571527000,20007647000,286513000,
ECHO,1415404,Communication Services,2025-06-30,10-Q,2026-08-03,,,-213408000,-392134000,-85290000,-306132000,-1.06,,,,493055000,,,,2345085000,,,,59882397000,19736006000,287505000,
ECHO,1415404,Communication Services,2025-09-30,10-Q,2025-11-06,,,-16641875000,-16936807000,-4155459000,-12781196000,-44.37,,,,391291000,,,,2431742000,,,,45271366000,6951424000,288051,
ECHO,1415404,Communication Services,2025-12-31,10-K (Q4 derived: FY − 9M YTD),2026-03-02,,,-779731000,-1297105000,-81639000,-1207183000,-4.159999999999997,-425322000,158098000,8278000,212870000,,,0,1883074000,,,,43016355000,5765784000,287301638,
ECHO,1415404,Communication Services,2026-03-31,10-Q,2026-05-11,,,392847000,-168220000,-20920000,-146885000,-0.51,238284000,133435000,10233000,166601000,,,,1343780000,,,,41375692000,5631310000,289014000,
ECHO,1415404,Communication Services,2026-06-30,10-Q,2026-08-03,,,512938000,9790114000,1327569000,8462372000,24.12,,,,170543000,,,,439988000,,,,39425398000,14155098000,351622000,
ECL,31462,Materials,2024-03-31,10-Q,2025-05-08,3751900000,,517900000,458900000,42300000,412100000,1.43,649400000,201500000,47000000,,94500000,175200000,196400000,479900000,,,,21298500000,8205600000,287800000,285569775
ECL,31462,Materials,2024-06-30,10-Q,2025-08-07,3985800000,,656900000,590700000,95700000,490900000,1.71,,,,,80200000,,,384000000,,,,21461800000,8287400000,287000000,284537616
ECL,31462,Materials,2024-09-30,10-Q,2025-10-30,3998500000,,1044800000,987300000,246500000,736500000,2.58,,,,,86400000,,,1261100000,,,,22101600000,8547800000,286000000,283161817
ECL,31462,Materials,2024-12-31,10-K,2025-02-21,4005200000,,582800000,534300000,54800000,472900000,1.66,766700000,359700000,25300000,,79200000,161400000,2800000,1256800000,,,,22387800000,8757300000,285700000,
ECL,31462,Materials,2025-01-31,10-K,2025-02-21,,,,,,,,,,,,,,,,,,,,,,282997058
ECL,31462,Materials,2025-03-31,10-Q,2026-05-07,3695000000,,555300000,510000000,103500000,402500000,1.41,369400000,237900000,42200000,,72600000,192000000,153700000,1162600000,,,,22366400000,8875800000,285300000,283512618
ECL,31462,Materials,2025-06-30,10-Q,2026-08-06,4025200000,,710100000,659900000,131400000,524200000,1.84,,,,,76200000,,,1920900000,,,,23736000000,9320300000,285400000,283624912
ECL,31462,Materials,2025-09-30,10-Q,2025-10-30,4165000000,,760200000,717700000,128000000,585000000,2.05,,,,,74600000,,,1955800000,,,,23897600000,9719000000,285400000,283235653
ECL,31462,Materials,2025-12-31,10-K (Q4 derived: FY − 9M YTD),2026-02-23,4196000000,,712000000,660300000,91700000,563900000,1.9800000000000004,1090100000,332100000,27100000,,82900000,189200000,409200000,646200000,,,759400000,24696300000,9770800000,-100000,
ECL,31462,Materials,2026-01-30,10-K,2026-02-23,,,,,,,,,,,,,,,,,,,,,,281969448
ECL,31462,Materials,2026-03-31,10-Q,2026-05-07,4066100000,,622000000,558100000,121500000,432600000,1.52,445900000,348500000,40300000,,77300000,215900000,344400000,519800000,,,,25040600000,10003900000,283700000,281437502
ECL,31462,Materials,2026-06-30,10-Q,2026-08-06,4415400000,,757900000,693600000,154900000,534900000,1.9,,,,,,,,5135300000,,,1265700000,29927000000,10055500000,282200000,280328603
ED,1047862,Utilities,2024-12-31,10-K (Q4 derived: FY − 9M YTD),2026-02-19,3669000000,,477000000,321000000,11000000,310000000,0.8900000000000006,1310000000,,,,304000000,276000000,0,1324000000,24710000000,24710000000,0,70562000000,21962000000,100000,
ED,1047862,Utilities,2025-01-31,10-K,2025-02-20,,,,,,,,,,,,,,,,,,,,,,346711639
ED,1047862,Utilities,2025-03-31,10-Q,2026-05-07,4798000000,,1125000000,1033000000,242000000,791000000,2.25,837000000,,,,313000000,282000000,,360000000,,,,70691000000,23783000000,351300000,
ED,1047862,Utilities,2025-04-30,10-Q,2025-05-01,,,,,,,,,,,,,,,,,,,,,,360296124
ED,1047862,Utilities,2025-06-30,10-Q,2025-08-07,3595000000,,355000000,296000000,50000000,246000000,0.68,,,,,300000000,,,1506000000,,,,71501000000,23756000000,361700000,
ED,1047862,Utilities,2025-07-31,10-Q,2025-08-07,,,,,,,,,,,,,,,,,,,,,,360651665
ED,1047862,Utilities,2025-09-30,10-Q,2025-11-06,4530000000,,968000000,890000000,202000000,688000000,1.9,,,,,309000000,,,181000000,,,,71844000000,24168000000,361900000,
ED,1047862,Utilities,2025-10-31,10-Q,2025-11-06,,,,,,,,,,,,,,,,,,,,,,360935608
ED,1047862,Utilities,2025-12-31,10-K (Q4 derived: FY − 9M YTD),2026-02-19,3994000000,,487000000,378000000,81000000,297000000,0.8099999999999996,1480000000,,,,311000000,295000000,,1629000000,25801000000,25551000000,250000000,74603000000,24190000000,1100000,
ED,1047862,Utilities,2026-01-31,10-K,2026-02-19,,,,,,,,,,,,,,,,,,,,,,361247438
ED,1047862,Utilities,2026-03-31,10-Q,2026-05-07,5095000000,,1177000000,1227000000,303000000,924000000,2.54,174000000,,,,308000000,308000000,,147000000,,,,74741000000,25596000000,364400000,
ED,1047862,Utilities,2026-04-30,10-Q,2026-05-07,,,,,,,,,,,,,,,,,,,,,,368529705
EFX,33185,Industrials,2025-03-31,10-Q,2026-04-21,1442000000,,235800000,185400000,51600000,133100000,1.06,223900000,107200000,33500000,176400000,,48500000,0,195200000,,4324400000,639700000,11854800000,4981200000,125100000,
EFX,33185,Industrials,2025-04-04,10-Q,2025-04-22,,,,,,,,,,,,,,,,,,,,,,124199041
EFX,33185,Industrials,2025-06-30,10-Q,2026-07-21,1537000000,,310800000,261300000,68700000,191300000,1.53,,,,,,,,189000000,,4051000000,847000000,11917900000,5103500000,125000000,
EFX,33185,Industrials,2025-07-07,10-Q,2025-07-22,,,,,,,,,,,,,,,,,,,,,,123797380
EFX,33185,Industrials,2025-09-30,10-Q,2025-10-21,1544900000,,264300000,215300000,53800000,160200000,1.29,,,,,,,,189000000,,4053800000,759300000,11831800000,4938500000,124100000,
EFX,33185,Industrials,2025-10-10,10-Q,2025-10-21,,,,,,,,,,,,,,,,,,,,,,122394037
EFX,33185,Industrials,2025-12-31,10-K (Q4 derived: FY − 9M YTD),2026-02-19,1550600000,,284200000,232900000,56500000,175800000,1.4300000000000002,470800000,130000000,14500000,186100000,,60800000,500100000,180800000,5114200000,4055300000,1038000000,11864200000,4604300000,-600000,
EFX,33185,Industrials,2026-01-30,10-K,2026-02-19,,,,,,,,,,,,,,,,,,,,,,120269998
EFX,33185,Industrials,2026-03-31,10-Q,2026-04-21,1648900000,,287700000,235800000,62500000,171500000,1.42,241900000,120400000,43300000,184800000,,67100000,260000000,183400000,,4055600000,1252500000,11942000000,4540700000,120800000,
EFX,33185,Industrials,2026-04-10,10-Q,2026-04-21,,,,,,,,,,,,,,,,,,,,,,119072409
EFX,33185,Industrials,2026-06-30,10-Q,2026-07-21,1700100000,,314200000,256900000,71800000,183900000,1.54,,,,,,,,170100000,,4056800000,1410300000,11981800000,4380200000,119200000,
EFX,33185,Industrials,2026-07-10,10-Q,2026-07-21,,,,,,,,,,,,,,,,,,,,,,117484896
EG,1095073,Financials,2025-03-31,10-Q,2026-05-05,4263000000,,,248000000,39000000,210000000,4.9,928000000,,6000000,,,85000000,200000000,,,,,58132000000,14140000000,42300000,
EG,1095073,Financials,2025-04-25,10-Q,2025-05-02,,,,,,,,,,,,,,,,,,,,,,42534728
EG,1095073,Financials,2025-06-30,10-Q,2026-08-03,4491000000,,,815000000,135000000,680000000,16.1,,,,,,,,,,,,60519000000,15019000000,41800000,
EG,1095073,Financials,2025-07-25,10-Q,2025-08-01,,,,,,,,,,,,,,,,,,,,,,41943291
EG,1095073,Financials,2025-09-30,10-Q,2025-10-31,4319000000,,,269000000,14000000,255000000,6.09,,,,,,,,,,,,62240000000,15375000000,41400000,
EG,1095073,Financials,2025-10-24,10-Q,2025-10-31,,,,,,,,,,,,,,,,,,,,,,41978058
EG,1095073,Financials,2025-12-31,10-K (Q4 derived: FY − 9M YTD),2026-02-26,4423000000,,,555000000,109000000,446000000,10.739999999999998,-398000000,,18000000,,,82000000,397000000,,,,,62514000000,15461000000,-200000,
EG,1095073,Financials,2026-02-01,10-K,2026-02-26,,,,,,,,,,,,,,,,,,,,,,40390151
EG,1095073,Financials,2026-03-31,10-Q,2026-05-05,4068000000,,,736000000,83000000,653000000,16.21,649000000,,18000000,,,80000000,330000000,,,,,62342000000,15291000000,39800000,
EG,1095073,Financials,2026-04-28,10-Q,2026-05-05,,,,,,,,,,,,,,,,,,,,,,39571602
EG,1095073,Financials,2026-06-30,10-Q,2026-08-03,3961000000,,,683000000,124000000,559000000,14.22,,,,,,,,,,,,62167000000,15430000000,38800000,
EG,1095073,Financials,2026-07-27,10-Q,2026-08-03,,,,,,,,,,,,,,,,,,,,,,38342734
EIX,827052,Utilities,2024-12-31,10-K (Q4 derived: FY − 9M YTD),2026-02-18,3984000000,,790000000,411000000,3000000,340000000,0.8700000000000001,1170000000,1496000000,,683000000,,302000000,200000000,193000000,35583000000,33534000000,2049000000,85579000000,15565000000,0,
EIX,827052,Utilities,2025-02-20,10-K,2025-02-27,,,,,,,,,,,,,,,,,,,,,,385023526
EIX,827052,Utilities,2025-03-31,10-Q,2026-04-28,3811000000,,2134000000,1940000000,448000000,1436000000,3.72,1224000000,1408000000,,742000000,,319000000,29000000,1318000000,38386000000,35387000000,2999000000,88420000000,16622000000,386000000,
EIX,827052,Utilities,2025-04-22,10-Q,2025-04-29,,,,,,,,,,,,,,,,,,,,,,384763662
EIX,827052,Utilities,2025-06-30,10-Q,2025-07-31,4543000000,,775000000,384000000,-14000000,343000000,0.89,,,,,,,,140000000,37670000000,34971000000,2699000000,88813000000,16686000000,386000000,
EIX,827052,Utilities,2025-07-24,10-Q,2025-07-31,,,,,,,,,,,,,,,,,,,,,,384834007
EIX,827052,Utilities,2025-09-30,10-Q,2025-10-28,5750000000,,1432000000,1063000000,175000000,832000000,2.16,,,,,,,,364000000,36378000000,34479000000,1899000000,90489000000,17155000000,386000000,
EIX,827052,Utilities,2025-10-21,10-Q,2025-10-28,,,,,,,,,,,,,,,,,,,,,,384787056
EIX,827052,Utilities,2025-12-31,10-K (Q4 derived: FY − 9M YTD),2026-02-18,5213000000,,2752000000,2605000000,682000000,1848000000,4.790000000000001,1572000000,1891000000,,807000000,,319000000,0,158000000,37998000000,36070000000,1928000000,94026000000,17579000000,0,
EIX,827052,Utilities,2026-02-11,10-K,2026-02-18,,,,,,,,,,,,,,,,,,,,,,384790927
EIX,827052,Utilities,2026-03-31,10-Q,2026-04-28,4103000000,,1074000000,671000000,101000000,531000000,1.37,1427000000,1539000000,,834000000,,338000000,26000000,168000000,40307000000,37311000000,2996000000,94475000000,17320000000,387000000,
EIX,827052,Utilities,2026-04-21,10-Q,2026-04-28,,,,,,,,,,,,,,,,,,,,,,384793941
EL,1001250,Consumer Staples,2023-09-30,10-Q,2024-10-31,3518000000,2448000000,98000000,46000000,10000000,,0.09,-408000000,295000000,80000000,203000000,95000000,236000000,3000000,,7088000000,,,22650000000,5342000000,360500000,
EL,1001250,Consumer Staples,2023-12-31,10-Q,2025-02-04,4279000000,3125000000,574000000,519000000,195000000,,0.87,,,109000000,,98000000,,,,6640000000,,,23283000000,5712000000,360000000,
EL,1001250,Consumer Staples,2024-03-31,10-Q,2025-05-01,3940000000,2833000000,531000000,486000000,151000000,,0.91,,,87000000,,94000000,,,,7265000000,,,22700000000,5744000000,360800000,
EL,1001250,Consumer Staples,2024-06-30,10-K (Q4 derived: FY − 9M YTD),2026-08-19,3871000000,2778000000,-233000000,-279000000,7000000,,-0.79,889000000,217000000,49000000,211000000,91000000,237000000,1000000,,7267000000,,504000000,21677000000,5314000000,400000,
EL,1001250,Consumer Staples,2024-09-30,10-Q,2025-10-30,3361000000,2433000000,-121000000,-180000000,-24000000,-156000000,-0.43,-670000000,141000000,74000000,208000000,,240000000,10000000,,7311000000,,,21317000000,5084000000,359600000,
EL,1001250,Consumer Staples,2024-12-31,10-Q,2026-02-05,4004000000,3047000000,-580000000,-650000000,-60000000,-590000000,-1.64,,,106000000,207000000,,,,,7276000000,,,19760000000,4169000000,360000000,
EL,1001250,Consumer Staples,2025-03-31,10-Q,2026-05-01,3550000000,2661000000,306000000,241000000,82000000,159000000,0.44,,,75000000,204000000,,,,,7298000000,,,19886000000,4345000000,361400000,
EL,1001250,Consumer Staples,2025-06-30,10-K (Q4 derived: FY − 9M YTD),2026-08-19,3411000000,2456000000,-390000000,-451000000,95000000,,-1.52,601000000,207000000,49000000,210000000,,126000000,0,,7314000000,,3000000,19892000000,3865000000,200000,
EL,1001250,Consumer Staples,2025-09-30,10-Q,2025-10-30,3481000000,2554000000,169000000,109000000,62000000,47000000,0.13,-340000000,96000000,88000000,200000000,,127000000,9000000,,7320000000,,,19329000000,3890000000,363300000,
EL,1001250,Consumer Staples,2025-12-31,10-Q,2026-02-05,4229000000,3235000000,401000000,333000000,171000000,162000000,0.44,,,94000000,197000000,,,,,7319000000,,,19634000000,4031000000,364800000,
EL,1001250,Consumer Staples,2026-03-31,10-Q,2026-05-01,3712000000,2836000000,249000000,179000000,90000000,89000000,0.24,,,72000000,201000000,,,,,6810000000,,,19664000000,3993000000,365400000,
EL,1001250,Consumer Staples,2026-06-30,10-K (Q4 derived: FY − 9M YTD),2026-08-19,3627000000,2737000000,-39000000,-104000000,12000000,,-0.31999999999999995,576000000,151000000,56000000,198000000,,127000000,0,,6803000000,,503000000,19762000000,,300000,
ELV,1156039,Health Care,2025-03-31,10-Q,2026-04-22,48891000000,,3170000000,2797000000,613000000,2183000000,9.61,1017000000,196000000,81000000,,,386000000,880000000,7500000000,,28110000000,1643000000,119717000000,42503000000,227200000,
ELV,1156039,Health Care,2025-04-16,10-Q,2025-04-22,,,,,,,,,,,,,,,,,,,,,,225934600
ELV,1156039,Health Care,2025-06-30,10-Q,2026-07-15,49776000000,,2425000000,2292000000,548000000,1743000000,7.72,,,,,,385000000,,8560000000,,28178000000,1648000000,121938000000,43722000000,225800000,
ELV,1156039,Health Care,2025-07-13,10-Q,2025-07-17,,,,,,,,,,,,,,,,,,,,,,225178304
ELV,1156039,Health Care,2025-09-30,10-Q,2025-10-21,50711000000,,1295000000,1406000000,219000000,1189000000,5.32,,,,,,376000000,,8713000000,,31173000000,749000000,122749000000,43953000000,223700000,
ELV,1156039,Health Care,2025-10-14,10-Q,2025-10-21,,,,,,,,,,,,,,,,,,,,,,222238763
ELV,1156039,Health Care,2025-12-31,10-K (Q4 derived: FY − 9M YTD),2026-02-06,49747000000,,309000000,215000000,-331000000,547000000,2.539999999999999,84000000,293000000,30000000,,,377000000,471000000,9491000000,31896000000,30797000000,1099000000,121494000000,43882000000,-1000000,
ELV,1156039,Health Care,2026-02-01,10-K,2026-02-06,,,,,,,,,,,,,,,,,,,,,,220704667
ELV,1156039,Health Care,2026-03-31,10-Q,2026-04-22,50181000000,,2086000000,2304000000,544000000,1764000000,8,4332000000,235000000,55000000,,,376000000,1124000000,9657000000,31118000000,30768000000,350000000,125827000000,43902000000,220400000,
ELV,1156039,Health Care,2026-04-15,10-Q,2026-04-22,,,,,,,,,,,,,,,,,,,,,,217162380
ELV,1156039,Health Care,2026-06-30,10-Q,2026-07-15,50474000000,,1763000000,1937000000,483000000,1463000000,6.71,,,,,,373000000,,10232000000,31044000000,30669000000,375000000,126438000000,44883000000,217900000,
ELV,1156039,Health Care,2026-07-10,10-Q,2026-07-15,,,,,,,,,,,,,,,,,,,,,,216869290
EME,105634,Industrials,2025-03-31,10-Q,2026-04-29,3867372000,722718000,318756000,324197000,83520000,240677000,5.26,108471000,26131000,,,,11451000,224832000,576702000,,,,8078872000,2949957000,45784235,
EME,105634,Industrials,2025-04-24,10-Q,2025-04-30,,,,,,,,,,,,,,,,,,,,,,44758004
EME,105634,Industrials,2025-06-30,10-Q,2026-07-30,4304400000,833771000,415212000,412027000,109867000,302160000,6.72,,28043000,,,,,,485988000,,,,8400480000,3051601000,44990388,
EME,105634,Industrials,2025-07-25,10-Q,2025-07-31,,,,,,,,,,,,,,,,,,,,,,44764250
EME,105634,Industrials,2025-09-30,10-Q,2025-10-30,4301529000,835313000,405696000,407590000,112217000,295373000,6.57,,26657000,,,,,,655104000,,,,8640270000,3335398000,44968308,
EME,105634,Industrials,2025-10-24,10-Q,2025-10-30,,,,,,,,,,,,,,,,,,,,,,44765864
EME,105634,Industrials,2025-12-31,10-K (Q4 derived: FY − 9M YTD),2026-02-26,4513121000,891186000,573754000,577810000,143203000,434607000,9.66,524404000,31919000,,,,11191000,154093000,1111968000,,,,9291399000,3673944000,-92843,
EME,105634,Industrials,2026-02-20,10-K,2026-02-26,,,,,,,,,,,,,,,,,,,,,,44532566
EME,105634,Industrials,2026-03-31,10-Q,2026-04-29,4628233000,863950000,403845000,410072000,104588000,305484000,6.84,558000,28712000,,,,17810000,87107000,916420000,,,,9508107000,3866539000,44687157,
EME,105634,Industrials,2026-04-23,10-Q,2026-04-29,,,,,,,,,,,,,,,,,,,,,,44440278
EME,105634,Industrials,2026-06-30,10-Q,2026-07-30,5154892000,1022379000,547340000,551662000,147968000,403694000,9.06,,,,,,,,924411000,,,,10157082000,4078907000,44552894,
EME,105634,Industrials,2026-07-24,10-Q,2026-07-30,,,,,,,,,,,,,,,,,,,,,,44109901
EMR,32604,Industrials,2024-03-31,10-K,2025-11-10,,2284000000,,711000000,162000000,501000000,0.87,,,,424000000,,,,,,7614000000,,46440000000,20900000000,574100000,572100000
EMR,32604,Industrials,2024-06-30,10-K,2025-11-10,,2314000000,,455000000,88000000,329000000,0.57,,,,417000000,,,,,,7111000000,,45585000000,20799000000,574800000,572700000
EMR,32604,Industrials,2024-09-30,10-K,2025-11-10,,2371000000,,679000000,149000000,996000000,1.73,1084000000,168000000,57000000,426000000,,300000000,260000000,,7687000000,7155000000,532000000,44246000000,21636000000,-100000,
EMR,32604,Industrials,2024-10-31,10-K,2024-11-12,,,,,,,,,,,,,,,,,,,,,,570200000
EMR,32604,Industrials,2024-12-31,10-K,2025-11-10,,2235000000,,775000000,182000000,585000000,1.02,777000000,83000000,68000000,383000000,,301000000,899000000,,,6557000000,,42610000000,20490000000,571100000,563900000
EMR,32604,Industrials,2025-03-31,10-K,2025-11-10,,2371000000,,629000000,199000000,485000000,0.86,,,,384000000,,,,,,8176000000,,41978000000,19249000000,565400000,562500000
EMR,32604,Industrials,2025-06-30,10-K,2025-11-10,,2393000000,,734000000,154000000,586000000,1.04,,,,372000000,,,,,,8278000000,,42517000000,19870000000,564700000,562800000
EMR,32604,Industrials,2025-09-30,10-K,2025-11-10,,2520000000,,796000000,160000000,637000000,1.12,1010000000,168000000,65000000,379000000,,297000000,20000000,,8924000000,8319000000,605000000,41964000000,20282000000,-400000,
EMR,32604,Industrials,2025-10-31,10-K,2025-11-10,,,,,,,,,,,,,,,,,,,,,,561800000
EMR,32604,Industrials,2025-12-31,10-Q,2026-02-03,,,,775000000,169000000,605000000,1.07,699000000,97000000,55000000,359000000,,312000000,250000000,,,7575000000,,41939000000,20277000000,564100000,562000000
EMR,32604,Industrials,2026-03-31,10-Q,2026-05-05,,,,793000000,175000000,618000000,,,,,369000000,,,,,,7555000000,,42088000000,20303000000,563000000,560100000
EMR,32604,Industrials,2026-06-30,10-Q,2026-08-04,,,,916000000,198000000,718000000,1.28,,,,377000000,,,,,,7526000000,,42208000000,20379000000,561100000,557800000
EOG,821189,Energy,2025-03-31,10-Q,2026-05-05,5669000000,,1859000000,1877000000,414000000,1463000000,2.65,2289000000,102000000,50000000,1013000000,47000000,,806000000,6599000000,,3464000000,1280000000,46982000000,29516000000,553000000,
EOG,821189,Energy,2025-04-24,10-Q,2025-05-01,,,,,,,,,,,,,,,,,,,,,,545787010
EOG,821189,Energy,2025-06-30,10-Q,2026-08-04,5478000000,,1747000000,1751000000,406000000,1345000000,2.46,,,,1053000000,51000000,,,5216000000,,3458000000,778000000,46284000000,29238000000,546000000,
EOG,821189,Energy,2025-07-30,10-Q,2025-08-07,,,,,,,,,,,,,,,,,,,,,,545993416
EOG,821189,Energy,2025-09-30,10-Q,2025-11-06,5847000000,,1836000000,1824000000,353000000,1471000000,2.7,,,,1169000000,,,,3530000000,,7667000000,27000000,52199000000,30285000000,544000000,
EOG,821189,Energy,2025-10-30,10-Q,2025-11-06,,,,,,,,,,,,,,,,,,,,,,542598457
EOG,821189,Energy,2025-12-31,10-K (Q4 derived: FY − 9M YTD),2026-02-24,5638000000,,943000000,910000000,209000000,701000000,1.3099999999999996,2612000000,112000000,60000000,1226000000,,,677000000,3396000000,,7909000000,27000000,51799000000,29833000000,-2000000,
EOG,821189,Energy,2026-02-13,10-K,2026-02-24,,,,,,,,,,,,,,,,,,,,,,536491493
EOG,821189,Energy,2026-03-31,10-Q,2026-05-05,6921000000,,2598000000,2555000000,575000000,1980000000,3.7,2966000000,153000000,58000000,1193000000,66000000,,418000000,3849000000,,7904000000,27000000,53378000000,30908000000,535000000,
EOG,821189,Energy,2026-04-28,10-Q,2026-05-05,,,,,,,,,,,,,,,,,,,,,,532628530
EOG,821189,Energy,2026-06-30,10-Q,2026-08-04,8620000000,,3528000000,3499000000,775000000,2724000000,5.15,,,,1259000000,67000000,,,4907000000,,7899000000,27000000,54783000000,31864000000,529000000,
EOG,821189,Energy,2026-07-28,10-Q,2026-08-04,,,,,,,,,,,,,,,,,,,,,,524529176
EQIX,1101239,Real Estate,2025-03-31,10-Q,2026-04-29,,,458000000,392000000,49000000,343000000,3.5,809000000,,113000000,479000000,,468000000,,2950000000,15887000000,,,36079000000,13889000000,97887000,
EQIX,1101239,Real Estate,2025-04-29,10-Q,2025-04-30,,,,,,,,,,,,,,,,,,,,,,97818991
EQIX,1101239,Real Estate,2025-06-30,10-Q,2026-07-29,,,494000000,405000000,38000000,368000000,3.75,,,,499000000,,,,3660000000,18073000000,,,38849000000,14084000000,98050000,
EQIX,1101239,Real Estate,2025-07-29,10-Q,2025-07-30,,,,,,,,,,,,,,,,,,,,,,97863986
EQIX,1101239,Real Estate,2025-09-30,10-Q,2025-10-29,,,474000000,399000000,25000000,374000000,3.81,,,,530000000,,,,2077000000,17328000000,,,38060000000,14157000000,98174000,
EQIX,1101239,Real Estate,2025-10-28,10-Q,2025-10-29,,,,,,,,,,,,,,,,,,,,,,98186078
EQIX,1101239,Real Estate,2025-12-31,10-K (Q4 derived: FY − 9M YTD),2026-02-11,,,422000000,312000000,48000000,265000000,2.6899999999999995,1144000000,,128000000,542000000,,461000000,,1727000000,,,1299000000,40141000000,14156000000,86000,
EQIX,1101239,Real Estate,2026-02-10,10-K,2026-02-11,,,,,,,,,,,,,,,,,,,,,,98254928
EQIX,1101239,Real Estate,2026-03-31,10-Q,2026-04-29,,,577000000,471000000,56000000,415000000,4.2,717000000,,128000000,541000000,,519000000,,1362000000,19785000000,,,40898000000,14298000000,98727000,
EQIX,1101239,Real Estate,2026-04-28,10-Q,2026-04-29,,,,,,,,,,,,,,,,,,,,,,98624248
EQIX,1101239,Real Estate,2026-06-30,10-Q,2026-07-29,,,665000000,523000000,46000000,479000000,4.83,,,,551000000,,,,979000000,19873000000,,,41076000000,14382000000,99136000,
EQIX,1101239,Real Estate,2026-07-28,10-Q,2026-07-29,,,,,,,,,,,,,,,,,,,,,,98671686
EQT,33213,Energy,2025-03-31,10-Q,2026-04-22,1739850000,,496250000,394086000,78668000,242139000,0.4,1741167000,499649000,14768000,620775000,,94097000,,281764000,8392783000,8107783000,285000000,39703364000,20717880000,602838000,
EQT,33213,Energy,2025-04-16,10-Q,2025-04-23,,,,,,,,,,,,,,,,,,,,,,598626000
EQT,33213,Energy,2025-06-30,10-Q,2026-07-22,2557719000,,1134038000,1092271000,235615000,784147000,1.3,,,,623471000,,,,555492000,8315037000,7923236000,391801000,39666748000,21423260000,602924000,
EQT,33213,Energy,2025-07-15,10-Q,2025-07-23,,,,,,,,,,,,,,,,,,,,,,624057000
EQT,33213,Energy,2025-09-30,10-Q,2025-10-22,1958571000,,603210000,536482000,129266000,335862000,0.53,,,,688382000,,,,235736000,8217822000,7711132000,506690000,41195290000,23151622000,628324000,
EQT,33213,Energy,2025-10-15,10-Q,2025-10-22,,,,,,,,,,,,,,,,,,,,,,624067000
EQT,33213,Energy,2025-12-31,10-K (Q4 derived: FY − 9M YTD),2026-02-18,2388071000,,1016121000,954703000,208335000,677099000,1.08,1125387000,612734000,16957000,667762000,,102971000,,110795000,7800328000,7293209000,507119000,41792874000,23752677000,4290000,
EQT,33213,Energy,2026-02-11,10-K,2026-02-18,,,,,,,,,,,,,,,,,,,,,,624274000
EQT,33213,Energy,2026-03-31,10-Q,2026-04-22,3378736000,,2035960000,1987282000,433352000,1487229000,2.36,3055047000,598505000,18602000,654792000,,103070000,,326568000,5992411000,5484864000,507547000,41692278000,25118761000,629209000,
EQT,33213,Energy,2026-04-14,10-Q,2026-04-22,,,,,,,,,,,,,,,,,,,,,,625478000
EQT,33213,Energy,2026-06-30,10-Q,2026-07-22,1809940000,,394038000,366381000,84933000,211425000,0.34,,,,689592000,,,,112863000,5655714000,5540755000,114959000,41320840000,25258876000,629049000,
EQT,33213,Energy,2026-07-14,10-Q,2026-07-22,,,,,,,,,,,,,,,,,,,,,,625516000
ERIE,922621,Financials,2023-09-30,10-Q,2024-10-31,,,148471000,163774000,32734000,131040000,,,,,,0,,,,,,,2394549000,1611889000,,
ERIE,922621,Financials,2023-12-31,10-K (Q4 derived: FY − 9M YTD),2026-02-23,,,127084000,139924000,28996000,110928000,,148436000,20546000,,,0,55419000,,,,,,2471964000,1662835000,,
ERIE,922621,Financials,2024-03-31,10-Q,2025-04-24,,,138812000,157302000,32750000,124552000,,87193000,22446000,,,,59377000,,,,,,2555794000,1726180000,,
ERIE,922621,Financials,2024-06-30,10-Q,2025-08-07,,,190208000,207327000,43424000,163903000,,,,,,,,,,,,,2691960000,1828813000,,
ERIE,922621,Financials,2024-09-30,10-Q,2025-10-30,,,180125000,200842000,41012000,159830000,,,,,,,,,,,,,2864147000,1947955000,,
ERIE,922621,Financials,2024-12-31,10-K (Q4 derived: FY − 9M YTD),2026-02-23,,,167310000,191808000,39779000,152029000,,193458000,46643000,,,,59376000,,,,,,2888614000,1987258000,,
ERIE,922621,Financials,2025-03-31,10-Q,2026-04-23,,,151376000,174746000,36329000,138417000,,118118000,29674000,,,,63569000,,,,,,2968228000,2067351000,,
ERIE,922621,Financials,2025-06-30,10-Q,2026-07-30,,,199173000,220747000,46062000,174685000,,,,,,,,,,,,,3128214000,2184545000,,
ERIE,922621,Financials,2025-09-30,10-Q,2025-10-30,,,208921000,232761000,49908000,182853000,,,,,,,,,,,,,3324328000,2308878000,,
ERIE,922621,Financials,2025-12-31,10-K (Q4 derived: FY − 9M YTD),2026-02-23,,,157714000,82349000,18969000,63380000,,171557000,30767000,,,,63569000,,,,,,3355481000,2283374000,,
ERIE,922621,Financials,2026-03-31,10-Q,2026-04-23,,,166787000,190326000,39852000,150474000,,91892000,37414000,,,,68109000,,,,,,3376678000,2353521000,,
ERIE,922621,Financials,2026-06-30,10-Q,2026-07-30,,,204123000,228077000,47783000,180294000,,,,,,,,,,,,,3557016000,2467106000,,
ES,72741,Utilities,2025-03-31,10-Q,2026-05-07,4118355000,,926394000,717889000,165221000,,1.5,1040595000,1007384000,,835000000,,270232000,,111362000,,26248781000,1350209000,60194678000,15341257000,367677618,
ES,72741,Utilities,2025-04-30,10-Q,2025-05-05,,,,,,,,,,,,,,,,,,,,,,367384808
ES,72741,Utilities,2025-06-30,10-Q,2026-08-03,2838068000,,663049000,465219000,110611000,,0.96,,,,494700000,,,,343693000,,26212992000,1950348000,60956100000,15665791000,368917187,
ES,72741,Utilities,2025-07-31,10-Q,2025-08-04,,,,,,,,,,,,,,,,,,,,,,371115181
ES,72741,Utilities,2025-09-30,10-Q,2025-11-06,3220625000,,688682000,172447000,-196982000,,0.99,,,,503600000,,,,259340000,,26854425000,1140007000,61702575000,16028250000,372262732,
ES,72741,Utilities,2025-10-31,10-Q,2025-11-06,,,,,,,,,,,,,,,,,,,,,,375189145
ES,72741,Utilities,2025-12-31,10-K (Q4 derived: FY − 9M YTD),2026-02-17,3370196000,,710464000,484623000,61437000,,1.1199999999999997,916057000,983311000,,571100000,,276645000,,135351000,,26872433000,1392948000,63786711000,16197271000,1640084,
ES,72741,Utilities,2026-01-31,10-K,2026-02-17,,,,,,,,,,,,,,,,,,,,,,375496611
ES,72741,Utilities,2026-03-31,10-Q,2026-05-07,4504363000,,1076148000,812048000,203327000,,1.61,1324326000,1009311000,,823300000,,290023000,,270200000,,26861131000,2643097000,64707601000,16530950000,376583614,
ES,72741,Utilities,2026-04-30,10-Q,2026-05-07,,,,,,,,,,,,,,,,,,,,,,376080025
ES,72741,Utilities,2026-06-30,10-Q,2026-08-03,2903189000,,540874000,135417000,79857000,,0.14,,,,379600000,,,,1819319000,,26608990000,2502629000,63415743000,16340177000,376998879,
ES,72741,Utilities,2026-07-31,10-Q,2026-08-03,,,,,,,,,,,,,,,,,,,,,,376674754
ESS,920522,Real Estate,2025-03-31,10-Q,2026-04-29,464583000,323468000,257081000,,,,3.16,281503000,,1958000,,,,0,98735000,6822320000,,,13186258000,5570001000,64349899,
ESS,920522,Real Estate,2025-04-28,10-Q,2025-04-30,,,,,,,,,,,,,,,,,,,,,,64385177
ESS,920522,Real Estate,2025-06-30,10-Q,2026-07-30,469833000,332181000,279700000,,,,3.44,,,,,,,,58679000,6427181000,,,13181490000,5635249000,64407613,
ESS,920522,Real Estate,2025-07-23,10-Q,2025-07-30,,,,,,,,,,,,,,,,,,,,,,64404022
ESS,920522,Real Estate,2025-09-30,10-Q,2025-10-30,473303000,327506000,210399000,,,,2.56,,,,,,,,65959000,6448334000,,,13150241000,5631316000,64418240,
ESS,920522,Real Estate,2025-10-23,10-Q,2025-10-30,,,,,,,,,,,,,,,,,,,,,,64404022
ESS,920522,Real Estate,2025-12-31,10-K (Q4 derived: FY − 9M YTD),2026-02-20,479626000,335823000,152136000,,,,1.25,234202000,,2976000,,,,,76241000,,,,13159009000,5541372000,7215,
ESS,920522,Real Estate,2026-02-13,10-K,2026-02-20,,,,,,,,,,,,,,,,,,,,,,64475506
ESS,920522,Real Estate,2026-03-31,10-Q,2026-04-29,484756000,341187000,155193000,,,,1.65,287169000,,2646000,,,,50213000,38005000,6836802000,,,13095487000,5435587000,64461621,
ESS,920522,Real Estate,2026-04-22,10-Q,2026-04-29,,,,,,,,,,,,,,,,,,,,,,64262866
ESS,920522,Real Estate,2026-06-30,10-Q,2026-07-30,489049000,345709000,109373000,,,,0.97,,,,,,,11700000,58327000,6386526000,,,12898302000,5323073000,64279012,
ESS,920522,Real Estate,2026-07-23,10-Q,2026-07-30,,,,,,,,,,,,,,,,,,,,,,64268439
ETN,1551182,Industrials,2024-03-31,10-Q,2025-05-02,,,,1001000000,179000000,821000000,2.04,475000000,183000000,,225000000,,368000000,138000000,473000000,9186000000,,994000000,38535000000,19292000000,401900000,399800000
ETN,1551182,Industrials,2024-06-30,10-Q,2025-08-05,,,,1195000000,201000000,993000000,2.48,,,,,,,,540000000,9833000000,,1278000000,39381000000,19219000000,401000000,398100000
ETN,1551182,Industrials,2024-09-30,10-Q,2025-11-04,,,,1204000000,193000000,1009000000,2.53,,,,,,,,473000000,9392000000,,714000000,39236000000,19117000000,398900000,395200000
ETN,1551182,Industrials,2024-12-31,10-K (Q4 derived: FY − 9M YTD),2026-02-26,,,,1167000000,195000000,971000000,2.45,1597000000,255000000,,234000000,,370000000,877000000,555000000,9152000000,,674000000,38381000000,18488000000,-1200000,
ETN,1551182,Industrials,2025-01-31,10-K,2025-02-27,,,,,,,,,,,,,,,,,,,,,,392000000
ETN,1551182,Industrials,2025-03-31,10-Q,2026-05-05,,,,1177000000,212000000,964000000,2.45,238000000,147000000,,232000000,,397000000,615000000,1777000000,9275000000,,1666000000,39206000000,18506000000,393600000,391300000
ETN,1551182,Industrials,2025-06-30,10-Q,2026-07-31,,,,1186000000,203000000,982000000,2.51,,,,,,,,398000000,9885000000,,1134000000,40507000000,18606000000,391400000,389300000
ETN,1551182,Industrials,2025-09-30,10-Q,2025-11-04,,,,1275000000,264000000,1010000000,2.59,,,,,,,,328000000,9892000000,,1136000000,40650000000,18843000000,390100000,388400000
ETN,1551182,Industrials,2025-12-31,10-K (Q4 derived: FY − 9M YTD),2026-02-26,,,,1295000000,161000000,1132000000,2.9099999999999993,1965000000,392000000,,255000000,,404000000,193000000,622000000,9894000000,,1136000000,41251000000,19425000000,-500000,
ETN,1551182,Industrials,2026-01-31,10-K,2026-02-26,,,,,,,,,,,,,,,,,,,,,,387900000
ETN,1551182,Industrials,2026-03-31,10-Q,2026-05-05,,,,1107000000,240000000,866000000,2.22,507000000,193000000,,272000000,,415000000,0,565000000,18619000000,,84000000,55085000000,19721000000,389200000,388300000
ETN,1551182,Industrials,2026-06-30,10-Q,2026-07-31,,,,1144000000,321000000,821000000,2.11,,,,,,,,483000000,18520000000,,11000000,56181000000,20254000000,389500000,388400000
ETR,65984,Utilities,2024-04-30,10-Q,2024-05-02,,,,,,,,,,,,,,,,,,,,,,213536936
ETR,65984,Utilities,2024-06-30,10-Q,2025-08-01,2953620000,,617630000,85366000,33634000,,0.11,,,,559556000,289577000,,,1355164000,27818164000,26301092000,1517072000,62766297000,14567729000,428753441,
ETR,65984,Utilities,2024-07-31,10-Q,2024-08-02,,,,,,,,,,,,,,,,,,,,,,213830846
ETR,65984,Utilities,2024-09-30,10-Q,2025-10-31,3389100000,,1125862000,861229000,215475000,,1.5,,,,553801000,,,,1411812000,27880440000,26563350000,1317090000,64462049000,15032842000,431388418,214408014
ETR,65984,Utilities,2024-12-31,10-K (Q4 derived: FY − 9M YTD),2026-02-19,2742305000,,669615000,398086000,110924000,,0.6600000000000001,1379682000,1573483000,,566849000,,257684000,,859703000,27991595000,26613505000,1378090000,64790032000,15083908000,2107796,
ETR,65984,Utilities,2025-01-31,10-K,2025-02-18,,,,,,,,,,,,,,,,,,,,,,430412580
ETR,65984,Utilities,2025-03-31,10-Q,2026-05-01,2846874000,,700104000,462463000,100041000,,0.82,536188000,1660169000,,568872000,,258249000,,1513410000,29594991000,28264879000,1330112000,66620409000,15185311000,440648342,430774109
ETR,65984,Utilities,2025-06-30,10-Q,2025-08-01,3328849000,,837425000,610353000,138399000,,1.05,,,,579152000,,,,1175631000,29929838000,28114726000,1815112000,68383140000,16213000000,445700889,446409069
ETR,65984,Utilities,2025-09-30,10-Q,2025-10-31,3812019000,,1119041000,903731000,205307000,,1.53,,,,582698000,,,,1516969000,29033259000,27058119000,1975140000,69848407000,16661702000,453550895,446596904
ETR,65984,Utilities,2025-12-31,10-K (Q4 derived: FY − 9M YTD),2026-02-19,2958944000,,545708000,294733000,54205000,,0.5100000000000002,1218066000,2127773000,,574846000,,289496000,,1928916000,30277161000,27902021000,2375140000,71890730000,16923076000,2901057,
ETR,65984,Utilities,2026-01-30,10-K,2026-02-19,,,,,,,,,,,,,,,,,,,,,,452989837
ETR,65984,Utilities,2026-03-31,10-Q,2026-05-01,3187626000,,572222000,478595000,87790000,,0.83,828964000,2252293000,,598947000,,292867000,,3571053000,32676089000,31150915000,1525174000,75804140000,17346741000,462510666,457832070
EVRG,1711269,Utilities,2024-12-31,10-K (Q4 derived: FY − 9M YTD),2026-02-19,1257400000,,222200000,74600000,-4700000,78200000,0.33999999999999986,395600000,514200000,3700000,275500000,142400000,153500000,,22000000,,11809200000,651700000,32282100000,9955000000,100000,
EVRG,1711269,Utilities,2025-02-19,10-K,2025-02-27,,,,,,,,,,,,,,,,,,,,,,230009344
EVRG,1711269,Utilities,2025-03-31,10-Q,2026-05-07,1374500000,,291600000,136100000,9600000,125000000,0.54,449600000,592800000,4500000,288100000,152500000,153600000,,35300000,,12405500000,651900000,32454200000,9930600000,232100000,
EVRG,1711269,Utilities,2025-04-30,10-Q,2025-05-08,,,,,,,,,,,,,,,,,,,,,,230090698
EVRG,1711269,Utilities,2025-06-30,10-Q,2025-08-07,1437000000,,343800000,182600000,10000000,171300000,0.74,,,,288400000,153800000,,,27800000,,12398000000,652500000,32911300000,9958800000,232700000,
EVRG,1711269,Utilities,2025-07-30,10-Q,2025-08-07,,,,,,,,,,,,,,,,,,,,,,230155314
EVRG,1711269,Utilities,2025-09-30,10-Q,2025-11-06,1809900000,,658500000,502100000,26000000,475000000,2.03,,,,290300000,152000000,,,27500000,,12446300000,616600000,33440400000,10289100000,234100000,
EVRG,1711269,Utilities,2025-10-31,10-Q,2025-11-06,,,,,,,,,,,,,,,,,,,,,,230214144
EVRG,1711269,Utilities,2025-12-31,10-K (Q4 derived: FY − 9M YTD),2026-02-19,1340200000,,239000000,70200000,-15700000,84300000,0.3500000000000001,334000000,864500000,4100000,296100000,158000000,157400000,,19800000,,13039200000,367000000,33948500000,10221300000,600000,
EVRG,1711269,Utilities,2026-02-11,10-K,2026-02-19,,,,,,,,,,,,,,,,,,,,,,230281586
EVRG,1711269,Utilities,2026-03-31,10-Q,2026-05-07,1443700000,,318400000,155600000,3400000,151500000,0.64,362500000,851900000,5600000,305300000,174500000,157600000,,18400000,,13147000000,367000000,34481500000,10156600000,235600000,
EVRG,1711269,Utilities,2026-04-30,10-Q,2026-05-07,,,,,,,,,,,,,,,,,,,,,,230513025
EW,1099800,Health Care,2025-03-31,10-Q,2026-05-06,1412700000,1111100000,394800000,433900000,70300000,358000000,0.61,280400000,56000000,40200000,36600000,,,258600000,3140600000,,597800000,,13022300000,10128700000,587800000,
EW,1099800,Health Care,2025-04-30,10-Q,2025-05-06,,,,,,,,,,,,,,,,,,,,,,586600000
EW,1099800,Health Care,2025-06-30,10-Q,2026-08-04,1532200000,1187800000,411200000,400200000,64300000,333200000,0.56,,,,,,,,3272800000,,598000000,,13488700000,10545300000,587900000,
EW,1099800,Health Care,2025-07-31,10-Q,2025-08-06,,,,,,,,,,,,,,,,,,,,,,587100000
EW,1099800,Health Care,2025-09-30,10-Q,2025-11-05,1553100000,1207900000,307100000,348400000,56100000,291100000,0.5,,,,,,,,2685600000,,598200000,,13272200000,10205000000,585700000,
EW,1099800,Health Care,2025-10-31,10-Q,2025-11-05,,,,,,,,,,,,,,,,,,,,,,580300000
EW,1099800,Health Care,2025-12-31,10-K (Q4 derived: FY − 9M YTD),2026-02-25,1569600000,1226600000,151100000,90400000,26200000,91200000,0.16000000000000014,450900000,97400000,39200000,42700000,,,40600000,2938000000,,598300000,,13697200000,10337600000,-1400000,
EW,1099800,Health Care,2026-01-31,10-K,2026-02-25,,,,,,,,,,,,,,,,,,,,,,580800000
EW,1099800,Health Care,2026-03-31,10-Q,2026-05-06,1648600000,1286000000,477600000,459000000,78300000,380700000,0.66,43800000,64900000,45400000,40900000,,,421800000,2445500000,,598500000,,13321200000,10327500000,580700000,
EW,1099800,Health Care,2026-04-30,10-Q,2026-05-06,,,,,,,,,,,,,,,,,,,,,,575800000
EW,1099800,Health Care,2026-06-30,10-Q,2026-08-04,1741000000,1348600000,513200000,519800000,278400000,241900000,0.42,,,,,,,,2906500000,,598700000,,13867100000,10618000000,577600000,
EW,1099800,Health Care,2026-07-31,10-Q,2026-08-04,,,,,,,,,,,,,,,,,,,,,,576400000
EXC,1109357,Utilities,2024-01-31,10-K,2024-02-21,,,,,,,,,,,,,,,,,,,,,,999538542
EXC,1109357,Utilities,2024-03-31,10-Q,2025-05-01,6043000000,,1114000000,721000000,63000000,,0.66,992000000,1767000000,,,,381000000,,720000000,,42271000000,,103211000000,26061000000,1001000000,1000025124
EXC,1109357,Utilities,2024-06-30,10-Q,2025-07-31,5361000000,,913000000,494000000,46000000,,0.45,,,,,,,,934000000,,43039000000,,105113000000,26152000000,1001000000,1000498207
EXC,1109357,Utilities,2024-09-30,10-Q,2025-11-04,6154000000,,1196000000,757000000,50000000,,0.7,,,,,,,,616000000,,43701000000,,106070000000,26622000000,1004000000,1004833655
EXC,1109357,Utilities,2024-12-31,10-K (Q4 derived: FY − 9M YTD),2026-02-12,5471000000,,1098000000,696000000,49000000,,,1426000000,1936000000,,,,382000000,,357000000,44668000000,42947000000,1453000000,107784000000,26921000000,1000000,
EXC,1109357,Utilities,2025-01-31,10-K,2025-02-12,,,,,,,,,,,,,,,,,,,,,,1005217157
EXC,1109357,Utilities,2025-03-31,10-Q,2026-05-06,6714000000,,1536000000,1078000000,170000000,,0.9,1200000000,1946000000,,,,403000000,,1004000000,,45342000000,,109484000000,27607000000,1009000000,1009535664
EXC,1109357,Utilities,2025-06-30,10-Q,2025-07-31,5427000000,,927000000,461000000,70000000,,0.39,,,,,,,,724000000,,45527000000,,111147000000,27620000000,1012000000,1009987294
EXC,1109357,Utilities,2025-09-30,10-Q,2025-11-04,6705000000,,1500000000,1030000000,155000000,,0.86,,,,,,,,1533000000,,46283000000,,113539000000,28113000000,1013000000,1010290316
EXC,1109357,Utilities,2025-12-31,10-K (Q4 derived: FY − 9M YTD),2026-02-12,5412000000,,1185000000,721000000,127000000,,,1244000000,2434000000,,,,405000000,,626000000,49428000000,47413000000,1665000000,116570000000,28798000000,1000000,
EXC,1109357,Utilities,2026-01-31,10-K,2026-02-12,,,,,,,,,,,,,,,,,,,,,,1022892585
EXC,1109357,Utilities,2026-03-31,10-Q,2026-05-06,7242000000,,1605000000,1119000000,200000000,,0.9,1724000000,2358000000,,,,430000000,,713000000,,47859000000,,117545000000,29315000000,1026000000,1023208142
EXE,895126,Energy,2024-12-31,10-K (Q4 derived: FY − 9M YTD),2026-02-18,2001000000,,-386000000,-421000000,-22000000,-399000000,-2.1599999999999997,382000000,536000000,9000000,647000000,,134000000,0,317000000,5680000000,5291000000,389000000,27894000000,17565000000,25031000,
EXE,895126,Energy,2025-02-19,10-K,2025-02-26,,,,,,,,,,,,,,,,,,,,,,232699939
EXE,895126,Energy,2025-03-31,10-Q,2026-04-28,2196000000,,-268000000,-319000000,-70000000,-249000000,-1.06,1096000000,563000000,9000000,711000000,,142000000,0,349000000,5243000000,5243000000,0,27934000000,17191000000,234434000,
EXE,895126,Energy,2025-04-24,10-Q,2025-04-29,,,,,,,,,,,,,,,,,,,,,,237979439
EXE,895126,Energy,2025-06-30,10-Q,2025-07-29,3690000000,,1269000000,1228000000,260000000,968000000,4.02,,,,769000000,,,,731000000,5122000000,5122000000,0,27768000000,17937000000,240560000,
EXE,895126,Energy,2025-07-24,10-Q,2025-07-29,,,,,,,,,,,,,,,,,,,,,,238145675
EXE,895126,Energy,2025-09-30,10-Q,2025-10-28,2966000000,,725000000,686000000,139000000,547000000,2.28,,,,741000000,,,,613000000,5010000000,5010000000,0,27606000000,18150000000,239893000,
EXE,895126,Energy,2025-10-23,10-Q,2025-10-28,,,,,,,,,,,,,,,,,,,,,,238169697
EXE,895126,Energy,2025-12-31,10-K (Q4 derived: FY − 9M YTD),2026-02-18,3272000000,,745000000,687000000,134000000,553000000,2.3000000000000007,956000000,741000000,12000000,759000000,,137000000,0,616000000,5009000000,5009000000,0,28287000000,18578000000,-3000,
EXE,895126,Energy,2026-02-11,10-K,2026-02-18,,,,,,,,,,,,,,,,,,,,,,240398260
EXE,895126,Energy,2026-03-31,10-Q,2026-04-28,4397000000,,1531000000,1489000000,330000000,1159000000,4.81,2402000000,707000000,10000000,711000000,,141000000,66000000,2220000000,5008000000,4133000000,875000000,29521000000,19546000000,240759000,
EXE,895126,Energy,2026-04-24,10-Q,2026-04-28,,,,,,,,,,,,,,,,,,,,,,239228849
EXPD,746515,Industrials,2025-03-31,10-Q,2026-05-06,,,265858000,275881000,71782000,203795000,1.47,342622000,13152000,11549000,14604000,,,177354000,1318520000,,,,4756650000,2285791000,138435000,
EXPD,746515,Industrials,2025-05-05,10-Q,2025-05-08,,,,,,,,,,,,,,,,,,,,,,136948055
EXPD,746515,Industrials,2025-06-30,10-Q,2026-08-05,,,247736000,257969000,74050000,183574000,1.34,179212000,15875000,27267000,13847000,,104139000,231116000,1156162000,,,,4786481000,2195354000,136631000,
EXPD,746515,Industrials,2025-08-04,10-Q,2025-08-07,,,,,,,,,,,,,,,,,,,,,,135718520
EXPD,746515,Industrials,2025-09-30,10-Q,2025-11-06,,,288042000,298173000,75095000,222256000,1.64,201368000,11098000,18046000,14248000,,0,212294000,1190167000,,,,4779582000,2280402000,135285000,
EXPD,746515,Industrials,2025-11-03,10-Q,2025-11-06,,,,,,,,,,,,,,,,,,,,,,134020931
EXPD,746515,Industrials,2025-12-31,10-K (Q4 derived: FY − 9M YTD),2026-02-25,,,250910000,262040000,61088000,200707000,1.4900000000000002,283299000,12976000,12369000,14070000,,103298000,46542000,1314285000,,,,4893638000,2355633000,-541000,
EXPD,746515,Industrials,2026-02-19,10-K,2026-02-25,,,,,,,,,,,,,,,,,,,,,,133503678
EXPD,746515,Industrials,2026-03-31,10-Q,2026-05-06,,,294828000,306486000,76442000,229610000,1.71,309234000,12612000,12823000,13875000,,,287624000,1316497000,,,,4781680000,2284370000,134076000,
EXPD,746515,Industrials,2026-05-01,10-Q,2026-05-06,,,,,,,,,,,,,,,,,,,,,,130791133
EXPD,746515,Industrials,2026-06-30,10-Q,2026-08-05,,,349618000,358461000,91203000,266226000,2.03,178640000,11991000,32200000,12695000,,105770000,354907000,1031448000,,,,5134910000,2118702000,131372000,
EXPD,746515,Industrials,2026-07-31,10-Q,2026-08-05,,,,,,,,,,,,,,,,,,,,,,129990622
EXPE,1324424,Consumer Discretionary,2023-09-30,10-Q,2024-11-08,3929000000,,607000000,444000000,139000000,425000000,2.87,,,105000000,208000000,62000000,,,5056000000,6250000000,,,22522000000,1673000000,147748000,134331000
EXPE,1324424,Consumer Discretionary,2023-12-31,10-K (Q4 derived: FY − 9M YTD),2026-02-13,2887000000,,104000000,171000000,35000000,132000000,0.9399999999999995,-238000000,177000000,99000000,208000000,61000000,,468000000,4225000000,6253000000,6253000000,0,21642000000,1534000000,-1944000,131522000
EXPE,1324424,Consumer Discretionary,2024-03-31,10-Q,2025-05-09,2889000000,,-110000000,-155000000,-19000000,-135000000,-0.99,2879000000,177000000,104000000,210000000,62000000,0,643000000,5686000000,6256000000,,,24761000000,890000000,135501000,128007000
EXPE,1324424,Consumer Discretionary,2024-06-30,10-Q,2025-08-08,3558000000,,451000000,488000000,113000000,386000000,2.8,,,114000000,205000000,,,,6242000000,6259000000,5218000000,1041000000,25893000000,889000000,137832000,125281000
EXPE,1324424,Consumer Discretionary,2024-09-30,10-Q,2025-11-07,4060000000,,762000000,874000000,190000000,684000000,5.04,,,147000000,211000000,,,,4722000000,6263000000,5221000000,1042000000,23405000000,1322000000,135732000,123316000
EXPE,1324424,Consumer Discretionary,2024-12-31,10-K (Q4 derived: FY − 9M YTD),2026-02-13,3184000000,,216000000,335000000,34000000,299000000,2.1999999999999993,198000000,191000000,93000000,212000000,,0,198000000,4183000000,6266000000,5223000000,1043000000,22388000000,1557000000,-736000,123271000
EXPE,1324424,Consumer Discretionary,2025-03-31,10-Q,2026-05-08,2988000000,,-70000000,-217000000,-20000000,-200000000,-1.56,2952000000,196000000,98000000,219000000,,51000000,384000000,5715000000,6211000000,4465000000,1746000000,26114000000,1072000000,128641000,122220000
EXPE,1324424,Consumer Discretionary,2025-06-30,10-Q,2026-08-06,3786000000,,485000000,423000000,101000000,330000000,2.48,,,105000000,223000000,,,,6304000000,6213000000,4466000000,1747000000,26976000000,836000000,132809000,118969000
EXPE,1324424,Consumer Discretionary,2025-09-30,10-Q,2025-11-07,4412000000,,1036000000,1131000000,167000000,959000000,7.33,,,90000000,225000000,,,,5826000000,6216000000,4468000000,1748000000,25108000000,1337000000,131014000,117514000
EXPE,1324424,Consumer Discretionary,2025-12-31,10-K (Q4 derived: FY − 9M YTD),2026-02-13,3547000000,,420000000,254000000,42000000,205000000,1.6300000000000008,304000000,185000000,105000000,220000000,,49000000,327000000,5413000000,6161000000,4469000000,1692000000,24452000000,1284000000,-1245000,116975000
EXPE,1324424,Consumer Discretionary,2026-03-31,10-Q,2026-05-08,3426000000,,251000000,25000000,37000000,-6000000,-0.05,3931000000,184000000,103000000,228000000,,58000000,788000000,5540000000,4470000000,4470000000,0,26459000000,576000000,121827000,114476000
EXPE,1324424,Consumer Discretionary,2026-06-30,10-Q,2026-08-06,4315000000,,800000000,1027000000,152000000,878000000,7.16,,,114000000,228000000,,,,6682000000,5459000000,5459000000,0,29061000000,1209000000,122552000,114473000
EXR,1289490,Real Estate,2025-03-31,10-Q,2026-05-01,819997000,,388730000,,8991000,270875000,1.28,481404000,117075000,7167000,180356000,,344203000,0,119559000,,,,28993918000,13886787000,212052742,
EXR,1289490,Real Estate,2025-04-28,10-Q,2025-05-02,,,,,,,,,,,,,,,,,,,,,,212210881
EXR,1289490,Real Estate,2025-06-30,10-Q,2026-07-31,841618000,,373970000,,11638000,249731000,1.18,,161738000,,177266000,,,,125045000,,,,29368011000,13790842000,211940903,
EXR,1289490,Real Estate,2025-07-28,10-Q,2025-08-01,,,,,,,,,,,,,,,,,,,,,,212253611
EXR,1289490,Real Estate,2025-09-30,10-Q,2025-10-31,858460000,,279120000,,11962000,165998000,0.78,,12945000,,177466000,,,,111931000,,,,29232969000,13617621000,221304958,
EXR,1289490,Real Estate,2025-10-27,10-Q,2025-10-31,,,,,,,,,,,,,,,,,,,,,,212247580
EXR,1289490,Real Estate,2025-12-31,10-K (Q4 derived: FY − 9M YTD),2026-02-20,857467000,,370871000,,8968000,287395000,1.3599999999999999,367797000,251015000,12797000,180089000,,342368000,140933000,138920000,,,,29264046000,13433166000,-68068,
EXR,1289490,Real Estate,2026-02-13,10-K,2026-02-20,,,,,,,,,,,,,,,,,,,,,,211137672
EXR,1289490,Real Estate,2026-03-31,10-Q,2026-05-01,856027000,,367553000,,10789000,240977000,1.14,489855000,12360000,7606000,185795000,,342753000,1443000,138986000,,,,29099370000,13332480000,220322872,
EXR,1289490,Real Estate,2026-04-24,10-Q,2026-05-01,,,,,,,,,,,,,,,,,,,,,,211260936
EXR,1289490,Real Estate,2026-06-30,10-Q,2026-07-31,874152000,,392184000,,12069000,263471000,1.25,,86804000,,185610000,,,,695171000,,,,29660493000,13257895000,220362955,
EXR,1289490,Real Estate,2026-07-24,10-Q,2026-07-31,,,,,,,,,,,,,,,,,,,,,,211269558
F,37996,Consumer Discretionary,2023-06-30,10-Q,2024-07-25,,,2461000000,2288000000,272000000,1917000000,0.47,,,,,,,,26406000000,,,,265991000000,43677000000,4041000000,
F,37996,Consumer Discretionary,2023-09-30,10-Q,2024-10-29,,,1129000000,1387000000,214000000,1199000000,0.3,,,,,,,,26427000000,,,,268073000000,44263000000,4050000000,
F,37996,Consumer Discretionary,2023-12-31,10-K (Q4 derived: FY − 9M YTD),2026-02-11,,,-245000000,-1867000000,-1344000000,-526000000,-0.1299999999999999,2492000000,2295000000,110000000,,,601000000,335000000,24862000000,,,,273310000000,42773000000,1000000,
F,37996,Consumer Discretionary,2024-03-31,10-Q,2025-05-06,,,1225000000,1612000000,278000000,1332000000,0.33,1385000000,2094000000,126000000,1881000000,,1326000000,0,19721000000,,,,274341000000,42870000000,4023000000,
F,37996,Consumer Discretionary,2024-06-30,10-Q,2025-07-31,,,1883000000,2438000000,605000000,1831000000,0.46,,2100000000,,1914000000,,,,19953000000,,,,276586000000,43567000000,4022000000,
F,37996,Consumer Discretionary,2024-09-30,10-Q,2025-10-24,,,880000000,869000000,-27000000,892000000,0.22,,,,1841000000,,,,23449000000,,,,287047000000,44315000000,4018000000,
F,37996,Consumer Discretionary,2024-12-31,10-K (Q4 derived: FY − 9M YTD),2026-02-11,,,1231000000,2314000000,483000000,1824000000,0.44999999999999996,3028000000,2498000000,107000000,1931000000,,596000000,150000000,22935000000,,,,285196000000,44835000000,1000000,
F,37996,Consumer Discretionary,2025-03-31,10-Q,2026-04-30,,,319000000,621000000,148000000,471000000,0.12,3679000000,1818000000,121000000,1848000000,,1196000000,0,20864000000,,,,284539000000,44635000000,4011000000,
F,37996,Consumer Discretionary,2025-06-30,10-Q,2025-07-31,,,511000000,541000000,570000000,-36000000,-0.01,,2088000000,,1899000000,,,,23020000000,,,,292725000000,45057000000,3980000000,
F,37996,Consumer Discretionary,2025-09-30,10-Q,2025-10-24,,,1558000000,1818000000,-630000000,,0.6,,,,1975000000,,,,26788000000,,,,300990000000,47392000000,4048000000,
F,37996,Consumer Discretionary,2025-12-31,10-K (Q4 derived: FY − 9M YTD),2026-02-11,,,-11557000000,-14810000000,-3756000000,,-2.7800000000000002,3884000000,2784000000,101000000,10252000000,,599000000,0,23356000000,,,,289160000000,35952000000,-47000000,
F,37996,Consumer Discretionary,2026-03-31,10-Q,2026-04-30,,,2329000000,2912000000,361000000,,0.63,1316000000,2376000000,110000000,1883000000,,607000000,311000000,17649000000,,,,282434000000,37453000000,4071000000,
FANG,1539838,Energy,2025-03-31,10-Q,2026-05-06,4048000000,,1673000000,1894000000,403000000,1405000000,4.83,2355000000,,18000000,1097000000,,290000000,575000000,1816000000,12996000000,12996000000,914000000,70066000000,38473000000,289612000,
FANG,1539838,Energy,2025-05-02,10-Q,2025-05-07,,,,,,,,,,,,,,,,,,,,,,292167960
FANG,1539838,Energy,2025-06-30,10-Q,2026-08-05,3678000000,,1139000000,943000000,204000000,699000000,2.38,,,,1266000000,,,,219000000,15119000000,15119000000,14000000,71941000000,38881000000,292135000,
FANG,1539838,Energy,2025-08-01,10-Q,2025-08-06,,,,,,,,,,,,,,,,,,,,,,289486120
FANG,1539838,Energy,2025-09-30,10-Q,2025-11-05,3924000000,,1236000000,1370000000,287000000,1018000000,3.51,,,,1286000000,,,,159000000,15848000000,15848000000,394000000,76213000000,39088000000,288826000,
FANG,1539838,Energy,2025-10-31,10-Q,2025-11-05,,,,,,,,,,,,,,,,,,,,,,286525614
FANG,1539838,Energy,2025-12-31,10-K (Q4 derived: FY − 9M YTD),2026-02-25,3376000000,,-2782000000,-2333000000,-567000000,-1458000000,-4.98,2343000000,,,1389000000,,286000000,,104000000,13726000000,13726000000,763000000,71059000000,36972000000,-1109000,
FANG,1539838,Energy,2026-02-20,10-K,2026-02-25,,,,,,,,,,,,,,,,,,,,,,282078989
FANG,1539838,Energy,2026-03-31,10-Q,2026-05-06,4240000000,,116000000,176000000,32000000,25000000,0.08,1828000000,,,1293000000,,295000000,,174000000,13149000000,13149000000,749000000,70080000000,36473000000,282792000,
FANG,1539838,Energy,2026-05-01,10-Q,2026-05-06,,,,,,,,,,,,,,,,,,,,,,281313297
FANG,1539838,Energy,2026-06-30,10-Q,2026-08-05,5562000000,,2512000000,2635000000,580000000,1882000000,6.65,,,,1272000000,,,,462000000,11066000000,11066000000,1548000000,70218000000,37900000000,281202000,
FANG,1539838,Energy,2026-07-31,10-Q,2026-08-05,,,,,,,,,,,,,,,,,,,,,,280024353
FAST,815556,Industrials,2025-03-31,10-Q,2026-04-16,1959400000,883900000,393900000,393100000,94400000,298700000,0.26,262200000,55700000,2000000,,,246700000,0,231800000,200000000,125000000,75000000,4870900000,3690300000,1149512223,
FAST,815556,Industrials,2025-04-10,10-Q,2025-04-16,,,,,,,,,,,,,,,,,,,,,,573620638
FAST,815556,Industrials,2025-06-30,10-Q,2026-07-16,2080300000,942800000,436100000,436600000,106300000,330300000,0.29,278600000,69300000,2000000,,,252500000,0,237800000,230000000,100000000,130000000,5016200000,3807400000,1150100651,
FAST,815556,Industrials,2025-07-11,10-Q,2025-07-17,,,,,,,,,,,,,,,,,,,,,,1147636617
FAST,815556,Industrials,2025-09-30,10-Q,2025-10-16,2133300000,965800000,441500000,440600000,105100000,335500000,0.29,386900000,60300000,2100000,,,252500000,,288100000,195000000,100000000,95000000,5116300000,3894500000,1151036631,
FAST,815556,Industrials,2025-10-10,10-Q,2025-10-16,,,,,,,,,,,,,,,,,,,,,,1148035721
FAST,815556,Industrials,2025-12-31,10-K (Q4 derived: FY − 9M YTD),2026-02-05,2027400000,898700000,384300000,384600000,90600000,294000000,0.2500000000000001,368100000,60000000,2200000,,,252600000,,276800000,125000000,100000000,25000000,5052900000,3943600000,82188,
FAST,815556,Industrials,2026-01-21,10-K,2026-02-05,,,,,,,,,,,,,,,,,,,,,,1148179210
FAST,815556,Industrials,2026-03-31,10-Q,2026-04-16,2201700000,982900000,447600000,448300000,108600000,339800000,0.3,378400000,58900000,2600000,,,275600000,20300000,308600000,125000000,100000000,25000000,5209800000,3989500000,1150900401,
FAST,815556,Industrials,2026-04-10,10-Q,2026-04-16,,,,,,,,,,,,,,,,,,,,,,1148035061
FAST,815556,Industrials,2026-06-30,10-Q,2026-07-16,2386900000,1063600000,501800000,502100000,119300000,382800000,0.33,265700000,64100000,2600000,,,275400000,30000000,204700000,120000000,50000000,70000000,5293500000,4068800000,1150281044,
FAST,815556,Industrials,2026-07-10,10-Q,2026-07-16,,,,,,,,,,,,,,,,,,,,,,1147497573
FCX,831259,Materials,2025-03-31,10-Q,2026-05-08,5728000000,,1303000000,1291000000,500000000,,0.24,1058000000,1172000000,54000000,466000000,,218000000,55000000,4385000000,9404000000,8909000000,495000000,56022000000,17688000000,1444000000,
FCX,831259,Materials,2025-04-30,10-Q,2025-05-08,,,,,,,,,,,,,,,,,,,,,,1436200253
FCX,831259,Materials,2025-06-30,10-Q,2026-08-06,7582000000,,2432000000,2391000000,850000000,772000000,0.53,,1261000000,,,,,,4490000000,,8913000000,338000000,56492000000,18208000000,1443000000,
FCX,831259,Materials,2025-07-31,10-Q,2025-08-08,,,,,,,,,,,,,,,,,,,,,,1435774134
FCX,831259,Materials,2025-09-30,10-Q,2025-11-06,6972000000,,1972000000,1924000000,669000000,,0.46,,1056000000,,,,,,4318000000,,8915000000,383000000,56828000000,18685000000,1443000000,
FCX,831259,Materials,2025-10-31,10-Q,2025-11-06,,,,,,,,,,,,,,,,,,,,,,1435930660
FCX,831259,Materials,2025-12-31,10-K (Q4 derived: FY − 9M YTD),2026-02-13,5633000000,,811000000,766000000,202000000,,,693000000,1005000000,23000000,485000000,,216000000,0,3824000000,9379000000,8913000000,466000000,58167000000,18899000000,0,
FCX,831259,Materials,2026-01-31,10-K,2026-02-13,,,,,,,,,,,,,,,,,,,,,,1437201606
FCX,831259,Materials,2026-03-31,10-Q,2026-05-08,6234000000,,2137000000,2034000000,653000000,,0.61,1495000000,973000000,68000000,514000000,,218000000,93000000,3737000000,9414000000,8914000000,500000000,58840000000,19505000000,1444000000,
FCX,831259,Materials,2026-04-30,10-Q,2026-05-08,,,,,,,,,,,,,,,,,,,,,,1437559865
FCX,831259,Materials,2026-06-30,10-Q,2026-08-06,7029000000,,2003000000,1930000000,544000000,984000000,0.68,,,,,,,,4080000000,9386000000,8166000000,1220000000,59727000000,20109000000,1443000000,
FCX,831259,Materials,2026-07-31,10-Q,2026-08-06,,,,,,,,,,,,,,,,,,,,,,1436017523
FDS,1013237,Financials,2025-02-28,10-Q,2026-04-02,,,185492000,172320000,27460000,144860000,3.76,,,,38410000,,,,278548000,1472162000,1472162000,0,4241442000,2056917000,38510000,
FDS,1013237,Financials,2025-03-28,10-Q,2025-04-04,,,,,,,,,,,,,,,,,,,,,,37947057
FDS,1013237,Financials,2025-05-31,10-Q,2026-07-01,,,194155000,179948000,31406000,148542000,3.87,,,,40845000,,,,356361000,1430197000,1430197000,0,4338762000,2155182000,38344000,
FDS,1013237,Financials,2025-06-27,10-Q,2025-07-03,,,,,,,,,,,,,,,,,,,,,,37806774
FDS,1013237,Financials,2025-08-31,10-K (Q4 derived: FY − 9M YTD),2025-10-22,,,177321000,188951000,35335000,153616000,4.020000000000001,212100000,,14075000,42719000,,41644000,106619000,337651000,1368260000,1368260000,0,4304272000,2186413000,-72000,
FDS,1013237,Financials,2025-10-15,10-K,2025-10-22,,,,,,,,,,,,,,,,,,,,,,37456326
FDS,1013237,Financials,2025-11-30,10-Q,2026-01-05,,,192071000,190113000,37533000,152580000,4.06,121284000,,18457000,44148000,,41411000,139899000,275448000,1368738000,1368738000,,4220784000,2167884000,37615000,
FDS,1013237,Financials,2025-12-29,10-Q,2026-01-05,,,,,,,,,,,,,,,,,,,,,,37099259
FDS,1013237,Financials,2026-02-28,10-Q,2026-04-02,,,184961000,161111000,28055000,133056000,3.59,,,,43690000,,,,268338000,1369216000,1369216000,,4219830000,2129112000,37063000,
FDS,1013237,Financials,2026-03-26,10-Q,2026-04-02,,,,,,,,,,,,,,,,,,,,,,36431127
FDS,1013237,Financials,2026-05-31,10-Q,2026-07-01,,,166301000,154121000,27403000,126718000,3.5,,,,45870000,,,,288114000,1389701000,890542000,499159000,4191997000,2032290000,36191000,
FDS,1013237,Financials,2026-06-25,10-Q,2026-07-01,,,,,,,,,,,,,,,,,,,,,,35565543
FDX,1048911,Industrials,2025-02-28,10-Q,2026-03-19,,,1292000000,1181000000,272000000,909000000,3.76,,,,1066000000,,,,5135000000,,,611000000,85043000000,26708000000,242000000,
FDX,1048911,Industrials,2025-03-18,10-Q,2025-03-20,,,,,,,,,,,,,,,,,,,,,,239598919
FDX,1048911,Industrials,2025-05-31,10-K (Q4 derived: FY − 9M YTD),2026-07-20,,,1793000000,2223000000,575000000,1648000000,6.8199999999999985,2519000000,1473000000,38000000,1057000000,,331000000,500000000,5502000000,19899000000,19151000000,1428000000,87627000000,28074000000,-1000000,
FDX,1048911,Industrials,2025-07-17,10-K,2025-07-21,,,,,,,,,,,,,,,,,,,,,,235899098
FDX,1048911,Industrials,2025-08-31,10-Q,2025-09-18,,,1186000000,1134000000,310000000,824000000,3.46,1716000000,623000000,56000000,1092000000,,345000000,500000000,6166000000,,,883000000,88416000000,27771000000,238000000,
FDX,1048911,Industrials,2025-09-16,10-Q,2025-09-18,,,,,,,,,,,,,,,,,,,,,,235955461
FDX,1048911,Industrials,2025-11-30,10-Q,2025-12-18,,,1378000000,1289000000,333000000,956000000,4.04,,,,1068000000,,,,6570000000,,,901000000,89181000000,28140000000,236000000,
FDX,1048911,Industrials,2025-12-16,10-Q,2025-12-18,,,,,,,,,,,,,,,,,,,,,,235122816
FDX,1048911,Industrials,2026-02-28,10-Q,2026-03-19,,,1348000000,1263000000,207000000,1056000000,4.41,,,,1112000000,,,,8008000000,,,2422000000,94733000000,29804000000,239000000,
FDX,1048911,Industrials,2026-03-17,10-Q,2026-03-19,,,,,,,,,,,,,,,,,,,,,,238606756
FDX,1048911,Industrials,2026-05-31,10-K (Q4 derived: FY − 9M YTD),2026-07-20,,,1551000000,2107000000,510000000,1597000000,6.640000000000001,3265000000,1474000000,41000000,1097000000,,346000000,0,13311000000,23455000000,23293000000,1676000000,98937000000,31647000000,1000000,
FDX,1048911,Industrials,2026-07-16,10-K,2026-07-20,,,,,,,,,,,,,,,,,,,,,,236581188
FDXF,2082247,Industrials,2023-05-31,10-K,2026-08-05,,,,,,,,,,,,,,,,,,,,1671000000,,
FDXF,2082247,Industrials,2024-05-31,10-K,2026-08-05,,,,,,,,,,,,,,,,,,,,2124000000,,
FDXF,2082247,Industrials,2025-05-31,10-K,2026-08-05,,,,,,,,,,,,,,,,,,7000000,5022000000,2393000000,,
FDXF,2082247,Industrials,2026-05-31,10-K,2026-08-05,,,,,,,,,,,,,,,,4264000000,,43000000,6884000000,-497000000,,
FDXF,2082247,Industrials,2026-08-03,10-K,2026-08-05,,,,,,,,,,,,,,,,,,,,,,149518133
FE,1031296,Utilities,2024-01-31,10-K,2024-02-13,,,,,,,,,,,,,,,,,,,,,,574440850
FE,1031296,Utilities,2024-03-31,10-Q,2025-04-30,3287000000,,612000000,402000000,135000000,253000000,0.44,-40000000,790000000,,,305000000,235000000,,888000000,21652000000,,,51299000000,12397000000,576000000,575516472
FE,1031296,Utilities,2024-06-30,10-Q,2025-07-30,3280000000,,423000000,163000000,65000000,45000000,0.08,,942000000,,,,,,60000000,20831000000,,,51021000000,12474000000,576000000,575922417
FE,1031296,Utilities,2024-09-30,10-Q,2025-10-28,3729000000,,727000000,560000000,94000000,419000000,0.73,,1004000000,,,,,,439000000,21603000000,,,50756000000,12427000000,577000000,576317004
FE,1031296,Utilities,2024-12-31,10-K (Q4 derived: FY − 9M YTD),2026-02-18,3176000000,,613000000,379000000,83000000,261000000,0.45999999999999996,1044000000,1294000000,,,,245000000,,111000000,22496000000,,977000000,52044000000,12455000000,1000000,
FE,1031296,Utilities,2025-01-31,10-K,2025-02-27,,,,,,,,,,,,,,,,,,,,,,576697425
FE,1031296,Utilities,2025-03-31,10-Q,2026-04-28,3765000000,,754000000,540000000,126000000,360000000,0.62,637000000,1005000000,,,,245000000,,132000000,21223000000,,,52771000000,12567000000,578000000,577156244
FE,1031296,Utilities,2025-06-30,10-Q,2025-07-30,3380000000,,646000000,406000000,88000000,268000000,0.46,,,,,,,,569000000,23746000000,,,54230000000,12851000000,578000000,577403931
FE,1031296,Utilities,2025-09-30,10-Q,2025-10-28,4148000000,,830000000,610000000,78000000,441000000,0.76,,,,,,,,1404000000,25510000000,,,55884000000,12798000000,578000000,577665555
FE,1031296,Utilities,2025-12-31,10-K (Q4 derived: FY − 9M YTD),2026-02-18,3797000000,,-24000000,3000000,-4000000,-49000000,-0.09000000000000008,1136000000,1166000000,,,,257000000,,57000000,25508000000,,723000000,55904000000,12510000000,0,
FE,1031296,Utilities,2026-01-31,10-K,2026-02-18,,,,,,,,,,,,,,,,,,,,,,577932879
FE,1031296,Utilities,2026-03-31,10-Q,2026-04-28,4202000000,,828000000,604000000,138000000,405000000,0.7,148000000,1255000000,,,,257000000,,52000000,26331000000,,,56917000000,12654000000,580000000,578431175
FERG,2011641,Industrials,2025-04-30,10-Q,2025-06-03,7621000000,2359000000,606000000,557000000,147000000,410000000,2.07,,,,,,,,519000000,,3701000000,400000000,17265000000,5531000000,198500000,
FERG,2011641,Industrials,2025-05-27,10-Q,2025-06-03,,,,,,,,,,,,,,,,,,,,,,197181036
FERG,2011641,Industrials,2025-06-30,10-Q,2026-08-10,8363000000,2613000000,842000000,790000000,156000000,634000000,3.21,,,,,,,,,,,,,5726000000,197500000,
FERG,2011641,Industrials,2025-07-31,10-K (Q4 derived: FY − 9M YTD),2025-09-26,8497000000,2694000000,925000000,872000000,172000000,700000000,3.54,541000000,,6000000,97000000,,165000000,189000000,674000000,4175000000,3752000000,400000000,17729000000,5832000000,-600000,
FERG,2011641,Industrials,2025-09-19,10-K,2025-09-26,,,,,,,,,,,,,,,,,,,,,,196151443
FERG,2011641,Industrials,2025-10-31,10-Q,2025-12-09,8169000000,2506000000,771000000,712000000,142000000,570000000,2.9,430000000,,64000000,94000000,,164000000,208000000,526000000,,4124000000,0,17694000000,6056000000,196600000,
FERG,2011641,Industrials,2025-12-02,10-Q,2025-12-09,,,,,,,,,,,,,,,,,,,,,,195545957
FERG,2011641,Industrials,2025-12-31,10-Q,2026-08-10,,,,,,,,,,,,,,,557000000,,3978000000,148000000,17152000000,5857000000,,
FERG,2011641,Industrials,2026-03-31,10-Q,2026-05-05,7472000000,2318000000,612000000,560000000,146000000,414000000,2.13,772000000,,16000000,97000000,,174000000,236000000,820000000,,3979000000,148000000,17789000000,5874000000,194800000,
FERG,2011641,Industrials,2026-04-28,10-Q,2026-05-05,,,,,,,,,,,,,,,,,,,,,,193937826
FERG,2011641,Industrials,2026-06-30,10-Q,2026-08-10,8751000000,2712000000,893000000,846000000,180000000,666000000,3.43,,,,,,,,437000000,,4456000000,448000000,19303000000,6201000000,194000000,
FERG,2011641,Industrials,2026-08-03,10-Q,2026-08-10,,,,,,,,,,,,,,,,,,,,,,193452717
FFIV,1048695,Information Technology,2025-03-31,10-Q,2026-05-05,731123000,590164000,158897000,171200000,25670000,145530000,2.48,,,,,,,,1259282000,,,,5906577000,3314045000,58764000,
FFIV,1048695,Information Technology,2025-04-29,10-Q,2025-05-06,,,,,,,,,,,,,,,,,,,,,,57431570
FFIV,1048695,Information Technology,2025-06-30,10-Q,2026-08-06,780370000,631742000,196317000,213023000,23111000,189912000,3.25,,,,,,,,1426957000,,,,6113499000,3471684000,58492000,
FFIV,1048695,Information Technology,2025-07-30,10-Q,2025-08-06,,,,,,,,,,,,,,,,,,,,,,57447170
FFIV,1048695,Information Technology,2025-09-30,10-K (Q4 derived: FY − 9M YTD),2025-11-25,810090000,666209000,205653000,215069000,24576000,190493000,3.2600000000000016,208068000,16141000,57248000,24791000,,,125008000,1344273000,,,,6319492000,3591999000,-89000,
FFIV,1048695,Information Technology,2025-11-12,10-K,2025-11-25,,,,,,,,,,,,,,,,,,,,,,58089614
FFIV,1048695,Information Technology,2025-12-31,10-Q,2026-02-05,822465000,670680000,214187000,222922000,42868000,180054000,3.1,159211000,9720000,60005000,24611000,,,,1199734000,,,,6291682000,3538264000,58164000,
FFIV,1048695,Information Technology,2026-01-30,10-Q,2026-02-05,,,,,,,,,,,,,,,,,,,,,,56519273
FFIV,1048695,Information Technology,2026-03-31,10-Q,2026-05-05,811700000,660800000,179018000,189217000,41462000,147755000,2.58,,,,,,,,1442811000,,,,6497472000,3649575000,57298000,
FFIV,1048695,Information Technology,2026-04-30,10-Q,2026-05-05,,,,,,,,,,,,,,,,,,,,,,56419247
FFIV,1048695,Information Technology,2026-06-30,10-Q,2026-08-06,865077000,711513000,213267000,226199000,17991000,208208000,3.62,,,,,,,,1605782000,,,,6829074000,3855729000,57550000,
FFIV,1048695,Information Technology,2026-08-03,10-Q,2026-08-06,,,,,,,,,,,,,,,,,,,,,,56627182
FICO,814547,Information Technology,2025-03-31,10-Q,2026-04-28,,,245648000,213016000,50401000,162615000,6.59,,,41704000,,31378000,,,146641000,2513179000,2513179000,,1835753000,-1124052000,24685000,
FICO,814547,Information Technology,2025-04-16,10-Q,2025-04-29,,,,,,,,,,,,,,,,,,,,,,24341690
FICO,814547,Information Technology,2025-06-30,10-Q,2026-07-29,,,262518000,236991000,55202000,181789000,7.4,,,41930000,,,,,189049000,2779554000,2380209000,399345000,1862023000,-1397446000,24575000,
FICO,814547,Information Technology,2025-07-18,10-Q,2025-07-30,,,,,,,,,,,,,,,,,,,,,,24003656
FICO,814547,Information Technology,2025-09-30,10-K (Q4 derived: FY − 9M YTD),2025-11-07,,,237156000,202459000,47445000,155014000,6.419999999999998,223669000,4171000,32379000,4021000,,,547982000,134136000,3055691000,2656150000,399541000,1868133000,-1745784000,-135000,
FICO,814547,Information Technology,2025-10-23,10-K,2025-11-07,,,,,,,,,,,,,,,,,,,,,,23709047
FICO,814547,Information Technology,2025-12-31,10-Q,2026-01-28,,,234049000,191931000,33558000,158373000,6.61,174082000,226000,44269000,4017000,,,171169000,162034000,3196829000,2797091000,399738000,1854160000,-1808134000,23958000,
FICO,814547,Information Technology,2026-01-21,10-Q,2026-01-28,,,,,,,,,,,,,,,,,,,,,,23722134
FICO,814547,Information Technology,2026-03-31,10-Q,2026-04-28,,,402465000,356029000,91571000,264458000,11.14,,,45310000,,,,,219419000,3639063000,3639063000,0,2048249000,-2101650000,23748000,
FICO,814547,Information Technology,2026-04-16,10-Q,2026-04-28,,,,,,,,,,,,,,,,,,,,,,23190906
FICO,814547,Information Technology,2026-06-30,10-Q,2026-07-29,,,362628000,314659000,77487000,237172000,10.45,,,52331000,,,,,248444000,5582389000,5282389000,300000000,2037373000,-4097135000,22703000,
FICO,814547,Information Technology,2026-07-17,10-Q,2026-07-29,,,,,,,,,,,,,,,,,,,,,,21597635
FIS,1136893,Financials,2025-03-31,10-Q,2026-05-08,2532000000,879000000,347000000,,81000000,77000000,0.15,,37000000,47000000,456000000,,220000000,537000000,805000000,10912000000,8658000000,2254000000,32841000000,15064000000,531000000,
FIS,1136893,Financials,2025-05-02,10-Q,2025-05-06,,,,,,,,,,,,,,,,,,,,,,525395053
FIS,1136893,Financials,2025-06-30,10-Q,2026-08-04,2616000000,952000000,408000000,,10000000,-470000000,-0.9,,,,481000000,,,,581000000,11186000000,8868000000,2318000000,33373000000,14168000000,525000000,
FIS,1136893,Financials,2025-08-01,10-Q,2025-08-05,,,,,,,,,,,,,,,,,,,,,,522378577
FIS,1136893,Financials,2025-09-30,10-K,2026-02-24,2717000000,1028000000,457000000,,87000000,264000000,0.5,,,,479000000,,,,571000000,10926000000,8900000000,2026000000,33042000000,13859000000,523000000,
FIS,1136893,Financials,2025-10-31,10-Q,2025-11-05,,,,,,,,,,,,,,,,,,,,,,517850764
FIS,1136893,Financials,2025-12-31,10-K,2026-02-24,2812000000,1076000000,529000000,,86000000,511000000,0.97,,19000000,45000000,468000000,,207000000,293000000,599000000,10353000000,9069000000,1284000000,33488000000,13899000000,519000000,
FIS,1136893,Financials,2026-02-20,10-K,2026-02-24,,,,,,,,,,,,,,,,,,,,,,514403688
FIS,1136893,Financials,2026-03-31,10-Q,2026-05-08,3295000000,1108000000,423000000,,106000000,2366000000,4.58,,50000000,44000000,628000000,,232000000,67000000,755000000,16892000000,16791000000,101000000,43484000000,15977000000,517000000,
FIS,1136893,Financials,2026-05-06,10-Q,2026-05-08,,,,,,,,,,,,,,,,,,,,,,516879151
FIS,1136893,Financials,2026-06-30,10-Q,2026-08-04,3377000000,1174000000,507000000,,63000000,231000000,0.45,,,,665000000,,,,744000000,16948000000,15432000000,1516000000,44106000000,16038000000,517000000,
FIS,1136893,Financials,2026-07-31,10-Q,2026-08-04,,,,,,,,,,,,,,,,,,,,,,515705917
FISV,798354,Financials,2025-03-31,10-Q,2025-04-25,5130000000,,1395000000,1046000000,190000000,851000000,1.51,648000000,335000000,124000000,,339000000,,,1177000000,,,,80402000000,25884000000,564700000,
FISV,798354,Financials,2025-04-18,10-Q,2025-04-25,,,,,,,,,,,,,,,,,,,,,,554433824
FISV,798354,Financials,2025-06-30,10-Q,2025-07-24,5516000000,,1696000000,1292000000,246000000,1026000000,1.86,,,,,376000000,,,999000000,,,,81531000000,25215000000,552700000,
FISV,798354,Financials,2025-07-18,10-Q,2025-07-24,,,,,,,,,,,,,,,,,,,,,,543593180
FISV,798354,Financials,2025-09-30,10-Q,2025-10-30,5263000000,,1436000000,964000000,173000000,792000000,1.46,,,,,432000000,,,1068000000,,,,79370000000,25121000000,541800000,
FISV,798354,Financials,2025-10-24,10-Q,2025-10-30,,,,,,,,,,,,,,,,,,,,,,537851887
FISV,798354,Financials,2025-12-31,10-K (Q4 derived: FY − 9M YTD),2026-02-19,5284000000,,1291000000,962000000,202000000,811000000,1.5099999999999998,1944000000,442000000,55000000,,,,,798000000,,,,80133000000,25792000000,-4000000,
FISV,798354,Financials,2026-02-13,10-K,2026-02-19,,,,,,,,,,,,,,,,,,,,,,534777512
FISV,798354,Financials,2026-03-31,10-Q,2026-05-06,,,918000000,593000000,24000000,571000000,1.07,599000000,458000000,118000000,,361000000,,,829000000,,,,80548000000,26201000000,535400000,
FISV,798354,Financials,2026-05-01,10-Q,2026-05-06,,,,,,,,,,,,,,,,,,,,,,533253986
FISV,798354,Financials,2026-06-30,10-Q,2026-08-07,,,1015000000,775000000,156000000,627000000,1.17,,,,,376000000,,,627000000,,,,80886000000,26904000000,533700000,
FISV,798354,Financials,2026-07-31,10-Q,2026-08-07,,,,,,,,,,,,,,,,,,,,,,531766721
FITB,35527,Financials,2025-03-31,10-Q,2026-05-05,,,,653000000,138000000,515000000,0.71,1233000000,117000000,73000000,135000000,,,225000000,3009000000,14539000000,,,212669000000,20403000000,676040080,
FITB,35527,Financials,2025-04-30,10-Q,2025-05-06,,,,,,,,,,,,,,,,,,,,,,667492181
FITB,35527,Financials,2025-06-30,10-Q,2026-08-04,,,,808000000,180000000,628000000,0.88,,,,,,,,2972000000,14492000000,,,209991000000,21124000000,674034313,
FITB,35527,Financials,2025-07-31,10-Q,2025-08-05,,,,,,,,,,,,,,,,,,,,,,661887239
FITB,35527,Financials,2025-09-30,10-Q,2025-11-04,,,,837000000,188000000,649000000,0.91,,,,,,,,2901000000,13677000000,,,212903000000,21107000000,670877546,
FITB,35527,Financials,2025-10-31,10-Q,2025-11-04,,,,,,,,,,,,,,,,,,,,,,661011769
FITB,35527,Financials,2025-12-31,10-K (Q4 derived: FY − 9M YTD),2026-02-24,,,,913000000,182000000,731000000,1.0399999999999996,929000000,164000000,28000000,142000000,,,0,3499000000,13589000000,,,214376000000,21724000000,-1128880,
FITB,35527,Financials,2026-02-01,10-K,2026-02-24,,,,,,,,,,,,,,,,,,,,,,901819022
FITB,35527,Financials,2026-03-31,10-Q,2026-05-05,,,,207000000,42000000,165000000,0.15,-1106000000,146000000,145000000,199000000,,,0,4084000000,18753000000,,,297039000000,34106000000,830273720,
FITB,35527,Financials,2026-04-30,10-Q,2026-05-05,,,,,,,,,,,,,,,,,,,,,,906311548
FITB,35527,Financials,2026-06-30,10-Q,2026-08-04,,,,1036000000,235000000,801000000,0.83,,,,,,,,4374000000,17636000000,,,300180000000,34482000000,915959377,
FITB,35527,Financials,2026-07-31,10-Q,2026-08-04,,,,,,,,,,,,,,,,,,,,,,906892564
FIX,1035983,Industrials,2025-03-31,10-Q,2026-04-23,1831286000,403416000,209098000,208012000,38723000,169289000,4.75,-87950000,22208000,8037000,,,14162000,91369000,204758000,67842000,63776000,4066000,4569218000,1777013000,35605000,
FIX,1035983,Industrials,2025-04-18,10-Q,2025-04-24,,,,,,,,,,,,,,,,,,,,,,35274843
FIX,1035983,Industrials,2025-06-30,10-Q,2026-07-23,2173319000,509897000,299873000,296484000,65636000,230848000,6.53,,,,,,,,331710000,73020000,61331000,11689000,5063729000,1971209000,35369000,
FIX,1035983,Industrials,2025-07-18,10-Q,2025-07-24,,,,,,,,,,,,,,,,,,,,,,35281452
FIX,1035983,Industrials,2025-09-30,10-Q,2025-10-23,2450969000,607871000,378874000,370458000,78843000,291615000,8.25,,,,,,,,860523000,135998000,131322000,4676000,5777851000,2233386000,35365000,
FIX,1035983,Industrials,2025-10-17,10-Q,2025-10-23,,,,,,,,,,,,,,,,,,,,,,35271950
FIX,1035983,Industrials,2025-12-31,10-K (Q4 derived: FY − 9M YTD),2026-02-19,2646067000,674715000,426744000,418499000,87693000,330806000,9.36,468540000,66090000,6063000,,,21159000,91573000,981898000,145226000,139063000,6163000,6441169000,2448774000,-32000,
FIX,1035983,Industrials,2026-02-13,10-K,2026-02-19,,,,,,,,,,,,,,,,,,,,,,35174967
FIX,1035983,Industrials,2026-03-31,10-Q,2026-04-23,2865332000,754412000,485718000,482146000,111768000,370378000,10.51,388828000,147473000,19406000,,,24623000,2548000,1050164000,39079000,39054000,25000,6938346000,2815048000,35251000,
FIX,1035983,Industrials,2026-04-17,10-Q,2026-04-23,,,,,,,,,,,,,,,,,,,,,,35202424
FIX,1035983,Industrials,2026-06-30,10-Q,2026-07-23,3265656000,844228000,557966000,566243000,124641000,441602000,12.53,,,,,,,,1854794000,54064000,53849000,215000,8487806000,3217269000,35254000,
FIX,1035983,Industrials,2026-07-17,10-Q,2026-07-23,,,,,,,,,,,,,,,,,,,,,,35194329
FLEX,866374,Information Technology,2025-03-31,10-K,2025-05-21,,563000000,305000000,279000000,57000000,222000000,0.57,433000000,112000000,,,,,299000000,2289000000,3692000000,2483000000,1209000000,18381000000,5002000000,389000000,
FLEX,866374,Information Technology,2025-05-15,10-K,2025-05-21,,,,,,,,,,,,,,,,,,,,,,373315616
FLEX,866374,Information Technology,2025-06-27,10-Q,2026-07-31,,572000000,311000000,246000000,54000000,192000000,0.5,399000000,133000000,,142000000,,,247000000,2239000000,3681000000,3004000000,677000000,19132000000,5089000000,381000000,
FLEX,866374,Information Technology,2025-07-18,10-Q,2025-07-25,,,,,,,,,,,,,,,,,,,,,,375324843
FLEX,866374,Information Technology,2025-09-26,10-Q,2025-10-31,,614000000,296000000,262000000,63000000,199000000,0.52,,,,,,,,2249000000,3689000000,3013000000,676000000,19546000000,5035000000,380000000,
FLEX,866374,Information Technology,2025-10-24,10-Q,2025-10-31,,,,,,,,,,,,,,,,,,,,,,369790328
FLEX,866374,Information Technology,2025-12-31,10-Q,2026-02-06,,679000000,389000000,,81000000,239000000,0.64,,,,,,,,3057000000,4435000000,3760000000,675000000,20820000000,5121000000,376000000,
FLEX,866374,Information Technology,2026-01-30,10-Q,2026-02-06,,,,,,,,,,,,,,,,,,,,,,367673924
FLEX,866374,Information Technology,2026-03-31,10-K (Q4 derived: FY − 9M YTD),2026-05-20,,702000000,372000000,,65000000,250000000,0.6700000000000002,413000000,202000000,,,,,200000000,2389000000,3751000000,3751000000,0,22060000000,5144000000,-1000000,
FLEX,866374,Information Technology,2026-05-14,10-K,2026-05-20,,,,,,,,,,,,,,,,,,,,,,366377923
FLEX,866374,Information Technology,2026-06-26,10-Q,2026-07-31,,747000000,392000000,,92000000,,0.76,276000000,236000000,,140000000,,,0,2840000000,5219000000,5219000000,0,25198000000,5500000000,374000000,
FLEX,866374,Information Technology,2026-07-24,10-Q,2026-07-31,,,,,,,,,,,,,,,,,,,,,,369402978
FOX,1754301,Communication Services,2023-09-30,10-Q,2024-11-04,,,,561000000,146000000,415000000,0.82,1000000,71000000,24000000,96000000,91000000,135000000,250000000,,7212000000,5962000000,1250000000,21649000000,10384000000,494000000,
FOX,1754301,Communication Services,2023-12-31,10-Q,2025-02-04,,,,131000000,16000000,115000000,0.23,,,,97000000,119000000,,,,8445000000,7195000000,1250000000,22846000000,10252000000,482000000,
FOX,1754301,Communication Services,2024-03-31,10-Q,2025-05-12,,,,961000000,257000000,704000000,1.4,,,,98000000,99000000,,,,7196000000,7196000000,0,21717000000,10554000000,475000000,
FOX,1754301,Communication Services,2024-06-30,10-K (Q4 derived: FY − 9M YTD),2026-08-06,,,,451000000,131000000,320000000,0.69,899000000,112000000,21000000,98000000,,9000000,250000000,,7197000000,6598000000,599000000,21972000000,10714000000,-4000000,
FOX,1754301,Communication Services,2024-09-30,10-Q,2025-10-30,,,,1113000000,281000000,832000000,1.78,158000000,64000000,34000000,91000000,,131000000,250000000,,7199000000,6599000000,600000000,22538000000,11276000000,464000000,
FOX,1754301,Communication Services,2024-12-31,10-Q,2026-02-04,,,,515000000,127000000,388000000,0.81,,,,97000000,,,,,7200000000,6600000000,600000000,23022000000,11495000000,462000000,
FOX,1754301,Communication Services,2025-03-31,10-Q,2026-05-11,,,,474000000,120000000,354000000,0.75,,,,95000000,,,,,7201000000,6601000000,600000000,23367000000,11526000000,461000000,
FOX,1754301,Communication Services,2025-06-30,10-K (Q4 derived: FY − 9M YTD),2026-08-06,,,,959000000,240000000,719000000,1.56,1513000000,119000000,38000000,102000000,,10000000,250000000,,6602000000,6602000000,0,23195000000,11962000000,-1000000,
FOX,1754301,Communication Services,2025-09-30,10-Q,2025-10-30,,,,799000000,190000000,609000000,1.32,-130000000,104000000,28000000,98000000,,138000000,250000000,,6603000000,6603000000,,22766000000,12208000000,455000000,
FOX,1754301,Communication Services,2025-12-31,10-Q,2026-02-04,,,,322000000,75000000,247000000,0.52,,,,100000000,,,,,,6604000000,,21471000000,10928000000,441000000,
FOX,1754301,Communication Services,2026-03-31,10-Q,2026-05-11,,,,236000000,61000000,175000000,0.38,,,,101000000,,,,,,6605000000,,21783000000,10969000000,432000000,
FOX,1754301,Communication Services,2026-06-30,10-K (Q4 derived: FY − 9M YTD),2026-08-06,,,,921000000,225000000,696000000,1.5999999999999996,867000000,141000000,42000000,111000000,,12000000,100000000,,6606000000,6606000000,,22482000000,11628000000,-4000000,
FOXA,1754301,Communication Services,2023-09-30,10-Q,2024-11-04,,,,561000000,146000000,415000000,0.82,1000000,71000000,24000000,96000000,91000000,135000000,250000000,,7212000000,5962000000,1250000000,21649000000,10384000000,494000000,
FOXA,1754301,Communication Services,2023-12-31,10-Q,2025-02-04,,,,131000000,16000000,115000000,0.23,,,,97000000,119000000,,,,8445000000,7195000000,1250000000,22846000000,10252000000,482000000,
FOXA,1754301,Communication Services,2024-03-31,10-Q,2025-05-12,,,,961000000,257000000,704000000,1.4,,,,98000000,99000000,,,,7196000000,7196000000,0,21717000000,10554000000,475000000,
FOXA,1754301,Communication Services,2024-06-30,10-K (Q4 derived: FY − 9M YTD),2026-08-06,,,,451000000,131000000,320000000,0.69,899000000,112000000,21000000,98000000,,9000000,250000000,,7197000000,6598000000,599000000,21972000000,10714000000,-4000000,
FOXA,1754301,Communication Services,2024-09-30,10-Q,2025-10-30,,,,1113000000,281000000,832000000,1.78,158000000,64000000,34000000,91000000,,131000000,250000000,,7199000000,6599000000,600000000,22538000000,11276000000,464000000,
FOXA,1754301,Communication Services,2024-12-31,10-Q,2026-02-04,,,,515000000,127000000,388000000,0.81,,,,97000000,,,,,7200000000,6600000000,600000000,23022000000,11495000000,462000000,
FOXA,1754301,Communication Services,2025-03-31,10-Q,2026-05-11,,,,474000000,120000000,354000000,0.75,,,,95000000,,,,,7201000000,6601000000,600000000,23367000000,11526000000,461000000,
FOXA,1754301,Communication Services,2025-06-30,10-K (Q4 derived: FY − 9M YTD),2026-08-06,,,,959000000,240000000,719000000,1.56,1513000000,119000000,38000000,102000000,,10000000,250000000,,6602000000,6602000000,0,23195000000,11962000000,-1000000,
FOXA,1754301,Communication Services,2025-09-30,10-Q,2025-10-30,,,,799000000,190000000,609000000,1.32,-130000000,104000000,28000000,98000000,,138000000,250000000,,6603000000,6603000000,,22766000000,12208000000,455000000,
FOXA,1754301,Communication Services,2025-12-31,10-Q,2026-02-04,,,,322000000,75000000,247000000,0.52,,,,100000000,,,,,,6604000000,,21471000000,10928000000,441000000,
FOXA,1754301,Communication Services,2026-03-31,10-Q,2026-05-11,,,,236000000,61000000,175000000,0.38,,,,101000000,,,,,,6605000000,,21783000000,10969000000,432000000,
FOXA,1754301,Communication Services,2026-06-30,10-K (Q4 derived: FY − 9M YTD),2026-08-06,,,,921000000,225000000,696000000,1.5999999999999996,867000000,141000000,42000000,111000000,,12000000,100000000,,6606000000,6606000000,,22482000000,11628000000,-4000000,
FRT,34903,Real Estate,2024-12-31,10-K (Q4 derived: FY − 9M YTD),2026-02-12,311444000,,109319000,,,65537000,0.7399999999999998,119595000,,5204000,87117000,43234000,,,123409000,4496724000,,,8524757000,3171594000,386000,
FRT,34903,Real Estate,2025-02-10,10-K,2025-02-13,,,,,,,,,,,,,,,,,,,,,,85680614
FRT,34903,Real Estate,2025-03-31,10-Q,2026-05-01,309154000,,108133000,,,63768000,0.72,179044000,,3881000,86946000,42475000,,,109224000,,,,8621850000,3191881000,85472000,
FRT,34903,Real Estate,2025-05-05,10-Q,2025-05-08,,,,,,,,,,,,,,,,,,,,,,86260740
FRT,34903,Real Estate,2025-06-30,10-Q,2025-08-06,311523000,,202744000,,,155916000,1.78,,,3583000,89241000,44598000,,,177003000,,,,8623794000,3249029000,86611000,
FRT,34903,Real Estate,2025-08-01,10-Q,2025-08-06,,,,,,,,,,,,,,,,,,,,,,86266124
FRT,34903,Real Estate,2025-09-30,10-Q,2025-10-31,322253000,,110668000,,,61649000,0.69,,,3449000,94277000,47619000,,,111311000,,,,8862225000,3214558000,85978000,
FRT,34903,Real Estate,2025-10-28,10-Q,2025-10-31,,,,,,,,,,,,,,,,,,,,,,86270031
FRT,34903,Real Estate,2025-12-31,10-K (Q4 derived: FY − 9M YTD),2026-02-12,336045000,,180654000,,,129744000,1.4799999999999995,144847000,,3695000,97378000,48922000,,,107415000,4963602000,,,9130460000,3248731000,597000,
FRT,34903,Real Estate,2026-02-09,10-K,2026-02-12,,,,,,,,,,,,,,,,,,,,,,86276033
FRT,34903,Real Estate,2026-03-31,10-Q,2026-05-01,341084000,,208985000,,,159099000,1.81,184594000,,4303000,99217000,49116000,,,115633000,,,,9096770000,3311137000,86662000,
FRT,34903,Real Estate,2026-04-28,10-Q,2026-05-01,,,,,,,,,,,,,,,,,,,,,,86389197
FSLR,1274494,Information Technology,2025-03-31,10-Q,2026-04-30,844568000,344403000,221244000,217059000,7524000,209535000,1.95,-607982000,205966000,2584000,,,,,837641000,,327942000,,12116665000,8187334000,107415000,
FSLR,1274494,Information Technology,2025-04-25,10-Q,2025-04-29,,,,,,,,,,,,,,,,,,,,,,107244479
FSLR,1274494,Information Technology,2025-06-30,10-Q,2026-07-30,1097170000,499850000,361607000,352167000,10299000,341868000,3.18,,,,,,,,1124740000,,327972000,,12858044000,8546130000,107518000,
FSLR,1274494,Information Technology,2025-07-25,10-Q,2025-07-31,,,,,,,,,,,,,,,,,,,,,,107247651
FSLR,1274494,Information Technology,2025-09-30,10-Q,2025-10-30,1594856000,610745000,466095000,460345000,4402000,455943000,4.24,,,,,,,,1992173000,,282565000,,13459309000,9015312000,107538000,
FSLR,1274494,Information Technology,2025-10-24,10-Q,2025-10-30,,,,,,,,,,,,,,,,,,,,,,107308141
FSLR,1274494,Information Technology,2025-12-31,10-K (Q4 derived: FY − 9M YTD),2026-02-24,1682782000,665341000,547918000,551342000,30459000,520883000,4.840000000000002,1241893000,171727000,2510000,,,,,2803514000,,282593000,,13321310000,9537993000,45000,
FSLR,1274494,Information Technology,2026-02-20,10-K,2026-02-24,,,,,,,,,,,,,,,,,,,,,,107310994
FSLR,1274494,Information Technology,2026-03-31,10-Q,2026-04-30,1044240000,486131000,345303000,354334000,7715000,346619000,3.22,-214866000,118529000,6781000,,,,,2362979000,,237182000,,13351097000,9878568000,107623000,
FSLR,1274494,Information Technology,2026-04-24,10-Q,2026-04-30,,,,,,,,,,,,,,,,,,,,,,107453363
FSLR,1274494,Information Technology,2026-06-30,10-Q,2026-07-30,1056193000,605004000,450386000,459377000,36808000,422569000,3.92,,,,,,,,1688279000,,0,,13388598000,10320338000,107732000,
FSLR,1274494,Information Technology,2026-07-24,10-Q,2026-07-30,,,,,,,,,,,,,,,,,,,,,,107469788
FTNT,1262039,Information Technology,2025-03-31,10-Q,2026-05-08,1539700000,1246600000,453800000,519300000,96500000,433400000,0.56,863300000,66500000,66100000,35800000,,,0,3596600000,,496200000,498700000,10407000000,1962900000,776800000,
FTNT,1262039,Information Technology,2025-05-07,10-Q,2025-05-08,,,,,,,,,,,,,,,,,,,,,,765416456
FTNT,1262039,Information Technology,2025-06-30,10-Q,2026-07-30,1630000000,1315100000,458000000,517300000,77100000,440100000,0.57,,,,38300000,,,,3368500000,,496300000,499000000,10641400000,2060400000,772700000,
FTNT,1262039,Information Technology,2025-08-05,10-Q,2025-08-08,,,,,,,,,,,,,,,,,,,,,,766266033
FTNT,1262039,Information Technology,2025-09-30,10-Q,2025-11-07,1724900000,1393200000,547300000,594800000,120700000,473900000,0.62,,,71800000,38400000,,,,1995700000,,496500000,499400000,9361300000,735100000,761200000,
FTNT,1262039,Information Technology,2025-11-04,10-Q,2025-11-07,,,,,,,,,,,,,,,,,,,,,,743648102
FTNT,1262039,Information Technology,2025-12-31,10-K (Q4 derived: FY − 9M YTD),2026-02-25,1905000000,1515800000,625600000,650800000,144800000,506000000,0.6699999999999999,620200000,,72500000,39500000,,,57200000,2495300000,,496600000,499700000,10389200000,1237500000,-5600000,
FTNT,1262039,Information Technology,2026-02-20,10-K,2026-02-25,,,,,,,,,,,,,,,,,,,,,,739923583
FTNT,1262039,Information Technology,2026-03-31,10-Q,2026-05-08,1849600000,1485100000,580000000,656600000,122000000,534500000,0.72,1077100000,70600000,72500000,39800000,,,823000000,2223800000,,496800000,0,9883500000,989700000,742800000,
FTNT,1262039,Information Technology,2026-05-04,10-Q,2026-05-08,,,,,,,,,,,,,,,,,,,,,,732648391
FTNT,1262039,Information Technology,2026-06-30,10-Q,2026-07-30,2047900000,1643200000,689300000,720200000,115000000,606300000,0.82,,,,,,,,2934900000,,496900000,0,10859200000,1551100000,739900000,
FTNT,1262039,Information Technology,2026-07-28,10-Q,2026-07-30,,,,,,,,,,,,,,,,,,,,,,733713653
FTV,1659166,Industrials,2024-12-31,10-K,2026-02-25,,695500000,212200000,180200000,-13000000,208800000,0.6,502200000,22600000,23000000,108100000,-33000000,27300000,466600000,813300000,3707300000,3331100000,376200000,17016100000,10188600000,-1600000,
FTV,1659166,Industrials,2025-02-21,10-K,2025-02-25,,,,,,,,,,,,,,,,,,,,,,340290131
FTV,1659166,Industrials,2025-03-28,10-Q,2026-04-30,,637500000,165300000,133700000,21100000,171900000,0.5,241700000,21100000,23400000,108000000,-32000000,27200000,202600000,892100000,3862900000,2929100000,933800000,17137000000,10236400000,344600000,
FTV,1659166,Industrials,2025-04-28,10-Q,2025-05-01,,,,,,,,,,,,,,,,,,,,,,339882279
FTV,1659166,Industrials,2025-06-27,10-K,2026-02-25,,645500000,169800000,192000000,25400000,166600000,0.49,,,,137800000,-32100000,,,1832700000,4812200000,2906500000,1905700000,18244200000,10382100000,341700000,
FTV,1659166,Industrials,2025-07-25,10-Q,2025-07-30,,,,,,,,,,,,,,,,,,,,,,338336345
FTV,1659166,Industrials,2025-09-26,10-K,2026-02-25,,649200000,159600000,135000000,18000000,55000000,0.16,,,,109100000,-25400000,,,430800000,3306300000,2117100000,1189200000,11886700000,6503900000,333400000,
FTV,1659166,Industrials,2025-10-24,10-Q,2025-10-29,,,,,,,,,,,,,,,,,,,,,,317611636
FTV,1659166,Industrials,2025-12-31,10-K,2026-02-25,,708900000,225500000,193900000,2400000,185700000,0.58,365900000,30400000,19900000,111300000,-31000000,18800000,265000000,375500000,3206000000,2306500000,899500000,11737700000,6453400000,-5300000,
FTV,1659166,Industrials,2026-02-20,10-K,2026-02-25,,,,,,,,,,,,,,,,,,,,,,307859190
FTV,1659166,Industrials,2026-04-03,10-Q,2026-04-30,,675500000,191700000,163600000,27200000,136400000,0.44,234800000,26600000,21300000,113600000,-31600000,18400000,500200000,356100000,3489100000,2589300000,899800000,11584100000,6083100000,312800000,
FTV,1659166,Industrials,2026-04-24,10-Q,2026-04-30,,,,,,,,,,,,,,,,,,,,,,304861021
GD,40533,Industrials,2023-12-31,10-K (Q4 derived: FY − 9M YTD),2026-01-30,,,1288000000,1227000000,222000000,1005000000,,1196000000,304000000,45000000,,,360000000,0,1913000000,9340000000,8754000000,507000000,54810000000,21299000000,279000,
GD,40533,Industrials,2024-01-28,10-K,2024-02-08,,,,,,,,,,,,,,,,,,,,,,273980202
GD,40533,Industrials,2024-03-31,10-Q,2025-04-23,,,1036000000,968000000,169000000,799000000,,-278000000,159000000,34000000,211000000,,361000000,105000000,1036000000,,8752000000,507000000,55880000000,21410000000,277004000,274364084
GD,40533,Industrials,2024-06-30,10-Q,2025-07-23,,,1156000000,1090000000,185000000,905000000,,,,,217000000,,389000000,,1362000000,,7257000000,2004000000,55880000000,22036000000,277722000,274777579
GD,40533,Industrials,2024-09-29,10-Q,2025-10-24,,,1181000000,1114000000,184000000,930000000,,,,,218000000,,390000000,,2101000000,,7262000000,2005000000,55880000000,22973000000,277888000,274968619
GD,40533,Industrials,2024-12-31,10-K (Q4 derived: FY − 9M YTD),2026-01-30,,,1423000000,1368000000,220000000,1148000000,,2160000000,355000000,46000000,240000000,,389000000,1318000000,1697000000,8826000000,7260000000,1502000000,55880000000,22063000000,-33000,
GD,40533,Industrials,2025-01-26,10-K,2025-02-07,,,,,,,,,,,,,,,,,,,,,,270350795
GD,40533,Industrials,2025-03-30,10-Q,2026-04-29,,,1268000000,1200000000,206000000,994000000,,-148000000,142000000,34000000,223000000,,383000000,600000000,1242000000,,7260000000,2349000000,57249000000,22225000000,271749000,268396163
GD,40533,Industrials,2025-06-29,10-Q,2025-07-23,,,1305000000,1232000000,218000000,1014000000,,,,,223000000,,402000000,,1523000000,,7508000000,1204000000,56888000000,23580000000,270945000,268993342
GD,40533,Industrials,2025-09-28,10-Q,2025-10-24,,,1331000000,1272000000,213000000,1059000000,,,,,226000000,,403000000,,2520000000,,7008000000,1006000000,57599000000,24434000000,272640000,270120442
GD,40533,Industrials,2025-12-31,10-K (Q4 derived: FY − 9M YTD),2026-01-30,,,1452000000,1399000000,256000000,1143000000,,1561000000,609000000,50000000,252000000,,405000000,37000000,2333000000,8074000000,7007000000,1006000000,57249000000,25622000000,675000,270389759
GD,40533,Industrials,2026-04-05,10-Q,2026-04-29,,,1420000000,1369000000,244000000,1125000000,,2155000000,203000000,40000000,232000000,,405000000,217000000,3654000000,,6259000000,1755000000,59029000000,26079000000,274129000,270430187
GDDY,1609711,Information Technology,2025-03-31,10-Q,2026-05-01,,,247300000,220000000,500000,219500000,1.51,404700000,3600000,80400000,30800000,,,767400000,,3847700000,3775700000,15800000,7838800000,199700000,145173000,
GDDY,1609711,Information Technology,2025-04-25,10-Q,2025-05-02,,,,,,,,,,,,,,,,,,,,,,142488191
GDDY,1609711,Information Technology,2025-06-30,10-Q,2026-07-31,,,266300000,239100000,39200000,199900000,1.41,,,,30600000,,,,,3841500000,3772400000,15700000,8273900000,404400000,141408000,
GDDY,1609711,Information Technology,2025-08-01,10-Q,2025-08-08,,,,,,,,,,,,,,,,,,,,,,138449017
GDDY,1609711,Information Technology,2025-09-30,10-Q,2025-10-31,,,296700000,267000000,56500000,210500000,1.51,,,,28400000,,,,,3835400000,3768900000,15500000,7984700000,91800000,139073000,
GDDY,1609711,Information Technology,2025-10-24,10-Q,2025-10-31,,,,,,,,,,,,,,,,,,,,,,135141594
GDDY,1609711,Information Technology,2025-12-31,10-K (Q4 derived: FY − 9M YTD),2026-02-25,,,317000000,293900000,48800000,245100000,1.7799999999999994,370600000,6900000,76800000,26800000,,,218900000,,3829200000,3765200000,15100000,8034900000,215100000,-1386000,
GDDY,1609711,Information Technology,2026-02-20,10-K,2026-02-25,,,,,,,,,,,,,,,,,,,,,,133354117
GDDY,1609711,Information Technology,2026-03-31,10-Q,2026-05-01,,,310500000,281900000,67300000,214600000,1.6,471500000,4600000,75300000,24200000,,,280500000,,3823100000,3762500000,15100000,8154400000,237300000,134289000,
GDDY,1609711,Information Technology,2026-04-24,10-Q,2026-05-01,,,,,,,,,,,,,,,,,,,,,,132409847
GDDY,1609711,Information Technology,2026-06-30,10-Q,2026-07-31,,,342500000,317000000,76900000,240100000,1.83,,,,13300000,,,,,3816900000,3759400000,15000000,7996600000,6700000,130994000,
GDDY,1609711,Information Technology,2026-07-24,10-Q,2026-07-31,,,,,,,,,,,,,,,,,,,,,,126647704
GE,40545,Industrials,2024-03-31,10-Q,2025-04-22,8955000000,,,1987000000,244000000,1539000000,1.4,994000000,,,,,,322000000,,,,1032000000,163942000000,29855000000,1103000000,1094606676
GE,40545,Industrials,2024-06-30,10-Q,2025-07-21,9094000000,,,1447000000,125000000,1266000000,1.15,,,,,,,,,,,1700000000,123190000000,18598000000,1100000000,1084311016
GE,40545,Industrials,2024-09-30,10-Q,2025-10-21,9842000000,,,1893000000,198000000,1852000000,1.7,,,,,,,,,,,1681000000,126698000000,18874000000,1093000000,1082294004
GE,40545,Industrials,2024-12-31,10-K,2025-02-03,10812000000,,,2293000000,395000000,1899000000,1.75,1297000000,,,,,,1668000000,,19273000000,,2039000000,123140000000,19342000000,-4000000,
GE,40545,Industrials,2025-01-15,10-K,2025-02-03,,,,,,,,,,,,,,,,,,,,,,1073290505
GE,40545,Industrials,2025-03-31,10-Q,2026-04-21,9935000000,,,2245000000,283000000,1978000000,1.83,1509000000,,,,,,1965000000,,,,2084000000,124123000000,19251000000,1078000000,1066386643
GE,40545,Industrials,2025-06-30,10-Q,2026-07-16,11023000000,,,2389000000,388000000,2028000000,1.89,,,,,,,,,,,1889000000,125256000000,19135000000,1071000000,1060439387
GE,40545,Industrials,2025-09-30,10-Q,2025-10-21,12181000000,,,2515000000,344000000,2157000000,2.02,,,,,,,,,,,2067000000,128243000000,18812000000,1065000000,1054813911
GE,40545,Industrials,2025-12-31,10-K (Q4 derived: FY − 9M YTD),2026-01-29,12717000000,,,2851000000,390000000,2541000000,2.3900000000000006,2281000000,,,,,,1997000000,,20469000000,,1686000000,130169000000,18677000000,-3000000,
GE,40545,Industrials,2026-01-15,10-K,2026-01-29,,,,,,,,,,,,,,,,,,,,,,1048813612
GE,40545,Industrials,2026-03-31,10-Q,2026-04-21,12392000000,,,2198000000,252000000,1904000000,1.81,1823000000,,,,,,2399000000,,,,2103000000,128445000000,18057000000,1054000000,1043337235
GE,40545,Industrials,2026-06-30,10-Q,2026-07-16,13349000000,,,2801000000,407000000,2370000000,2.26,,,,,,,,,,,2000000000,127672000000,17640000000,1047000000,1037562513
GEHC,1932393,Health Care,2024-12-31,10-K (Q4 derived: FY − 9M YTD),2026-02-04,5319000000,2275000000,801000000,834000000,96000000,721000000,1.5699999999999998,,,33000000,65000000,121000000,14000000,0,2874000000,8951000000,7449000000,1500000000,33089000000,8446000000,0,
GEHC,1932393,Health Care,2025-02-06,10-K,2025-02-13,,,,,,,,,,,,,,,,,,,,,,457298310
GEHC,1932393,Health Care,2025-03-31,10-Q,2026-04-29,4777000000,2012000000,629000000,692000000,104000000,564000000,1.23,250000000,,22000000,66000000,110000000,16000000,0,2454000000,8759000000,6757000000,2000000000,33586000000,9187000000,459000000,
GEHC,1932393,Health Care,2025-04-23,10-Q,2025-04-30,,,,,,,,,,,,,,,,,,,,,,457884998
GEHC,1932393,Health Care,2025-06-30,10-Q,2025-07-30,5007000000,1985000000,654000000,613000000,113000000,486000000,1.06,,,,,113000000,,,3737000000,10275000000,8270000000,2002000000,35500000000,9712000000,458000000,
GEHC,1932393,Health Care,2025-07-23,10-Q,2025-07-30,,,,,,,,,,,,,,,,,,,,,,456562037
GEHC,1932393,Health Care,2025-09-30,10-Q,2025-10-29,5143000000,1990000000,653000000,643000000,179000000,446000000,0.98,,,,,111000000,,,4005000000,10282000000,8277000000,2002000000,36127000000,9993000000,457000000,
GEHC,1932393,Health Care,2025-10-22,10-Q,2025-10-29,,,,,,,,,,,,,,,,,,,,,,455521592
GEHC,1932393,Health Care,2025-12-31,10-K (Q4 derived: FY − 9M YTD),2026-02-04,5698000000,2261000000,827000000,821000000,219000000,589000000,1.29,,,36000000,74000000,105000000,16000000,0,4492000000,10003000000,9495000000,502000000,36906000000,10379000000,0,
GEHC,1932393,Health Care,2026-01-28,10-K,2026-02-04,,,,,,,,,,,,,,,,,,,,,,455749767
GEHC,1932393,Health Care,2026-03-31,10-Q,2026-04-29,5131000000,1977000000,515000000,505000000,94000000,389000000,0.85,290000000,,35000000,78000000,96000000,16000000,100000000,2261000000,10134000000,10127000000,2000000,37125000000,10668000000,457000000,
GEHC,1932393,Health Care,2026-04-22,10-Q,2026-04-29,,,,,,,,,,,,,,,,,,,,,,454891786
GEN,849399,Information Technology,2025-03-28,10-K (Q4 derived: FY − 9M YTD),2026-05-21,,811000000,417000000,287000000,145000000,142000000,0.22999999999999998,473000000,3000000,36000000,104000000,,77000000,0,1006000000,8259000000,7968000000,291000000,15495000000,2269000000,0,
GEN,849399,Information Technology,2025-05-12,10-K,2025-05-15,,,,,,,,,,,,,,,,,,,,,,620229707
GEN,849399,Information Technology,2025-07-04,10-Q,2026-08-07,,990000000,446000000,300000000,165000000,135000000,0.22,409000000,4000000,66000000,123000000,,82000000,134000000,,8863000000,8575000000,288000000,16360000000,2365000000,624000000,
GEN,849399,Information Technology,2025-08-08,10-Q,2025-08-13,,,,,,,,,,,,,,,,,,,,,,615869113
GEN,849399,Information Technology,2025-10-03,10-Q,2025-11-07,,954000000,438000000,233000000,99000000,134000000,0.21,,,,,,,,,8701000000,8421000000,280000000,16051000000,2457000000,624000000,
GEN,849399,Information Technology,2025-11-04,10-Q,2025-11-07,,,,,,,,,,,,,,,,,,,,,,616716107
GEN,849399,Information Technology,2026-01-02,10-Q,2026-02-06,,972000000,433000000,309000000,117000000,192000000,0.31,,,,,,,,,8407000000,8167000000,240000000,15831000000,2332000000,618000000,
GEN,849399,Information Technology,2026-02-03,10-Q,2026-02-06,,,,,,,,,,,,,,,,,,,,,,605663774
GEN,849399,Information Technology,2026-04-03,10-K (Q4 derived: FY − 9M YTD),2026-05-21,,1007000000,803000000,669000000,157000000,512000000,0.8300000000000001,479000000,3000000,62000000,119000000,,76000000,200000000,,8196000000,8015000000,181000000,15589000000,2611000000,-3000000,
GEN,849399,Information Technology,2026-05-18,10-K,2026-05-21,,,,,,,,,,,,,,,,,,,,,,602433854
GEN,849399,Information Technology,2026-07-03,10-Q,2026-08-07,,1029000000,443000000,323000000,108000000,215000000,0.36,434000000,4000000,54000000,123000000,,81000000,100000000,,8156000000,7975000000,181000000,15644000000,2656000000,603000000,
GEN,849399,Information Technology,2026-08-04,10-Q,2026-08-07,,,,,,,,,,,,,,,,,,,,,,598587032
GEV,1996810,Industrials,2024-06-30,10-Q,2025-07-23,8204000000,1702000000,527000000,1602000000,322000000,1294000000,4.65,,,54000000,191000000,,,,5779000000,,,,48052000000,9067000000,278000000,
GEV,1996810,Industrials,2024-07-17,10-Q,2024-07-24,,,,,,,,,,,,,,,,,,,,,,274802034
GEV,1996810,Industrials,2024-09-30,10-Q,2025-10-22,8913000000,1109000000,-359000000,-122000000,-23000000,-96000000,-0.35,,,,336000000,,,,7395000000,,,,50853000000,9504000000,275000000,
GEV,1996810,Industrials,2024-10-16,10-Q,2024-10-23,,,,,,,,,,,,,,,,,,,,,,275652970
GEV,1996810,Industrials,2024-12-31,10-K (Q4 derived: FY − 9M YTD),2026-01-29,10559000000,2123000000,593000000,1113000000,629000000,484000000,1.73,921000000,350000000,51000000,180000000,,0,3000000,8205000000,,,,51485000000,9546000000,1000000,
GEV,1996810,Industrials,2025-01-15,10-K,2025-02-06,,,,,,,,,,,,,,,,,,,,,,275900754
GEV,1996810,Industrials,2025-03-31,10-Q,2026-04-22,8032000000,1470000000,43000000,332000000,68000000,254000000,0.91,1161000000,186000000,,149000000,,69000000,1101000000,8107000000,,,,51559000000,8607000000,279000000,272934744
GEV,1996810,Industrials,2025-06-30,10-Q,2026-07-22,9111000000,1846000000,378000000,645000000,153000000,514000000,1.86,,,,145000000,,,,7892000000,,,,53078000000,8877000000,276000000,272223940
GEV,1996810,Industrials,2025-09-30,10-Q,2025-10-22,9969000000,1897000000,366000000,746000000,293000000,452000000,1.64,,,,152000000,,,,7945000000,,,,54398000000,8646000000,275000000,271320459
GEV,1996810,Industrials,2025-12-31,10-K (Q4 derived: FY − 9M YTD),2026-01-29,10956000000,2322000000,601000000,1105000000,-2565000000,3664000000,13.280000000000001,2479000000,671000000,,169000000,,68000000,1075000000,8848000000,265000000,,24000000,63016000000,11178000000,-1000000,269529464
GEV,1996810,Industrials,2026-03-31,10-Q,2026-04-22,9339000000,1781000000,179000000,5103000000,354000000,4745000000,17.44,5188000000,397000000,,166000000,,137000000,1278000000,10172000000,2806000000,,51000000,75612000000,13922000000,272000000,268719995
GEV,1996810,Industrials,2026-06-30,10-Q,2026-07-22,11104000000,2360000000,653000000,925000000,276000000,668000000,2.47,,,,182000000,,,,13120000000,2794000000,,55000000,80800000000,11957000000,270000000,266333581
GILD,882095,Health Care,2025-03-31,10-Q,2026-05-07,,,2237000000,1649000000,334000000,1315000000,1.04,1757000000,104000000,209000000,97000000,,1010000000,730000000,,24952000000,22146000000,2806000000,56434000000,19162000000,1259000000,
GILD,882095,Health Care,2025-04-30,10-Q,2025-05-07,,,,,,,,,,,,,,,,,,,,,,1243929121
GILD,882095,Health Care,2025-06-30,10-Q,2026-08-06,,,2474000000,2429000000,468000000,1960000000,1.56,,,,93000000,,,,,24946000000,22140000000,2806000000,55721000000,19674000000,1255000000,
GILD,882095,Health Care,2025-07-31,10-Q,2025-08-07,,,,,,,,,,,,,,,,,,,,,,1240806916
GILD,882095,Health Care,2025-09-30,10-Q,2025-11-07,,,3327000000,3641000000,589000000,3052000000,2.43,,,,90000000,,,,,24941000000,22135000000,2806000000,58533000000,21540000000,1254000000,
GILD,882095,Health Care,2025-10-31,10-Q,2025-11-07,,,,,,,,,,,,,,,,,,,,,,1240679623
GILD,882095,Health Care,2025-12-31,10-K (Q4 derived: FY − 9M YTD),2026-02-24,,,1984000000,2078000000,-105000000,2183000000,1.7400000000000002,3327000000,205000000,230000000,90000000,,994000000,230000000,,24937000000,22129000000,2807000000,59023000000,22703000000,-1000000,
GILD,882095,Health Care,2026-02-13,10-K,2026-02-24,,,,,,,,,,,,,,,,,,,,,,1241420528
GILD,882095,Health Care,2026-03-31,10-Q,2026-05-07,,,2586000000,2580000000,559000000,2021000000,1.61,2544000000,117000000,218000000,93000000,,1040000000,419000000,,22174000000,20861000000,1313000000,56278000000,23515000000,1254000000,
GILD,882095,Health Care,2026-04-30,10-Q,2026-05-07,,,,,,,,,,,,,,,,,,,,,,1241569874
GILD,882095,Health Care,2026-06-30,10-Q,2026-08-06,,,-10394000000,-10254000000,242000000,-10496000000,-8.45,,,,98000000,,,,,26246000000,23832000000,2414000000,49362000000,11829000000,1243000000,
GILD,882095,Health Care,2026-07-31,10-Q,2026-08-06,,,,,,,,,,,,,,,,,,,,,,1239955155
GIS,40704,Consumer Staples,2025-02-23,10-K,2026-07-01,,1639100000,891400000,769000000,152400000,625600000,1.12,,,,,136300000,,,521300000,,,,32706200000,9263200000,555000000,
GIS,40704,Consumer Staples,2025-03-12,10-Q,2025-03-19,,,,,,,,,,,,,,,,,,,,,,547600534
GIS,40704,Consumer Staples,2025-05-25,10-K,2026-07-01,,1474000000,504000000,377100000,69100000,294000000,0.53,611600000,220200000,24600000,135600000,139700000,330300000,301000000,363900000,14201600000,12673200000,1528400000,33071100000,9199200000,-2300000,
GIS,40704,Consumer Staples,2025-06-09,10-K,2025-06-26,,,,,,,,,,,,,,,,,,,,,,542427490
GIS,40704,Consumer Staples,2025-08-24,10-K,2026-07-01,,1532800000,1725800000,1608100000,410900000,1204200000,2.22,397000000,109500000,15100000,138700000,132800000,,500000000,952900000,,,,33015600000,9506600000,542500000,
GIS,40704,Consumer Staples,2025-09-10,10-Q,2025-09-17,,,,,,,,,,,,,,,,,,,,,,533416422
GIS,40704,Consumer Staples,2025-11-23,10-K,2026-07-01,,1692500000,728000000,617800000,143900000,413000000,0.78,,,,,125900000,,,683400000,,,,32549000000,9316400000,537300000,
GIS,40704,Consumer Staples,2025-12-10,10-Q,2025-12-17,,,,,,,,,,,,,,,,,,,,,,533582081
GIS,40704,Consumer Staples,2026-02-22,10-K,2026-07-01,,1366900000,524600000,411500000,99900000,303100000,0.56,,,,,128400000,,,785500000,,,,32403100000,9343300000,537300000,
GIS,40704,Consumer Staples,2026-03-11,10-Q,2026-03-18,,,,,,,,,,,,,,,,,,,,,,533681218
GIS,40704,Consumer Staples,2026-05-31,10-K,2026-07-01,,1603500000,-2092600000,-2231900000,-240400000,-2007900000,-3.74,552000000,184400000,13800000,139100000,,328100000,0,453800000,13469600000,12416000000,1053600000,30016700000,7368400000,-1500000,
GIS,40704,Consumer Staples,2026-06-15,10-K,2026-07-01,,,,,,,,,,,,,,,,,,,,,,533708396
GL,320335,Financials,2025-03-31,10-Q,2026-05-07,1480422000,,,316081000,61518000,254563000,3.01,431887000,11746000,,,34992000,20146000,264544000,,,2324945000,,29705259000,5425416000,84480113,
GL,320335,Financials,2025-04-30,10-Q,2025-05-07,,,,,,,,,,,,,,,,,,,,,,82542877
GL,320335,Financials,2025-06-30,10-Q,2026-08-05,1481287000,,,313299000,60550000,252749000,3.05,,,,,34885000,,,,,2325642000,,29809348000,5419030000,82792661,
GL,320335,Financials,2025-07-31,10-Q,2025-08-06,,,,,,,,,,,,,,,,,,,,,,81003536
GL,320335,Financials,2025-09-30,10-Q,2025-11-05,1512988000,,,477102000,89259000,387843000,4.73,,,,,36134000,,,,,2320013000,,30527616000,5689088000,82015446,
GL,320335,Financials,2025-10-31,10-Q,2025-11-05,,,,,,,,,,,,,,,,,,,,,,79605800
GL,320335,Financials,2025-12-31,10-K (Q4 derived: FY − 9M YTD),2026-02-25,1519621000,,,329493000,63410000,266083000,3.3000000000000007,350601000,20505000,,,35210000,21673000,192264000,,,2320793000,,30813692000,5974579000,-572170,
GL,320335,Financials,2026-01-30,10-K,2026-02-25,,,,,,,,,,,,,,,,,,,,,,78637130
GL,320335,Financials,2026-03-31,10-Q,2026-05-07,1559619000,,,334132000,63606000,270526000,3.39,420938000,24911000,,,34000000,21361000,240465000,,,2321537000,,30965851000,6084596000,79740525,
GL,320335,Financials,2026-04-30,10-Q,2026-05-07,,,,,,,,,,,,,,,,,,,,,,77644761
GL,320335,Financials,2026-06-30,10-Q,2026-08-05,1599730000,,,354887000,67140000,287747000,3.65,,,,,36050000,,,,,2665296000,,31562519000,6155815000,78909152,
GL,320335,Financials,2026-07-31,10-Q,2026-08-05,,,,,,,,,,,,,,,,,,,,,,76849447
GLW,24741,Information Technology,2024-12-31,10-K (Q4 derived: FY − 9M YTD),2026-02-12,3501000000,1197000000,393000000,437000000,97000000,310000000,0.35,623000000,,71000000,305000000,79000000,,30000000,1768000000,,,,27735000000,10686000000,1000000,
GLW,24741,Information Technology,2025-01-31,10-K,2025-02-13,,,,,,,,,,,,,,,,,,,,,,856564001
GLW,24741,Information Technology,2025-03-31,10-Q,2026-05-01,3452000000,1214000000,445000000,240000000,55000000,157000000,0.18,151000000,,54000000,291000000,82000000,,100000000,1359000000,,,,27394000000,10716000000,866000000,
GLW,24741,Information Technology,2025-04-24,10-Q,2025-05-02,,,,,,,,,,,,,,,,,,,,,,856471447
GLW,24741,Information Technology,2025-06-30,10-Q,2025-08-01,3862000000,1392000000,573000000,584000000,84000000,469000000,0.54,,,,,83000000,,,,,,,28745000000,11116000000,865000000,
GLW,24741,Information Technology,2025-07-25,10-Q,2025-08-01,,,,,,,,,,,,,,,,,,,,,,856618711
GLW,24741,Information Technology,2025-09-30,10-Q,2025-10-31,4100000000,1520000000,589000000,550000000,80000000,430000000,0.5,,,,,78000000,,,,,,,29916000000,11536000000,868000000,
GLW,24741,Information Technology,2025-10-23,10-Q,2025-10-31,,,,,,,,,,,,,,,,,,,,,,857360396
GLW,24741,Information Technology,2025-12-31,10-K (Q4 derived: FY − 9M YTD),2026-02-12,4215000000,1495000000,672000000,678000000,91000000,540000000,0.6200000000000001,1052000000,,70000000,324000000,93000000,,5000000,1526000000,,,,30976000000,11807000000,1000000,
GLW,24741,Information Technology,2026-01-30,10-K,2026-02-12,,,,,,,,,,,,,,,,,,,,,,857948109
GLW,24741,Information Technology,2026-03-31,10-Q,2026-05-01,4144000000,1528000000,639000000,529000000,121000000,371000000,0.43,362000000,,115000000,334000000,92000000,,,1755000000,,,,31253000000,11812000000,871000000,
GLW,24741,Information Technology,2026-04-24,10-Q,2026-05-01,,,,,,,,,,,,,,,,,,,,,,860637825
GM,1467858,Consumer Discretionary,2025-03-31,10-Q,2026-04-28,44020000000,,3352000000,3572000000,719000000,2784000000,3.35,6061000000,1816000000,,2934000000,,,2012000000,20570000000,,,,282104000000,64372000000,1002000000,
GM,1467858,Consumer Discretionary,2025-04-15,10-Q,2025-05-01,,,,,,,,,,,,,,,,,,,,,,961434742
GM,1467858,Consumer Discretionary,2025-06-30,10-Q,2026-07-21,47122000000,,2127000000,2375000000,481000000,1895000000,1.91,,,,3026000000,,,,22381000000,,,,289384000000,66363000000,976000000,
GM,1467858,Consumer Discretionary,2025-07-11,10-Q,2025-07-22,,,,,,,,,,,,,,,,,,,,,,952077801
GM,1467858,Consumer Discretionary,2025-09-30,10-Q,2025-10-21,48591000000,,1076000000,1419000000,127000000,1327000000,1.35,,,,3066000000,,,,22910000000,,,,288168000000,66374000000,964000000,
GM,1467858,Consumer Discretionary,2025-10-10,10-Q,2025-10-21,,,,,,,,,,,,,,,,,,,,,,932861303
GM,1467858,Consumer Discretionary,2025-12-31,10-K (Q4 derived: FY − 9M YTD),2026-01-27,45287000000,,-3646000000,-4249000000,-988000000,-3310000000,-3.3699999999999997,6795000000,3220000000,,2954000000,,,2500000000,20945000000,,,,281284000000,61119000000,-7000000,
GM,1467858,Consumer Discretionary,2026-01-15,10-K,2026-01-27,,,,,,,,,,,,,,,,,,,,,,903967853
GM,1467858,Consumer Discretionary,2026-03-31,10-Q,2026-04-28,43624000000,,2926000000,3347000000,642000000,2627000000,2.82,2950000000,1512000000,,3005000000,,,800000000,19800000000,,,,280974000000,62659000000,926000000,
GM,1467858,Consumer Discretionary,2026-04-17,10-Q,2026-04-28,,,,,,,,,,,,,,,,,,,,,,901665195
GM,1467858,Consumer Discretionary,2026-06-30,10-Q,2026-07-21,48026000000,,1459000000,1568000000,214000000,1305000000,1.41,,,,3102000000,,,,20134000000,,,,282742000000,62000000000,910000000,
GM,1467858,Consumer Discretionary,2026-07-10,10-Q,2026-07-21,,,,,,,,,,,,,,,,,,,,,,877451541
GNRC,1474735,Industrials,2025-03-31,10-Q,2026-05-05,942121000,371986000,83638000,58514000,14236000,43840000,0.73,58152000,30937000,11608000,46141000,17110000,,97454000,187464000,,,64550000,5060454000,2469224000,59747589,
GNRC,1474735,Industrials,2025-05-02,10-Q,2025-05-06,,,,,,,,,,,,,,,,,,,,,,59081648
GNRC,1474735,Industrials,2025-06-30,10-Q,2026-08-04,1061169000,416749000,111789000,89852000,15422000,74016000,1.25,,57716000,14752000,48321000,18242000,,,223531000,,1280000000,67424000,5388801000,2570523000,59017823,
GNRC,1474735,Industrials,2025-08-01,10-Q,2025-08-05,,,,,,,,,,,,,,,,,,,,,,58675951
GNRC,1474735,Industrials,2025-09-30,10-Q,2025-11-04,1114353000,426922000,103079000,78338000,11758000,66161000,1.12,,21881000,12751000,49211000,18461000,,,300009000,,1285000000,8064000,5598102000,2643748000,59122849,
GNRC,1474735,Industrials,2025-11-01,10-Q,2025-11-04,,,,,,,,,,,,,,,,,,,,,,58684066
GNRC,1474735,Industrials,2025-12-31,10-K (Q4 derived: FY − 9M YTD),2026-02-18,1091504000,396080000,-9315000,-27644000,-3710000,-24463000,-0.41000000000000014,189259000,59316000,10836000,51162000,16884000,0,0,341413000,,1193750000,12729000,5573679000,2632422000,-38837,
GNRC,1474735,Industrials,2026-02-13,10-K,2026-02-18,,,,,,,,,,,,,,,,,,,,,,58675827
GNRC,1474735,Industrials,2026-03-31,10-Q,2026-05-05,1059365000,410236000,117291000,96759000,23647000,73253000,1.24,119285000,29397000,13442000,,,,0,265530000,,1192500000,16303000,5593263000,2674692000,59233144,
GNRC,1474735,Industrials,2026-05-01,10-Q,2026-05-05,,,,,,,,,,,,,,,,,,,,,,58868681
GNRC,1474735,Industrials,2026-06-30,10-Q,2026-08-04,1173510000,521811000,210433000,189706000,46696000,143244000,2.4,,,14005000,58410000,16787000,,,264921000,,1191250000,21277000,5772151000,2877623000,59635447,
GNRC,1474735,Industrials,2026-07-31,10-Q,2026-08-04,,,,,,,,,,,,,,,,,,,,,,59006361
GOOG,1652044,Communication Services,2023-09-30,10-Q,2024-10-30,,,21343000000,21197000000,1508000000,19689000000,1.55,,,,,116000000,,,30702000000,,,1000000000,396711000000,273202000000,12696000000,12541000000
GOOG,1652044,Communication Services,2023-12-31,10-K (Q4 derived: FY − 9M YTD),2026-02-05,,,23697000000,24412000000,3725000000,20687000000,1.6399999999999997,18915000000,11019000000,5659000000,3316000000,69000000,0,16191000000,24048000000,13000000000,11870000000,1000000000,402392000000,283379000000,-39000000,12460000000
GOOG,1652044,Communication Services,2024-03-31,10-Q,2025-04-25,,,25472000000,28315000000,4653000000,23662000000,1.89,28848000000,12012000000,5264000000,3413000000,94000000,0,15696000000,24493000000,,,0,407350000000,292844000000,12527000000,12381000000
GOOG,1652044,Communication Services,2024-06-30,10-Q,2025-07-24,84742000000,,27425000000,27551000000,3932000000,23619000000,1.89,,,,,,,,27225000000,,,0,414770000000,300753000000,12495000000,12322000000
GOOG,1652044,Communication Services,2024-09-30,10-Q,2025-10-30,88268000000,,28521000000,31706000000,5405000000,26301000000,2.12,,,,,,,,19959000000,,,999000000,430266000000,314119000000,12419000000,12264000000
GOOG,1652044,Communication Services,2024-12-31,10-K (Q4 derived: FY − 9M YTD),2026-02-05,96469000000,,30972000000,32243000000,5707000000,26536000000,2.139999999999999,39113000000,14276000000,5810000000,4205000000,,2442000000,15551000000,23466000000,12000000000,10883000000,999000000,450256000000,325084000000,-33000000,12211000000
GOOG,1652044,Communication Services,2025-03-31,10-Q,2026-04-30,90234000000,,30606000000,41789000000,7249000000,34540000000,2.81,36150000000,17197000000,5516000000,4487000000,,2434000000,15068000000,23264000000,,10886000000,1000000000,475374000000,345267000000,12291000000,12155000000
GOOG,1652044,Communication Services,2025-06-30,10-Q,2026-07-23,96428000000,,31271000000,33933000000,5737000000,28196000000,2.31,,,,,,,,21036000000,,23607000000,1000000000,502053000000,362916000000,12198000000,12104000000
GOOG,1652044,Communication Services,2025-09-30,10-Q,2025-10-30,102346000000,,31228000000,43987000000,9008000000,34979000000,2.87,,,,,,,,23090000000,,21607000000,1995000000,536469000000,386867000000,12203000000,12077000000
GOOG,1652044,Communication Services,2025-12-31,10-K (Q4 derived: FY − 9M YTD),2026-02-05,113829000000,,35934000000,39117000000,4662000000,34455000000,2.8200000000000003,52402000000,27851000000,7071000000,6040000000,,2536000000,5499000000,30708000000,49085000000,46547000000,1996000000,595281000000,415265000000,0,12088000000
GOOG,1652044,Communication Services,2026-03-31,10-Q,2026-04-30,109896000000,,39696000000,77412000000,14834000000,62578000000,5.11,45790000000,35674000000,6751000000,6482000000,,2542000000,0,38063000000,,77501000000,1998000000,703919000000,478746000000,12238000000,12116000000
GOOG,1652044,Communication Services,2026-06-30,10-Q,2026-07-23,119796000000,,40770000000,138753000000,26560000000,112193000000,9.11,,,,,,,,55911000000,,98165000000,1999000000,921983000000,640480000000,12309000000,12230000000
GOOGL,1652044,Communication Services,2023-09-30,10-Q,2024-10-30,,,21343000000,21197000000,1508000000,19689000000,1.55,,,,,116000000,,,30702000000,,,1000000000,396711000000,273202000000,12696000000,12541000000
GOOGL,1652044,Communication Services,2023-12-31,10-K (Q4 derived: FY − 9M YTD),2026-02-05,,,23697000000,24412000000,3725000000,20687000000,1.6399999999999997,18915000000,11019000000,5659000000,3316000000,69000000,0,16191000000,24048000000,13000000000,11870000000,1000000000,402392000000,283379000000,-39000000,12460000000
GOOGL,1652044,Communication Services,2024-03-31,10-Q,2025-04-25,,,25472000000,28315000000,4653000000,23662000000,1.89,28848000000,12012000000,5264000000,3413000000,94000000,0,15696000000,24493000000,,,0,407350000000,292844000000,12527000000,12381000000
GOOGL,1652044,Communication Services,2024-06-30,10-Q,2025-07-24,84742000000,,27425000000,27551000000,3932000000,23619000000,1.89,,,,,,,,27225000000,,,0,414770000000,300753000000,12495000000,12322000000
GOOGL,1652044,Communication Services,2024-09-30,10-Q,2025-10-30,88268000000,,28521000000,31706000000,5405000000,26301000000,2.12,,,,,,,,19959000000,,,999000000,430266000000,314119000000,12419000000,12264000000
GOOGL,1652044,Communication Services,2024-12-31,10-K (Q4 derived: FY − 9M YTD),2026-02-05,96469000000,,30972000000,32243000000,5707000000,26536000000,2.139999999999999,39113000000,14276000000,5810000000,4205000000,,2442000000,15551000000,23466000000,12000000000,10883000000,999000000,450256000000,325084000000,-33000000,12211000000
GOOGL,1652044,Communication Services,2025-03-31,10-Q,2026-04-30,90234000000,,30606000000,41789000000,7249000000,34540000000,2.81,36150000000,17197000000,5516000000,4487000000,,2434000000,15068000000,23264000000,,10886000000,1000000000,475374000000,345267000000,12291000000,12155000000
GOOGL,1652044,Communication Services,2025-06-30,10-Q,2026-07-23,96428000000,,31271000000,33933000000,5737000000,28196000000,2.31,,,,,,,,21036000000,,23607000000,1000000000,502053000000,362916000000,12198000000,12104000000
GOOGL,1652044,Communication Services,2025-09-30,10-Q,2025-10-30,102346000000,,31228000000,43987000000,9008000000,34979000000,2.87,,,,,,,,23090000000,,21607000000,1995000000,536469000000,386867000000,12203000000,12077000000
GOOGL,1652044,Communication Services,2025-12-31,10-K (Q4 derived: FY − 9M YTD),2026-02-05,113829000000,,35934000000,39117000000,4662000000,34455000000,2.8200000000000003,52402000000,27851000000,7071000000,6040000000,,2536000000,5499000000,30708000000,49085000000,46547000000,1996000000,595281000000,415265000000,0,12088000000
GOOGL,1652044,Communication Services,2026-03-31,10-Q,2026-04-30,109896000000,,39696000000,77412000000,14834000000,62578000000,5.11,45790000000,35674000000,6751000000,6482000000,,2542000000,0,38063000000,,77501000000,1998000000,703919000000,478746000000,12238000000,12116000000
GOOGL,1652044,Communication Services,2026-06-30,10-Q,2026-07-23,119796000000,,40770000000,138753000000,26560000000,112193000000,9.11,,,,,,,,55911000000,,98165000000,1999000000,921983000000,640480000000,12309000000,12230000000
GPC,40987,Consumer Discretionary,2025-03-31,10-Q,2026-04-21,5866069000,2173684000,,251637000,57245000,194392000,1.4,-40827000,119840000,8574000,115435000,,134355000,0,,,3775858000,0,19817205000,4449933000,139200000,
GPC,40987,Consumer Discretionary,2025-04-17,10-Q,2025-04-22,,,,,,,,,,,,,,,,,,,,,,138789637
GPC,40987,Consumer Discretionary,2025-06-30,10-Q,2026-07-21,6164425000,2324388000,,338557000,83677000,254880000,1.83,,,,,,,,,,3744118000,101230000,20431067000,4702913000,139244000,
GPC,40987,Consumer Discretionary,2025-07-17,10-Q,2025-07-22,,,,,,,,,,,,,,,,,,,,,,139092294
GPC,40987,Consumer Discretionary,2025-09-30,10-Q,2025-10-21,6260232000,2341402000,,291693000,65522000,226171000,1.62,,,,,,,,,,3745774000,101944000,20694868000,4786631000,139406000,
GPC,40987,Consumer Discretionary,2025-10-17,10-Q,2025-10-21,,,,,,,,,,,,,,,,,,,,,,139110500
GPC,40987,Consumer Discretionary,2025-12-31,10-K (Q4 derived: FY − 9M YTD),2026-02-20,6009415000,2101224000,,-829719000,-220221000,-609498000,-4.38,380073000,119395000,11664000,172095000,,143271000,0,,4795751000,3498423000,353788000,20795540000,4422991000,-7000,
GPC,40987,Consumer Discretionary,2026-02-17,10-K,2026-02-20,,,,,,,,,,,,,,,,,,,,,,137622108
GPC,40987,Consumer Discretionary,2026-03-31,10-Q,2026-04-21,6264940000,2338964000,,245393000,56858000,188535000,1.37,63916000,97552000,12168000,131028000,,141746000,,,,3478884000,356222000,20976577000,4475417000,138030000,
GPC,40987,Consumer Discretionary,2026-04-17,10-Q,2026-04-21,,,,,,,,,,,,,,,,,,,,,,137624545
GPC,40987,Consumer Discretionary,2026-06-30,10-Q,2026-07-21,6536951000,2470707000,,293830000,66272000,227558000,1.65,,,,,,,,,,3976648000,250000000,21058293000,4526012000,137977000,
GPC,40987,Consumer Discretionary,2026-07-17,10-Q,2026-07-21,,,,,,,,,,,,,,,,,,,,,,137859758
GPN,1123360,Financials,2025-03-31,10-Q,2026-05-08,,,371959000,,43769000,305734000,1.24,555124000,,39740000,292587000,144800000,61124000,446286000,2714050000,16278207000,,,47616106000,22248343000,247160000,
GPN,1123360,Financials,2025-05-01,10-Q,2025-05-06,,,,,,,,,,,,,,,,,,,,,,243880022
GPN,1123360,Financials,2025-06-30,10-Q,2026-08-05,,,393308000,,40877000,241640000,0.99,,,,296456000,151400000,,,2611662000,16100247000,,,48518510000,22593075000,243577000,
GPN,1123360,Financials,2025-07-31,10-Q,2025-08-06,,,,,,,,,,,,,,,,,,,,,,242607106
GPN,1123360,Financials,2025-09-30,10-Q,2025-11-04,,,778014000,,199309000,635209000,2.64,,,,303181000,141700000,,,2603047000,15303164000,,,47962419000,22668088000,240174000,
GPN,1123360,Financials,2025-10-30,10-Q,2025-11-04,,,,,,,,,,,,,,,,,,,,,,236743716
GPN,1123360,Financials,2025-12-31,10-K (Q4 derived: FY − 9M YTD),2026-02-20,,,169308000,,-111015000,217524000,0.9300000000000006,515212000,,38826000,341120000,196200000,59057000,-69000,8336402000,21551201000,,,53338484000,22888767000,-1604000,
GPN,1123360,Financials,2026-02-10,10-K,2026-02-20,,,,,,,,,,,,,,,,,,,,,,279901327
GPN,1123360,Financials,2026-03-31,10-Q,2026-05-08,,,-15646000,,-11840000,-1799878000,-6.59,-288821000,,21486000,864757000,239200000,68246000,549931000,5861312000,22696960000,,,64254841000,23792363000,273223000,
GPN,1123360,Financials,2026-05-01,10-Q,2026-05-08,,,,,,,,,,,,,,,,,,,,,,273543507
GPN,1123360,Financials,2026-06-30,10-Q,2026-08-05,,,337121000,,-4926000,12971000,0.05,,,,,261100000,,,5408962000,22515505000,,,63573787000,23110707000,270115000,
GPN,1123360,Financials,2026-07-31,10-Q,2026-08-05,,,,,,,,,,,,,,,,,,,,,,264618390
GRMN,1121788,Consumer Discretionary,2024-12-28,10-K (Q4 derived: FY − 9M YTD),2026-02-18,1822561000,1079925000,516081000,516138000,80405000,435733000,2.24,483890000,84702000,36123000,38151000,,143982000,,2079468000,,,,9630527000,7848398000,341000,
GRMN,1121788,Consumer Discretionary,2025-02-14,10-K,2025-02-19,,,,,,,,,,,,,,,,,,,,,,192403775
GRMN,1121788,Consumer Discretionary,2025-03-29,10-Q,2026-04-29,1535099000,884545000,332824000,389078000,56309000,332769000,1.72,420788000,40062000,37772000,37463000,,144566000,,2175515000,,,,9787622000,8179478000,193717000,
GRMN,1121788,Consumer Discretionary,2025-04-25,10-Q,2025-04-30,,,,,,,,,,,,,,,,,,,,,,192541456
GRMN,1121788,Consumer Discretionary,2025-06-28,10-Q,2025-07-30,1814564000,1067012000,472295000,480251000,79429000,400822000,2.07,,,,,,,,2072208000,,,,10324076000,8125111000,193416000,
GRMN,1121788,Consumer Discretionary,2025-07-25,10-Q,2025-07-30,,,,,,,,,,,,,,,,,,,,,,192493945
GRMN,1121788,Consumer Discretionary,2025-09-27,10-Q,2025-10-29,1770901000,1046487000,456803000,509820000,108205000,401615000,2.08,,,,,,,,2072845000,,,,10522878000,8478241000,193533000,
GRMN,1121788,Consumer Discretionary,2025-10-24,10-Q,2025-10-29,,,,,,,,,,,,,,,,,,,,,,192334806
GRMN,1121788,Consumer Discretionary,2025-12-27,10-K (Q4 derived: FY − 9M YTD),2026-02-18,2124955000,1258260000,614154000,635386000,106705000,528681000,2.7199999999999998,553785000,124173000,41000000,36978000,,172966000,,2278646000,,,,10993669000,8972564000,65000,
GRMN,1121788,Consumer Discretionary,2026-02-13,10-K,2026-02-18,,,,,,,,,,,,,,,,,,,,,,192480830
GRMN,1121788,Consumer Discretionary,2026-03-28,10-Q,2026-04-29,1753489000,1042289000,431665000,472529000,67451000,405078000,2.09,535988000,66617000,43323000,40418000,,173637000,,2289916000,,,,10952438000,9271024000,193565000,
GRMN,1121788,Consumer Discretionary,2026-04-24,10-Q,2026-04-29,,,,,,,,,,,,,,,,,,,,,,192856206
GS,886982,Financials,2025-03-31,10-Q,2026-05-01,15062000000,,,5647000000,909000000,4738000000,14.12,-37230000000,499000000,2417000000,506000000,16488000000,1115000000,4360000000,167408000000,,,,1766181000000,124300000000,324500000,
GS,886982,Financials,2025-04-21,10-Q,2025-05-02,,,,,,,,,,,,,,,,,,,,,,306841128
GS,886982,Financials,2025-06-30,10-Q,2026-08-03,14583000000,,,4958000000,1235000000,3723000000,10.91,,,,618000000,16685000000,,,152967000000,,,,1785009000000,124096000000,318300000,
GS,886982,Financials,2025-07-18,10-Q,2025-08-01,,,,,,,,,,,,,,,,,,,,,,302721092
GS,886982,Financials,2025-09-30,10-Q,2025-10-31,15184000000,,,5392000000,1294000000,4098000000,12.25,,,,531000000,16970000000,,,169577000000,,,,1807982000000,124402000000,315000000,
GS,886982,Financials,2025-10-17,10-Q,2025-10-31,,,,,,,,,,,,,,,,,,,,,,299928511
GS,886982,Financials,2025-12-31,10-K (Q4 derived: FY − 9M YTD),2026-02-25,13454000000,,,5855000000,1238000000,4617000000,13.990000000000002,-16276000000,531000000,258000000,527000000,16671000000,1463000000,3000000000,164259000000,,,,1809320000000,124972000000,-1600000,
GS,886982,Financials,2026-02-06,10-K,2026-02-25,,,,,,,,,,,,,,,,,,,,,,296752922
GS,886982,Financials,2026-03-31,10-Q,2026-05-01,17227000000,,,6486000000,856000000,5630000000,17.55,-31868000000,565000000,2530000000,495000000,,1588000000,5000000000,179530000000,,,,2060180000000,122782000000,308000000,
GS,886982,Financials,2026-04-17,10-Q,2026-05-01,,,,,,,,,,,,,,,,,,,,,,295007421
GS,886982,Financials,2026-06-30,10-Q,2026-08-03,20338000000,,,8563000000,1935000000,6628000000,20.98,,,,509000000,,,,187266000000,,,,2127711000000,122742000000,304900000,
GS,886982,Financials,2026-07-17,10-Q,2026-08-03,,,,,,,,,,,,,,,,,,,,,,291171408
GWW,277135,Industrials,2025-03-31,10-Q,2026-05-07,,1710000000,672000000,657000000,157000000,479000000,9.86,646000000,125000000,12000000,79000000,,115000000,281000000,666000000,2281000000,2278000000,3000000,8658000000,3480000000,48300000,
GWW,277135,Industrials,2025-04-24,10-Q,2025-05-01,,,,,,,,,,,,,,,,,,,,,,48039213
GWW,277135,Industrials,2025-06-30,10-Q,2026-08-04,,1755000000,678000000,661000000,153000000,482000000,9.97,,,,84000000,,,,597000000,2343000000,2341000000,2000000,8937000000,3674000000,48100000,
GWW,277135,Industrials,2025-07-25,10-Q,2025-08-01,,,,,,,,,,,,,,,,,,,,,,47832244
GWW,277135,Industrials,2025-09-30,10-Q,2025-10-31,,1798000000,511000000,492000000,171000000,294000000,6.12,,,,84000000,,,,535000000,2369000000,2367000000,2000000,8848000000,3561000000,47900000,
GWW,277135,Industrials,2025-10-24,10-Q,2025-10-31,,,,,,,,,,,,,,,,,,,,,,47549337
GWW,277135,Industrials,2025-12-31,10-K (Q4 derived: FY − 9M YTD),2026-02-19,,1746000000,634000000,620000000,141000000,451000000,9.43,395000000,126000000,15000000,83000000,,109000000,247000000,585000000,2488000000,2362000000,126000000,8962000000,3736000000,-100000,
GWW,277135,Industrials,2026-02-12,10-K,2026-02-19,,,,,,,,,,,,,,,,,,,,,,47373024
GWW,277135,Industrials,2026-03-31,10-Q,2026-05-07,,1896000000,793000000,775000000,194000000,555000000,11.65,739000000,170000000,14000000,80000000,,108000000,237000000,695000000,2411000000,2409000000,2000000,9473000000,3930000000,47400000,
GWW,277135,Industrials,2026-04-30,10-Q,2026-05-07,,,,,,,,,,,,,,,,,,,,,,47213119
GWW,277135,Industrials,2026-06-30,10-Q,2026-08-04,,1984000000,807000000,798000000,198000000,570000000,12.01,,,,85000000,,,,589000000,2408000000,2406000000,2000000,9618000000,4131000000,47200000,
GWW,277135,Industrials,2026-07-28,10-Q,2026-08-04,,,,,,,,,,,,,,,,,,,,,,47100942
HAL,45012,Energy,2025-03-31,10-Q,2026-04-24,,,431000000,306000000,103000000,204000000,0.24,377000000,302000000,,277000000,,147000000,250000000,,,,381000000,25179000000,10367000000,866000000,
HAL,45012,Energy,2025-04-18,10-Q,2025-04-25,,,,,,,,,,,,,,,,,,,,,,859715017
HAL,45012,Energy,2025-06-30,10-Q,2026-07-24,,,727000000,611000000,131000000,472000000,0.55,,354000000,,284000000,,,,,7163000000,,381000000,25377000000,10505000000,857000000,
HAL,45012,Energy,2025-07-18,10-Q,2025-07-25,,,,,,,,,,,,,,,,,,,,,,852602102
HAL,45012,Energy,2025-09-30,10-Q,2025-10-24,,,356000000,219000000,199000000,18000000,0.02,,261000000,,285000000,,,,2026000000,7157000000,,382000000,25164000000,10203000000,850000000,
HAL,45012,Energy,2025-10-17,10-Q,2025-10-24,,,,,,,,,,,,,,,,,,,,,,841626610
HAL,45012,Energy,2025-12-31,10-K (Q4 derived: FY − 9M YTD),2026-02-06,,,746000000,635000000,46000000,589000000,,1165000000,337000000,,290000000,,143000000,250000000,2206000000,7158000000,7158000000,0,25010000000,10461000000,-5000000,
HAL,45012,Energy,2026-01-30,10-K,2026-02-06,,,,,,,,,,,,,,,,,,,,,,837548345
HAL,45012,Energy,2026-03-31,10-Q,2026-04-24,,,679000000,569000000,105000000,461000000,0.55,273000000,192000000,,295000000,,142000000,100000000,2003000000,7070000000,,90000000,25142000000,10780000000,839000000,
HAL,45012,Energy,2026-04-17,10-Q,2026-04-24,,,,,,,,,,,,,,,,,,,,,,835397735
HAL,45012,Energy,2026-06-30,10-Q,2026-07-24,,,778000000,664000000,126000000,534000000,0.64,,,,296000000,,,,2048000000,7071000000,,90000000,25828000000,11010000000,838000000,
HAL,45012,Energy,2026-07-17,10-Q,2026-07-24,,,,,,,,,,,,,,,,,,,,,,833130367
HAS,46080,Consumer Discretionary,2025-03-30,10-Q,2026-05-13,1006100000,,170700000,136600000,37100000,98600000,0.7,138100000,13800000,18400000,34200000,,97900000,0,,,3331500000,0,6040000000,,141000000,
HAS,46080,Consumer Discretionary,2025-04-24,10-Q,2025-05-06,,,,,,,,,,,,,,,,,,,,,,140129383
HAS,46080,Consumer Discretionary,2025-06-29,10-Q,2026-07-30,1133900000,,-798200000,-814700000,40000000,-855800000,-6.1,,,,31900000,,,,,,3320900000,0,5174400000,,140300000,
HAS,46080,Consumer Discretionary,2025-07-21,10-Q,2025-07-31,,,,,,,,,,,,,,,,,,,,,,140232540
HAS,46080,Consumer Discretionary,2025-09-28,10-Q,2025-11-05,1590100000,,341100000,305200000,71300000,233200000,1.64,,,,40800000,,,,,,3318800000,0,5521800000,,142200000,
HAS,46080,Consumer Discretionary,2025-10-31,10-Q,2025-11-05,,,,,,,,,,,,,,,,,,,,,,140337023
HAS,46080,Consumer Discretionary,2025-12-28,10-K (Q4 derived: FY − Q1..Q3),2026-02-25,1635800000,,297500000,270900000,67800000,201600000,1.4400000000000004,403200000,13700000,24900000,28400000,,98300000,,,,2767900000,497000000,5552000000,,100000,
HAS,46080,Consumer Discretionary,2026-02-13,10-K,2026-02-25,,,,,,,,,,,,,,,,,,,,,,140685758
HAS,46080,Consumer Discretionary,2026-03-29,10-Q,2026-05-13,1113100000,,270300000,244100000,44600000,198400000,1.39,337700000,22200000,21100000,25900000,,98500000,7700000,,,3094900000,497000000,5930300000,,143200000,
HAS,46080,Consumer Discretionary,2026-05-01,10-Q,2026-05-13,,,,,,,,,,,,,,,,,,,,,,141490692
HAS,46080,Consumer Discretionary,2026-06-28,10-Q,2026-07-30,1290500000,,252500000,208700000,47400000,160900000,1.12,,,,32000000,,,,,,3041200000,497000000,6037200000,,143100000,
HAS,46080,Consumer Discretionary,2026-07-20,10-Q,2026-07-30,,,,,,,,,,,,,,,,,,,,,,141044467
HBAN,49196,Financials,2024-01-31,10-K,2024-02-16,,,,,,,,,,,,,,,,,,,,,,1448345863
HBAN,49196,Financials,2024-03-31,10-Q,2025-04-29,336000000,,,510000000,86000000,419000000,0.26,482000000,32000000,20000000,190000000,1093000000,226000000,,,14894000000,,,193519000000,19322000000,1473335000,1449254147
HBAN,49196,Financials,2024-06-30,10-Q,2025-07-29,360000000,,,586000000,106000000,474000000,0.3,,,,,,,,,16461000000,,,196310000000,19515000000,1474259000,1452432838
HBAN,49196,Financials,2024-09-30,10-Q,2025-10-28,362000000,,,638000000,116000000,517000000,0.33,,,,,,,,,15656000000,,,200535000000,20606000000,1476982000,1452811392
HBAN,49196,Financials,2024-12-31,10-K (Q4 derived: FY − 9M YTD),2026-02-13,410000000,,,669000000,135000000,530000000,0.33999999999999997,1115000000,27000000,25000000,130000000,,226000000,,,16374000000,,,204230000000,19740000000,1583000,
HBAN,49196,Financials,2025-01-31,10-K,2025-02-14,,,,,,,,,,,,,,,,,,,,,,1453758267
HBAN,49196,Financials,2025-03-31,10-Q,2026-04-30,351000000,,,653000000,122000000,527000000,0.34,513000000,54000000,21000000,,,226000000,0,,18096000000,,,209596000000,20434000000,1481879000,1456811621
HBAN,49196,Financials,2025-06-30,10-Q,2025-07-29,377000000,,,638000000,96000000,536000000,0.34,,,,,,,,,17467000000,,,207742000000,20928000000,1480996000,1458800042
HBAN,49196,Financials,2025-09-30,10-Q,2025-10-28,424000000,,,766000000,133000000,629000000,0.41,,,,,,,,,17315000000,,,210228000000,22248000000,1484587000,1459390757
HBAN,49196,Financials,2025-12-31,10-K (Q4 derived: FY − 9M YTD),2026-02-13,410000000,,,631000000,108000000,519000000,0.2999999999999998,928000000,118000000,29000000,,,228000000,,,17221000000,,,225106000000,24342000000,22159000,
HBAN,49196,Financials,2026-02-01,10-K,2026-02-13,,,,,,,,,,,,,,,,,,,,,,2029792391
HBAN,49196,Financials,2026-03-31,10-Q,2026-04-30,472000000,,,641000000,114000000,523000000,0.25,524000000,124000000,45000000,,,248000000,150000000,,21594000000,,,285372000000,32535000000,1900647000,2027130587
HCA,860730,Health Care,2024-12-31,10-K (Q4 derived: FY − 9M YTD),2026-02-10,18285000000,,,2133000000,447000000,1438000000,5.629999999999999,2559000000,1285000000,85000000,856000000,528000000,,1700000000,1933000000,43031000000,38333000000,4698000000,59513000000,-2499000000,-2181000,
HCA,860730,Health Care,2025-01-31,10-K,2025-02-14,,,,,,,,,,,,,,,,,,,,,,248341900
HCA,860730,Health Care,2025-03-31,10-Q,2026-04-29,18321000000,,,2327000000,502000000,1610000000,6.45,1651000000,991000000,98000000,860000000,547000000,,2506000000,1060000000,44576000000,41057000000,3519000000,59798000000,-3519000000,249440000,
HCA,860730,Health Care,2025-04-28,10-Q,2025-05-01,,,,,,,,,,,,,,,,,,,,,,240573900
HCA,860730,Health Care,2025-06-30,10-Q,2025-08-04,18605000000,,,2415000000,524000000,1653000000,6.83,,,,863000000,568000000,,,939000000,42705000000,39379000000,,59536000000,-4394000000,241911000,
HCA,860730,Health Care,2025-07-31,10-Q,2025-08-04,,,,,,,,,,,,,,,,,,,,,,233993500
HCA,860730,Health Care,2025-09-30,10-Q,2025-10-30,19161000000,,,2418000000,515000000,1643000000,6.96,,,,889000000,561000000,,,997000000,42601000000,38401000000,,59747000000,-5335000000,236181000,
HCA,860730,Health Care,2025-10-27,10-Q,2025-10-30,,,,,,,,,,,,,,,,,,,,,,228193900
HCA,860730,Health Care,2025-12-31,10-K (Q4 derived: FY − 9M YTD),2026-02-10,19513000000,,,2672000000,509000000,1878000000,8.099999999999998,2359000000,1489000000,100000000,911000000,572000000,,2558000000,1040000000,44285000000,41603000000,,60720000000,-6027000000,-2964000,
HCA,860730,Health Care,2026-01-31,10-K,2026-02-10,,,,,,,,,,,,,,,,,,,,,,223622200
HCA,860730,Health Care,2026-03-31,10-Q,2026-04-29,19109000000,,,2287000000,430000000,1620000000,7.15,2014000000,1119000000,86000000,930000000,584000000,,1571000000,940000000,44373000000,39491000000,,61450000000,-6303000000,226652000,
HCA,860730,Health Care,2026-04-27,10-Q,2026-04-29,,,,,,,,,,,,,,,,,,,,,,221839800
HD,354950,Consumer Discretionary,2025-05-04,10-Q,2026-05-27,,13459000000,5133000000,4542000000,1109000000,3433000000,3.45,4325000000,806000000,170000000,855000000,,2286000000,0,1369000000,,,,99157000000,7955000000,994000000,
HD,354950,Consumer Discretionary,2025-05-20,10-Q,2025-05-28,,,,,,,,,,,,,,,,,,,,,,994927985
HD,354950,Consumer Discretionary,2025-08-03,10-Q,2026-08-25,,15125000000,6555000000,6005000000,1454000000,4551000000,4.58,,,,,,,,2804000000,,,,100049000000,10665000000,994000000,
HD,354950,Consumer Discretionary,2025-08-19,10-Q,2025-08-26,,,,,,,,,,,,,,,,,,,,,,995386647
HD,354950,Consumer Discretionary,2025-11-02,10-Q,2025-11-25,,13815000000,5353000000,4757000000,1156000000,3601000000,3.62,,,,,,,,1684000000,,,,106274000000,12116000000,995000000,
HD,354950,Consumer Discretionary,2025-11-18,10-Q,2025-11-25,,,,,,,,,,,,,,,,,,,,,,995511485
HD,354950,Consumer Discretionary,2026-02-01,10-K (Q4 derived: FY − 9M YTD),2026-03-18,,12466000000,3849000000,3298000000,727000000,2571000000,2.58,3347000000,1058000000,114000000,908000000,,2289000000,0,1389000000,49397000000,,,105095000000,12813000000,1000000,
HD,354950,Consumer Discretionary,2026-03-04,10-K,2026-03-18,,,,,,,,,,,,,,,,,,,,,,996011466
HD,354950,Consumer Discretionary,2026-05-03,10-Q,2026-05-27,,13781000000,4981000000,4377000000,1088000000,3289000000,3.3,6032000000,844000000,178000000,910000000,,2320000000,,1601000000,,,,107904000000,13874000000,996000000,
HD,354950,Consumer Discretionary,2026-05-19,10-Q,2026-05-27,,,,,,,,,,,,,,,,,,,,,,997116682
HD,354950,Consumer Discretionary,2026-08-02,10-Q,2026-08-25,,16115000000,6839000000,6315000000,1549000000,4766000000,4.79,,,,,,,,2085000000,,,,109384000000,16617000000,996000000,
HD,354950,Consumer Discretionary,2026-08-18,10-Q,2026-08-25,,,,,,,,,,,,,,,,,,,,,,997689626
HIG,874766,Financials,2025-03-31,10-Q,2026-04-23,6810000000,,,783000000,153000000,630000000,2.15,985000000,38000000,,,50000000,150000000,400000000,216000000,4368000000,,,82307000000,16844000000,290800000,
HIG,874766,Financials,2025-04-23,10-Q,2025-04-24,,,,,,,,,,,,,,,,,,,,,,284102986
HIG,874766,Financials,2025-06-30,10-Q,2026-07-23,6716000000,,,1174000000,236000000,995000000,3.44,,,,,50000000,,,219000000,4369000000,,,83639000000,17518000000,287700000,
HIG,874766,Financials,2025-07-25,10-Q,2025-07-28,,,,,,,,,,,,,,,,,,,,,,281171656
HIG,874766,Financials,2025-09-30,10-Q,2025-10-27,7232000000,,,1318000000,238000000,1080000000,3.77,,,,,50000000,,,206000000,4370000000,,,84995000000,18450000000,285000000,
HIG,874766,Financials,2025-10-24,10-Q,2025-10-27,,,,,,,,,,,,,,,,,,,,,,278650292
HIG,874766,Financials,2025-12-31,10-K (Q4 derived: FY − 9M YTD),2026-02-20,7339000000,,,1413000000,282000000,1131000000,3.9800000000000004,1808000000,46000000,,,49000000,146000000,400000000,166000000,4371000000,4371000000,,86029000000,18979000000,-1300000,
HIG,874766,Financials,2026-02-19,10-K,2026-02-20,,,,,,,,,,,,,,,,,,,,,,275863220
HIG,874766,Financials,2026-03-31,10-Q,2026-04-23,7226000000,,,1057000000,201000000,856000000,3.04,1045000000,31000000,,,50000000,167000000,450000000,220000000,4372000000,,,86322000000,18889000000,279900000,
HIG,874766,Financials,2026-04-22,10-Q,2026-04-23,,,,,,,,,,,,,,,,,,,,,,274130820
HIG,874766,Financials,2026-06-30,10-Q,2026-07-23,7263000000,,,1231000000,251000000,1298000000,4.68,,,,,50000000,,,203000000,4374000000,,,87983000000,19633000000,276300000,
HIG,874766,Financials,2026-07-22,10-Q,2026-07-23,,,,,,,,,,,,,,,,,,,,,,270872002
HII,1501585,Industrials,2025-03-31,10-Q,2026-05-05,2734000000,,161000000,187000000,38000000,149000000,3.79,-395000000,67000000,24000000,79000000,28000000,53000000,,,,2699000000,,12103000000,,39300000,
HII,1501585,Industrials,2025-04-25,10-Q,2025-05-01,,,,,,,,,,,,,,,,,,,,,,39239134
HII,1501585,Industrials,2025-06-30,10-Q,2026-07-30,3082000000,,163000000,188000000,36000000,152000000,3.86,,,,83000000,28000000,,,,,2700000000,,12098000000,,39400000,
HII,1501585,Industrials,2025-07-25,10-Q,2025-07-31,,,,,,,,,,,,,,,,,,,,,,39240631
HII,1501585,Industrials,2025-09-30,10-Q,2025-10-30,3192000000,,161000000,204000000,59000000,145000000,3.68,,,,80000000,23000000,,,,,2698000000,,12309000000,,39400000,
HII,1501585,Industrials,2025-10-24,10-Q,2025-10-30,,,,,,,,,,,,,,,,,,,,,,39241434
HII,1501585,Industrials,2025-12-31,10-K (Q4 derived: FY − 9M YTD),2026-02-05,3476000000,,172000000,198000000,39000000,159000000,4.040000000000001,650000000,134000000,11000000,87000000,26000000,54000000,,,,2700000000,,12749000000,5073000000,0,
HII,1501585,Industrials,2026-01-30,10-K,2026-02-05,,,,,,,,,,,,,,,,,,,,,,39242688
HII,1501585,Industrials,2026-03-31,10-Q,2026-05-05,3099000000,,155000000,188000000,39000000,149000000,3.79,-390000000,74000000,21000000,76000000,22000000,54000000,,,,2701000000,,12533000000,,39300000,
HII,1501585,Industrials,2026-05-01,10-Q,2026-05-05,,,,,,,,,,,,,,,,,,,,,,39404029
HII,1501585,Industrials,2026-06-30,10-Q,2026-07-30,3418000000,,210000000,254000000,46000000,208000000,5.27,,,,79000000,27000000,,,,,2702000000,,12682000000,,39500000,
HII,1501585,Industrials,2026-07-24,10-Q,2026-07-30,,,,,,,,,,,,,,,,,,,,,,39404598
HLT,1585689,Consumer Discretionary,2025-03-31,10-Q,2026-04-28,,,536000000,410000000,110000000,300000000,1.23,452000000,19000000,36000000,41000000,,37000000,875000000,731000000,10617000000,,,16043000000,-4378000000,243000000,
HLT,1585689,Consumer Discretionary,2025-04-24,10-Q,2025-04-29,,,,,,,,,,,,,,,,,,,,,,237699736
HLT,1585689,Consumer Discretionary,2025-06-30,10-Q,2026-07-28,,,778000000,629000000,187000000,440000000,1.84,,,,43000000,,,,371000000,10909000000,,,15904000000,-4590000000,239000000,
HLT,1585689,Consumer Discretionary,2025-07-18,10-Q,2025-07-23,,,,,,,,,,,,,,,,,,,,,,235193753
HLT,1585689,Consumer Discretionary,2025-09-30,10-Q,2025-10-22,,,777000000,604000000,183000000,420000000,1.78,,,,46000000,,,,1057000000,11603000000,,,16641000000,-4932000000,237000000,
HLT,1585689,Consumer Discretionary,2025-10-17,10-Q,2025-10-22,,,,,,,,,,,,,,,,,,,,,,232435166
HLT,1585689,Consumer Discretionary,2025-12-31,10-K (Q4 derived: FY − 9M YTD),2026-02-11,,,602000000,429000000,131000000,297000000,1.2800000000000002,203000000,30000000,35000000,47000000,,35000000,779000000,918000000,12338000000,,,16774000000,-5388000000,-2000000,
HLT,1585689,Consumer Discretionary,2026-02-06,10-K,2026-02-11,,,,,,,,,,,,,,,,,,,,,,229291615
HLT,1585689,Consumer Discretionary,2026-03-31,10-Q,2026-04-28,,,678000000,518000000,135000000,385000000,1.66,618000000,9000000,45000000,50000000,,35000000,821000000,564000000,12334000000,,,16385000000,-5905000000,232000000,
HLT,1585689,Consumer Discretionary,2026-04-23,10-Q,2026-04-28,,,,,,,,,,,,,,,,,,,,,,227648372
HLT,1585689,Consumer Discretionary,2026-06-30,10-Q,2026-07-28,,,858000000,680000000,198000000,482000000,2.1,,,,49000000,,,,1009000000,12719000000,,,16928000000,-6303000000,229000000,
HLT,1585689,Consumer Discretionary,2026-07-23,10-Q,2026-07-28,,,,,,,,,,,,,,,,,,,,,,225064910
HON,773840,Industrials,2024-03-31,10-K,2026-02-17,,3222000000,2094000000,1871000000,396000000,1462000000,2.23,448000000,233000000,53000000,291000000,,703000000,671000000,11756000000,23437000000,,1254000000,65645000000,16454000000,656600000,651185513
HON,773840,Industrials,2024-06-30,10-K,2026-02-17,,3351000000,2199000000,1974000000,414000000,1545000000,2.36,,,,309000000,,,,9576000000,23384000000,,2519000000,69329000000,16947000000,654200000,649671200
HON,773840,Industrials,2024-09-30,10-K,2026-02-17,,3419000000,2296000000,1824000000,409000000,1413000000,2.16,,,,357000000,,,,10644000000,27694000000,,1760000000,73492000000,17406000000,654100000,650247380
HON,773840,Industrials,2024-12-31,10-K,2026-02-17,,3365000000,1078000000,575000000,30000000,1285000000,1.96,2281000000,100000000,36000000,196000000,,741000000,455000000,9906000000,26826000000,,1325000000,75196000000,18619000000,100000,
HON,773840,Industrials,2025-01-24,10-K,2025-02-14,,,,,,,,,,,,,,,,,,,,,,649918551
HON,773840,Industrials,2025-03-31,10-K,2026-02-17,,3462000000,2002000000,1665000000,369000000,1449000000,2.22,597000000,190000000,59000000,325000000,285000000,732000000,1902000000,9657000000,27076000000,,1332000000,75218000000,17463000000,651700000,642682909
HON,773840,Industrials,2025-06-30,10-K,2026-02-17,,3664000000,2128000000,1627000000,244000000,1570000000,4.9,,,,348000000,329000000,,,10349000000,30241000000,,74000000,78419000000,16095000000,320500000,634896562
HON,773840,Industrials,2025-09-30,10-K,2026-02-17,,3233000000,2407000000,2222000000,363000000,1825000000,2.86,,,,397000000,,,,12930000000,30164000000,,72000000,80917000000,16782000000,638800000,634887208
HON,773840,Industrials,2025-12-31,10-K,2026-02-17,,3470000000,1096000000,-501000000,-74000000,-115000000,-0.18,1204000000,58000000,42000000,213000000,,762000000,100000000,12487000000,28687000000,,1546000000,73681000000,13904000000,-1200000,
HON,773840,Industrials,2026-01-23,10-K,2026-02-17,,,,,,,,,,,,,,,,,,,,,,635675701
HON,773840,Industrials,2026-03-31,10-Q,2026-04-23,,,2129000000,886000000,91000000,821000000,1.29,-650000000,223000000,57000000,357000000,356000000,781000000,1000000000,11977000000,32109000000,,3099000000,73988000000,13590000000,638400000,633653119
HON,773840,Industrials,2026-06-30,10-Q,2026-07-23,,,2240000000,7264000000,1578000000,5682000000,17.83,,,,312000000,363000000,,,8751000000,31510000000,,5282000000,77344000000,18537000000,318600000,316940010
HONA,2089271,Industrials,2025-06-28,10-Q,2026-08-05,4289000000,,1066000000,1000000000,148000000,844000000,,,,,93000000,0,,,,,,,,,,
HONA,2089271,Industrials,2025-12-31,10-Q,2026-08-05,,,,,,,,,,,,,,,213000000,9000000,4000000,5000000,17685000000,8399000000,,
HONA,2089271,Industrials,2026-06-27,10-Q,2026-08-05,4522000000,,995000000,378000000,122000000,246000000,,,,,100000000,200000000,,,1057000000,15853000000,15849000000,4000000,19371000000,-5697000000,,
HONA,2089271,Industrials,2026-07-25,10-Q,2026-08-05,,,,,,,,,,,,,,,,,,,,,,316952725
HOOD,1783879,Financials,2023-09-30,10-Q,2024-10-31,467000000,,,-75000000,10000000,-85000000,-0.09,,,,,,,,4889000000,,,,26318000000,6574000000,895108790,
HOOD,1783879,Financials,2023-12-31,10-K (Q4 derived: FY − 9M YTD),2026-02-20,471000000,,,29000000,-1000000,30000000,0.030000000000000027,960000000,,81000000,17000000,,,0,4835000000,,,,17624000000,6696000000,-8141805,
HOOD,1783879,Financials,2024-03-31,10-Q,2025-05-01,618000000,,,162000000,5000000,157000000,0.18,-623000000,,62000000,17000000,,,0,4717000000,,,,46088000000,6885000000,895779155,
HOOD,1783879,Financials,2024-06-30,10-Q,2025-07-31,682000000,,,191000000,3000000,188000000,0.21,,,,,,,,4524000000,,,,41346000000,7122000000,904490572,
HOOD,1783879,Financials,2024-09-30,10-Q,2025-11-06,637000000,,,153000000,3000000,150000000,0.17,,,,,,,,4611000000,,,,43245000000,7208000000,905544750,
HOOD,1783879,Financials,2024-12-31,10-K (Q4 derived: FY − 9M YTD),2026-02-20,1014000000,,,558000000,-358000000,916000000,1.01,-1400000000,,77000000,22000000,,,160000000,4332000000,,,,26187000000,7972000000,2615912,
HOOD,1783879,Financials,2025-03-31,10-Q,2026-04-29,927000000,,,371000000,35000000,336000000,0.37,642000000,,73000000,20000000,,,322000000,4416000000,,,,27517000000,7953000000,909241619,
HOOD,1783879,Financials,2025-06-30,10-Q,2026-07-30,989000000,,,442000000,56000000,386000000,0.42,,,,,,,,4162000000,,,,35324000000,8072000000,909000000,
HOOD,1783879,Financials,2025-09-30,10-Q,2025-11-06,1274000000,,,634000000,78000000,556000000,0.61,,,,,,,,4331000000,,,,41452000000,8567000000,917940660,
HOOD,1783879,Financials,2025-12-31,10-K (Q4 derived: FY − 9M YTD),2026-02-20,1283000000,,,661000000,56000000,605000000,0.6599999999999999,-937000000,,76000000,23000000,,,100000000,4261000000,,,,38137000000,,175783,
HOOD,1783879,Financials,2026-03-31,10-Q,2026-04-29,1067000000,,,411000000,65000000,350000000,0.38,2038000000,,92000000,23000000,,,250000000,5012000000,,,,45474000000,,915038823,
HOOD,1783879,Financials,2026-06-30,10-Q,2026-07-30,1308000000,,,709000000,136000000,561000000,0.62,,,,,,,,5362000000,,,,56550000000,,912000000,
HPE,1645590,Information Technology,2025-04-30,10-Q,2026-06-02,7627000000,,-1109000000,-1045000000,5000000,-1050000000,-0.82,,,,,,,,11667000000,17530000000,12378000000,4374000000,67854000000,23867000000,1322000000,
HPE,1645590,Information Technology,2025-05-28,10-Q,2025-06-04,,,,,,,,,,,,,,,,,,,,,,1312215620
HPE,1645590,Information Technology,2025-07-31,10-Q,2026-09-03,9136000000,,247000000,288000000,-17000000,305000000,0.21,,,,,,,,4571000000,22123000000,16854000000,5050000000,77340000000,24402000000,1421000000,
HPE,1645590,Information Technology,2025-08-28,10-Q,2025-09-04,,,,,,,,,,,,,,,,,,,,,,1319450062
HPE,1645590,Information Technology,2025-10-31,10-K (Q4 derived: FY − 9M YTD),2025-12-18,9679000000,,-8000000,-261000000,-436000000,175000000,0.12,2465000000,641000000,196000000,877000000,,171000000,100000000,5773000000,21748000000,17756000000,3796000000,75906000000,24688000000,3000000,
HPE,1645590,Information Technology,2025-12-10,10-K,2025-12-18,,,,,,,,,,,,,,,,,,,,,,1334533171
HPE,1645590,Information Technology,2026-01-31,10-Q,2026-03-10,9301000000,,470000000,433000000,-19000000,452000000,0.31,1178000000,569000000,216000000,872000000,,190000000,158000000,4841000000,,17705000000,3071000000,75768000000,24774000000,1356000000,
HPE,1645590,Information Technology,2026-03-03,10-Q,2026-03-10,,,,,,,,,,,,,,,,,,,,,,1326854089
HPE,1645590,Information Technology,2026-04-30,10-Q,2026-06-02,10678000000,,747000000,699000000,75000000,624000000,0.44,,,,,,,,5292000000,,18237000000,2249000000,79512000000,25292000000,1432000000,
HPE,1645590,Information Technology,2026-05-26,10-Q,2026-06-02,,,,,,,,,,,,,,,,,,,,,,1324203521
HPE,1645590,Information Technology,2026-07-31,10-Q,2026-09-03,12213000000,,1393000000,1762000000,222000000,1540000000,1.06,,,,,,,,6216000000,,17343000000,2137000000,83596000000,26514000000,1449000000,
HPE,1645590,Information Technology,2026-08-27,10-Q,2026-09-03,,,,,,,,,,,,,,,,,,,,,,1327464779
HPQ,47217,Information Technology,2025-04-30,10-Q,2026-05-28,13220000000,2739000000,654000000,506000000,100000000,406000000,0.42,,,,,,,100000000,2697000000,,9291000000,1392000000,38799000000,-1276000000,956000000,
HPQ,47217,Information Technology,2025-05-22,10-Q,2025-05-29,,,,,,,,,,,,,,,,,,,,,,939272878
HPQ,47217,Information Technology,2025-07-31,10-Q,2026-08-27,13932000000,2851000000,716000000,624000000,-139000000,763000000,0.8,,,,,,,200000000,2871000000,,8782000000,772000000,39854000000,-901000000,954000000,
HPQ,47217,Information Technology,2025-08-22,10-Q,2025-08-28,,,,,,,,,,,,,,,,,,,,,,934701851
HPQ,47217,Information Technology,2025-10-31,10-K (Q4 derived: FY − 9M YTD),2025-12-10,14639000000,2962000000,959000000,834000000,39000000,795000000,0.8299999999999998,1624000000,,90000000,208000000,,270000000,500000000,3690000000,9723000000,8821000000,788000000,41769000000,-346000000,-2000000,
HPQ,47217,Information Technology,2025-12-01,10-K,2025-12-10,,,,,,,,,,,,,,,,,,,,,,917984523
HPQ,47217,Information Technology,2026-01-31,10-Q,2026-02-25,14438000000,2835000000,759000000,671000000,126000000,545000000,0.58,383000000,,182000000,214000000,,277000000,325000000,3154000000,,8838000000,807000000,41535000000,-766000000,932000000,
HPQ,47217,Information Technology,2026-02-20,10-Q,2026-02-25,,,,,,,,,,,,,,,,,,,,,,914550199
HPQ,47217,Information Technology,2026-04-30,10-Q,2026-05-28,14408000000,3016000000,612000000,493000000,43000000,450000000,0.49,,,,,,,100000000,3703000000,,8856000000,810000000,42936000000,-144000000,925000000,
HPQ,47217,Information Technology,2026-05-20,10-Q,2026-05-28,,,,,,,,,,,,,,,,,,,,,,914522690
HPQ,47217,Information Technology,2026-07-31,10-Q,2026-08-27,15677000000,2945000000,892000000,798000000,137000000,661000000,0.71,,,,,,,300000000,4169000000,,7868000000,1292000000,45701000000,-92000000,927000000,
HPQ,47217,Information Technology,2026-08-19,10-Q,2026-08-27,,,,,,,,,,,,,,,,,,,,,,901790969
HRL,48465,Consumer Staples,2023-10-29,10-K (Q4 derived: FY − 9M YTD),2025-12-05,,514424000,270037000,245806000,50322000,195935000,0.3599999999999999,319091000,101682000,3131000,65985000,18360000,150372000,0,736532000,2358719000,2358719000,950529000,13448772000,7734885000,-245000,
HRL,48465,Consumer Staples,2024-01-28,10-Q,2025-02-27,,508733000,284438000,285547000,66818000,218863000,0.4,403980000,47210000,4444000,64067000,18326000,150294000,,963212000,2357176000,2357176000,954031000,13512983000,7844111000,547920000,
HRL,48465,Consumer Staples,2024-04-28,10-Q,2025-05-29,,503806000,252320000,244139000,54931000,189278000,0.34,,,,,21679000,,,1486368000,2852604000,2852604000,957292000,14135373000,7885990000,548685000,
HRL,48465,Consumer Staples,2024-07-28,10-Q,2025-08-28,,488369000,236693000,225719000,48984000,176701000,0.32,,,,,,,,537476000,2851621000,2851621000,8232000,13113781000,7867119000,549266000,
HRL,48465,Consumer Staples,2024-10-27,10-K (Q4 derived: FY − 9M YTD),2025-12-05,,521230000,294480000,280030000,60070000,220196000,0.3999999999999999,408621000,83785000,3121000,66402000,,154982000,0,741881000,2850944000,2850944000,7813000,13434729000,7993420000,208000,
HRL,48465,Consumer Staples,2025-01-26,10-Q,2026-02-26,,475232000,228330000,218073000,47543000,170575000,0.31,309206000,72167000,5454000,65872000,,154980000,,840398000,2850206000,2850206000,7187000,13403483000,8028342000,549854000,
HRL,48465,Consumer Staples,2025-04-27,10-Q,2026-05-28,,484433000,248352000,230489000,50747000,180017000,0.33,,,,63963000,,,,669688000,2850697000,2850697000,7249000,13421808000,8032337000,550611000,
HRL,48465,Consumer Staples,2025-07-27,10-Q,2026-08-27,,487309000,239748000,236514000,52818000,183742000,0.33,,,,64692000,,,,599189000,2850165000,2850165000,6740000,13496726000,8083268000,550723000,
HRL,48465,Consumer Staples,2025-10-26,10-K (Q4 derived: FY − 9M YTD),2025-12-05,,444841000,2173000,-21627000,34577000,-56137000,-0.09999999999999998,322906000,91458000,4215000,69374000,,159500000,,670679000,2850778000,2850778000,6646000,13393119000,7901171000,100000,
HRL,48465,Consumer Staples,2026-01-25,10-Q,2026-02-26,,469575000,243697000,234312000,52542000,181801000,0.33,349214000,68993000,6919000,67095000,,159501000,,867906000,2851007000,2851007000,6485000,13316433000,7938500000,550706000,
HRL,48465,Consumer Staples,2026-04-26,10-Q,2026-05-28,,518507000,217112000,206063000,48685000,157474000,0.29,,,,68826000,,,,826750000,2351004000,2351004000,505335000,13344286000,7949320000,550915000,
HRL,48465,Consumer Staples,2026-07-26,10-Q,2026-08-27,,471515000,110904000,103157000,43638000,59573000,0.11,,,,66427000,,,,839639000,2349489000,2349489000,505634000,13292014000,7843444000,551074000,
HSIC,1000228,Health Care,2025-03-29,10-Q,2026-05-05,,1000000000,175000000,145000000,35000000,110000000,0.88,37000000,31000000,5000000,73000000,35000000,,161000000,,,,,10480000000,3310000000,124848221,
HSIC,1000228,Health Care,2025-04-28,10-Q,2025-05-05,,,,,,,,,,,,,,,,,,,,,,121719546
HSIC,1000228,Health Care,2025-06-28,10-Q,2026-08-04,,1016000000,151000000,121000000,31000000,86000000,0.7,,,,76000000,38000000,,,,,,,10906000000,3445000000,122636948,
HSIC,1000228,Health Care,2025-07-28,10-Q,2025-08-05,,,,,,,,,,,,,,,,,,,,,,121268398
HSIC,1000228,Health Care,2025-09-27,10-Q,2025-11-04,,1026000000,164000000,134000000,28000000,101000000,0.84,,,,80000000,38000000,,,,,,,11097000000,3361000000,121036247,
HSIC,1000228,Health Care,2025-10-27,10-Q,2025-11-04,,,,,,,,,,,,,,,,,,,,,,117724807
HSIC,1000228,Health Care,2025-12-27,10-K (Q4 derived: FY − 9M YTD),2026-02-24,,1063000000,163000000,133000000,32000000,101000000,0.8500000000000001,381000000,43000000,10000000,82000000,39000000,,200000000,,,,,11215000000,3245000000,-1122186,
HSIC,1000228,Health Care,2026-02-17,10-K,2026-02-24,,,,,,,,,,,,,,,,,,,,,,114704121
HSIC,1000228,Health Care,2026-03-28,10-Q,2026-05-05,,1070000000,182000000,150000000,38000000,107000000,0.92,-97000000,25000000,3000000,81000000,39000000,,125000000,,,,,11304000000,3266000000,116061244,
HSIC,1000228,Health Care,2026-04-27,10-Q,2026-05-05,,,,,,,,,,,,,,,,,,,,,,113916757
HSIC,1000228,Health Care,2026-06-27,10-Q,2026-08-04,,1101000000,171000000,137000000,34000000,94000000,0.82,,,,84000000,43000000,,,,,,,11381000000,3157000000,114390366,
HSIC,1000228,Health Care,2026-07-27,10-Q,2026-08-04,,,,,,,,,,,,,,,,,,,,,,111446542
HST,1070750,Real Estate,2025-03-31,10-Q,2026-05-08,,,285000000,250000000,-1000000,248000000,0.35,305000000,,6000000,196000000,,210000000,100000000,428000000,,,,12947000000,6650000000,698300000,
HST,1070750,Real Estate,2025-04-30,10-Q,2025-05-02,,,,,,,,,,,,,,,,,,,,,,693714423
HST,1070750,Real Estate,2025-06-30,10-Q,2026-08-07,,,277000000,252000000,27000000,221000000,0.32,,,,195000000,,,,490000000,,,,12960000000,6638000000,693900000,
HST,1070750,Real Estate,2025-07-30,10-Q,2025-08-01,,,,,,,,,,,,,,,,,,,,,,687542878
HST,1070750,Real Estate,2025-09-30,10-Q,2025-11-07,,,101000000,172000000,9000000,161000000,0.23,,,,196000000,,,,539000000,,,,13040000000,6661000000,689500000,
HST,1070750,Real Estate,2025-11-05,10-Q,2025-11-07,,,,,,,,,,,,,,,,,,,,,,687689481
HST,1070750,Real Estate,2025-12-31,10-K (Q4 derived: FY − 9M YTD),2026-02-25,,,192000000,144000000,7000000,135000000,0.19000000000000006,543000000,,10000000,208000000,,137000000,0,768000000,1274000000,,,13049000000,6558000000,-400000,
HST,1070750,Real Estate,2026-02-20,10-K,2026-02-25,,,,,,,,,,,,,,,,,,,,,,687802181
HST,1070750,Real Estate,2026-03-31,10-Q,2026-05-08,,,319000000,518000000,17000000,494000000,0.72,342000000,,6000000,190000000,,241000000,75000000,1703000000,,,,13154000000,6827000000,689300000,
HST,1070750,Real Estate,2026-05-06,10-Q,2026-05-08,,,,,,,,,,,,,,,,,,,,,,684879281
HST,1070750,Real Estate,2026-06-30,10-Q,2026-08-07,,,293000000,259000000,18000000,237000000,0.35,,,,193000000,,,,1953000000,,,,13253000000,6388000000,687000000,
HST,1070750,Real Estate,2026-08-05,10-Q,2026-08-07,,,,,,,,,,,,,,,,,,,,,,685124399
HSY,47111,Consumer Staples,2023-10-01,10-Q,2024-11-07,,1360253000,735949000,653413000,134836000,518577000,,,,,103309000,41844000,,,,4093878000,4086087000,7791000,11935671000,,,
HSY,47111,Consumer Staples,2023-12-31,10-K (Q4 derived: FY − 9M YTD),2026-02-17,,1123142000,464329000,319675000,-29367000,349042000,,757649000,222509000,24670000,116719000,40056000,237805000,25003000,,4094190000,3789132000,305058000,11902941000,4099086000,,
HSY,47111,Consumer Staples,2024-03-31,10-Q,2025-05-01,,1676081000,1058100000,986258000,188805000,797453000,,569134000,213304000,5986000,107764000,41608000,273404000,494191000,,4095438000,3790013000,305425000,12389754000,,,
HSY,47111,Consumer Staples,2024-06-30,10-Q,2025-07-30,,833745000,287821000,245874000,64980000,180894000,,,,,110421000,44308000,,,,4094569000,3489393000,605176000,12415674000,,,
HSY,47111,Consumer Staples,2024-09-29,10-Q,2025-10-30,,1232719000,613164000,518747000,72446000,446301000,,,,,113255000,46563000,,,,4093898000,3189079000,904819000,12621410000,,,
HSY,47111,Consumer Staples,2024-12-31,10-K (Q4 derived: FY − 9M YTD),2026-02-17,,1558343000,939147000,723057000,-73534000,796591000,,941602000,134527000,11841000,123815000,41838000,270493000,0,,3795175000,3190210000,604965000,12946861000,4714654000,,
HSY,47111,Consumer Staples,2025-03-30,10-Q,2026-04-30,,944267000,369221000,323654000,99451000,224203000,,396682000,145527000,13559000,119564000,50607000,271594000,0,,5780868000,5177251000,603617000,13967764000,,,
HSY,47111,Consumer Staples,2025-06-29,10-Q,2026-07-30,,796273000,192811000,149112000,86393000,62719000,,,,,123833000,57279000,,,,5479457000,5176436000,303021000,13645737000,,,
HSY,47111,Consumer Staples,2025-09-28,10-Q,2025-10-30,,1037334000,434583000,371910000,95590000,276320000,,,,,127784000,59199000,,,,5179420000,4677086000,502334000,13579426000,,,
HSY,47111,Consumer Staples,2025-12-31,10-K (Q4 derived: FY − 9M YTD),2026-02-17,,1144817000,444913000,369532000,49515000,320017000,,926553000,138085000,19007000,132521000,57721000,271341000,0,,5184521000,4681194000,503327000,13741297000,4636750000,,
HSY,47111,Consumer Staples,2026-03-29,10-Q,2026-04-30,,1222731000,640693000,592695000,157590000,435105000,,468806000,114598000,17132000,133002000,54750000,287997000,69270000,,5188444000,4684363000,504081000,13841293000,,,
HSY,47111,Consumer Staples,2026-06-28,10-Q,2026-07-30,,1263308000,642641000,588280000,130615000,457665000,,,,,136095000,55754000,,,,5189135000,4684968000,504167000,13973052000,,,
HUBB,48898,Industrials,2024-12-31,10-K,2026-02-12,1334300000,452200000,259700000,245800000,46400000,198200000,3.66,432400000,68000000,6400000,53300000,,,10000000,329100000,1442700000,1442700000,,6847700000,3396200000,0,
HUBB,48898,Industrials,2025-02-06,10-K,2025-02-13,,,,,,,,,,,,,,,,,,,,,,53667674
HUBB,48898,Industrials,2025-03-31,10-Q,2026-05-01,1365200000,442600000,230400000,211300000,46800000,163200000,3.03,37400000,26000000,14400000,46900000,,,125000000,346900000,1443400000,1044000000,,6922100000,3261400000,53800000,
HUBB,48898,Industrials,2025-04-28,10-Q,2025-05-02,,,,,,,,,,,,,,,,,,,,,,53372595
HUBB,48898,Industrials,2025-06-30,10-K,2026-02-12,1484300000,552100000,336300000,315200000,69700000,244200000,4.56,,39900000,,48300000,,,,382600000,1443900000,1044400000,,7149000000,3487700000,53500000,
HUBB,48898,Industrials,2025-07-24,10-Q,2025-07-30,,,,,,,,,,,,,,,,,,,,,,53140009
HUBB,48898,Industrials,2025-09-30,10-K,2026-02-12,1502400000,544300000,330600000,311100000,54400000,255500000,4.77,,30500000,,49400000,,,,666800000,1444500000,1044800000,,7526900000,3681300000,53400000,
HUBB,48898,Industrials,2025-10-23,10-Q,2025-10-29,,,,,,,,,,,,,,,,,,,,,,53144752
HUBB,48898,Industrials,2025-12-31,10-K,2026-02-12,1492700000,525100000,311500000,281500000,56300000,224200000,4.19,447500000,58700000,6000000,61500000,,,0,482500000,,2036300000,,8228800000,3847900000,-100000,
HUBB,48898,Industrials,2026-02-05,10-K,2026-02-12,,,,,,,,,,,,,,,,,,,,,,53161602
HUBB,48898,Industrials,2026-03-31,10-Q,2026-05-01,1516700000,505300000,263800000,236400000,53400000,181800000,3.41,86600000,40600000,14400000,60200000,,,167500000,501600000,,2037000000,,8417700000,3768600000,53300000,
HUBB,48898,Industrials,2026-04-27,10-Q,2026-05-01,,,,,,,,,,,,,,,,,,,,,,52841777
HUM,49071,Health Care,2024-01-31,10-K,2024-02-15,,,,,,,,,,,,,,,,,,,,,,120653315
HUM,49071,Health Care,2024-03-31,10-Q,2025-04-30,29611000000,,1236000000,990000000,251000000,741000000,6.11,423000000,177000000,45000000,209000000,159000000,,717000000,5910000000,,12390000000,822000000,50091000000,16130000000,121268000,120500635
HUM,49071,Health Care,2024-06-30,10-Q,2025-07-30,29540000000,,1141000000,901000000,223000000,679000000,5.62,,,,212000000,,,,5501000000,,11746000000,1149000000,50093000000,16671000000,120665000,120401661
HUM,49071,Health Care,2024-09-30,10-Q,2025-11-05,29397000000,,728000000,635000000,155000000,480000000,3.98,,,,210000000,,,,5116000000,,11886000000,1136000000,50007000000,17565000000,120764000,120411343
HUM,49071,Health Care,2024-12-31,10-K (Q4 derived: FY − 9M YTD),2026-02-19,29213000000,,-543000000,-906000000,-216000000,-693000000,-5.74,-528000000,154000000,54000000,208000000,,,49000000,2221000000,,11144000000,577000000,46479000000,16375000000,-30000,
HUM,49071,Health Care,2025-01-31,10-K,2025-02-20,,,,,,,,,,,,,,,,,,,,,,120644737
HUM,49071,Health Care,2025-03-31,10-Q,2026-04-29,32112000000,,2014000000,,406000000,1244000000,10.3,331000000,95000000,49000000,183000000,,,9000000,4250000000,,12729000000,577000000,50930000000,17751000000,120844000,120693475
HUM,49071,Health Care,2025-06-30,10-Q,2025-07-30,32388000000,,1098000000,,179000000,545000000,4.51,,,,178000000,,,,4040000000,,12586000000,0,50357000000,18234000000,120745000,120271819
HUM,49071,Health Care,2025-09-30,10-Q,2025-11-05,32649000000,,400000000,,-86000000,195000000,1.62,,,,173000000,,,,5388000000,,12607000000,0,49719000000,18522000000,120745000,120273068
HUM,49071,Health Care,2025-12-31,10-K (Q4 derived: FY − 9M YTD),2026-02-19,32515000000,,-808000000,,-249000000,-796000000,-6.59,-1652000000,202000000,48000000,164000000,,,42000000,4200000000,,12369000000,0,48909000000,17657000000,48000,
HUM,49071,Health Care,2026-01-31,10-K,2026-02-19,,,,,,,,,,,,,,,,,,,,,,120595967
HUM,49071,Health Care,2026-03-31,10-Q,2026-04-29,39648000000,,1754000000,,395000000,1186000000,9.83,1254000000,121000000,51000000,163000000,,,107000000,4951000000,,12274000000,1719000000,55280000000,18580000000,120652000,120061500
HWM,4281,Industrials,2025-03-31,10-Q,2026-05-07,,,494000000,446000000,102000000,344000000,0.84,253000000,119000000,,69000000,,,125000000,536000000,3324000000,3317000000,7000000,10772000000,4792000000,407000000,
HWM,4281,Industrials,2025-04-30,10-Q,2025-05-01,,,,,,,,,,,,,,,,,,,,,,403674062
HWM,4281,Industrials,2025-06-30,10-Q,2026-08-06,,,521000000,469000000,62000000,407000000,1,,,,,,,,545000000,3258000000,3253000000,5000000,11046000000,5042000000,406000000,
HWM,4281,Industrials,2025-07-28,10-Q,2025-07-31,,,,,,,,,,,,,,,,,,,,,,403126322
HWM,4281,Industrials,2025-09-30,10-Q,2025-10-30,,,542000000,495000000,110000000,385000000,0.95,,,,,,,,659000000,3189000000,3188000000,1000000,11177000000,5143000000,405000000,
HWM,4281,Industrials,2025-10-27,10-Q,2025-10-30,,,,,,,,,,,,,,,,,,,,,,402062262
HWM,4281,Industrials,2025-12-31,10-K (Q4 derived: FY − 9M YTD),2026-02-12,,,489000000,430000000,58000000,372000000,0.9199999999999999,654000000,124000000,,73000000,,,200000000,742000000,3050000000,2859000000,191000000,11179000000,5353000000,0,
HWM,4281,Industrials,2026-02-09,10-K,2026-02-12,,,,,,,,,,,,,,,,,,,,,,400940063
HWM,4281,Industrials,2026-03-31,10-Q,2026-05-07,,,753000000,708000000,128000000,580000000,1.44,453000000,94000000,,74000000,,,300000000,2435000000,,4050000000,186000000,13067000000,5522000000,403000000,
HWM,4281,Industrials,2026-05-04,10-Q,2026-05-07,,,,,,,,,,,,,,,,,,,,,,400107483
HWM,4281,Industrials,2026-06-30,10-Q,2026-08-06,,,711000000,649000000,115000000,534000000,1.33,,,,,,,,563000000,,4050000000,1000000,13251000000,5732000000,402000000,
HWM,4281,Industrials,2026-08-03,10-Q,2026-08-06,,,,,,,,,,,,,,,,,,,,,,398801399
IBKR,1381197,Financials,2023-09-30,10-Q,2024-11-07,,,,840000000,68000000,,1.56,,,,,910000000,,,3824000000,,,,120636000000,3390000000,107011427,
IBKR,1381197,Financials,2023-12-31,10-K (Q4 derived: FY − 9M YTD),2026-02-27,,,,816000000,77000000,,-2.7700000000000005,2369000000,,25000000,16000000,965000000,11000000,,3753000000,,,,128251000000,3584000000,318202936,
IBKR,1381197,Financials,2024-03-31,10-Q,2025-05-08,,,,866000000,71000000,,1.61,1683000000,,28000000,17000000,1013000000,11000000,,4063000000,,,,132238000000,3732000000,108149440,
IBKR,1381197,Financials,2024-06-30,10-Q,2025-08-06,,,,880000000,71000000,,0.41,,,,17000000,,,,3918000000,,,,136648000000,3927000000,434507344,
IBKR,1381197,Financials,2024-09-30,10-Q,2025-11-05,,,,909000000,75000000,,0.42,,,,17000000,,,,3595000000,,,,148526000000,4145000000,438145440,
IBKR,1381197,Financials,2024-12-31,10-K (Q4 derived: FY − 9M YTD),2026-02-27,,,,1040000000,71000000,,0.49,1838000000,,32000000,16000000,,27000000,,3633000000,,,,150142000000,4280000000,914972,
IBKR,1381197,Financials,2025-03-31,10-Q,2026-05-07,,,,1055000000,91000000,,0.48,2584000000,,31000000,15000000,,27000000,,3500000000,,,,157670000000,4502000000,439462964,
IBKR,1381197,Financials,2025-06-30,10-Q,2026-08-06,,,,1104000000,98000000,,0.51,,,,15000000,,35000000,,4688000000,,,,181475000000,4825000000,441439924,
IBKR,1381197,Financials,2025-09-30,10-Q,2025-11-05,,,,1312000000,126000000,,0.59,,,,15000000,,,,5128000000,,,,200222000000,5106000000,446528983,
IBKR,1381197,Financials,2025-12-31,10-K (Q4 derived: FY − 9M YTD),2026-02-27,,,,1300000000,99000000,,0.6400000000000001,1609000000,,28000000,16000000,,36000000,,4963000000,,,,203240000000,5363000000,1351606,
IBKR,1381197,Financials,2026-03-31,10-Q,2026-05-07,,,,1288000000,117000000,,0.59,3611000000,,33000000,16000000,,36000000,,5085000000,,,,218749000000,5585000000,448369291,
IBKR,1381197,Financials,2026-06-30,10-Q,2026-08-06,,,,1456000000,118000000,,0.69,,,,17000000,,,,7711000000,,,,247309000000,5904000000,450088032,
IBM,51143,Information Technology,2024-03-31,10-Q,2025-04-24,14462000000,7742000000,,1074000000,-502000000,1605000000,1.72,4168000000,239000000,320000000,533000000,432000000,1522000000,,14603000000,,54033000000,,137169000000,23261000000,933431312,918602666
IBM,51143,Information Technology,2024-06-30,10-Q,2025-07-24,15770000000,8950000000,,2219000000,389000000,1834000000,1.96,,,,,427000000,,,12210000000,,52929000000,,133848000000,24026000000,934397595,921148195
IBM,51143,Information Technology,2024-09-30,10-Q,2025-10-23,14968000000,8420000000,,-802000000,-485000000,-330000000,-0.36,,,,,429000000,,,13197000000,,52980000000,,134339000000,24448000000,923577526,924645152
IBM,51143,Information Technology,2024-12-31,10-K (Q4 derived: FY − 9M YTD),2026-02-24,17554000000,10439000000,,3306000000,379000000,2914000000,3.11,4330000000,303000000,345000000,524000000,424000000,1546000000,,13947000000,,49884000000,,137175000000,27307000000,1735991,
IBM,51143,Information Technology,2025-02-10,10-K,2025-02-25,,,,,,,,,,,,,,,,,,,,,,927264332
IBM,51143,Information Technology,2025-03-31,10-Q,2026-04-23,14541000000,8031000000,,1158000000,103000000,1055000000,1.12,4370000000,244000000,401000000,536000000,455000000,1549000000,,11035000000,,56371000000,,145667000000,26880000000,945368229,929396575
IBM,51143,Information Technology,2025-06-30,10-Q,2026-07-23,16977000000,9977000000,,2597000000,404000000,2194000000,2.31,,,,,510000000,,,11943000000,,55219000000,,148585000000,27509000000,947961917,931519242
IBM,51143,Information Technology,2025-09-30,10-Q,2025-10-23,16331000000,9360000000,,2430000000,686000000,1744000000,1.84,,,,,492000000,,,11569000000,,55174000000,,146312000000,27905000000,948931026,934735206
IBM,51143,Information Technology,2025-12-31,10-K (Q4 derived: FY − 9M YTD),2026-02-24,19686000000,11928000000,,4143000000,-1435000000,5600000000,5.9,4040000000,382000000,430000000,586000000,478000000,1574000000,,13587000000,,54836000000,,151880000000,32648000000,1254837,
IBM,51143,Information Technology,2026-02-10,10-K,2026-02-24,,,,,,,,,,,,,,,,,,,,,,938034404
IBM,51143,Information Technology,2026-03-31,10-Q,2026-04-23,15917000000,8950000000,,1387000000,172000000,1216000000,1.28,5169000000,232000000,506000000,555000000,473000000,1576000000,,10819000000,,57706000000,,156229000000,32974000000,952131057,939885280
IBM,51143,Information Technology,2026-06-30,10-Q,2026-07-23,17162000000,9907000000,,2479000000,313000000,2165000000,2.27,,,,,486000000,,,7172000000,,56212000000,,152099000000,34452000000,953263534,942134390
ICE,1571949,Financials,2025-03-31,10-Q,2026-04-30,,,1221000000,1067000000,255000000,797000000,1.38,966000000,85000000,57000000,389000000,,278000000,241000000,783000000,,17349000000,2932000000,142870000000,27974000000,577000000,
ICE,1571949,Financials,2025-04-28,10-Q,2025-05-01,,,,,,,,,,,,,,,,,,,,,,573626271
ICE,1571949,Financials,2025-06-30,10-Q,2026-07-30,,,1297000000,1132000000,267000000,851000000,1.48,,,58000000,395000000,,277000000,,1003000000,,17358000000,1850000000,144175000000,28444000000,575000000,
ICE,1571949,Financials,2025-07-28,10-Q,2025-07-31,,,,,,,,,,,,,,,,,,,,,,572423088
ICE,1571949,Financials,2025-09-30,10-Q,2025-10-30,,,1174000000,1081000000,250000000,816000000,1.42,,,4000000,387000000,,276000000,,850000000,,17366000000,1667000000,140901000000,28644000000,574000000,
ICE,1571949,Financials,2025-10-27,10-Q,2025-10-30,,,,,,,,,,,,,,,,,,,,,,570178585
ICE,1571949,Financials,2025-12-31,10-K (Q4 derived: FY − 9M YTD),2026-02-05,,,1237000000,1066000000,204000000,851000000,1.4899999999999993,1275000000,166000000,225000000,389000000,,274000000,400000000,837000000,,18609000000,1035000000,136887000000,28915000000,-1000000,
ICE,1571949,Financials,2026-02-02,10-K,2026-02-05,,,,,,,,,,,,,,,,,,,,,,567896513
ICE,1571949,Financials,2026-03-31,10-Q,2026-04-30,,,1665000000,1897000000,465000000,1413000000,2.48,1326000000,64000000,78000000,384000000,,297000000,551000000,863000000,,18619000000,1751000000,179177000000,29478000000,570000000,
ICE,1571949,Financials,2026-04-27,10-Q,2026-04-30,,,,,,,,,,,,,,,,,,,,,,565512495
ICE,1571949,Financials,2026-06-30,10-Q,2026-07-30,,,1391000000,1287000000,312000000,958000000,1.69,,,67000000,389000000,,294000000,,1067000000,,18628000000,1218000000,174247000000,29551000000,566000000,
ICE,1571949,Financials,2026-07-27,10-Q,2026-07-30,,,,,,,,,,,,,,,,,,,,,,561394487
IDXX,874716,Health Care,2025-03-31,10-Q,2026-05-05,998427000,623379000,316534000,310084000,67407000,242677000,2.96,237962000,30026000,14615000,34063000,,,400890000,163970000,,449799000,170929000,3213689000,1448013000,81922000,
IDXX,874716,Health Care,2025-04-28,10-Q,2025-05-01,,,,,,,,,,,,,,,,,,,,,,80421917
IDXX,874716,Health Care,2025-06-30,10-Q,2026-08-04,1109457000,694732000,373046000,362352000,68363000,293989000,3.63,,,,,,,,164594000,,449812000,74994000,3330794000,1458827000,80994000,
IDXX,874716,Health Care,2025-07-29,10-Q,2025-08-04,,,,,,,,,,,,,,,,,,,,,,80004694
IDXX,874716,Health Care,2025-09-30,10-Q,2025-11-03,1105239000,683354000,354846000,344771000,70161000,274610000,3.4,,,,,,,,208166000,,374825000,149997000,3386712000,1561186000,80675000,
IDXX,874716,Health Care,2025-10-29,10-Q,2025-11-03,,,,,,,,,,,,,,,,,,,,,,79851330
IDXX,874716,Health Care,2025-12-31,10-K (Q4 derived: FY − 9M YTD),2026-02-20,1090579000,658114000,315605000,306982000,58794000,248188000,3.09,355760000,29434000,16111000,38721000,,,237774000,180070000,450000000,374842000,74995000,3350759000,1605383000,-182000,
IDXX,874716,Health Care,2026-02-13,10-K,2026-02-20,,,,,,,,,,,,,,,,,,,,,,79624034
IDXX,874716,Health Care,2026-03-31,10-Q,2026-05-05,1140820000,722739000,362586000,355442000,76996000,278446000,3.47,266248000,31984000,16340000,37683000,,,351036000,200528000,,299854000,149997000,3385497000,1556103000,80162000,
IDXX,874716,Health Care,2026-04-30,10-Q,2026-05-05,,,,,,,,,,,,,,,,,,,,,,78882997
IDXX,874716,Health Care,2026-06-30,10-Q,2026-08-04,1216585000,779087000,425566000,417224000,78812000,338412000,4.27,,,,,,,,196933000,,299865000,149999000,3442335000,1612575000,79312000,
IDXX,874716,Health Care,2026-07-31,10-Q,2026-08-04,,,,,,,,,,,,,,,,,,,,,,78781116
IEX,832101,Industrials,2025-03-31,10-Q,2026-04-29,814300000,368900000,142000000,124500000,29100000,95500000,1.26,105700000,14300000,13600000,,,52400000,50000000,594100000,1950400000,1839100000,100700000,6795100000,3906600000,75800000,
IEX,832101,Industrials,2025-04-25,10-Q,2025-05-01,,,,,,,,,,,,,,,,,,,,,,75544606
IEX,832101,Industrials,2025-06-30,10-Q,2026-07-29,865400000,392200000,187900000,169900000,38800000,131600000,1.74,,,,,,,,568200000,1857900000,1847100000,800000,6876100000,4011600000,75500000,
IEX,832101,Industrials,2025-07-25,10-Q,2025-07-30,,,,,,,,,,,,,,,,,,,,,,75287284
IEX,832101,Industrials,2025-09-30,10-Q,2025-10-29,878700000,390600000,185800000,170500000,42800000,127800000,1.7,,,,,,,,593800000,1911800000,1901600000,700000,6969700000,4011400000,75200000,
IEX,832101,Industrials,2025-10-24,10-Q,2025-10-29,,,,,,,,,,,,,,,,,,,,,,74849436
IEX,832101,Industrials,2025-12-31,10-K (Q4 derived: FY − 9M YTD),2026-02-19,899100000,387100000,183600000,167700000,39400000,128300000,1.71,209500000,19700000,3600000,,,53200000,72800000,580000000,1829800000,1820100000,700000,6927000000,4027500000,-200000,
IEX,832101,Industrials,2026-02-13,10-K,2026-02-19,,,,,,,,,,,,,,,,,,,,,,74347824
IEX,832101,Industrials,2026-03-31,10-Q,2026-04-29,886900000,398100000,172400000,157000000,37100000,120000000,1.61,103700000,17700000,15800000,,,52800000,76300000,586200000,1880800000,1871800000,500000,6918600000,4049800000,74400000,
IEX,832101,Industrials,2026-04-24,10-Q,2026-04-29,,,,,,,,,,,,,,,,,,,,,,74015052
IEX,832101,Industrials,2026-06-30,10-Q,2026-07-29,920600000,426800000,199900000,186100000,42700000,143400000,1.93,,,,,,,,621300000,1866900000,1858500000,400000,6930000000,4008000000,74200000,
IEX,832101,Industrials,2026-07-24,10-Q,2026-07-29,,,,,,,,,,,,,,,,,,,,,,73719896
IFF,51253,Materials,2025-03-31,10-Q,2026-05-05,,1035000000,-903000000,-994000000,23000000,-1018000000,-3.98,127000000,179000000,19000000,236000000,71000000,102000000,0,613000000,,7601000000,1689000000,28265000000,13177000000,256000000,
IFF,51253,Materials,2025-04-29,10-Q,2025-05-06,,,,,,,,,,,,,,,,,,,,,,255790345
IFF,51253,Materials,2025-06-30,10-Q,2026-08-04,,824000000,142000000,438000000,-112000000,599000000,2.33,,,,,61000000,,,816000000,,5684000000,500000000,26121000000,14404000000,257000000,
IFF,51253,Materials,2025-07-31,10-Q,2025-08-05,,,,,,,,,,,,,,,,,,,,,,256287081
IFF,51253,Materials,2025-09-30,10-Q,2025-11-04,,983000000,226000000,56000000,15000000,40000000,0.16,,,,,48000000,,,621000000,,4741000000,1308000000,25768000000,14241000000,257000000,
IFF,51253,Materials,2025-10-31,10-Q,2025-11-04,,,,,,,,,,,,,,,,,,,,,,256096379
IFF,51253,Materials,2025-12-31,10-K (Q4 derived: FY − 9M YTD),2026-02-27,,890000000,97000000,22000000,-9000000,,0.1200000000000001,318000000,188000000,16000000,237000000,,103000000,,590000000,5637000000,4738000000,1254000000,25539000000,14154000000,0,
IFF,51253,Materials,2026-02-20,10-K,2026-02-27,,,,,,,,,,,,,,,,,,,,,,255477487
IFF,51253,Materials,2026-03-31,10-Q,2026-05-05,,1018000000,273000000,209000000,39000000,169000000,0.66,257000000,165000000,16000000,246000000,44000000,102000000,35000000,562000000,,4739000000,1078000000,25144000000,14120000000,257000000,
IFF,51253,Materials,2026-04-28,10-Q,2026-05-05,,,,,,,,,,,,,,,,,,,,,,255303473
IFF,51253,Materials,2026-06-30,10-Q,2026-08-04,,853000000,158000000,64000000,31000000,50000000,0.2,,,,,46000000,,,569000000,,4735000000,964000000,25154000000,13976000000,257000000,
IFF,51253,Materials,2026-07-31,10-Q,2026-08-04,,,,,,,,,,,,,,,,,,,,,,255149963
INCY,879169,Health Care,2024-12-31,10-K (Q4 derived: FY − 9M YTD),2026-02-10,,,301513000,313724000,112512000,201212000,0.9500000000000001,381218000,,71718000,22733000,,,0,1687829000,,,,5444322000,3447628000,-1233000,
INCY,879169,Health Care,2025-02-03,10-K,2025-02-10,,,,,,,,,,,,,,,,,,,,,,193524350
INCY,879169,Health Care,2025-03-31,10-Q,2026-04-28,,,205168000,234190000,75987000,158203000,0.8,266067000,,60982000,22362000,,,,1941722000,,,,5749365000,3667563000,198197000,
INCY,879169,Health Care,2025-04-22,10-Q,2025-04-29,,,,,,,,,,,,,,,,,,,,,,193569934
INCY,879169,Health Care,2025-06-30,10-Q,2025-07-29,,,530314000,558012000,153013000,404999000,2.04,,,,,,,,1954969000,,,,5821354000,4170903000,198744000,
INCY,879169,Health Care,2025-07-22,10-Q,2025-07-29,,,,,,,,,,,,,,,,,,,,,,195276145
INCY,879169,Health Care,2025-09-30,10-Q,2025-10-28,,,443518000,482308000,58139000,424169000,2.11,,,,,,,,2455006000,,,,6330356000,4651194000,201429000,
INCY,879169,Health Care,2025-10-21,10-Q,2025-10-28,,,,,,,,,,,,,,,,,,,,,,196322703
INCY,879169,Health Care,2025-12-31,10-K (Q4 derived: FY − 9M YTD),2026-02-10,,,335859000,389941000,90662000,299279000,1.46,543301000,,62157000,23982000,,,0,3097817000,,,,6957973000,5167478000,1295000,
INCY,879169,Health Care,2026-02-03,10-K,2026-02-10,,,,,,,,,,,,,,,,,,,,,,199014486
INCY,879169,Health Care,2026-03-31,10-Q,2026-04-28,,,301117000,343600000,40270000,303330000,1.47,369351000,,64126000,23802000,,,,3461114000,,,,7339113000,5622847000,206830000,
INCY,879169,Health Care,2026-04-21,10-Q,2026-04-28,,,,,,,,,,,,,,,,,,,,,,199782155
INTC,50863,Information Technology,2025-03-29,10-Q,2026-04-24,12667000000,4672000000,-301000000,-586000000,301000000,-821000000,-0.19,813000000,5183000000,684000000,,,0,,,,44911000000,,192242000000,99756000000,4343000000,
INTC,50863,Information Technology,2025-04-18,10-Q,2025-04-25,,,,,,,,,,,,,,,,,,,,,,4362000000
INTC,50863,Information Technology,2025-06-28,10-Q,2026-07-24,12859000000,3542000000,-3176000000,-2769000000,255000000,-2918000000,-0.67,,,,,,,,9643000000,,44026000000,,192520000000,97883000000,4369000000,
INTC,50863,Information Technology,2025-07-18,10-Q,2025-07-24,,,,,,,,,,,,,,,,,,,,,,4377000000
INTC,50863,Information Technology,2025-09-27,10-Q,2025-11-06,13653000000,5218000000,683000000,4574000000,304000000,4063000000,0.9,,,,,,,,11141000000,,44057000000,,204514000000,106376000000,4531000000,
INTC,50863,Information Technology,2025-10-17,10-Q,2025-11-06,,,,,,,,,,,,,,,,,,,,,,4770000000
INTC,50863,Information Technology,2025-12-27,10-K (Q4 derived: FY − 9M YTD),2026-01-23,13674000000,4943000000,580000000,338000000,671000000,-591000000,-0.13,4288000000,3488000000,538000000,,,0,,14265000000,46585000000,44086000000,2499000000,211429000000,114281000000,96000000,
INTC,50863,Information Technology,2026-01-16,10-K,2026-01-23,,,,,,,,,,,,,,,,,,,,,,4995000000
INTC,50863,Information Technology,2026-03-28,10-Q,2026-04-24,13577000000,5347000000,-3136000000,-3946000000,335000000,-3728000000,-0.73,1096000000,3636000000,621000000,,,,,17247000000,,43027000000,,205332000000,111394000000,5083000000,
INTC,50863,Information Technology,2026-04-17,10-Q,2026-04-24,,,,,,,,,,,,,,,,,,,,,,5026000000
INTC,50863,Information Technology,2026-06-27,10-Q,2026-07-24,16128000000,6509000000,1796000000,-10819000000,29000000,-11033000000,-2.16,,,,,,,,12874000000,,48549000000,,202439000000,87542000000,5104000000,
INTC,50863,Information Technology,2026-07-17,10-Q,2026-07-24,,,,,,,,,,,,,,,,,,,,,,5044000000
INTU,896878,Information Technology,2025-01-31,10-Q,2026-02-26,3963000000,,593000000,571000000,100000000,471000000,1.67,,,498000000,,60000000,,,2435000000,6260000000,5760000000,500000000,31682000000,17949000000,283000000,
INTU,896878,Information Technology,2025-02-19,10-Q,2025-02-25,,,,,,,,,,,,,,,,,,,,,,279562000
INTU,896878,Information Technology,2025-04-30,10-Q,2026-05-20,7754000000,,3720000000,3684000000,864000000,2820000000,10.02,,,469000000,,68000000,,,5443000000,6406000000,5906000000,500000000,36593000000,20125000000,282000000,
INTU,896878,Information Technology,2025-05-15,10-Q,2025-05-22,,,,,,,,,,,,,,,,,,,,,,278947000
INTU,896878,Information Technology,2025-07-31,10-K (Q4 derived: FY − 9M YTD),2025-09-03,3831000000,,339000000,366000000,-15000000,381000000,1.3399999999999999,381000000,-15000000,490000000,43000000,59000000,301000000,746000000,2884000000,5973000000,5973000000,0,36958000000,19710000000,0,
INTU,896878,Information Technology,2025-08-26,10-K,2025-09-03,,,,,,,,,,,,,,,,,,,,,,278805000
INTU,896878,Information Technology,2025-10-31,10-Q,2025-11-20,3885000000,,534000000,561000000,115000000,446000000,1.59,637000000,38000000,543000000,44000000,58000000,341000000,854000000,3506000000,6140000000,5391000000,749000000,33191000000,19322000000,281000000,
INTU,896878,Information Technology,2025-11-13,10-Q,2025-11-20,,,,,,,,,,,,,,,,,,,,,,278400000
INTU,896878,Information Technology,2026-01-31,10-Q,2026-02-26,4651000000,,855000000,869000000,176000000,693000000,2.48,,,521000000,,58000000,,,2942000000,6160000000,5411000000,749000000,34282000000,19055000000,280000000,
INTU,896878,Information Technology,2026-02-20,10-Q,2026-02-26,,,,,,,,,,,,,,,,,,,,,,276550000
INTU,896878,Information Technology,2026-04-30,10-Q,2026-05-20,8558000000,,4020000000,4047000000,983000000,3064000000,11.09,,,485000000,,70000000,,,4681000000,6162000000,5412000000,750000000,39330000000,20629000000,276000000,
INTU,896878,Information Technology,2026-05-14,10-Q,2026-05-20,,,,,,,,,,,,,,,,,,,,,,273537000
INVH,1687229,Real Estate,2025-03-31,10-Q,2026-04-30,674479000,,,,,165745000,0.27,300516000,,10157000,183146000,,177839000,0,84387000,8103480000,,,18578092000,9718431000,613361880,
INVH,1687229,Real Estate,2025-04-30,10-Q,2025-05-01,,,,,,,,,,,,,,,,,,,,,,612949348
INVH,1687229,Real Estate,2025-06-30,10-Q,2026-07-30,681401000,,,,,140887000,0.23,,,,185455000,,177963000,,65112000,8174505000,,,18662005000,9668286000,613261904,
INVH,1687229,Real Estate,2025-07-30,10-Q,2025-07-31,,,,,,,,,,,,,,,,,,,,,,613008220
INVH,1687229,Real Estate,2025-09-30,10-Q,2025-10-30,688166000,,,,,136738000,0.22,,,,188457000,,178020000,,155370000,8230284000,,,18782776000,9625944000,613084571,
INVH,1687229,Real Estate,2025-10-29,10-Q,2025-10-30,,,,,,,,,,,,,,,,,,,,,,613020589
INVH,1687229,Real Estate,2025-12-31,10-K (Q4 derived: FY − 9M YTD),2026-02-19,685250000,,,,,144554000,0.24,128650000,,7293000,189875000,,178016000,,129971000,8380020000,,,18680290000,9530132000,-59482,
INVH,1687229,Real Estate,2026-02-18,10-K,2026-02-19,,,,,,,,,,,,,,,,,,,,,,609386093
INVH,1687229,Real Estate,2026-03-31,10-Q,2026-04-30,734112000,,,,,160508000,0.26,293047000,,10700000,193142000,,183855000,447210000,114129000,8802370000,,,18701141000,9091034000,606233573,
INVH,1687229,Real Estate,2026-04-29,10-Q,2026-04-30,,,,,,,,,,,,,,,,,,,,,,594041956
INVH,1687229,Real Estate,2026-06-30,10-Q,2026-07-30,747550000,,,,,218847000,0.37,,,,194299000,,179322000,,75786000,8526691000,,,18448310000,9054417000,592497804,
INVH,1687229,Real Estate,2026-07-29,10-Q,2026-07-30,,,,,,,,,,,,,,,,,,,,,,590623226
IP,51434,Materials,2025-03-31,10-Q,2026-05-05,5264000000,,,-155000000,-32000000,-105000000,-0.24,-288000000,,,520000000,135000000,244000000,62000000,1156000000,,,,41168000000,18092000000,437600000,
IP,51434,Materials,2025-05-02,10-Q,2025-05-07,,,,,,,,,,,,,,,,,,,,,,527901518
IP,51434,Materials,2025-06-30,10-Q,2026-08-05,6142000000,,,116000000,40000000,75000000,0.14,,,,431000000,143000000,,,1135000000,,,,42376000000,18617000000,532600000,
IP,51434,Materials,2025-08-01,10-Q,2025-08-07,,,,,,,,,,,,,,,,,,,,,,527982095
IP,51434,Materials,2025-09-30,10-K,2026-02-27,6222000000,,,-675000000,-250000000,-1102000000,-2.09,,,,1099000000,135000000,,,995000000,,,,40568000000,17317000000,528000000,
IP,51434,Materials,2025-10-31,10-Q,2025-11-06,,,,,,,,,,,,,,,,,,,,,,528038317
IP,51434,Materials,2025-12-31,10-K,2026-02-27,6006000000,,,-2654000000,-291000000,-2384000000,-4.52,905000000,,,697000000,138000000,244000000,1000000,1145000000,,8839000000,992000000,37964000000,14827000000,7500000,
IP,51434,Materials,2026-02-20,10-K,2026-02-27,,,,,,,,,,,,,,,,,,,,,,529469427
IP,51434,Materials,2026-03-31,10-Q,2026-05-05,5971000000,,,93000000,17000000,60000000,0.11,611000000,,,489000000,132000000,245000000,30000000,1236000000,,,,36434000000,14808000000,531800000,
IP,51434,Materials,2026-05-01,10-Q,2026-05-05,,,,,,,,,,,,,,,,,,,,,,529516974
IP,51434,Materials,2026-06-30,10-Q,2026-08-05,6004000000,,,-26000000,-15000000,-12000000,-0.02,,,,488000000,131000000,,,726000000,,,,36521000000,14455000000,529500000,
IP,51434,Materials,2026-07-31,10-Q,2026-08-05,,,,,,,,,,,,,,,,,,,,,,529569895
IQV,1478242,Health Care,2024-12-31,10-K (Q4 derived: FY − 9M YTD),2026-02-17,,,626000000,544000000,112000000,437000000,2.41,885000000,164000000,48000000,303000000,171000000,,1150000000,1702000000,,12838000000,1145000000,26899000000,6067000000,-900000,
IQV,1478242,Health Care,2025-02-05,10-K,2025-02-13,,,,,,,,,,,,,,,,,,,,,,176100000
IQV,1478242,Health Care,2025-03-31,10-Q,2026-05-05,,,496000000,323000000,61000000,249000000,1.4,568000000,142000000,72000000,265000000,165000000,,375000000,1740000000,,13108000000,1222000000,27322000000,5977000000,177400000,
IQV,1478242,Health Care,2025-04-30,10-Q,2025-05-06,,,,,,,,,,,,,,,,,,,,,,173000000
IQV,1478242,Health Care,2025-06-30,10-Q,2025-07-22,,,506000000,323000000,56000000,266000000,1.54,,,,276000000,182000000,,,2039000000,,14177000000,1313000000,28632000000,5778000000,173200000,
IQV,1478242,Health Care,2025-07-15,10-Q,2025-07-22,,,,,,,,,,,,,,,,,,,,,,170000000
IQV,1478242,Health Care,2025-09-30,10-Q,2025-10-28,,,553000000,408000000,76000000,331000000,1.93,,,,286000000,189000000,,,1814000000,,12793000000,2164000000,28727000000,6160000000,171700000,
IQV,1478242,Health Care,2025-10-20,10-Q,2025-10-28,,,,,,,,,,,,,,,,,,,,,,170300000
IQV,1478242,Health Care,2025-12-31,10-K (Q4 derived: FY − 9M YTD),2026-02-17,,,627000000,537000000,59000000,514000000,2.9799999999999995,735000000,174000000,60000000,317000000,193000000,,212000000,1980000000,,13884000000,1840000000,29944000000,6503000000,-600000,
IQV,1478242,Health Care,2026-02-06,10-K,2026-02-17,,,,,,,,,,,,,,,,,,,,,,169700000
IQV,1478242,Health Care,2026-03-31,10-Q,2026-05-05,,,514000000,328000000,59000000,274000000,1.61,618000000,127000000,65000000,288000000,192000000,,552000000,1947000000,,13989000000,1844000000,29675000000,6221000000,169800000,
IQV,1478242,Health Care,2026-04-30,10-Q,2026-05-05,,,,,,,,,,,,,,,,,,,,,,166900000
IR,1699150,Industrials,2025-03-31,10-Q,2026-04-29,,765500000,302500000,253100000,58500000,186500000,0.46,256400000,33700000,14200000,120000000,,8100000,10000000,1612800000,,,1700000,18379400000,10484800000,406400000,
IR,1699150,Industrials,2025-04-25,10-Q,2025-05-02,,,,,,,,,,,,,,,,,,,,,,403462733
IR,1699150,Industrials,2025-06-30,10-Q,2026-07-31,,824900000,76400000,28100000,21000000,-115300000,-0.29,,35300000,,120500000,,,,1310600000,,,2000000,18059100000,10087300000,400500000,
IR,1699150,Industrials,2025-07-25,10-Q,2025-07-31,,,,,,,,,,,,,,,,,,,,,,397452515
IR,1699150,Industrials,2025-09-30,10-Q,2025-10-31,,855200000,375500000,319400000,73600000,244100000,0.61,,29100000,,124500000,,,,1176600000,,,1400000,18190200000,10122500000,399000000,
IR,1699150,Industrials,2025-10-24,10-Q,2025-10-31,,,,,,,,,,,,,,,,,,,,,,395110395
IR,1699150,Industrials,2025-12-31,10-K (Q4 derived: FY − 9M YTD),2026-02-17,,890700000,390200000,,66300000,266100000,0.6699999999999999,499000000,37500000,7200000,140800000,,7800000,314700000,1248800000,,,1400000,18297200000,10089800000,-1900000,
IR,1699150,Industrials,2026-02-13,10-K,2026-02-17,,,,,,,,,,,,,,,,,,,,,,391617994
IR,1699150,Industrials,2026-03-31,10-Q,2026-04-29,,792400000,289700000,229900000,36100000,192100000,0.49,199700000,36300000,15900000,136900000,,7800000,89500000,1274400000,,,1400000,18218200000,10175100000,394000000,
IR,1699150,Industrials,2026-04-24,10-Q,2026-04-29,,,,,,,,,,,,,,,,,,,,,,391336834
IR,1699150,Industrials,2026-06-30,10-Q,2026-07-31,,862600000,380300000,327100000,69100000,256800000,0.66,,,,132800000,,,,1173500000,,,699800000,18194100000,10177300000,391900000,
IR,1699150,Industrials,2026-07-24,10-Q,2026-07-31,,,,,,,,,,,,,,,,,,,,,,387999429
IRM,1020569,Real Estate,2025-03-31,10-Q,2026-04-30,,,254294000,31068000,14835000,,0.05,197299000,674767000,26094000,232154000,,223479000,,,14914396000,14177474000,736922000,19362087000,-698520000,297260000,
IRM,1020569,Real Estate,2025-04-25,10-Q,2025-05-01,,,,,,,,,,,,,,,,,,,,,,295043896
IRM,1020569,Real Estate,2025-06-30,10-Q,2026-08-05,,,259896000,-27044000,16296000,,-0.15,,,,252566000,,,,,15596056000,14818175000,777881000,20176789000,-767436000,295364000,
IRM,1020569,Real Estate,2025-08-01,10-Q,2025-08-06,,,,,,,,,,,,,,,,,,,,,,295348225
IRM,1020569,Real Estate,2025-09-30,10-Q,2025-11-05,,,308589000,102835000,16594000,,0.28,,,,262203000,,,,,16193556000,15494236000,699320000,20632853000,-881962000,297981000,
IRM,1020569,Real Estate,2025-10-31,10-Q,2025-11-05,,,,,,,,,,,,,,,,,,,,,,295589491
IRM,1020569,Real Estate,2025-12-31,10-K (Q4 derived: FY − 9M YTD),2026-02-12,,,341043000,104329000,11209000,,0.3,499998000,516245000,21685000,277512000,,232184000,,158535000,16431959000,16215885000,216074000,21125019000,-981007000,188000,
IRM,1020569,Real Estate,2026-02-06,10-K,2026-02-12,,,,,,,,,,,,,,,,,,,,,,295835206
IRM,1020569,Real Estate,2026-03-31,10-Q,2026-04-30,,,395230000,176117000,27118000,,0.48,338550000,518013000,28257000,267839000,,275589000,,250710000,17102981000,16886016000,216965000,21486815000,-1215011000,298834000,
IRM,1020569,Real Estate,2026-04-24,10-Q,2026-04-30,,,,,,,,,,,,,,,,,,,,,,297524681
IRM,1020569,Real Estate,2026-06-30,10-Q,2026-08-05,,,373528000,120904000,14802000,,0.34,,,,281395000,,,,,17349649000,17128840000,220809000,21955442000,-1280920000,299849000,
IRM,1020569,Real Estate,2026-07-24,10-Q,2026-08-05,,,,,,,,,,,,,,,,,,,,,,297702812
ISRG,1035267,Health Care,2025-03-31,10-Q,2026-04-22,2253400000,1457700000,578100000,668500000,-35200000,698400000,1.92,581600000,,185200000,,,,0,2573800000,,,,19220400000,17106400000,364600000,
ISRG,1035267,Health Care,2025-04-15,10-Q,2025-04-23,,,,,,,,,,,,,,,,,,,,,,358418255
ISRG,1035267,Health Care,2025-06-30,10-Q,2026-07-21,2440000000,1617900000,743400000,832100000,167900000,658400000,1.81,,,,,,,,3403100000,,,,20163200000,17845700000,364100000,
ISRG,1035267,Health Care,2025-07-17,10-Q,2025-07-23,,,,,,,,,,,,,,,,,,,,,,358476506
ISRG,1035267,Health Care,2025-09-30,10-Q,2025-10-22,2505100000,1662400000,759700000,855200000,146000000,704400000,1.95,,,,,,,,2806600000,,,,19351800000,16929700000,361800000,
ISRG,1035267,Health Care,2025-10-16,10-Q,2025-10-22,,,,,,,,,,,,,,,,,,,,,,354496073
ISRG,1035267,Health Care,2025-12-31,10-K (Q4 derived: FY − 9M YTD),2026-02-03,2866200000,1904300000,864300000,955600000,156100000,794800000,2.2,892500000,,203300000,,,,201000000,3368000000,,,,20458700000,17824000000,-800000,
ISRG,1035267,Health Care,2026-01-28,10-K,2026-02-03,,,,,,,,,,,,,,,,,,,,,,355130237
ISRG,1035267,Health Care,2026-03-31,10-Q,2026-04-22,2770800000,1830500000,855300000,940400000,114400000,821500000,2.28,911900000,,209500000,,,,1123200000,2006500000,,,,20111000000,17474500000,359800000,
ISRG,1035267,Health Care,2026-04-15,10-Q,2026-04-22,,,,,,,,,,,,,,,,,,,,,,354162842
ISRG,1035267,Health Care,2026-06-30,10-Q,2026-07-21,2892300000,1960400000,971900000,1054600000,231400000,818100000,2.29,,,,,,,,2760400000,,,,20876600000,18168400000,357300000,
ISRG,1035267,Health Care,2026-07-16,10-Q,2026-07-21,,,,,,,,,,,,,,,,,,,,,,353278038
IT,749251,Information Technology,2025-03-31,10-Q,2026-05-05,,1065297000,278032000,267008000,56069000,210939000,2.71,313512000,25569000,50168000,50760000,,,162672000,2091048000,,2460949000,,8479761000,1497854000,77790000,
IT,749251,Information Technology,2025-05-02,10-Q,2025-05-06,,,,,,,,,,,,,,,,,,,,,,76966937
IT,749251,Information Technology,2025-06-30,10-Q,2026-08-04,,1157618000,327096000,317793000,77010000,240783000,3.11,,,,50739000,,,274483000,2197536000,,2461629000,361000,8327787000,1532626000,77359000,
IT,749251,Information Technology,2025-08-01,10-Q,2025-08-05,,,,,,,,,,,,,,,,,,,,,,75735795
IT,749251,Information Technology,2025-09-30,10-Q,2025-11-04,,1056926000,86344000,69482000,34125000,35357000,0.47,,,,50953000,,,1055523000,1430730000,,2462308000,732000,7249066000,556552000,74987000,
IT,749251,Information Technology,2025-10-31,10-Q,2025-11-04,,,,,,,,,,,,,,,,,,,,,,72077145
IT,749251,Information Technology,2025-12-31,10-K (Q4 derived: FY − 9M YTD),2026-02-12,,1188375000,334239000,313835000,71683000,242152000,3.3000000000000007,294544000,23832000,32159000,47857000,,,498469000,1722521000,,2976674000,5000000,8085400000,319908000,-1153000,
IT,749251,Information Technology,2026-02-05,10-K,2026-02-12,,,,,,,,,,,,,,,,,,,,,,70450294
IT,749251,Information Technology,2026-03-31,10-Q,2026-05-05,,1086307000,316092000,292412000,70068000,222344000,3.18,391039000,20423000,45870000,45431000,,,534637000,1666946000,,2977971000,5000000,7655273000,63384000,69965000,
IT,749251,Information Technology,2026-05-01,10-Q,2026-05-05,,,,,,,,,,,,,,,,,,,,,,66951889
IT,749251,Information Technology,2026-06-30,10-Q,2026-08-04,,1198364000,378520000,354623000,79125000,275498000,4.14,,,,45183000,,,547117000,1488706000,,2979281000,0,7193674000,-167345000,66581000,
IT,749251,Information Technology,2026-07-31,10-Q,2026-08-04,,,,,,,,,,,,,,,,,,,,,,63148976
ITW,49826,Industrials,2024-03-31,10-Q,2025-05-01,,,1127000000,,253000000,819000000,2.73,589000000,95000000,15000000,72000000,71000000,419000000,375000000,959000000,,6259000000,,15067000000,,300000000,298400000
ITW,49826,Industrials,2024-06-30,10-Q,2025-08-01,,,1054000000,,246000000,759000000,2.54,,,,,,,,862000000,,6429000000,,15577000000,,298500000,296900000
ITW,49826,Industrials,2024-09-30,10-Q,2025-10-24,,,1052000000,,202000000,1160000000,3.91,,,,,,,,947000000,,6578000000,,15824000000,,297000000,295300000
ITW,49826,Industrials,2024-12-31,10-K (Q4 derived: FY − 9M YTD),2026-02-13,,,1031000000,,233000000,750000000,2.540000000000001,1114000000,118000000,13000000,77000000,,443000000,375000000,948000000,7085000000,6308000000,777000000,15067000000,,-700000,
ITW,49826,Industrials,2025-01-31,10-K,2025-02-14,,,,,,,,,,,,,,,,,,,,,,293500000
ITW,49826,Industrials,2025-03-31,10-Q,2026-05-07,,,951000000,,195000000,700000000,2.38,592000000,96000000,16000000,74000000,,441000000,375000000,873000000,,7282000000,,15468000000,,294500000,293000000
ITW,49826,Industrials,2025-06-30,10-Q,2026-08-06,,,1068000000,,243000000,755000000,2.58,,,,,,,,788000000,,7695000000,,16048000000,,292900000,291500000
ITW,49826,Industrials,2025-09-30,10-Q,2025-10-24,,,1112000000,,228000000,821000000,2.81,,,,,,,,924000000,,7675000000,,16135000000,,291700000,290100000
ITW,49826,Industrials,2025-12-31,10-K (Q4 derived: FY − 9M YTD),2026-02-13,,,1085000000,,234000000,790000000,2.7200000000000006,963000000,105000000,17000000,83000000,,467000000,375000000,851000000,7682000000,6683000000,999000000,16148000000,,-700000,
ITW,49826,Industrials,2026-01-31,10-K,2026-02-13,,,,,,,,,,,,,,,,,,,,,,288200000
ITW,49826,Industrials,2026-03-31,10-Q,2026-05-07,,,1020000000,,199000000,768000000,2.66,623000000,95000000,18000000,81000000,,465000000,375000000,827000000,,6603000000,,16264000000,,289100000,287700000
ITW,49826,Industrials,2026-06-30,10-Q,2026-08-06,,,1147000000,,265000000,815000000,2.84,,,,,,,,839000000,,6549000000,,16494000000,,287000000,284800000
IVZ,914208,Financials,2024-03-31,10-Q,2025-04-28,,,213100000,282900000,68700000,141500000,0.31,-54400000,21000000,21100000,45100000,15900000,90200000,20400000,895700000,1257500000,,,28077200000,14554800000,453500000,449831075
IVZ,914208,Financials,2024-06-30,10-Q,2025-08-01,,,206800000,259900000,64000000,132200000,0.29,,,,,16300000,,,878500000,890100000,,,27167600000,14585000000,456100000,450032426
IVZ,914208,Financials,2024-09-30,10-Q,2025-11-04,,,100500000,145100000,41500000,55000000,0.12,,,,,,,,1044900000,890300000,,,27502600000,14754300000,455600000,449439952
IVZ,914208,Financials,2024-12-31,10-K (Q4 derived: FY − 9M YTD),2026-02-24,,,311700000,317400000,78700000,209300000,0.45999999999999996,316900000,-7000000,14100000,44100000,,92800000,26000000,986500000,890600000,,,27008900000,14559900000,-200000,
IVZ,914208,Financials,2025-01-31,10-K,2025-02-25,,,,,,,,,,,,,,,,,,,,,,447601799
IVZ,914208,Financials,2025-03-31,10-Q,2026-05-05,,,277300000,344900000,77600000,171100000,0.38,-84600000,23400000,15200000,41500000,,92500000,43100000,821700000,964800000,,,28143600000,14698700000,454000000,447556286
IVZ,914208,Financials,2025-06-30,10-Q,2026-08-04,,,214200000,274400000,77000000,,-0.03,,,,,,,,922700000,1883900000,,,28496900000,13873100000,455200000,445963773
IVZ,914208,Financials,2025-09-30,10-Q,2025-11-04,,,270900000,346700000,-9700000,,0.66,,,,,,,,973100000,1624600000,,,28438900000,14005600000,454600000,445092900
IVZ,914208,Financials,2025-12-31,10-K (Q4 derived: FY − 9M YTD),2026-02-24,,,-1458100000,-1345400000,-349500000,,-2.6100000000000003,455800000,23600000,20200000,36000000,,94600000,25800000,1037500000,1825100000,,,27094000000,12231000000,100000,
IVZ,914208,Financials,2026-01-31,10-K,2026-02-24,,,,,,,,,,,,,,,,,,,,,,443673777
IVZ,914208,Financials,2026-03-31,10-Q,2026-05-05,,,333200000,300200000,81100000,,0.51,212600000,14200000,34000000,33200000,,95300000,69200000,806900000,1966700000,,,26834600000,12255000000,453700000,443296629
IVZ,914208,Financials,2026-06-30,10-Q,2026-08-04,,,364200000,455400000,116500000,,0.76,,,,,,,,915400000,1624000000,,,27473100000,12471900000,454400000,441499780
J,52988,Industrials,2025-03-28,10-Q,2026-05-05,,738345000,208648000,55823000,50576000,5612000,0.06,,,,,,,,1204649000,,2633620000,0,11210695000,3864444000,122624000,
J,52988,Industrials,2025-04-25,10-Q,2025-05-06,,,,,,,,,,,,,,,,,,,,,,120156186
J,52988,Industrials,2025-06-27,10-Q,2026-08-04,,758410000,235014000,245104000,53752000,179605000,1.55,,,,,,,,1293307000,,2508692000,0,11412840000,3822021000,120491000,
J,52988,Industrials,2025-07-25,10-Q,2025-08-05,,,,,,,,,,,,,,,,,,,,,,119536469
J,52988,Industrials,2025-09-26,10-K (Q4 derived: FY − 9M YTD),2025-11-20,,766913000,211555000,189404000,54078000,122250000,0.9199999999999999,383085000,29577000,13539000,20021000,,38214000,100883000,1235448000,,2236456000,0,11252535000,3640807000,-650000,
J,52988,Industrials,2025-11-10,10-K,2025-11-20,,,,,,,,,,,,,,,,,,,,,,118749162
J,52988,Industrials,2025-12-26,10-Q,2026-02-03,,765250000,232561000,206223000,73109000,125508000,1.12,380760000,15821000,17287000,21613000,,38558000,252082000,1552913000,,2486022000,,11614495000,3443900000,119006000,
J,52988,Industrials,2026-01-23,10-Q,2026-02-03,,,,,,,,,,,,,,,,,,,,,,117446713
J,52988,Industrials,2026-03-27,10-Q,2026-05-05,,794893000,-81176000,-130606000,-45088000,-45883000,-0.34,,,,,,,,1371912000,,4084220000,,11941714000,3292859000,117261000,
J,52988,Industrials,2026-04-24,10-Q,2026-05-05,,,,,,,,,,,,,,,,,,,,,,118080879
J,52988,Industrials,2026-06-26,10-Q,2026-08-04,,810703000,286703000,241247000,104635000,136553000,1.15,,,,,,,,1172914000,,3579376000,,11743702000,3264489000,118898000,
J,52988,Industrials,2026-07-24,10-Q,2026-08-04,,,,,,,,,,,,,,,,,,,,,,117038611
JBHT,728535,Industrials,2024-03-31,10-Q,2025-04-25,,,194369000,178720000,51227000,127493000,1.22,466467000,203387000,18409000,182996000,15649000,44418000,25140000,64185000,1366500000,1366506000,0,8427783000,4166431000,104107000,103196573
JBHT,728535,Industrials,2024-06-30,10-Q,2025-07-24,,,205709000,185511000,49638000,135873000,1.32,,,,,20198000,,,53505000,1483800000,1483804000,0,8415880000,4075996000,103146000,101986531
JBHT,728535,Industrials,2024-09-30,10-Q,2025-10-24,,,224108000,203357000,51291000,152066000,1.49,,,,,20751000,,,120002000,1032300000,1032303000,500000000,8325950000,4000218000,102135000,100829954
JBHT,728535,Industrials,2024-12-31,10-K (Q4 derived: FY − 9M YTD),2026-02-24,,,207039000,191928000,36474000,155454000,1.5299999999999994,317636000,224290000,8310000,205504000,22422000,43430000,85641000,46983000,977700000,977702000,500000000,8312270000,4014505000,-372000,
JBHT,728535,Industrials,2025-02-18,10-K,2025-02-21,,,,,,,,,,,,,,,,,,,,,,100008209
JBHT,728535,Industrials,2025-03-31,10-Q,2026-04-24,,,178680000,160083000,42343000,117740000,1.17,404192000,245812000,18444000,179476000,,44004000,234129000,43407000,,880243000,699223000,8255673000,3866673000,100489000,99194591
JBHT,728535,Industrials,2025-06-30,10-Q,2026-07-24,,,197274000,175989000,47365000,128624000,1.31,,,,,,,,50901000,,1019925000,699435000,8241134000,3655330000,97976000,96799281
JBHT,728535,Industrials,2025-09-30,10-Q,2025-10-24,,,242657000,224786000,53937000,170849000,1.76,,,,,,,,52290000,,902207000,699647000,8107652000,3571866000,96847000,95218346
JBHT,728535,Industrials,2025-12-31,10-K (Q4 derived: FY − 9M YTD),2026-02-24,,,246457000,233254000,52185000,181069000,1.88,385598000,134324000,13058000,179204000,,41891000,139932000,17284000,,766938000,699859000,7927155000,3565085000,-736000,
JBHT,728535,Industrials,2026-02-17,10-K,2026-02-24,,,,,,,,,,,,,,,,,,,,,,94604083
JBHT,728535,Industrials,2026-03-31,10-Q,2026-04-24,,,207048000,189148000,47595000,141553000,1.49,353038000,110271000,18048000,179410000,,42595000,80063000,4563000,,1302838000,0,7930540000,3594358000,95204000,94299203
JBHT,728535,Industrials,2026-06-30,10-Q,2026-07-24,,,259452000,242684000,61650000,181034000,1.91,,,,,,,,4162000,,1145337000,0,7944778000,3657115000,94944000,93914939
JBL,898293,Information Technology,2025-02-28,10-Q,2026-04-08,,576000000,245000000,184000000,67000000,117000000,1.06,,,,,,,,1592000000,2883000000,2883000000,0,17396000000,1358000000,111100000,
JBL,898293,Information Technology,2025-04-03,10-Q,2025-04-08,,,,,,,,,,,,,,,,,,,,,,107345348
JBL,898293,Information Technology,2025-05-31,10-Q,2026-06-30,,681000000,403000000,290000000,68000000,222000000,2.03,,,,,,,,1523000000,2884000000,2385000000,499000000,18587000000,1285000000,109300000,
JBL,898293,Information Technology,2025-06-23,10-Q,2025-06-30,,,,,,,,,,,,,,,,,,,,,,107318837
JBL,898293,Information Technology,2025-08-31,10-K (Q4 derived: FY − 9M YTD),2025-10-17,,783000000,337000000,279000000,61000000,218000000,1.98,588000000,169000000,,52000000,,8000000,25000000,1933000000,2885000000,2386000000,499000000,18543000000,1513000000,-600000,
JBL,898293,Information Technology,2025-10-10,10-K,2025-10-17,,,,,,,,,,,,,,,,,,,,,,106837337
JBL,898293,Information Technology,2025-11-30,10-Q,2026-01-09,,742000000,283000000,220000000,74000000,146000000,1.35,323000000,95000000,,267000000,,10000000,300000000,1572000000,2887000000,2387000000,500000000,19276000000,1344000000,108300000,
JBL,898293,Information Technology,2026-01-02,10-Q,2026-01-09,,,,,,,,,,,,,,,,,,,,,,105595267
JBL,898293,Information Technology,2026-02-28,10-Q,2026-04-08,,746000000,374000000,300000000,78000000,223000000,2.08,,,,,,,,1830000000,3876000000,3376000000,500000000,20628000000,1344000000,106900000,
JBL,898293,Information Technology,2026-04-01,10-Q,2026-04-08,,,,,,,,,,,,,,,,,,,,,,105502622
JBL,898293,Information Technology,2026-05-31,10-Q,2026-06-30,,828000000,445000000,366000000,91000000,275000000,2.59,,,,,,,,1360000000,3378000000,2879000000,499000000,23819000000,1323000000,106500000,
JBL,898293,Information Technology,2026-06-24,10-Q,2026-06-30,,,,,,,,,,,,,,,,,,,,,,104787089
JCI,833444,Industrials,2023-12-31,10-Q,2025-02-05,,1778000000,,320000000,-20000000,374000000,0.55,-246000000,82000000,29000000,208000000,,252000000,0,1799000000,,,,43981000000,16698000000,682400000,681477046
JCI,833444,Industrials,2024-03-31,10-Q,2025-05-07,,1922000000,,-471000000,-153000000,-277000000,-0.41,,,,,,,,838000000,,,,43457000000,15658000000,679000000,673675568
JCI,833444,Industrials,2024-06-30,10-Q,2025-08-06,,2109000000,,1025000000,174000000,975000000,1.45,,,,,,,,858000000,,,,43325000000,15968000000,672800000,668013549
JCI,833444,Industrials,2024-09-30,10-K (Q4 derived: FY − 9M YTD),2025-11-14,,2268000000,,648000000,110000000,633000000,0.94,,195000000,26000000,192000000,,247000000,370000000,606000000,8568000000,,,42695000000,16098000000,-2600000,
JCI,833444,Industrials,2024-10-31,10-K,2024-11-19,,,,,,,,,,,,,,,,,,,,,,662185383
JCI,833444,Industrials,2024-12-31,10-Q,2026-02-04,,1926000000,,408000000,47000000,419000000,0.63,,116000000,28000000,193000000,67000000,245000000,330000000,1237000000,,,,42098000000,15900000000,665000000,660594161
JCI,833444,Industrials,2025-03-31,10-Q,2026-05-06,,2069000000,,501000000,26000000,478000000,0.72,,,,,56000000,,,795000000,,,,42367000000,15805000000,661000000,658047305
JCI,833444,Industrials,2025-06-30,10-Q,2025-08-06,,2246000000,,705000000,87000000,701000000,1.07,,,,,,,,731000000,,,,43393000000,15830000000,657400000,654385440
JCI,833444,Industrials,2025-09-30,10-K (Q4 derived: FY − 9M YTD),2025-11-14,,2351000000,,355000000,85000000,1693000000,2.6100000000000003,,130000000,33000000,280000000,,243000000,5021000000,379000000,9195000000,,,37939000000,12927000000,-7000000,
JCI,833444,Industrials,2025-10-31,10-K,2025-11-14,,,,,,,,,,,,,,,,,,,,,,611135655
JCI,833444,Industrials,2025-12-31,10-Q,2026-02-04,,2074000000,,708000000,152000000,524000000,0.85,,80000000,34000000,164000000,42000000,245000000,0,552000000,,,,37983000000,13204000000,614000000,612004462
JCI,833444,Industrials,2026-03-31,10-Q,2026-05-06,,2262000000,,738000000,126000000,613000000,1,,,,,60000000,,,698000000,,,,38354000000,13518000000,614000000,610115603
JKHY,779152,Financials,2025-03-31,10-Q,2026-05-07,,,138740000,141908000,30800000,111108000,1.52,,,6873000,,,,,39870000,,80000000,90000000,2932018000,2036431000,73013000,
JKHY,779152,Financials,2025-04-25,10-Q,2025-05-12,,,,,,,,,,,,,,,,,,,,,,72815986
JKHY,779152,Financials,2025-06-30,10-K (Q4 derived: FY − 9M YTD),2026-08-28,,,155698000,159949000,32345000,127604000,1.75,327112000,12172000,5980000,10575000,,42180000,-1000,101953000,0,0,0,3043970000,2130832000,-13000,
JKHY,779152,Financials,2025-08-08,10-K,2025-08-25,,,,,,,,,,,,,,,,,,,,,,72871385
JKHY,779152,Financials,2025-09-30,10-Q,2025-11-07,,,184065000,190318000,46332000,143986000,1.97,120590000,8880000,6317000,10434000,,42145000,62045000,36239000,,20000000,,3047572000,2173334000,72909000,
JKHY,779152,Financials,2025-10-24,10-Q,2025-11-07,,,,,,,,,,,,,,,,,,,,,,72377132
JKHY,779152,Financials,2025-12-31,10-Q,2026-02-06,,,159148000,164193000,39525000,124668000,1.72,,,8438000,,,,,28216000,,20000000,,3060044000,2203058000,72413000,
JKHY,779152,Financials,2026-01-23,10-Q,2026-02-06,,,,,,,,,,,,,,,,,,,,,,72167368
JKHY,779152,Financials,2026-03-31,10-Q,2026-05-07,,,155047000,158541000,35647000,122894000,1.71,,,8196000,,,,,20573000,,90000000,,3050557000,2134811000,71978000,
JKHY,779152,Financials,2026-04-24,10-Q,2026-05-07,,,,,,,,,,,,,,,,,,,,,,71050780
JKHY,779152,Financials,2026-06-30,10-K (Q4 derived: FY − 9M YTD),2026-08-28,,,136773000,139738000,28511000,111227000,1.5700000000000003,302674000,20487000,9509000,10865000,,42948000,163759000,,40000000,,,3145711000,2051949000,-390000,
JKHY,779152,Financials,2026-08-12,10-K,2026-08-28,,,,,,,,,,,,,,,,,,,,,,70112608
JNJ,200406,Health Care,2025-03-30,10-Q,2026-04-22,,14536000000,,13631000000,2632000000,10999000000,4.54,4174000000,795000000,288000000,1772000000,,,2127000000,38474000000,,38355000000,,193671000000,78109000000,2423800000,
JNJ,200406,Health Care,2025-04-18,10-Q,2025-04-23,,,,,,,,,,,,,,,,,,,,,,2406073279
JNJ,200406,Health Care,2025-06-29,10-Q,2026-07-23,,16115000000,,6491000000,954000000,5537000000,2.29,,,,,,,,18577000000,,39235000000,,193389000000,78473000000,2419100000,
JNJ,200406,Health Care,2025-07-18,10-Q,2025-07-24,,,,,,,,,,,,,,,,,,,,,,2408338872
JNJ,200406,Health Care,2025-09-28,10-Q,2025-10-22,,16690000000,,7493000000,2341000000,5152000000,2.12,,,,,,,,18231000000,,39408000000,,192816000000,79277000000,2428600000,
JNJ,200406,Health Care,2025-10-17,10-Q,2025-10-22,,,,,,,,,,,,,,,,,,,,,,2409295102
JNJ,200406,Health Care,2025-12-28,10-K (Q4 derived: FY − 9M YTD),2026-02-11,,16596000000,,4966000000,-150000000,5116000000,2.09,7309000000,1837000000,309000000,2011000000,,,1924000000,19709000000,41438000000,39438000000,2000000000,199210000000,81544000000,4600000,
JNJ,200406,Health Care,2026-02-06,10-K,2026-02-11,,,,,,,,,,,,,,,,,,,,,,2409898936
JNJ,200406,Health Care,2026-03-29,10-Q,2026-04-22,,15956000000,,5990000000,755000000,5235000000,2.14,2514000000,1049000000,300000000,2004000000,,,4028000000,21688000000,,37527000000,,200894000000,81186000000,2445200000,
JNJ,200406,Health Care,2026-04-17,10-Q,2026-04-22,,,,,,,,,,,,,,,,,,,,,,2407216971
JNJ,200406,Health Care,2026-06-28,10-Q,2026-07-23,,17259000000,,6747000000,1213000000,5534000000,2.27,,,,,,,,20422000000,,37344000000,,201061000000,84971000000,2440100000,
JNJ,200406,Health Care,2026-07-17,10-Q,2026-07-23,,,,,,,,,,,,,,,,,,,,,,2409898597
JPM,19617,Financials,2024-03-31,10-Q,2025-05-01,,,,17293000000,3874000000,13419000000,4.44,-154158000000,,938000000,2004000000,24356000000,3493000000,2832000000,,,,,4090727000000,336637000000,2912800000,2871667879
JPM,19617,Financials,2024-06-30,10-Q,2025-08-05,,,,23435000000,5286000000,18149000000,6.12,,,944000000,,,,,,,,,4143003000000,340552000000,2894900000,2845164727
JPM,19617,Financials,2024-09-30,10-Q,2025-11-04,,,,16978000000,4080000000,12898000000,4.37,,,849000000,,,,,,,,,4210048000000,345836000000,2865900000,2815340422
JPM,19617,Financials,2024-12-31,10-K (Q4 derived: FY − 9M YTD),2026-02-13,,,,17375000000,3370000000,14005000000,4.8100000000000005,147758000000,,773000000,1965000000,,3858000000,4301000000,,,,,4002814000000,344758000000,-12200000,
JPM,19617,Financials,2025-01-31,10-K,2025-02-14,,,,,,,,,,,,,,,,,,,,,,2796106099
JPM,19617,Financials,2025-03-31,10-Q,2026-05-01,,,,18408000000,3765000000,14643000000,5.07,-251839000000,,1053000000,2030000000,,3823000000,7528000000,,,,,4357856000000,351420000000,2824300000,2779094488
JPM,19617,Financials,2025-06-30,10-Q,2026-08-06,,,,18284000000,3297000000,14987000000,5.24,,,959000000,,,,,,,,,4552482000000,356924000000,2793700000,2749753854
JPM,19617,Financials,2025-09-30,10-Q,2025-11-04,,,,18743000000,4350000000,14393000000,5.07,,,910000000,,,,,,,,,4560205000000,360212000000,2767600000,2722262295
JPM,19617,Financials,2025-12-31,10-K (Q4 derived: FY − 9M YTD),2026-02-13,,,,17160000000,4135000000,13025000000,4.639999999999999,119724000000,,692000000,2312000000,,4417000000,8264000000,,,,,4424900000000,362438000000,-13700000,
JPM,19617,Financials,2026-01-31,10-K,2026-02-13,,,,,,,,,,,,,,,,,,,,,,2697032375
JPM,19617,Financials,2026-03-31,10-Q,2026-05-01,,,,20479000000,3985000000,16494000000,5.94,-211761000000,,1173000000,2364000000,,4374000000,8325000000,,,,,4900475000000,364038000000,2720200000,2679511418
JPM,19617,Financials,2026-06-30,10-Q,2026-08-06,,,,27516000000,6361000000,21155000000,7.7,,,1167000000,,,,,,,,,5015069000000,374598000000,2694200000,2658186195
KDP,1418135,Consumer Staples,2025-03-31,10-Q,2026-04-23,3635000000,1985000000,801000000,660000000,143000000,517000000,0.38,209000000,120000000,22000000,,,,0,653000000,,11927000000,1027000000,53699000000,24447000000,1362200000,
KDP,1418135,Consumer Staples,2025-04-22,10-Q,2025-04-24,,,,,,,,,,,,,,,,,,,,,,1358178069
KDP,1418135,Consumer Staples,2025-06-30,10-Q,2026-08-10,4163000000,2255000000,898000000,718000000,171000000,547000000,0.4,,,,,,,,509000000,,13920000000,499000000,54368000000,24985000000,1362800000,
KDP,1418135,Consumer Staples,2025-07-22,10-Q,2025-07-24,,,,,,,,,,,,,,,,,,,,,,1358435279
KDP,1418135,Consumer Staples,2025-09-30,10-Q,2025-10-28,4306000000,2340000000,995000000,852000000,190000000,662000000,0.49,,,,,,,,516000000,,13531000000,894000000,54605000000,25324000000,1362900000,
KDP,1418135,Consumer Staples,2025-10-23,10-Q,2025-10-28,,,,,,,,,,,,,,,,,,,,,,1358583125
KDP,1418135,Consumer Staples,2025-12-31,10-K (Q4 derived: FY − 9M YTD),2026-02-24,4499000000,2419000000,881000000,457000000,104000000,353000000,0.26,712000000,148000000,27000000,,,,0,1026000000,,13036000000,895000000,55459000000,25516000000,100000,
KDP,1418135,Consumer Staples,2026-02-20,10-K,2026-02-24,,,,,,,,,,,,,,,,,,,,,,1358666059
KDP,1418135,Consumer Staples,2026-03-31,10-Q,2026-04-23,3976000000,2098000000,756000000,357000000,87000000,270000000,0.2,281000000,116000000,30000000,,,,,898000000,,20891000000,1995000000,73140000000,25261000000,1363700000,
KDP,1418135,Consumer Staples,2026-04-21,10-Q,2026-04-23,,,,,,,,,,,,,,,,,,,,,,1360559471
KDP,1418135,Consumer Staples,2026-06-30,10-Q,2026-08-10,7309000000,3066000000,628000000,305000000,95000000,142000000,0.04,,,,,,,,1517000000,,21586000000,3231000000,87619000000,25032000000,1364500000,
KDP,1418135,Consumer Staples,2026-08-10,10-Q,2026-08-10,,,,,,,,,,,,,,,,,,,,,,1360826038
KEY,91576,Financials,2025-03-31,10-Q,2026-05-05,1773000000,,,515000000,109000000,405000000,0.33,-140000000,,30000000,,,265000000,,1909000000,12392000000,,,188691000000,19003000000,1106140000,
KEY,91576,Financials,2025-05-02,10-Q,2025-05-06,,,,,,,,,,,,,,,,,,,,,,1095942434
KEY,91576,Financials,2025-06-30,10-Q,2026-08-04,1840000000,,,539000000,116000000,425000000,0.35,,,,,,,,1766000000,12063000000,,,185499000000,19484000000,1107210000,
KEY,91576,Financials,2025-07-31,10-Q,2025-08-05,,,,,,,,,,,,,,,,,,,,,,1096515839
KEY,91576,Financials,2025-09-30,10-Q,2025-11-04,1895000000,,,602000000,112000000,489000000,0.41,,,,,,,,1938000000,10917000000,,,187409000000,20102000000,1110675000,
KEY,91576,Financials,2025-10-31,10-Q,2025-11-04,,,,,,,,,,,,,,,,,,,,,,1092919589
KEY,91576,Financials,2025-12-31,10-K (Q4 derived: FY − 9M YTD),2026-02-23,2005000000,,,648000000,139000000,510000000,0.42999999999999994,718000000,,33000000,,,262000000,,1287000000,9917000000,,,184381000000,20381000000,-390000,
KEY,91576,Financials,2026-02-19,10-K,2026-02-23,,,,,,,,,,,,,,,,,,,,,,1089647432
KEY,91576,Financials,2026-03-31,10-Q,2026-05-05,1953000000,,,658000000,136000000,522000000,0.44,-62000000,,31000000,,,259000000,,1130000000,10877000000,,,188663000000,19987000000,1094368000,
KEY,91576,Financials,2026-05-01,10-Q,2026-05-05,,,,,,,,,,,,,,,,,,,,,,1084225688
KEY,91576,Financials,2026-06-30,10-Q,2026-08-04,1964000000,,,647000000,139000000,509000000,0.44,,,,,,,,1711000000,10967000000,,,191317000000,19798000000,1080008000,
KEY,91576,Financials,2026-07-31,10-Q,2026-08-04,,,,,,,,,,,,,,,,,,,,,,1067128554
KEYS,1601046,Information Technology,2025-04-30,10-Q,2026-06-04,1306000000,,207000000,320000000,63000000,257000000,1.49,,,,,,,,3118000000,2532000000,2532000000,,10535000000,5477000000,173000000,
KEYS,1601046,Information Technology,2025-05-29,10-Q,2025-06-03,,,,,,,,,,,,,,,,,,,,,,172108859
KEYS,1601046,Information Technology,2025-07-31,10-Q,2026-09-02,1352000000,,234000000,241000000,50000000,191000000,1.1,,,,,,,,2636000000,2533000000,2533000000,,10651000000,5670000000,173000000,
KEYS,1601046,Information Technology,2025-08-25,10-Q,2025-08-29,,,,,,,,,,,,,,,,,,,,,,171856249
KEYS,1601046,Information Technology,2025-10-31,10-K (Q4 derived: FY − 9M YTD),2025-12-17,1419000000,,217000000,322000000,70000000,233000000,1.35,225000000,38000000,33000000,,,,100000000,1873000000,2534000000,2534000000,0,11301000000,5881000000,0,
KEYS,1601046,Information Technology,2025-12-12,10-K,2025-12-17,,,,,,,,,,,,,,,,,,,,,,171817127
KEYS,1601046,Information Technology,2026-01-31,10-Q,2026-03-05,1600000000,,248000000,198000000,-83000000,281000000,1.63,441000000,34000000,76000000,,,,87000000,2178000000,2534000000,2534000000,,11481000000,6205000000,173000000,
KEYS,1601046,Information Technology,2026-02-27,10-Q,2026-03-05,,,,,,,,,,,,,,,,,,,,,,171502495
KEYS,1601046,Information Technology,2026-04-30,10-Q,2026-06-04,1717000000,,407000000,418000000,69000000,349000000,2.02,,,,,,,,2412000000,2531000000,1832000000,699000000,11738000000,6331000000,173000000,
KEYS,1601046,Information Technology,2026-05-29,10-Q,2026-06-04,,,,,,,,,,,,,,,,,,,,,,170895368
KEYS,1601046,Information Technology,2026-07-31,10-Q,2026-09-02,1846000000,,461000000,477000000,80000000,397000000,2.3,,,,,,,,2605000000,2517000000,1817000000,700000000,11921000000,6571000000,173000000,
KEYS,1601046,Information Technology,2026-08-27,10-Q,2026-09-02,,,,,,,,,,,,,,,,,,,,,,170244745
KHC,1637459,Consumer Staples,2025-03-29,10-Q,2026-05-06,,2064000000,1196000000,1018000000,304000000,712000000,0.59,720000000,238000000,27000000,231000000,229000000,,225000000,2113000000,,,678000000,90274000000,49460000000,1198000000,
KHC,1637459,Consumer Staples,2025-04-26,10-Q,2025-04-29,,,,,,,,,,,,,,,,,,,,,,1183542101
KHC,1637459,Consumer Staples,2025-06-28,10-Q,2026-08-05,,2183000000,-7974000000,-8167000000,-344000000,-7824000000,-6.6,,,,241000000,240000000,,,1567000000,,,1904000000,81581000000,41358000000,1185000000,
KHC,1637459,Consumer Staples,2025-07-26,10-Q,2025-07-30,,,,,,,,,,,,,,,,,,,,,,1183599215
KHC,1637459,Consumer Staples,2025-09-27,10-Q,2025-10-29,,1990000000,1025000000,807000000,194000000,615000000,0.52,,,,245000000,240000000,,,2114000000,,,1905000000,81695000000,41450000000,1186000000,
KHC,1637459,Consumer Staples,2025-10-25,10-Q,2025-10-29,,,,,,,,,,,,,,,,,,,,,,1183655579
KHC,1637459,Consumer Staples,2025-12-27,10-K (Q4 derived: FY − 9M YTD),2026-02-12,,2072000000,1084000000,897000000,249000000,651000000,0.54,1376000000,205000000,25000000,251000000,238000000,,1000000,2615000000,,,1908000000,81786000000,41664000000,-1000000,
KHC,1637459,Consumer Staples,2026-02-07,10-K,2026-02-12,,,,,,,,,,,,,,,,,,,,,,1183744751
KHC,1637459,Consumer Staples,2026-03-28,10-Q,2026-05-06,,2219000000,1145000000,1010000000,211000000,798000000,0.67,1006000000,240000000,22000000,245000000,236000000,,23000000,3308000000,,,1910000000,82046000000,41923000000,1188000000,
KHC,1637459,Consumer Staples,2026-05-02,10-Q,2026-05-06,,,,,,,,,,,,,,,,,,,,,,1185777638
KHC,1637459,Consumer Staples,2026-06-27,10-Q,2026-08-05,,2028000000,-6431000000,-6376000000,-916000000,-5460000000,-4.6,,,,261000000,-31000000,,,2419000000,,,1382000000,73065000000,36006000000,1186000000,
KHC,1637459,Consumer Staples,2026-08-01,10-Q,2026-08-05,,,,,,,,,,,,,,,,,,,,,,1185823758
KIM,879101,Real Estate,2025-03-31,10-Q,2026-04-30,536624000,,180484000,111583000,464000,132817000,,223813000,18400000,6725000,158453000,80377000,,0,131271000,,,,19731252000,10588276000,677299000,
KIM,879101,Real Estate,2025-04-22,10-Q,2025-05-02,,,,,,,,,,,,,,,,,,,,,,676496300
KIM,879101,Real Estate,2025-06-30,10-Q,2026-08-04,525175000,,205812000,139571000,366000,162986000,,,,,,81204000,,,226553000,,,,19796555000,10520675000,675079000,
KIM,879101,Real Estate,2025-07-22,10-Q,2025-08-01,,,,,,,,,,,,,,,,,,,,,,677200477
KIM,879101,Real Estate,2025-09-30,10-Q,2025-10-30,535861000,,187229000,113024000,-875000,137775000,,,,,,84261000,,,159339000,,,,19880039000,10486208000,675423000,
KIM,879101,Real Estate,2025-10-22,10-Q,2025-10-30,,,,,,,,,,,,,,,,,,,,,,677195122
KIM,879101,Real Estate,2025-12-31,10-K (Q4 derived: FY − 9M YTD),2026-02-20,542456000,,197298000,129457000,1091000,151163000,,258371000,0,7947000,154045000,84354000,,61485000,211648000,7718700000,,,19688250000,10391836000,-1007000,
KIM,879101,Real Estate,2026-02-10,10-K,2026-02-20,,,,,,,,,,,,,,,,,,,,,,674066654
KIM,879101,Real Estate,2026-03-31,10-Q,2026-04-30,558016000,,207772000,135503000,-239000,164898000,,242986000,,12728000,156496000,83125000,,462000,168438000,,,,19585446000,10388906000,672771000,
KIM,879101,Real Estate,2026-04-22,10-Q,2026-04-30,,,,,,,,,,,,,,,,,,,,,,674389792
KIM,879101,Real Estate,2026-06-30,10-Q,2026-08-04,550801000,,196144000,122053000,4000,153294000,,,,,,83905000,,,699242000,,,,20030952000,10265601000,671961000,
KIM,879101,Real Estate,2026-07-28,10-Q,2026-08-04,,,,,,,,,,,,,,,,,,,,,,670789373
KKR,1404912,Financials,2025-03-31,10-Q,2026-05-08,3110183000,,,771067000,86569000,-185924000,,2549726000,,183568000,,,155441000,0,,,,,372372919000,27469987000,,
KKR,1404912,Financials,2025-05-08,10-Q,2025-05-09,,,,,,,,,,,,,,,,,,,,,,890641903
KKR,1404912,Financials,2025-06-30,10-Q,2026-08-06,5088843000,,,1528768000,174304000,510123000,,,,173632000,,,,,,,,,380867573000,28219229000,,
KKR,1404912,Financials,2025-08-07,10-Q,2025-08-08,,,,,,,,,,,,,,,,,,,,,,890948725
KKR,1404912,Financials,2025-09-30,10-Q,2025-11-07,5525975000,,,2199561000,359739000,900357000,,,,182230000,,,,,,,,,398480928000,29749202000,,
KKR,1404912,Financials,2025-11-06,10-Q,2025-11-07,,,,,,,,,,,,,,,,,,,,,,891353410
KKR,1404912,Financials,2025-12-31,10-K (Q4 derived: FY − 9M YTD),2026-02-27,5739306000,,,2599764000,333136000,1145907000,,-4900331000,,182679000,,,164875000,0,,,,,410144072000,30902561000,,
KKR,1404912,Financials,2026-02-24,10-K,2026-02-27,,,,,,,,,,,,,,,,,,,,,,891550894
KKR,1404912,Financials,2026-03-31,10-Q,2026-05-08,4317983000,,,462890000,185385000,405229000,,1746670000,,180113000,,,164807000,191244000,,,,,412084513000,30496153000,,
KKR,1404912,Financials,2026-05-07,10-Q,2026-05-08,,,,,,,,,,,,,,,,,,,,,,897872941
KKR,1404912,Financials,2026-06-30,10-Q,2026-08-06,5725891000,,,1373984000,246105000,700482000,,,,225859000,,,,,,,,,414463237000,31047399000,,
KKR,1404912,Financials,2026-08-05,10-Q,2026-08-06,,,,,,,,,,,,,,,,,,,,,,897635601
KLAC,319201,Information Technology,2025-03-31,10-Q,2026-04-30,,,,1264433000,176017000,1088416000,8.16,,,,,,,,1858022000,5883322000,,0,15188307000,4004739000,133303000,
KLAC,319201,Information Technology,2025-04-21,10-Q,2025-05-01,,,,,,,,,,,,,,,,,,,,,,132241430
KLAC,319201,Information Technology,2025-06-30,10-K (Q4 derived: FY − 9M YTD),2026-08-06,,,,1328799000,125950000,1202849000,-18.28,1164991000,100408000,71269000,96252000,,253965000,425697000,2078908000,5884257000,,0,16067926000,4692453000,1203436000,
KLAC,319201,Information Technology,2025-07-21,10-K,2025-08-08,,,,,,,,,,,,,,,,,,,,,,131961370
KLAC,319201,Information Technology,2025-09-30,10-Q,2025-10-31,,,,1309476000,188436000,1121040000,8.47,1161591000,95894000,70182000,97016000,,254008000,545067000,1946211000,5885193000,,,16317974000,4985071000,132381000,
KLAC,319201,Information Technology,2025-10-27,10-Q,2025-10-31,,,,,,,,,,,,,,,,,,,,,,131392338
KLAC,319201,Information Technology,2025-12-31,10-Q,2026-01-30,,,,1330303000,184621000,1145682000,8.68,,,,,,,,2452124000,5886128000,,,16720228000,5465731000,132009000,
KLAC,319201,Information Technology,2026-01-26,10-Q,2026-01-30,,,,,,,,,,,,,,,,,,,,,,131076611
KLAC,319201,Information Technology,2026-03-31,10-Q,2026-04-30,,,,1416761000,215771000,1200990000,9.12,,,,,,,,1787010000,5887063000,,,16873515000,5830495000,131750000,
KLAC,319201,Information Technology,2026-04-27,10-Q,2026-04-30,,,,,,,,,,,,,,,,,,,,,,130627521
KLAC,319201,Information Technology,2026-06-30,10-K (Q4 derived: FY − 9M YTD),2026-08-06,,,,1549385000,186326000,1363059000,-22.6,906430000,89288000,82104000,98606000,,305334000,570997000,1649842000,5887415000,,,17951535000,6349820000,1187560000,
KLAC,319201,Information Technology,2026-08-03,10-K,2026-08-06,,,,,,,,,,,,,,,,,,,,,,1306546783
KMB,55785,Consumer Staples,2025-03-31,10-Q,2026-04-28,4054000000,1509000000,631000000,,131000000,567000000,1.7,327000000,204000000,32000000,218000000,64000000,405000000,61000000,563000000,,,,16305000000,1101000000,333300000,
KMB,55785,Consumer Staples,2025-04-15,10-Q,2025-04-22,,,,,,,,,,,,,,,,,,,,,,331816035
KMB,55785,Consumer Staples,2025-06-30,10-Q,2026-08-04,4163000000,1456000000,592000000,,116000000,509000000,1.53,,,,,67000000,,,634000000,,,,16771000000,1271000000,333300000,
KMB,55785,Consumer Staples,2025-07-25,10-Q,2025-08-01,,,,,,,,,,,,,,,,,,,,,,331779938
KMB,55785,Consumer Staples,2025-09-30,10-K,2026-02-12,4150000000,1493000000,621000000,,248000000,446000000,1.34,,,,,65000000,,,617000000,,,,16888000000,1332000000,333100000,
KMB,55785,Consumer Staples,2025-10-23,10-Q,2025-10-30,,,,,,,,,,,,,,,,,,,,,,331858421
KMB,55785,Consumer Staples,2025-12-31,10-K,2026-02-12,4080000000,1465000000,507000000,,104000000,499000000,1.5,972000000,397000000,25000000,189000000,60000000,418000000,1000000,688000000,,,,17098000000,1502000000,0,
KMB,55785,Consumer Staples,2026-01-30,10-K,2026-02-12,,,,,,,,,,,,,,,,,,,,,,331922371
KMB,55785,Consumer Staples,2026-03-31,10-Q,2026-04-28,4163000000,1534000000,753000000,,164000000,665000000,2,745000000,424000000,23000000,193000000,58000000,418000000,0,542000000,,,,17184000000,1796000000,333200000,
KMB,55785,Consumer Staples,2026-04-21,10-Q,2026-04-28,,,,,,,,,,,,,,,,,,,,,,331940357
KMB,55785,Consumer Staples,2026-06-30,10-Q,2026-08-04,4189000000,1603000000,633000000,,217000000,345000000,1.04,,,,,53000000,,,956000000,,,,18554000000,1750000000,333300000,
KMB,55785,Consumer Staples,2026-07-28,10-Q,2026-08-04,,,,,,,,,,,,,,,,,,,,,,332579038
KMI,1506307,Energy,2025-03-31,10-Q,2026-04-24,4241000000,,1145000000,929000000,186000000,717000000,0.32,1162000000,766000000,,610000000,,642000000,0,80000000,,29965000000,,72318000000,30605000000,2222000000,
KMI,1506307,Energy,2025-04-16,10-Q,2025-04-18,,,,,,,,,,,,,,,,,,,,,,2222068746
KMI,1506307,Energy,2025-06-30,10-Q,2026-07-24,4042000000,,1152000000,919000000,177000000,715000000,0.32,,,,616000000,,,,82000000,,31871000000,,72371000000,30770000000,2222000000,
KMI,1506307,Energy,2025-07-17,10-Q,2025-07-18,,,,,,,,,,,,,,,,,,,,,,2222077616
KMI,1506307,Energy,2025-09-30,10-Q,2025-10-24,4146000000,,1063000000,839000000,185000000,628000000,0.28,,,,609000000,,,,71000000,,31499000000,,72316000000,30740000000,2224000000,
KMI,1506307,Energy,2025-10-23,10-Q,2025-10-24,,,,,,,,,,,,,,,,,,,,,,2224760390
KMI,1506307,Energy,2025-12-31,10-K (Q4 derived: FY − 9M YTD),2026-02-13,4508000000,,1364000000,1305000000,284000000,996000000,0.45000000000000007,1692000000,820000000,,618000000,,654000000,0,63000000,,30777000000,,72748000000,31162000000,0,
KMI,1506307,Energy,2026-02-12,10-K,2026-02-13,,,,,,,,,,,,,,,,,,,,,,2224806397
KMI,1506307,Energy,2026-03-31,10-Q,2026-04-24,4828000000,,1444000000,1288000000,287000000,976000000,0.44,1491000000,804000000,,633000000,,654000000,,72000000,,29870000000,,73072000000,31322000000,2225000000,
KMI,1506307,Energy,2026-04-23,10-Q,2026-04-24,,,,,,,,,,,,,,,,,,,,,,2224825757
KMI,1506307,Energy,2026-06-30,10-Q,2026-07-24,4477000000,,1346000000,1166000000,272000000,867000000,0.39,,,,620000000,,,,89000000,,29805000000,,74062000000,31631000000,2225000000,
KMI,1506307,Energy,2026-07-23,10-Q,2026-07-24,,,,,,,,,,,,,,,,,,,,,,2226802089
KO,21344,Consumer Staples,2024-12-31,10-K (Q4 derived: FY − 9M YTD),2026-02-20,11544000000,6931000000,2709000000,2806000000,593000000,2195000000,0.51,3951000000,803000000,79000000,276000000,431000000,4085000000,567000000,10828000000,,,,100549000000,24856000000,-1000000,
KO,21344,Consumer Staples,2025-02-18,10-K,2025-02-20,,,,,,,,,,,,,,,,,,,,,,4301000395
KO,21344,Consumer Staples,2025-03-28,10-Q,2026-04-30,11129000000,6966000000,3659000000,4057000000,722000000,3330000000,0.77,-5202000000,309000000,63000000,267000000,387000000,89000000,370000000,8417000000,,,,101716000000,26202000000,4313000000,
KO,21344,Consumer Staples,2025-04-29,10-Q,2025-05-01,,,,,,,,,,,,,,,,,,,,,,4304266738
KO,21344,Consumer Staples,2025-06-27,10-Q,2025-07-24,12535000000,7821000000,4280000000,4796000000,993000000,3810000000,0.88,,,,279000000,445000000,,,9590000000,,,,104333000000,28585000000,4315000000,
KO,21344,Consumer Staples,2025-07-22,10-Q,2025-07-24,,,,,,,,,,,,,,,,,,,,,,4303667252
KO,21344,Consumer Staples,2025-09-26,10-Q,2025-10-23,12455000000,7658000000,3982000000,4183000000,500000000,3696000000,0.86,,,,268000000,391000000,,,12732000000,,,,106045000000,31247000000,4313000000,
KO,21344,Consumer Staples,2025-10-21,10-Q,2025-10-23,,,,,,,,,,,,,,,,,,,,,,4301608845
KO,21344,Consumer Staples,2025-12-31,10-K (Q4 derived: FY − 9M YTD),2026-02-20,11822000000,7099000000,1841000000,2962000000,646000000,2271000000,0.5300000000000002,3756000000,882000000,75000000,236000000,431000000,4388000000,102000000,10270000000,,,,104816000000,32169000000,-1000000,
KO,21344,Consumer Staples,2026-02-18,10-K,2026-02-20,,,,,,,,,,,,,,,,,,,,,,4300723069
KO,21344,Consumer Staples,2026-04-03,10-Q,2026-04-30,12472000000,7852000000,4359000000,4611000000,645000000,3924000000,0.91,2021000000,266000000,56000000,264000000,375000000,2281000000,477000000,10574000000,,,,104217000000,33633000000,4314000000,
KO,21344,Consumer Staples,2026-04-28,10-Q,2026-04-30,,,,,,,,,,,,,,,,,,,,,,4302482418
KR,56873,Consumer Staples,2025-02-01,10-K (Q4 derived: FY − 9M YTD),2026-03-31,34308000000,,912000000,736000000,102000000,634000000,0.8999999999999999,1404000000,884000000,42000000,760000000,,232000000,4031000000,3959000000,15909000000,15805000000,104000000,52616000000,8285000000,-8000000,
KR,56873,Consumer Staples,2025-03-26,10-K,2025-04-01,,,,,,,,,,,,,,,,,,,,,,660893475
KR,56873,Consumer Staples,2025-05-24,10-Q,2025-06-27,,,,,,,,,,,,,,,4738000000,15938000000,15332000000,606000000,53248000000,8913000000,,
KR,56873,Consumer Staples,2025-06-24,10-Q,2025-06-27,,,,,,,,,,,,,,,,,,,,,,661155838
KR,56873,Consumer Staples,2025-08-16,10-Q,2025-09-19,33940000000,,863000000,772000000,162000000,609000000,0.91,,,,778000000,,,,4883000000,15946000000,15326000000,620000000,53590000000,9282000000,665000000,
KR,56873,Consumer Staples,2025-09-16,10-Q,2025-09-19,,,,,,,,,,,,,,,,,,,,,,662678212
KR,56873,Consumer Staples,2025-11-08,10-Q,2025-12-12,33859000000,,-1541000000,-1790000000,-475000000,-1320000000,-2.02,,,,782000000,,,,3956000000,15951000000,14549000000,1402000000,51440000000,7042000000,655000000,
KR,56873,Consumer Staples,2025-12-09,10-Q,2025-12-12,,,,,,,,,,,,,,,,,,,,,,632849160
KR,56873,Consumer Staples,2026-01-31,10-K (Q4 derived: FY − 9M YTD),2026-03-31,34725000000,,1246000000,1116000000,255000000,861000000,1.31,2653000000,946000000,37000000,722000000,,226000000,1758000000,3334000000,15875000000,14509000000,1366000000,49953000000,5927000000,-7000000,
KR,56873,Consumer Staples,2026-03-25,10-K,2026-03-31,,,,,,,,,,,,,,,,,,,,,,612575611
KR,56873,Consumer Staples,2026-05-23,10-Q,2026-06-26,,,,,,,,,,,,,,,2873000000,15378000000,14512000000,866000000,50292000000,6472000000,,
KR,56873,Consumer Staples,2026-06-24,10-Q,2026-06-26,,,,,,,,,,,,,,,,,,,,,,612647282
KVUE,1944048,Consumer Staples,2025-03-30,10-Q,2026-05-07,3741000000,2168000000,558000000,458000000,136000000,322000000,0.17,428000000,179000000,44000000,136000000,,392000000,63000000,1057000000,,,749000000,26257000000,10053000000,1925000000,
KVUE,1944048,Consumer Staples,2025-05-02,10-Q,2025-05-08,,,,,,,,,,,,,,,,,,,,,,1919909938
KVUE,1944048,Consumer Staples,2025-06-29,10-Q,2026-08-06,3839000000,2261000000,692000000,588000000,168000000,420000000,0.22,,,,142000000,,,,1070000000,,,749000000,27132000000,10730000000,1928000000,
KVUE,1944048,Consumer Staples,2025-08-01,10-Q,2025-08-07,,,,,,,,,,,,,,,,,,,,,,1919069920
KVUE,1944048,Consumer Staples,2025-09-28,10-Q,2025-11-03,3764000000,2226000000,629000000,526000000,128000000,398000000,0.21,,,,141000000,,,,1139000000,,,750000000,27248000000,10634000000,1923000000,
KVUE,1944048,Consumer Staples,2025-10-28,10-Q,2025-11-03,,,,,,,,,,,,,,,,,,,,,,1915802170
KVUE,1944048,Consumer Staples,2025-12-28,10-K (Q4 derived: FY − 9M YTD),2026-02-20,3780000000,2137000000,535000000,427000000,97000000,330000000,0.17000000000000004,854000000,110000000,30000000,138000000,,398000000,0,1062000000,,,750000000,27076000000,10765000000,-1000000,
KVUE,1944048,Consumer Staples,2026-02-13,10-K,2026-02-20,,,,,,,,,,,,,,,,,,,,,,1916732090
KVUE,1944048,Consumer Staples,2026-03-29,10-Q,2026-05-07,3909000000,2302000000,767000000,672000000,198000000,474000000,0.25,489000000,139000000,29000000,143000000,,398000000,0,1075000000,,,0,26854000000,10608000000,1922000000,
KVUE,1944048,Consumer Staples,2026-05-01,10-Q,2026-05-07,,,,,,,,,,,,,,,,,,,,,,1920008668
KVUE,1944048,Consumer Staples,2026-06-28,10-Q,2026-08-06,3955000000,2301000000,699000000,598000000,142000000,456000000,0.24,,,,,,,,1110000000,,,0,26735000000,10553000000,1923000000,
KVUE,1944048,Consumer Staples,2026-07-31,10-Q,2026-08-06,,,,,,,,,,,,,,,,,,,,,,1920773467
L,60086,Financials,2025-03-31,10-Q,2026-05-04,4494000000,,,514000000,122000000,370000000,1.74,736000000,98000000,,,105000000,13000000,394000000,560000000,,,,83142000000,17191000000,212600000,
L,60086,Financials,2025-05-02,10-Q,2025-05-05,,,,,,,,,,,,,,,,,,,,,,209696528
L,60086,Financials,2025-06-30,10-Q,2026-08-03,4555000000,,,539000000,123000000,391000000,1.87,,,,,107000000,,,447000000,,,,84668000000,17514000000,209360000,
L,60086,Financials,2025-08-01,10-Q,2025-08-04,,,,,,,,,,,,,,,,,,,,,,207426395
L,60086,Financials,2025-09-30,10-Q,2025-11-03,4671000000,,,689000000,153000000,504000000,2.43,,,,,112000000,,,567000000,,,,85941000000,18292000000,207710000,
L,60086,Financials,2025-10-31,10-Q,2025-11-03,,,,,,,,,,,,,,,,,,,,,,206659567
L,60086,Financials,2025-12-31,10-K (Q4 derived: FY − 9M YTD),2026-02-10,4734000000,,,541000000,113000000,402000000,1.9399999999999995,617000000,191000000,,,113000000,13000000,100000000,495000000,,,,86348000000,18686000000,-780000,
L,60086,Financials,2026-02-06,10-K,2026-02-10,,,,,,,,,,,,,,,,,,,,,,206052874
L,60086,Financials,2026-03-31,10-Q,2026-05-04,4555000000,,,463000000,109000000,337000000,1.63,72000000,204000000,,,113000000,13000000,31000000,843000000,,,,85652000000,18704000000,206270000,
L,60086,Financials,2026-05-01,10-Q,2026-05-04,,,,,,,,,,,,,,,,,,,,,,205768873
L,60086,Financials,2026-06-30,10-Q,2026-08-03,4734000000,,,612000000,141000000,444000000,2.16,,,,,103000000,,,508000000,,,,87228000000,19115000000,205570000,
L,60086,Financials,2026-07-31,10-Q,2026-08-03,,,,,,,,,,,,,,,,,,,,,,204427720
LDOS,1336920,Industrials,2025-04-04,10-Q,2026-05-05,4245000000,,530000000,478000000,113000000,363000000,2.77,58000000,,21000000,69000000,,,0,842000000,,,119000000,13197000000,4257000000,131000000,
LDOS,1336920,Industrials,2025-04-29,10-Q,2025-05-06,,,,,,,,,,,,,,,,,,,,,,128718872
LDOS,1336920,Industrials,2025-07-04,10-Q,2026-08-04,4253000000,,571000000,518000000,125000000,391000000,3.01,,,,,,,0,930000000,,,119000000,13549000000,4662000000,130000000,
LDOS,1336920,Industrials,2025-07-29,10-Q,2025-08-05,,,,,,,,,,,,,,,,,,,,,,128297332
LDOS,1336920,Industrials,2025-10-03,10-Q,2025-11-04,4469000000,,535000000,484000000,115000000,367000000,2.82,,,,,,,100000000,974000000,,,19000000,13542000000,4909000000,130000000,
LDOS,1336920,Industrials,2025-10-28,10-Q,2025-11-04,,,,,,,,,,,,,,,,,,,,,,127855172
LDOS,1336920,Industrials,2026-01-02,10-K (Q4 derived: FY − 9M YTD),2026-02-17,4207000000,,473000000,429000000,94000000,327000000,2.5200000000000014,495000000,,23000000,75000000,,,300000000,1108000000,,,20000000,13493000000,4916000000,0,
LDOS,1336920,Industrials,2026-02-10,10-K,2026-02-17,,,,,,,,,,,,,,,,,,,,,,126392684
LDOS,1336920,Industrials,2026-04-03,10-Q,2026-05-05,4400000000,,508000000,429000000,94000000,328000000,2.56,301000000,,25000000,72000000,,,200000000,457000000,,,320000000,15387000000,5013000000,128000000,
LDOS,1336920,Industrials,2026-04-28,10-Q,2026-05-05,,,,,,,,,,,,,,,,,,,,,,125785466
LDOS,1336920,Industrials,2026-07-03,10-Q,2026-08-04,4558000000,,514000000,451000000,95000000,354000000,2.81,,,,,,,66000000,748000000,,,22000000,15632000000,5284000000,126000000,
LDOS,1336920,Industrials,2026-07-28,10-Q,2026-08-04,,,,,,,,,,,,,,,,,,,,,,125492209
LEN,920760,Consumer Discretionary,2023-08-31,10-Q,2024-10-02,8729603000,,,1475161000,358209000,1108996000,3.87,,,,,,,,,,,,37438125000,25656619000,282854000,
LEN,920760,Consumer Discretionary,2023-11-30,10-K (Q4 derived: FY − 9M YTD),2026-01-28,10968183000,,,1784069000,416780000,1361287000,4.790000000000001,2589197000,46189000,21104000,,,105201000,341100000,,,,,39234303000,26580664000,-1293000,
LEN,920760,Consumer Discretionary,2024-02-29,10-Q,2025-04-04,7312930000,,,930786000,210865000,719334000,2.57,367867000,72925000,87680000,,,139387000,595100000,,,,,38951199000,26647835000,276946000,
LEN,920760,Consumer Discretionary,2024-05-31,10-Q,2025-07-01,8765592000,,,1261057000,300471000,954311000,3.45,,,,,,,,,,,,38667670000,26877874000,273703000,
LEN,920760,Consumer Discretionary,2024-08-31,10-Q,2025-10-03,9416042000,,,1535133000,347859000,1162674000,4.26,,,,,,,,,,,,39740982000,27412520000,270164000,
LEN,920760,Consumer Discretionary,2024-11-30,10-K (Q4 derived: FY − 9M YTD),2026-01-28,9946888000,,,1457932000,358058000,1096214000,4.050000000000001,974505000,41365000,22582000,,,134655000,527156000,4909664000,4189239000,,,41312781000,27870135000,-1585000,
LEN,920760,Consumer Discretionary,2025-02-28,10-Q,2026-04-09,7631545000,,,698238000,169525000,519526000,1.96,-289042000,56043000,84085000,,,131646000,774475000,,,,,34986103000,22728038000,262733000,
LEN,920760,Consumer Discretionary,2025-05-31,10-Q,2026-06-29,8377502000,,,641881000,160061000,477449000,1.81,,,,,,,,,,,,34374546000,22579080000,260286000,
LEN,920760,Consumer Discretionary,2025-08-31,10-Q,2025-10-03,8810278000,,,790703000,190892000,590967000,2.29,,,,,,,,,,,,34878401000,22570320000,255601000,
LEN,920760,Consumer Discretionary,2025-11-30,10-K (Q4 derived: FY − 9M YTD),2026-01-28,9367609000,,,683041000,185085000,490237000,,1759487000,85205000,25131000,,,126602000,57000,3756305000,5874995000,,,34430437000,21959417000,,
LEN,920760,Consumer Discretionary,2026-02-28,10-Q,2026-04-09,6619476000,,,302453000,69092000,229383000,0.93,-433502000,29992000,62377000,,,123480000,269707000,,,,,33210342000,21879376000,244438000,
LEN,920760,Consumer Discretionary,2026-05-31,10-Q,2026-06-29,7939872000,,,413187000,105058000,304772000,1.24,,,,,,,,,,,,33701455000,21620638000,240776000,
LH,920148,Health Care,2025-03-31,10-Q,2026-05-04,3345100000,948000000,326000000,,62200000,212800000,2.52,18500000,126000000,32800000,166800000,56000000,61600000,0,369400000,,5568700000,,17603800000,8307400000,84300000,
LH,920148,Health Care,2025-04-28,10-Q,2025-04-29,,,,,,,,,,,,,,,,,,,,,,83700000
LH,920148,Health Care,2025-06-30,10-Q,2026-08-05,3527300000,1046200000,394500000,,66400000,237900000,2.84,,,,,57100000,,,647300000,,5077300000,,18059900000,8472700000,83900000,
LH,920148,Health Care,2025-07-31,10-Q,2025-08-01,,,,,,,,,,,,,,,,,,,,,,83100000
LH,920148,Health Care,2025-09-30,10-Q,2025-10-31,3563500000,1025100000,396600000,,75500000,261100000,3.12,,,,,56000000,,,598100000,,5082500000,,18261600000,8696900000,83700000,
LH,920148,Health Care,2025-10-30,10-Q,2025-10-31,,,,,,,,,,,,,,,,,,,,,,82900000
LH,920148,Health Care,2025-12-31,10-K (Q4 derived: FY − 9M YTD),2026-02-24,3515800000,993200000,267600000,,25700000,164700000,1.9800000000000004,614200000,123900000,29700000,173000000,55000000,59300000,225000000,532300000,,5084600000,500100000,18392700000,8619800000,-200000,
LH,920148,Health Care,2026-02-23,10-K,2026-02-24,,,,,,,,,,,,,,,,,,,,,,82400000
LH,920148,Health Care,2026-03-31,10-Q,2026-05-04,3537600000,1013800000,380800000,,41700000,277800000,3.35,191500000,121000000,31700000,173300000,55100000,61200000,98000000,981100000,,5833700000,500400000,19087100000,8728600000,82900000,
LH,920148,Health Care,2026-05-01,10-Q,2026-05-04,,,,,,,,,,,,,,,,,,,,,,82000000
LH,920148,Health Care,2026-06-30,10-Q,2026-08-05,3731100000,1112000000,451600000,,87300000,298700000,3.64,,,,,61100000,,,141800000,,5857600000,900000,18532300000,8606800000,82000000,
LH,920148,Health Care,2026-08-04,10-Q,2026-08-05,,,,,,,,,,,,,,,,,,,,,,81100000
LHX,202058,Industrials,2025-03-28,10-Q,2026-04-30,,,525000000,459000000,73000000,386000000,2.04,-42000000,59000000,19000000,301000000,,228000000,569000000,517000000,,10977000000,,41248000000,19131000000,189100000,
LHX,202058,Industrials,2025-04-18,10-Q,2025-04-24,,,,,,,,,,,,,,,,,,,,,,186945636
LHX,202058,Industrials,2025-06-27,10-Q,2026-07-30,,,571000000,524000000,66000000,458000000,2.44,,,,303000000,,,,482000000,,10976000000,,41240000000,19278000000,187800000,
LHX,202058,Industrials,2025-07-18,10-Q,2025-07-24,,,,,,,,,,,,,,,,,,,,,,187094798
LHX,202058,Industrials,2025-10-03,10-Q,2025-10-30,,,621000000,567000000,105000000,462000000,2.46,,,,309000000,,,,339000000,,10997000000,,41014000000,19532000000,188100000,
LHX,202058,Industrials,2025-10-24,10-Q,2025-10-30,,,,,,,,,,,,,,,,,,,,,,187052847
LHX,202058,Industrials,2026-01-02,10-K,2026-02-12,,,2110000000,1932000000,82000000,300000000,1.6099999999999994,1962000000,158000000,30000000,311000000,,225000000,156000000,1069000000,,10443000000,,41195000000,19635000000,-200000,
LHX,202058,Industrials,2026-02-06,10-K,2026-02-12,,,,,,,,,,,,,,,,,,,,,,186776263
LHX,202058,Industrials,2026-04-03,10-Q,2026-04-30,,,652000000,589000000,77000000,512000000,2.72,-95000000,99000000,21000000,282000000,,238000000,296000000,590000000,,9191000000,,41380000000,19680000000,188100000,
LHX,202058,Industrials,2026-04-24,10-Q,2026-04-30,,,,,,,,,,,,,,,,,,,,,,186294951
LHX,202058,Industrials,2026-07-03,10-Q,2026-07-30,,,654000000,710000000,110000000,600000000,3.13,,,,288000000,,,,1521000000,,9184000000,,42938000000,19882000000,187300000,
LHX,202058,Industrials,2026-07-24,10-Q,2026-07-30,,,,,,,,,,,,,,,,,,,,,,186214616
LII,1069202,Industrials,2024-12-31,10-K (Q4 derived: FY − 9M YTD),2026-02-17,1345000000,460900000,250200000,244300000,42400000,201900000,5.640000000000001,332400000,60200000,8400000,25500000,5500000,41000000,40700000,415100000,1147600000,,314500000,3620000000,962100000,0,
LII,1069202,Industrials,2025-02-04,10-K,2025-02-11,,,,,,,,,,,,,,,,,,,,,,35579664
LII,1069202,Industrials,2025-03-31,10-Q,2026-04-29,1072600000,340900000,168000000,160800000,31200000,129600000,3.63,-35800000,25500000,6300000,25600000,6200000,40900000,85200000,217200000,1149400000,,,3455400000,973700000,35700000,
LII,1069202,Industrials,2025-04-14,10-Q,2025-04-23,,,,,,,,,,,,,,,,,,,,,,35484828
LII,1069202,Industrials,2025-06-30,10-K,2026-02-17,1500900000,517500000,349000000,340000000,66100000,273900000,7.71,,,,26800000,8300000,,,49200000,1181100000,,,3652700000,900500000,35500000,
LII,1069202,Industrials,2025-07-14,10-Q,2025-07-23,,,,,,,,,,,,,,,,,,,,,,35124281
LII,1069202,Industrials,2025-09-30,10-K,2026-02-17,1426800000,487200000,328800000,317400000,57500000,259900000,7.38,,,,27000000,10500000,,,52900000,1012100000,,,3524600000,1070100000,35200000,
LII,1069202,Industrials,2025-10-13,10-Q,2025-10-22,,,,,,,,,,,,,,,,,,,,,,35072782
LII,1069202,Industrials,2025-12-31,10-K,2026-02-17,1195000000,389300000,195800000,178700000,36200000,142500000,4.07,405900000,29200000,8300000,33100000,15900000,45600000,150500000,34200000,1388400000,,18300000,4081800000,1163100000,-100000,
LII,1069202,Industrials,2026-02-03,10-K,2026-02-17,,,,,,,,,,,,,,,,,,,,,,34802911
LII,1069202,Industrials,2026-03-31,10-Q,2026-04-29,1135100000,351300000,163500000,146900000,29700000,117200000,3.35,16100000,55500000,6300000,29200000,15200000,45200000,19500000,48200000,1523300000,,,4292700000,1213900000,35000000,
LII,1069202,Industrials,2026-04-22,10-Q,2026-04-29,,,,,,,,,,,,,,,,,,,,,,34799968
LIN,1707925,Materials,2024-03-31,10-Q,2025-05-01,8100000000,,2095000000,2080000000,463000000,1627000000,3.35,1954000000,1048000000,,,,669000000,1041000000,4848000000,16273000000,15227000000,1046000000,80347000000,38829000000,485592000,480676281
LIN,1707925,Materials,2024-06-30,10-Q,2025-08-01,8267000000,,2184000000,2163000000,508000000,1663000000,3.44,,,,,,,,4626000000,18192000000,16931000000,1261000000,80215000000,38179000000,483177000,477502737
LIN,1707925,Materials,2024-09-30,10-Q,2025-10-31,8356000000,,2086000000,2063000000,498000000,1550000000,3.22,,,,,,,,5187000000,18753000000,17475000000,1278000000,82546000000,39173000000,480898000,476157903
LIN,1707925,Materials,2024-12-31,10-K (Q4 derived: FY − 9M YTD),2026-02-25,8282000000,,2270000000,2263000000,533000000,1725000000,3.5999999999999996,2809000000,1250000000,,,,659000000,1334000000,4850000000,17400000000,15343000000,2057000000,80147000000,38092000000,-1094000,
LIN,1707925,Materials,2025-01-31,10-K,2025-02-26,,,,,,,,,,,,,,,,,,,,,,472911618
LIN,1707925,Materials,2025-03-31,10-Q,2026-05-01,8112000000,,2184000000,2180000000,511000000,1673000000,3.51,2161000000,1270000000,,,,708000000,1111000000,5294000000,19432000000,17608000000,1824000000,82704000000,38032000000,476262000,471294205
LIN,1707925,Materials,2025-06-30,10-Q,2026-07-31,8495000000,,2354000000,2346000000,573000000,1766000000,3.73,,,,,,,,4786000000,21041000000,19701000000,1340000000,86078000000,38515000000,473573000,468909532
LIN,1707925,Materials,2025-09-30,10-Q,2025-10-31,8615000000,,2367000000,2360000000,424000000,1929000000,4.09,,,,,,,,4509000000,20963000000,18592000000,2371000000,85993000000,38616000000,471509000,466948930
LIN,1707925,Materials,2025-12-31,10-K (Q4 derived: FY − 9M YTD),2026-02-25,8764000000,,2018000000,2011000000,481000000,1530000000,3.2699999999999996,3030000000,1458000000,,,,698000000,1390000000,5056000000,22479000000,20683000000,1796000000,86817000000,38245000000,-1305000,
LIN,1707925,Materials,2026-01-31,10-K,2026-02-25,,,,,,,,,,,,,,,,,,,,,,463394156
LIN,1707925,Materials,2026-03-31,10-Q,2026-05-01,8781000000,,2439000000,2431000000,571000000,1857000000,3.98,2240000000,1342000000,,,,741000000,807000000,3959000000,21495000000,19859000000,1636000000,86315000000,38566000000,466319000,462599539
LIN,1707925,Materials,2026-06-30,10-Q,2026-07-31,9289000000,,2554000000,2546000000,610000000,1928000000,4.15,,,,,,,,4898000000,23152000000,20678000000,2474000000,88349000000,39081000000,464523000,460980163
LITE,1633978,Information Technology,2025-03-29,10-Q,2026-05-06,,122500000,-37700000,,4900000,-44100000,-0.64,,,,25000000,,,,516400000,,2562400000,10300000,3975000000,879500000,69300000,
LITE,1633978,Information Technology,2025-04-29,10-Q,2025-05-07,,,,,,,,,,,,,,,,,,,,,,69400000
LITE,1633978,Information Technology,2025-06-28,10-K (Q4 derived: FY − 9M YTD),2026-08-17,,159900000,-8400000,,-224700000,213300000,3.0900000000000003,64000000,53900000,40000000,26400000,,,,520700000,,2562600000,10600000,4218700000,1134700000,800000,
LITE,1633978,Information Technology,2025-08-12,10-K,2025-08-19,,,,,,,,,,,,,,,,,,,,,,69900000
LITE,1633978,Information Technology,2025-09-27,10-Q,2025-11-05,,181500000,6700000,,1000000,4200000,0.05,57900000,76200000,42400000,27800000,,,,772900000,,2164500000,1079000000,4613100000,780800000,78300000,
LITE,1633978,Information Technology,2025-10-28,10-Q,2025-11-05,,,,,,,,,,,,,,,,,,,,,,70900000
LITE,1633978,Information Technology,2025-12-27,10-Q,2026-02-04,,240100000,64300000,,18300000,78200000,0.89,,,,30600000,,,,657700000,,47100000,3240200000,4805300000,846600000,87800000,
LITE,1633978,Information Technology,2026-01-27,10-Q,2026-02-04,,,,,,,,,,,,,,,,,,,,,,71400000
LITE,1633978,Information Technology,2026-03-28,10-Q,2026-05-06,,357000000,174500000,,39600000,144200000,1.5,,,,32800000,,,,2617800000,,43200000,3238600000,7027900000,2973400000,96200000,
LITE,1633978,Information Technology,2026-04-30,10-Q,2026-05-06,,,,,,,,,,,,,,,,,,,,,,77800000
LITE,1633978,Information Technology,2026-06-27,10-K (Q4 derived: FY − 9M YTD),2026-08-17,,477300000,279300000,,-296600000,-7161700000,-95.55,363000000,166800000,40800000,37600000,,,,2043500000,,40500000,1596900000,7307500000,4643900000,-12800000,
LITE,1633978,Information Technology,2026-08-14,10-K,2026-08-17,,,,,,,,,,,,,,,,,,,,,,89700000
LLY,59478,Health Care,2025-03-31,10-Q,2026-04-30,12729000000,,,3456000000,697000000,2759000000,3.06,1666000000,,154000000,463000000,,1346000000,1200000000,3093300000,,34499500000,,89388800000,15764800000,900600000,
LLY,59478,Health Care,2025-04-28,10-Q,2025-05-01,,,,,,,,,,,,,,,,,,,,,,947735651
LLY,59478,Health Care,2025-06-30,10-Q,2026-08-05,15558000000,,,6777000000,1116000000,5661000000,6.29,,,,,,,,3375900000,,34180100000,,100922600000,18272900000,899800000,
LLY,59478,Health Care,2025-08-04,10-Q,2025-08-07,,,,,,,,,,,,,,,,,,,,,,946456759
LLY,59478,Health Care,2025-09-30,10-Q,2025-10-30,17600800000,,,7232400000,1649900000,5582500000,6.21,,,,,,,,9791900000,,40873600000,,114935400000,23793300000,898800000,
LLY,59478,Health Care,2025-10-27,10-Q,2025-10-30,,,,,,,,,,,,,,,,,,,,,,945383757
LLY,59478,Health Care,2025-12-31,10-K (Q4 derived: FY − 9M YTD),2026-02-12,19292000000,,,8266200000,1628500000,6637700000,7.389999999999999,3224600000,,136100000,585700000,,1345500000,1507700000,7268000000,,40868000000,,112476000000,26535000000,-400000,
LLY,59478,Health Care,2026-02-09,10-K,2026-02-12,,,,,,,,,,,,,,,,,,,,,,943357420
LLY,59478,Health Care,2026-03-31,10-Q,2026-04-30,19799000000,,,8850000000,1454000000,7396000000,8.26,5333000000,,161000000,509000000,,1548000000,2356000000,5282000000,,39370000000,,116576000000,31198000000,895900000,
LLY,59478,Health Care,2026-04-27,10-Q,2026-04-30,,,,,,,,,,,,,,,,,,,,,,941741406
LLY,59478,Health Care,2026-06-30,10-Q,2026-08-05,22974000000,,,9247000000,2152000000,7095000000,7.94,,,,,,,,8950000000,,47858000000,,142283000000,33879000000,893700000,
LLY,59478,Health Care,2026-08-03,10-Q,2026-08-05,,,,,,,,,,,,,,,,,,,,,,941357065
LMT,936468,Industrials,2025-03-30,10-Q,2026-04-23,17963000000,2323000000,2372000000,2036000000,324000000,1712000000,7.28,1409000000,,60000000,,,796000000,750000000,1803000000,,18661000000,1643000000,56669000000,6683000000,235300000,
LMT,936468,Industrials,2025-04-17,10-Q,2025-04-22,,,,,,,,,,,,,,,,,,,,,,234295953
LMT,936468,Industrials,2025-06-29,10-Q,2026-07-23,18155000000,734000000,748000000,417000000,75000000,342000000,1.46,,,,,,,,1293000000,,18520000000,3118000000,58870000000,5334000000,234300000,
LMT,936468,Industrials,2025-07-17,10-Q,2025-07-22,,,,,,,,,,,,,,,,,,,,,,233465056
LMT,936468,Industrials,2025-09-28,10-Q,2025-10-21,18609000000,2240000000,2280000000,1938000000,319000000,1619000000,6.95,,,,,,,,3470000000,,20520000000,1669000000,60276000000,6181000000,232800000,
LMT,936468,Industrials,2025-10-16,10-Q,2025-10-21,,,,,,,,,,,,,,,,,,,,,,231397796
LMT,936468,Industrials,2025-12-31,10-K (Q4 derived: FY − 9M YTD),2026-01-29,20321000000,2322000000,2331000000,1531000000,187000000,1344000000,5.799999999999999,3219000000,,89000000,,,799000000,750000000,4121000000,21700000000,20532000000,1168000000,59840000000,6721000000,-600000,
LMT,936468,Industrials,2026-01-26,10-K,2026-01-29,,,,,,,,,,,,,,,,,,,,,,230080240
LMT,936468,Industrials,2026-03-29,10-Q,2026-04-23,18021000000,2078000000,2063000000,1774000000,286000000,1488000000,6.44,220000000,,83000000,,,816000000,0,1894000000,,20529000000,168000000,59238000000,7489000000,231100000,
LMT,936468,Industrials,2026-04-20,10-Q,2026-04-23,,,,,,,,,,,,,,,,,,,,,,230563608
LMT,936468,Industrials,2026-06-28,10-Q,2026-07-23,20063000000,2446000000,2479000000,2178000000,342000000,1836000000,7.94,,,,,,,,3791000000,,20538000000,0,62450000000,8768000000,231100000,
LMT,936468,Industrials,2026-07-20,10-Q,2026-07-23,,,,,,,,,,,,,,,,,,,,,,230790753
LNT,352541,Utilities,2024-01-31,10-K,2024-02-16,,,,,,,,,,,,,,,,,,,,,,256100293
LNT,352541,Utilities,2024-03-31,10-Q,2025-05-09,1031000000,,222000000,148000000,-10000000,158000000,0.62,307000000,478000000,4000000,189000000,107000000,123000000,,32000000,,8524000000,809000000,21248000000,6817000000,256500000,256379032
LNT,352541,Utilities,2024-06-30,10-Q,2025-08-08,894000000,,130000000,54000000,-33000000,,0.34,,,3000000,188000000,108000000,,,92000000,,8900000000,804000000,21836000000,6791000000,256700000,256499575
LNT,352541,Utilities,2024-09-30,10-Q,2025-11-07,1081000000,,313000000,233000000,-62000000,,1.15,,,3000000,195000000,114000000,,,827000000,,9245000000,1104000000,22829000000,6968000000,256900000,256599202
LNT,352541,Utilities,2024-12-31,10-K (Q4 derived: FY − 9M YTD),2026-02-20,976000000,,221000000,140000000,-10000000,150000000,0.5899999999999999,254000000,,2000000,201000000,120000000,123000000,,81000000,,8677000000,1171000000,22714000000,7004000000,100000,
LNT,352541,Utilities,2025-01-31,10-K,2025-02-21,,,,,,,,,,,,,,,,,,,,,,256692381
LNT,352541,Utilities,2025-03-31,10-Q,2026-05-01,1128000000,,257000000,166000000,-47000000,213000000,0.83,249000000,554000000,4000000,211000000,119000000,130000000,,25000000,,8580000000,1371000000,22851000000,7093000000,257200000,256876299
LNT,352541,Utilities,2025-06-30,10-Q,2025-08-08,961000000,,223000000,131000000,-43000000,,0.68,,,3000000,208000000,124000000,,,329000000,,9642000000,1373000000,23750000000,7145000000,257300000,256969227
LNT,352541,Utilities,2025-09-30,10-Q,2025-11-07,1210000000,,349000000,263000000,-18000000,,1.09,,,6000000,211000000,128000000,,,503000000,,10655000000,1074000000,24627000000,7307000000,257800000,257053689
LNT,352541,Utilities,2025-12-31,10-K (Q4 derived: FY − 9M YTD),2026-02-20,1064000000,,197000000,102000000,-40000000,142000000,0.5500000000000003,269000000,,9000000,215000000,140000000,130000000,,556000000,,10954000000,1074000000,24991000000,7334000000,300000,
LNT,352541,Utilities,2026-01-31,10-K,2026-02-20,,,,,,,,,,,,,,,,,,,,,,257140829
LNT,352541,Utilities,2026-03-31,10-Q,2026-05-01,1184000000,,249000000,163000000,-61000000,224000000,0.87,368000000,342000000,6000000,223000000,142000000,137000000,,115000000,,11007000000,0,24813000000,7422000000,258800000,258277037
LOW,60667,Consumer Discretionary,2025-05-02,10-Q,2026-05-28,20930000000,6986000000,2494000000,2157000000,516000000,1641000000,2.92,3379000000,518000000,58000000,507000000,,645000000,112000000,3054000000,,,,45372000000,-13254000000,560000000,
LOW,60667,Consumer Discretionary,2025-05-27,10-Q,2025-05-29,,,,,,,,,,,,,,,,,,,,,,560437659
LOW,60667,Consumer Discretionary,2025-08-01,10-Q,2026-08-27,23959000000,8101000000,3469000000,3156000000,758000000,2398000000,4.27,,,,,,,,4860000000,,,,46614000000,-11400000000,560000000,
LOW,60667,Consumer Discretionary,2025-08-26,10-Q,2025-08-28,,,,,,,,,,,,,,,,,,,,,,560824905
LOW,60667,Consumer Discretionary,2025-10-31,10-Q,2025-11-26,20813000000,7116000000,2481000000,2129000000,513000000,1616000000,2.88,,,,,,,,621000000,,,,53453000000,-10382000000,560000000,
LOW,60667,Consumer Discretionary,2025-11-24,10-Q,2025-11-26,,,,,,,,,,,,,,,,,,,,,,560951457
LOW,60667,Consumer Discretionary,2026-01-30,10-K (Q4 derived: FY − 9M YTD),2026-03-23,20585000000,6681000000,1708000000,1304000000,304000000,1000000000,1.7799999999999994,1567000000,603000000,70000000,637000000,,673000000,0,982000000,39819000000,,,54144000000,-9917000000,0,
LOW,60667,Consumer Discretionary,2026-03-19,10-K,2026-03-23,,,,,,,,,,,,,,,,,,,,,,560063429
LOW,60667,Consumer Discretionary,2026-05-01,10-Q,2026-05-28,23078000000,7543000000,2554000000,2155000000,527000000,1628000000,2.9,3350000000,521000000,65000000,644000000,,674000000,363000000,786000000,,,,54941000000,-9270000000,560000000,
LOW,60667,Consumer Discretionary,2026-05-26,10-Q,2026-05-28,,,,,,,,,,,,,,,,,,,,,,560707041
LOW,60667,Consumer Discretionary,2026-07-31,10-Q,2026-08-27,25956000000,8577000000,3549000000,3175000000,776000000,2399000000,4.27,,,,,,,,3172000000,,,,55881000000,-7437000000,560000000,
LOW,60667,Consumer Discretionary,2026-08-25,10-Q,2026-08-27,,,,,,,,,,,,,,,,,,,,,,561054019
LRCX,707549,Information Technology,2025-03-30,10-Q,2026-04-23,,2313686000,1561759000,1536724000,206057000,1330667000,1.03,,,87115000,,,,,5450718000,,,,19968310000,9511105000,1288100000,
LRCX,707549,Information Technology,2025-04-23,10-Q,2025-04-25,,,,,,,,,,,,,,,,,,,,,,1279118000
LRCX,707549,Information Technology,2025-06-29,10-K (Q4 derived: FY − 9M YTD),2026-08-07,,2589709000,1741128000,1778981000,58893000,1720088000,1.3400000000000003,2554188000,172191000,94286000,98439000,,295207000,1292277000,6390659000,4469364000,3719694000,749670000,21345260000,9861619000,-4403000,
LRCX,707549,Information Technology,2025-08-07,10-K,2025-08-11,,,,,,,,,,,,,,,,,,,,,,1265621000
LRCX,707549,Information Technology,2025-09-28,10-Q,2025-10-24,,2684879000,1829088000,1859162000,290502000,1568660000,1.24,1778964000,185121000,97241000,101644000,,291981000,975791000,6693046000,,,,21900211000,10192752000,1269313000,
LRCX,707549,Information Technology,2025-10-22,10-Q,2025-10-24,,,,,,,,,,,,,,,,,,,,,,1256030000
LRCX,707549,Information Technology,2025-12-28,10-Q,2026-01-29,,2651162000,1810203000,1836613000,242619000,1593994000,1.26,,,88539000,,,,,6180440000,,,,21391171000,10145426000,1261739000,
LRCX,707549,Information Technology,2026-01-27,10-Q,2026-01-29,,,,,,,,,,,,,,,,,,,,,,1248771000
LRCX,707549,Information Technology,2026-03-29,10-Q,2026-04-23,,2910527000,2047016000,2011556000,186096000,1825460000,1.45,,,96616000,,,,,4750936000,,,,20791910000,10584779000,1257325000,
LRCX,707549,Information Technology,2026-04-21,10-Q,2026-04-23,,,,,,,,,,,,,,,,,,,,,,1250571000
LRCX,707549,Information Technology,2026-06-28,10-K (Q4 derived: FY − 9M YTD),2026-08-07,,3478740000,2513488000,2555142000,277860000,2277282000,1.8099999999999996,1457228000,188801000,103985000,119642000,,325318000,246560000,5579171000,3722061000,3721914000,147000,23529743000,12470921000,-1690000,
LRCX,707549,Information Technology,2026-08-04,10-K,2026-08-07,,,,,,,,,,,,,,,,,,,,,,1251321000
LULU,1397187,Consumer Discretionary,2025-05-04,10-Q,2026-06-04,2370660000,1383126000,438625000,450411000,135839000,314572000,2.6,-118954000,152263000,23091000,114529000,,,434439000,,,,,7430543000,4289570000,120843000,
LULU,1397187,Consumer Discretionary,2025-05-30,10-Q,2025-06-05,,,,,,,,,,,,,,,,,,,,,,114729430
LULU,1397187,Consumer Discretionary,2025-08-03,10-Q,2026-09-03,2525219000,1477202000,523814000,533551000,162646000,370905000,3.1,,,,119715000,,,,,,,,7523439000,4387279000,119680000,
LULU,1397187,Consumer Discretionary,2025-08-29,10-Q,2025-09-04,,,,,,,,,,,,,,,,,,,,,,113468082
LULU,1397187,Consumer Discretionary,2025-11-02,10-Q,2025-12-11,2565920000,1425916000,435886000,441740000,134905000,306835000,2.59,,,,127459000,,,,,,,,7955192000,4502023000,118552000,
LULU,1397187,Consumer Discretionary,2025-12-05,10-Q,2025-12-11,,,,,,,,,,,,,,,,,,,,,,112190041
LULU,1397187,Consumer Discretionary,2026-02-01,10-K (Q4 derived: FY − 9M YTD),2026-03-17,3640801000,1997888000,812290000,813265000,226394000,586871000,4.970000000000001,1142871000,183200000,24398000,134525000,,,271769000,,,,,8456743000,4961840000,-624000,
LULU,1397187,Consumer Discretionary,2026-03-11,10-K,2026-03-17,,,,,,,,,,,,,,,,,,,,,,110482671
LULU,1397187,Consumer Discretionary,2026-05-03,10-Q,2026-06-04,2471603000,1338818000,276946000,286077000,91029000,195048000,1.69,214440000,127380000,29186000,135335000,,,361756000,,,,,8531441000,4825601000,115482000,
LULU,1397187,Consumer Discretionary,2026-05-29,10-Q,2026-06-04,,,,,,,,,,,,,,,,,,,,,,108437957
LULU,1397187,Consumer Discretionary,2026-08-02,10-Q,2026-09-03,2415631000,1461878000,453653000,467351000,138128000,329223000,2.92,,,,142332000,,,,,,,,8484578000,4791174000,112919000,
LULU,1397187,Consumer Discretionary,2026-08-28,10-Q,2026-09-03,,,,,,,,,,,,,,,,,,,,,,105594064
LUV,92380,Industrials,2025-03-31,10-Q,2026-04-23,,,-223000000,-192000000,-43000000,-149000000,-0.26,860000000,,,396000000,,,750000000,8134000000,,,,33212000000,9365000000,584000000,
LUV,92380,Industrials,2025-04-23,10-Q,2025-04-25,,,,,,,,,,,,,,,,,,,,,,569865799
LUV,92380,Industrials,2025-06-30,10-Q,2026-07-23,,,225000000,280000000,67000000,213000000,0.39,401000000,,,400000000,,,1500000000,3475000000,,,,28712000000,8000000000,541000000,
LUV,92380,Industrials,2025-07-23,10-Q,2025-07-24,,,,,,,,,,,,,,,,,,,,,,525187709
LUV,92380,Industrials,2025-09-30,10-Q,2025-10-23,,,35000000,68000000,14000000,54000000,0.1,287000000,,,394000000,,,250000000,2902000000,,,,28312000000,7776000000,526000000,
LUV,92380,Industrials,2025-10-22,10-Q,2025-10-23,,,,,,,,,,,,,,,,,,,,,,517155080
LUV,92380,Industrials,2025-12-31,10-K (Q4 derived: FY − 9M YTD),2026-02-05,,,391000000,408000000,85000000,323000000,0.5800000000000001,295000000,,,371000000,,,50000000,3231000000,4929000000,,,29061000000,7981000000,7000000,
LUV,92380,Industrials,2026-02-03,10-K/A,2026-02-06,,,,,,,,,,,,,,,,,,,,,,491317990
LUV,92380,Industrials,2026-03-31,10-Q,2026-04-23,,,330000000,285000000,58000000,227000000,0.45,1418000000,,,398000000,,,1250000000,3328000000,,,,29355000000,6875000000,503000000,
LUV,92380,Industrials,2026-04-22,10-Q,2026-04-23,,,,,,,,,,,,,,,,,,,,,,488773713
LUV,92380,Industrials,2026-06-30,10-Q,2026-07-23,,,285000000,306000000,73000000,233000000,0.47,530000000,,,402000000,,,0,3791000000,,,,30122000000,7082000000,493000000,
LUV,92380,Industrials,2026-07-22,10-Q,2026-07-23,,,,,,,,,,,,,,,,,,,,,,489208201
LVS,1300514,Consumer Discretionary,2025-03-31,10-Q,2026-04-24,2862000000,,609000000,471000000,63000000,352000000,0.49,526000000,379000000,11000000,362000000,174000000,179000000,416000000,3036000000,,,2994000000,21247000000,2699000000,713000000,
LVS,1300514,Consumer Discretionary,2025-04-23,10-Q,2025-04-25,,,,,,,,,,,,,,,,,,,,,,706627556
LVS,1300514,Consumer Discretionary,2025-06-30,10-Q,2026-07-24,3175000000,,783000000,609000000,90000000,461000000,0.66,,,,371000000,194000000,,,3450000000,,,923000000,21850000000,1991000000,696000000,
LVS,1300514,Consumer Discretionary,2025-07-23,10-Q,2025-07-25,,,,,,,,,,,,,,,,,,,,,,686453606
LVS,1300514,Consumer Discretionary,2025-09-30,10-K,2026-02-06,3331000000,,719000000,582000000,91000000,419000000,0.61,,,,368000000,187000000,,,3353000000,,,1920000000,21502000000,1571000000,685000000,
LVS,1300514,Consumer Discretionary,2025-10-22,10-Q,2025-10-24,,,,,,,,,,,,,,,,,,,,,,676134487
LVS,1300514,Consumer Discretionary,2025-12-31,10-K,2026-02-06,3649000000,,707000000,551000000,103000000,395000000,0.58,1204000000,274000000,15000000,363000000,191000000,,501000000,3841000000,,,1128000000,21920000000,1590000000,-5000000,
LVS,1300514,Consumer Discretionary,2026-02-04,10-K,2026-02-06,,,,,,,,,,,,,,,,,,,,,,671910723
LVS,1300514,Consumer Discretionary,2026-03-31,10-Q,2026-04-24,3585000000,,904000000,748000000,107000000,567000000,0.85,731000000,194000000,24000000,357000000,188000000,,753000000,3330000000,,,1824000000,21176000000,1198000000,671000000,
LVS,1300514,Consumer Discretionary,2026-04-22,10-Q,2026-04-24,,,,,,,,,,,,,,,,,,,,,,662637325
LVS,1300514,Consumer Discretionary,2026-06-30,10-Q,2026-07-24,3154000000,,618000000,461000000,88000000,346000000,0.53,,,,350000000,189000000,,,3376000000,,,1568000000,19909000000,581000000,656000000,
LVS,1300514,Consumer Discretionary,2026-07-22,10-Q,2026-07-24,,,,,,,,,,,,,,,,,,,,,,647701184
LYB,1489393,Materials,2025-03-31,10-Q,2026-05-01,7677000000,,114000000,59000000,36000000,,0.54,-579000000,483000000,35000000,323000000,,433000000,110000000,1867000000,,,,35189000000,12209000000,,
LYB,1489393,Materials,2025-04-23,10-Q,2025-04-25,,,,,,,,,,,,,,,,,,,,,,321400014
LYB,1489393,Materials,2025-06-30,10-Q,2026-07-31,7658000000,,285000000,224000000,69000000,,0.34,,,,,,,,1700000000,,,,35352000000,11909000000,,
LYB,1489393,Materials,2025-07-30,10-Q,2025-08-01,,,,,,,,,,,,,,,,,,,,,,321648429
LYB,1489393,Materials,2025-09-30,10-Q,2025-10-31,7727000000,,-731000000,-856000000,-27000000,,-2.77,,,,,,,,1784000000,,,,33787000000,10599000000,,
LYB,1489393,Materials,2025-10-29,10-Q,2025-10-31,,,,,,,,,,,,,,,,,,,,,,321872964
LYB,1489393,Materials,2025-12-31,10-K (Q4 derived: FY − 9M YTD),2026-02-20,7091000000,,-88000000,-142000000,-8000000,,-0.44999999999999996,1507000000,450000000,21000000,385000000,,443000000,0,3443000000,,,,34003000000,10082000000,,
LYB,1489393,Materials,2026-02-18,10-K,2026-02-20,,,,,,,,,,,,,,,,,,,,,,322169978
LYB,1489393,Materials,2026-03-31,10-Q,2026-05-01,7197000000,,239000000,137000000,-2000000,,0.38,-269000000,269000000,47000000,342000000,,224000000,0,2635000000,,,,33958000000,10040000000,,
LYB,1489393,Materials,2026-04-29,10-Q,2026-05-01,,,,,,,,,,,,,,,,,,,,,,322784773
LYB,1489393,Materials,2026-06-30,10-Q,2026-07-31,9177000000,,1543000000,808000000,236000000,,1.71,,,,,,,,2630000000,,,,34482000000,10671000000,,
LYB,1489393,Materials,2026-07-29,10-Q,2026-07-31,,,,,,,,,,,,,,,,,,,,,,323037952
LYV,1335258,Communication Services,2025-03-31,10-Q,2026-05-05,3382117000,,114769000,66013000,19711000,23203000,-0.32,1321251000,170791000,24550000,149455000,80343000,,,7158680000,,,479897000,21827118000,105995000,231220841,
LYV,1335258,Communication Services,2025-04-24,10-Q,2025-05-01,,,,,,,,,,,,,,,,,,,,,,234089506
LYV,1335258,Communication Services,2025-06-30,10-Q,2026-07-30,7006641000,,486653000,420386000,117645000,243411000,0.41,,,61547000,159025000,72048000,,,7056975000,,,1485353000,23150333000,360070000,234417428,
LYV,1335258,Communication Services,2025-07-31,10-Q,2025-08-07,,,,,,,,,,,,,,,,,,,,,,234472727
LYV,1335258,Communication Services,2025-09-30,10-Q,2025-11-04,8499143000,,792451000,729818000,251840000,431458000,0.73,,,40815000,165600000,80291000,,,6750548000,,,1250813000,22887819000,521340000,234752332,
LYV,1335258,Communication Services,2025-10-28,10-Q,2025-11-04,,,,,,,,,,,,,,,,,,,,,,234741245
LYV,1335258,Communication Services,2025-12-31,10-K (Q4 derived: FY − 9M YTD),2026-02-19,6313505000,,-142656000,-185690000,-49409000,-202100000,-1.06,-53730000,351908000,28307000,164792000,83351000,,,7094200000,,,587630000,22912533000,271007000,-2881505,
LYV,1335258,Communication Services,2026-02-12,10-K,2026-02-19,,,,,,,,,,,,,,,,,,,,,,234801922
LYV,1335258,Communication Services,2026-03-31,10-Q,2026-05-05,3793029000,,-370516000,-412103000,-32085000,-389104000,-1.85,2338835000,308978000,32777000,169296000,90522000,,,9077847000,,,1800776000,26068092000,-139404000,232400991,
LYV,1335258,Communication Services,2026-04-28,10-Q,2026-05-05,,,,,,,,,,,,,,,,,,,,,,235547065
LYV,1335258,Communication Services,2026-06-30,10-Q,2026-07-30,7666858000,,521917000,518601000,115717000,294446000,1.05,,,62031000,188459000,97230000,,,9071949000,,,2968381000,28180826000,82330000,244036331,
LYV,1335258,Communication Services,2026-07-23,10-Q,2026-07-30,,,,,,,,,,,,,,,,,,,,,,235633860
MA,1141391,Financials,2023-09-30,10-Q,2024-10-31,6533000000,,3844000000,,563000000,,3.39,,,,211000000,151000000,,,6890000000,,14229000000,1337000000,39674000000,6311000000,943000000,
MA,1141391,Financials,2023-12-31,10-K (Q4 derived: FY − 9M YTD),2026-02-11,6548000000,,3372000000,,530000000,,2.9800000000000004,4130000000,77000000,86000000,205000000,148000000,534000000,1832000000,8588000000,,14344000000,1337000000,42448000000,6929000000,-3000000,
MA,1141391,Financials,2024-03-31,10-Q,2025-05-01,6348000000,,3604000000,3558000000,547000000,,3.22,1672000000,157000000,108000000,216000000,150000000,616000000,1992000000,7293000000,,13543000000,2086000000,42602000000,7243000000,935000000,
MA,1141391,Financials,2024-06-30,10-Q,2025-07-31,6961000000,,4036000000,3939000000,681000000,,3.5,,,,225000000,153000000,,,6996000000,,14519000000,1086000000,42333000000,7421000000,930000000,
MA,1141391,Financials,2024-09-30,10-Q,2025-10-30,7369000000,,4004000000,3866000000,603000000,,3.53,,,,225000000,159000000,,,11063000000,,17608000000,750000000,47237000000,7440000000,925000000,
MA,1141391,Financials,2024-12-31,10-K (Q4 derived: FY − 9M YTD),2026-02-11,7489000000,,3938000000,3891000000,549000000,,3.6400000000000006,4834000000,95000000,108000000,231000000,,606000000,3389000000,8442000000,,17476000000,750000000,48081000000,6485000000,-3000000,
MA,1141391,Financials,2025-03-31,10-Q,2026-04-30,7250000000,,4149000000,4031000000,751000000,,3.59,2380000000,159000000,129000000,275000000,,694000000,2549000000,7575000000,,18802000000,0,48470000000,6671000000,914000000,
MA,1141391,Financials,2025-06-30,10-Q,2026-07-30,8133000000,,4777000000,4672000000,971000000,,4.07,,,,281000000,,,,9031000000,,18970000000,0,51431000000,7853000000,909000000,
MA,1141391,Financials,2025-09-30,10-Q,2025-10-30,8602000000,,5061000000,4999000000,1072000000,,4.34,,,,290000000,,,,10313000000,,18983000000,0,53289000000,7904000000,905000000,
MA,1141391,Financials,2025-12-31,10-K (Q4 derived: FY − 9M YTD),2026-02-11,8806000000,,4910000000,4876000000,816000000,,4.52,5002000000,112000000,112000000,297000000,,684000000,3558000000,10566000000,,18251000000,749000000,54157000000,7737000000,-3000000,
MA,1141391,Financials,2026-03-31,10-Q,2026-04-30,8398000000,,4907000000,4812000000,930000000,,4.35,2999000000,154000000,136000000,299000000,,777000000,4035000000,7906000000,,17212000000,1748000000,52449000000,6719000000,893000000,
MA,1141391,Financials,2026-06-30,10-Q,2026-07-30,9277000000,,5587000000,5486000000,1098000000,,4.97,,,,309000000,,,,11291000000,,22184000000,2459000000,57691000000,5611000000,883000000,
MAA,912595,Real Estate,2024-12-31,10-K (Q4 derived: FY − 9M YTD),2026-02-06,549832000,,,172283000,1755000,166646000,1.4200000000000004,239127000,86516000,3393000,151060000,44192000,171815000,,43018000,,,,11812369000,5942131000,18000,
MAA,912595,Real Estate,2025-02-04,10-K,2025-02-07,,,,,,,,,,,,,,,,,,,,,,116901778
MAA,912595,Real Estate,2025-03-31,10-Q,2026-04-30,549295000,,,186979000,1038000,181673000,1.54,196618000,72636000,5261000,152520000,45161000,177107000,0,55776000,,,,11811957000,5949708000,117092000,
MAA,912595,Real Estate,2025-04-28,10-Q,2025-05-01,,,,,,,,,,,,,,,,,,,,,,117057714
MAA,912595,Real Estate,2025-06-30,10-Q,2025-07-31,549902000,,,110945000,600000,108127000,0.92,,,,,45111000,,,54482000,,,,11835597000,5891354000,117163000,
MAA,912595,Real Estate,2025-07-28,10-Q,2025-07-31,,,,,,,,,,,,,,,,,,,,,,117071138
MAA,912595,Real Estate,2025-09-30,10-Q,2025-10-30,554373000,,,103421000,1766000,99538000,0.84,,,,,46277000,,,32249000,,,,11926585000,5818270000,117155000,
MAA,912595,Real Estate,2025-10-27,10-Q,2025-10-30,,,,,,,,,,,,,,,,,,,,,,117081742
MAA,912595,Real Estate,2025-12-31,10-K (Q4 derived: FY − 9M YTD),2026-02-06,555556000,,,57741000,1191000,57571000,0.48,261672000,103075000,4696000,159942000,48708000,177379000,,60258000,,,,11975383000,5662851000,-12000,
MAA,912595,Real Estate,2026-02-03,10-K,2026-02-06,,,,,,,,,,,,,,,,,,,,,,116901020
MAA,912595,Real Estate,2026-03-31,10-Q,2026-04-30,553725000,,,131866000,5521000,124359000,1.06,149644000,58369000,5822000,162040000,51409000,178854000,72780000,71529000,,,,11994502000,5540638000,116740000,
MAA,912595,Real Estate,2026-04-27,10-Q,2026-04-30,,,,,,,,,,,,,,,,,,,,,,116384802
MAR,1048286,Consumer Discretionary,2025-03-31,10-Q,2026-05-06,6263000000,,948000000,764000000,99000000,665000000,2.39,647000000,135000000,52000000,,,174000000,751000000,523000000,23000000,,,26651000000,-3168000000,277700000,
MAR,1048286,Consumer Discretionary,2025-04-28,10-Q,2025-05-06,,,,,,,,,,,,,,,,,,,,,,273896119
MAR,1048286,Consumer Discretionary,2025-06-30,10-Q,2026-08-03,6744000000,,1236000000,1054000000,291000000,763000000,2.78,,,,,,,,671000000,23000000,,,27342000000,-2964000000,274700000,
MAR,1048286,Consumer Discretionary,2025-07-28,10-Q,2025-08-05,,,,,,,,,,,,,,,,,,,,,,271457839
MAR,1048286,Consumer Discretionary,2025-09-30,10-Q,2025-11-04,6489000000,,1180000000,994000000,266000000,728000000,2.67,,,,,,,,678000000,23000000,,,27833000000,-3119000000,272500000,
MAR,1048286,Consumer Discretionary,2025-10-27,10-Q,2025-11-04,,,,,,,,,,,,,,,,,,,,,,268351795
MAR,1048286,Consumer Discretionary,2025-12-31,10-K (Q4 derived: FY − 9M YTD),2026-02-10,6690000000,,777000000,582000000,137000000,445000000,1.67,829000000,,65000000,,,179000000,1000000000,358000000,23000000,,,27540000000,-3771000000,-1400000,
MAR,1048286,Consumer Discretionary,2026-01-31,10-K,2026-02-10,,,,,,,,,,,,,,,,,,,,,,264984554
MAR,1048286,Consumer Discretionary,2026-03-31,10-Q,2026-05-06,6654000000,,1064000000,858000000,210000000,648000000,2.43,858000000,130000000,57000000,,,178000000,700000000,454000000,23000000,,,27857000000,-4092000000,266800000,
MAR,1048286,Consumer Discretionary,2026-04-29,10-Q,2026-05-06,,,,,,,,,,,,,,,,,,,,,,263688623
MAR,1048286,Consumer Discretionary,2026-06-30,10-Q,2026-08-03,7071000000,,1229000000,1044000000,278000000,766000000,2.9,,,,,,,,462000000,23000000,,,28085000000,-4525000000,264500000,
MAR,1048286,Consumer Discretionary,2026-07-27,10-Q,2026-08-03,,,,,,,,,,,,,,,,,,,,,,260766288
MAS,62996,Industrials,2024-01-31,10-K,2024-02-08,,,,,,,,,,,,,,,,,,,,,,219764935
MAS,62996,Industrials,2024-03-31,10-Q,2025-04-23,1926000000,685000000,318000000,289000000,60000000,215000000,0.97,-94000000,,,38000000,25000000,64000000,145000000,368000000,,2945000000,,5336000000,-75000000,221000000,220244380
MAS,62996,Industrials,2024-06-30,10-Q,2025-07-31,2091000000,785000000,397000000,366000000,94000000,258000000,1.17,,,,38000000,,,,398000000,,2945000000,,5365000000,-26000000,220000000,218248839
MAS,62996,Industrials,2024-09-30,10-Q,2025-10-29,1983000000,725000000,357000000,248000000,68000000,167000000,0.77,,,,38000000,,,,646000000,,2945000000,,5296000000,-88000000,218000000,215748893
MAS,62996,Industrials,2024-12-31,10-K (Q4 derived: FY − 9M YTD),2026-02-10,1828000000,636000000,290000000,258000000,65000000,182000000,0.8499999999999996,407000000,,,37000000,,63000000,269000000,634000000,2948000000,2945000000,,5016000000,-279000000,-1000000,
MAS,62996,Industrials,2025-01-31,10-K,2025-02-11,,,,,,,,,,,,,,,,,,,,,,211983493
MAS,62996,Industrials,2025-03-31,10-Q,2026-04-22,1801000000,644000000,286000000,254000000,56000000,186000000,0.87,-158000000,,,35000000,,66000000,130000000,377000000,,2945000000,,5107000000,-254000000,213000000,210942022
MAS,62996,Industrials,2025-06-30,10-Q,2025-07-31,2051000000,772000000,412000000,378000000,95000000,270000000,1.28,,,,36000000,,,,390000000,,2945000000,,5288000000,-84000000,211000000,209363636
MAS,62996,Industrials,2025-09-30,10-Q,2025-10-29,1917000000,656000000,303000000,276000000,76000000,189000000,0.9,,,,38000000,,,,559000000,,2945000000,,5311000000,-78000000,209000000,207695621
MAS,62996,Industrials,2025-12-31,10-K (Q4 derived: FY − 9M YTD),2026-02-10,1793000000,606000000,247000000,227000000,51000000,165000000,0.7999999999999998,418000000,,,39000000,,64000000,217000000,647000000,2947000000,2945000000,,5201000000,-185000000,-1000000,
MAS,62996,Industrials,2026-01-31,10-K,2026-02-10,,,,,,,,,,,,,,,,,,,,,,203607085
MAS,62996,Industrials,2026-03-31,10-Q,2026-04-22,1918000000,686000000,316000000,291000000,63000000,213000000,1.05,-79000000,,,38000000,,65000000,202000000,388000000,,2945000000,,5233000000,-242000000,204000000,201734437
MCD,63908,Consumer Discretionary,2024-03-31,10-Q,2025-05-12,6169000000,,2736000000,,479000000,1929000000,2.66,2390000000,547000000,50000000,99000000,372000000,1206000000,918000000,838000000,,36764000000,,53513000000,-4833000000,725.9,720681656
MCD,63908,Consumer Discretionary,2024-06-30,10-Q,2025-08-06,6490000000,,2920000000,,533000000,2022000000,2.8,1689000000,628000000,38000000,101000000,373000000,1199000000,934000000,792000000,,38524000000,,53801000000,-4824000000,722,717343247
MCD,63908,Consumer Discretionary,2024-09-30,10-Q,2025-11-05,6873000000,,3188000000,,588000000,2255000000,3.13,2736000000,794000000,40000000,111000000,381000000,1197000000,469000000,1221000000,,38990000000,,56172000000,-5177000000,720,716619686
MCD,63908,Consumer Discretionary,2024-12-31,10-K (Q4 derived: FY − 9M YTD),2026-02-24,6388000000,,2868000000,,521000000,2016000000,2.8000000000000007,2631000000,807000000,44000000,136000000,380000000,1268000000,503000000,1085000000,38424000000,38424000000,,55182000000,-3797000000,-0.8000000000000682,
MCD,63908,Consumer Discretionary,2025-01-31,10-K,2025-02-25,,,,,,,,,,,,,,,,,,,,,,714461139
MCD,63908,Consumer Discretionary,2025-03-31,10-Q,2026-05-07,5956000000,,2648000000,,461000000,1868000000,2.6,2428000000,551000000,45000000,107000000,376000000,1266000000,477000000,1238000000,,38845000000,,56329000000,-3454000000,718.2,715032727
MCD,63908,Consumer Discretionary,2025-06-30,10-Q,2026-08-07,6843000000,,3232000000,,608000000,2253000000,3.14,1998000000,744000000,44000000,106000000,390000000,1265000000,505000000,1876000000,,40801000000,,59555000000,-2760000000,717.6,713604434
MCD,63908,Consumer Discretionary,2025-09-30,10-Q,2025-11-05,7078000000,,3357000000,,671000000,2278000000,3.18,3428000000,1011000000,39000000,121000000,406000000,1262000000,501000000,2413000000,,39483000000,,60608000000,-2163000000,715.9,712154350
MCD,63908,Consumer Discretionary,2025-12-31,10-K (Q4 derived: FY − 9M YTD),2026-02-24,7009000000,,3156000000,,594000000,2164000000,3.0299999999999994,2697000000,1059000000,37000000,124000000,410000000,1323000000,573000000,774000000,39973000000,39973000000,725000000,59515000000,-1791000000,-0.8000000000000682,
MCD,63908,Consumer Discretionary,2026-01-31,10-K,2026-02-24,,,,,,,,,,,,,,,,,,,,,,710398642
MCD,63908,Consumer Discretionary,2026-03-31,10-Q,2026-05-07,6517000000,,2953000000,,559000000,1983000000,2.78,2412000000,682000000,60000000,111000000,400000000,1323000000,396000000,1170000000,,40105000000,,60037000000,-1286000000,713.5,710505859
MCD,63908,Consumer Discretionary,2026-06-30,10-Q,2026-08-07,7099000000,,3338000000,,574000000,2362000000,3.32,2807000000,831000000,39000000,111000000,409000000,1317000000,856000000,822000000,,39863000000,,59920000000,-1023000000,711.1,707641531
MCHP,827054,Information Technology,2025-03-31,10-K (Q4 derived: FY − 9M YTD),2026-05-21,,501100000,-100300000,-168300000,-13700000,-154600000,-0.29000000000000004,205900000,14200000,40700000,187000000,,244800000,0,771700000,5630400000,5630400000,0,15374600000,7078300000,-4800000,
MCHP,827054,Information Technology,2025-05-15,10-K,2025-05-23,,,,,,,,,,,,,,,,,,,,,,539399446
MCHP,827054,Information Technology,2025-06-30,10-Q,2026-08-06,,576700000,32100000,-15800000,2800000,-18600000,-0.09,275600000,17900000,52900000,171100000,,245500000,0,566500000,5458100000,5458100000,0,14979500000,6857100000,539200000,
MCHP,827054,Information Technology,2025-07-28,10-Q,2025-08-07,,,,,,,,,,,,,,,,,,,,,,539679667
MCHP,827054,Information Technology,2025-09-30,10-Q,2025-11-06,,637900000,88900000,31800000,-9900000,41700000,0.03,,,,,,,,236800000,5375900000,5375900000,0,14469700000,6695500000,545000000,
MCHP,827054,Information Technology,2025-10-28,10-Q,2025-11-06,,,,,,,,,,,,,,,,,,,,,,540446834
MCHP,827054,Information Technology,2025-12-31,10-Q,2026-02-05,,706900000,151700000,93600000,30900000,62700000,0.06,,,,,,,,250700000,5366000000,5366000000,0,14325500000,6560400000,545500000,
MCHP,827054,Information Technology,2026-01-28,10-Q,2026-02-05,,,,,,,,,,,,,,,,,,,,,,541135458
MCHP,827054,Information Technology,2026-03-31,10-K (Q4 derived: FY − 9M YTD),2026-05-21,,799600000,217400000,163900000,19700000,144200000,0.22,257000000,14200000,68300000,173700000,,246600000,0,240300000,5496400000,5496400000,0,14370100000,6432400000,900000,
MCHP,827054,Information Technology,2026-05-14,10-K,2026-05-21,,,,,,,,,,,,,,,,,,,,,,542079281
MCHP,827054,Information Technology,2026-06-30,10-Q,2026-08-06,,938900000,336800000,289900000,60100000,229800000,0.37,511500000,13900000,75000000,156700000,,246900000,,272300000,5361300000,5361300000,0,14407400000,6451000000,550500000,
MCHP,827054,Information Technology,2026-07-28,10-Q,2026-08-06,,,,,,,,,,,,,,,,,,,,,,543008691
MCK,927653,Health Care,2025-03-31,10-K (Q4 derived: FY − 9M YTD),2026-05-08,,3639000000,1591000000,1515000000,209000000,1260000000,9.919999999999998,7748000000,169000000,,,,91000000,300000000,5691000000,5654000000,,,75140000000,-2074000000,-700000,
MCK,927653,Health Care,2025-04-30,10-K,2025-05-09,,,,,,,,,,,,,,,,,,,,,,125112236
MCK,927653,Health Care,2025-06-30,10-Q,2026-08-05,,3279000000,1036000000,1051000000,220000000,784000000,6.25,-918000000,111000000,,,,90000000,581000000,2418000000,7777000000,,,81311000000,-1967000000,125500000,
MCK,927653,Health Care,2025-07-31,10-Q,2025-08-06,,,,,,,,,,,,,,,,,,,,,,124384393
MCK,927653,Health Care,2025-09-30,10-Q,2025-11-06,,3542000000,1407000000,1395000000,232000000,1110000000,8.92,,,,,,,,4004000000,7758000000,,,84160000000,-1739000000,124400000,
MCK,927653,Health Care,2025-10-31,10-Q,2025-11-06,,,,,,,,,,,,,,,,,,,,,,123426650
MCK,927653,Health Care,2025-12-31,10-Q,2026-02-04,,3685000000,1619000000,1630000000,380000000,1186000000,9.59,,,,,,,,2959000000,6557000000,,,84190000000,-1298000000,123700000,
MCK,927653,Health Care,2026-01-30,10-Q,2026-02-04,,,,,,,,,,,,,,,,,,,,,,122487456
MCK,927653,Health Care,2026-03-31,10-K (Q4 derived: FY − 9M YTD),2026-05-08,,4044000000,2150000000,2125000000,270000000,1682000000,13.650000000000002,3421000000,111000000,,,,101000000,2671000000,3975000000,6526000000,,,82323000000,-2172000000,-400000,
MCK,927653,Health Care,2026-04-30,10-K,2026-05-08,,,,,,,,,,,,,,,,,,,,,,120204051
MCK,927653,Health Care,2026-06-30,10-Q,2026-08-05,,3685000000,1319000000,1308000000,276000000,614000000,5.15,-220000000,112000000,,,,102000000,2530000000,5164000000,9729000000,,,88330000000,-4240000000,119200000,
MCK,927653,Health Care,2026-07-31,10-Q,2026-08-05,,,,,,,,,,,,,,,,,,,,,,116590363
MCO,1059556,Financials,2024-03-31,10-Q,2025-04-23,,,801000000,752000000,175000000,577000000,3.15,775000000,78000000,53000000,,,155000000,120000000,2476000000,6944000000,6259000000,685000000,15011000000,3575000000,183400000,182600000
MCO,1059556,Financials,2024-06-30,10-Q,2025-07-24,,,775000000,719000000,166000000,552000000,3.02,,,,,,,,2635000000,6941000000,6253000000,688000000,15013000000,3778000000,183000000,182100000
MCO,1059556,Financials,2024-09-30,10-Q,2025-10-23,,,738000000,703000000,169000000,534000000,2.93,,,,,,,,2642000000,7569000000,6876000000,693000000,15769000000,3905000000,182500000,181200000
MCO,1059556,Financials,2024-12-31,10-K (Q4 derived: FY − 9M YTD),2026-02-18,,,561000000,525000000,130000000,395000000,2.17,674000000,74000000,54000000,,,155000000,480000000,2408000000,7428000000,6731000000,697000000,15505000000,3565000000,-300000,
MCO,1059556,Financials,2025-01-31,10-K,2025-02-14,,,,,,,,,,,,,,,,,,,,,,180000000
MCO,1059556,Financials,2025-03-31,10-Q,2026-04-23,,,846000000,804000000,179000000,625000000,3.46,757000000,85000000,56000000,,,195000000,373000000,2139000000,6823000000,6823000000,0,15096000000,3700000000,180700000,179900000
MCO,1059556,Financials,2025-06-30,10-Q,2026-07-23,,,818000000,772000000,193000000,578000000,3.21,,,,,,,,2174000000,6967000000,6967000000,0,15487000000,3949000000,180200000,179400000
MCO,1059556,Financials,2025-09-30,10-Q,2025-10-23,,,917000000,867000000,220000000,646000000,3.6,,,,,,,,2181000000,6983000000,6983000000,0,15415000000,3957000000,179600000,178400000
MCO,1059556,Financials,2025-12-31,10-K (Q4 derived: FY − 9M YTD),2026-02-18,,,770000000,687000000,76000000,610000000,3.41,858000000,81000000,58000000,,,167000000,437000000,2384000000,6994000000,6994000000,0,15830000000,4054000000,-300000,
MCO,1059556,Financials,2026-01-31,10-K,2026-02-18,,,,,,,,,,,,,,,,,,,,,,177300000
MCO,1059556,Financials,2026-03-31,10-Q,2026-04-23,,,922000000,870000000,209000000,661000000,3.73,939000000,95000000,58000000,,,185000000,1471000000,1469000000,6963000000,6387000000,576000000,14732000000,2994000000,177300000,174700000
MCO,1059556,Financials,2026-06-30,10-Q,2026-07-23,,,1046000000,1171000000,292000000,878000000,5.03,,,,,,,,1467000000,6946000000,6375000000,571000000,14675000000,3025000000,174500000,173200000
MDLZ,1103982,Consumer Staples,2024-12-31,10-K (Q4 derived: FY − 9M YTD),2026-02-04,9604000000,3711000000,1611000000,,216000000,1745000000,1.2999999999999998,1459000000,405000000,35000000,331000000,127000000,627000000,1147000000,,,,,68497000000,26932000000,-2000000,
MDLZ,1103982,Consumer Staples,2025-01-31,10-K,2025-02-05,,,,,,,,,,,,,,,,,,,,,,1293525167
MDLZ,1103982,Consumer Staples,2025-03-31,10-Q,2026-04-28,9313000000,2430000000,680000000,,154000000,402000000,0.31,1092000000,277000000,18000000,324000000,137000000,623000000,1522000000,,,,,68927000000,25785000000,1305000000,
MDLZ,1103982,Consumer Staples,2025-04-23,10-Q,2025-04-29,,,,,,,,,,,,,,,,,,,,,,1294815373
MDLZ,1103982,Consumer Staples,2025-06-30,10-Q,2025-07-29,8984000000,2937000000,1172000000,,230000000,641000000,0.49,,,,,151000000,,,,,,,71020000000,26193000000,1299000000,
MDLZ,1103982,Consumer Staples,2025-07-24,10-Q,2025-07-29,,,,,,,,,,,,,,,,,,,,,,1293945412
MDLZ,1103982,Consumer Staples,2025-09-30,10-Q,2025-10-28,9744000000,2612000000,744000000,,137000000,743000000,0.57,,,,,157000000,,,,,,,71358000000,26177000000,1296000000,
MDLZ,1103982,Consumer Staples,2025-10-24,10-Q,2025-10-28,,,,,,,,,,,,,,,,,,,,,,1290358492
MDLZ,1103982,Consumer Staples,2025-12-31,10-K (Q4 derived: FY − 9M YTD),2026-02-04,10496000000,2956000000,952000000,,261000000,665000000,0.5199999999999998,2397000000,398000000,30000000,352000000,154000000,645000000,492000000,,,,,71487000000,25838000000,-2000000,
MDLZ,1103982,Consumer Staples,2026-01-30,10-K,2026-02-04,,,,,,,,,,,,,,,,,,,,,,1281845669
MDLZ,1103982,Consumer Staples,2026-03-31,10-Q,2026-04-28,10080000000,2803000000,808000000,,228000000,560000000,0.44,467000000,312000000,29000000,343000000,148000000,644000000,0,,,,,71122000000,25750000000,1286000000,
MDLZ,1103982,Consumer Staples,2026-04-24,10-Q,2026-04-28,,,,,,,,,,,,,,,,,,,,,,1283649766
MDT,1613103,Health Care,2025-04-25,10-K (Q4 derived: FY − 9M YTD),2026-06-18,8927000000,,1436000000,1261000000,199000000,1056000000,0.8199999999999998,2528000000,459000000,89000000,840000000,,897000000,274000000,2218000000,25642000000,,,91680000000,48024000000,-700000,
MDT,1613103,Health Care,2025-06-17,10-K,2025-06-20,,,,,,,,,,,,,,,,,,,,,,1281264703
MDT,1613103,Health Care,2025-07-25,10-Q,2026-09-03,8578000000,,1445000000,1302000000,255000000,1040000000,0.81,1088000000,504000000,86000000,748000000,,910000000,123000000,1273000000,26179000000,,,90972000000,47893000000,1287100000,
MDT,1613103,Health Care,2025-08-20,10-Q,2025-08-26,,,,,,,,,,,,,,,,,,,,,,1282685882
MDT,1613103,Health Care,2025-10-24,10-Q,2025-11-25,8961000000,,1686000000,1597000000,215000000,1374000000,1.07,,,,,,,,1282000000,27680000000,,,91346000000,48652000000,1288000000,
MDT,1613103,Health Care,2025-11-19,10-Q,2025-11-25,,,,,,,,,,,,,,,,,,,,,,1282014208
MDT,1613103,Health Care,2026-01-23,10-Q,2026-02-24,9017000000,,1464000000,1404000000,254000000,1143000000,0.89,,,,,,,,1147000000,27880000000,,,91485000000,48985000000,1289500000,
MDT,1613103,Health Care,2026-02-18,10-Q,2026-02-24,,,,,,,,,,,,,,,,,,,,,,1283884964
MDT,1613103,Health Care,2026-04-24,10-K (Q4 derived: FY − 9M YTD),2026-06-18,9807000000,,1873000000,1834000000,575000000,1244000000,0.9700000000000002,2573000000,488000000,95000000,716000000,,908000000,435000000,1949000000,26173000000,,,93028000000,49463000000,-100000,
MDT,1613103,Health Care,2026-06-12,10-K,2026-06-18,,,,,,,,,,,,,,,,,,,,,,1280045190
MDT,1613103,Health Care,2026-07-31,10-Q,2026-09-03,9756000000,,1764000000,1769000000,289000000,1470000000,1.14,1793000000,503000000,125000000,729000000,,921000000,267000000,1691000000,25617000000,,,93306000000,50232000000,1285100000,
MDT,1613103,Health Care,2026-08-28,10-Q,2026-09-03,,,,,,,,,,,,,,,,,,,,,,1279137890
MET,1099219,Financials,2025-03-31,10-Q,2026-05-07,18569000000,,1415000000,1354000000,404000000,945000000,1.28,4262000000,,,,,374000000,1411000000,21326000000,,,,688316000000,27493000000,687000000,
MET,1099219,Financials,2025-04-28,10-Q,2025-05-01,,,,,,,,,,,,,,,,,,,,,,671297826
MET,1099219,Financials,2025-06-30,10-Q,2026-08-06,17340000000,,1393000000,980000000,245000000,729000000,1.03,,,,,,,,22178000000,,,,702470000000,27685000000,675000000,
MET,1099219,Financials,2025-07-31,10-Q,2025-08-07,,,,,,,,,,,,,,,,,,,,,,665026054
MET,1099219,Financials,2025-09-30,10-Q,2025-11-07,17361000000,,1650000000,1210000000,308000000,896000000,1.22,,,,,,,,20233000000,,,,719726000000,28944000000,669100000,
MET,1099219,Financials,2025-10-31,10-Q,2025-11-07,,,,,,,,,,,,,,,,,,,,,,658891656
MET,1099219,Financials,2025-12-31,10-K (Q4 derived: FY − 9M YTD),2026-02-19,23814000000,,1679000000,1117000000,301000000,809000000,1.17,7076000000,,,,,375000000,460000000,22032000000,,,,745166000000,28398000000,-3700000,
MET,1099219,Financials,2026-02-12,10-K,2026-02-19,,,,,,,,,,,,,,,,,,,,,,652053867
MET,1099219,Financials,2026-03-31,10-Q,2026-05-07,19074000000,,1631000000,1507000000,345000000,1185000000,1.74,2687000000,,,,,372000000,755000000,22687000000,,,,743211000000,27324000000,655700000,
MET,1099219,Financials,2026-04-30,10-Q,2026-05-07,,,,,,,,,,,,,,,,,,,,,,643436779
MET,1099219,Financials,2026-06-30,10-Q,2026-08-06,19154000000,,1604000000,1035000000,256000000,736000000,1.09,,,,,,,,19301000000,,,,759372000000,27441000000,646900000,
MET,1099219,Financials,2026-07-31,10-Q,2026-08-06,,,,,,,,,,,,,,,,,,,,,,635476927
META,1326801,Communication Services,2023-09-30,10-Q,2024-10-31,,,13748000000,14020000000,2437000000,11583000000,4.39,,,,,,,,36890000000,18383000000,18383000000,,216274000000,142873000000,2641000000,
META,1326801,Communication Services,2023-12-31,10-K (Q4 derived: FY − 9M YTD),2026-01-29,,,16384000000,16807000000,2790000000,14017000000,5.309999999999999,19404000000,7592000000,3424000000,3172000000,,,5942000000,41862000000,18385000000,18385000000,,229623000000,153168000000,6000000,
META,1326801,Communication Services,2024-03-31,10-Q,2025-05-01,,,13818000000,14183000000,1814000000,12369000000,4.71,19246000000,6400000000,3562000000,3374000000,,1273000000,15008000000,32307000000,,18387000000,,222844000000,149529000000,2625000000,
META,1326801,Communication Services,2024-06-30,10-Q,2025-07-31,,,14847000000,15106000000,1641000000,13465000000,5.16,,,,,,1266000000,,32045000000,,18389000000,,230238000000,156763000000,2610000000,
META,1326801,Communication Services,2024-09-30,10-Q,2025-10-30,,,17350000000,17822000000,2134000000,15688000000,6.03,,,,,,1262000000,,43852000000,28823000000,28823000000,,256408000000,164529000000,2600000000,
META,1326801,Communication Services,2024-12-31,10-K (Q4 derived: FY − 9M YTD),2026-01-29,,,23364000000,23552000000,2714000000,20838000000,7.979999999999999,27988000000,14425000000,4262000000,4460000000,,1267000000,0,43889000000,28826000000,28826000000,,276054000000,182637000000,-1000000,
META,1326801,Communication Services,2025-03-31,10-Q,2026-04-30,,,17555000000,18382000000,1738000000,16644000000,6.43,24026000000,12941000000,4147000000,3900000000,,1325000000,12754000000,28750000000,,28829000000,,280213000000,185029000000,2590000000,
META,1326801,Communication Services,2025-06-30,10-Q,2026-07-30,,,20441000000,20534000000,2197000000,18337000000,7.14,,,,,,1322000000,,12005000000,,28832000000,,294744000000,195070000000,2570000000,
META,1326801,Communication Services,2025-09-30,10-Q,2025-10-30,,,20535000000,21663000000,18954000000,2709000000,1.05,,,,,,1323000000,,10187000000,,28834000000,,303844000000,194066000000,2572000000,
META,1326801,Communication Services,2025-12-31,10-K (Q4 derived: FY − 9M YTD),2026-01-29,,,24745000000,25354000000,2586000000,22768000000,8.87,36214000000,21383000000,5890000000,5411000000,,1328000000,0,35873000000,58744000000,58744000000,,366021000000,217243000000,-4000000,
META,1326801,Communication Services,2026-03-31,10-Q,2026-04-30,,,22872000000,21752000000,-5021000000,26773000000,10.44,32226000000,18997000000,6032000000,5999000000,,,0,23426000000,,58748000000,,395250000000,243681000000,2564000000,
META,1326801,Communication Services,2026-06-30,10-Q,2026-07-30,,,18775000000,18756000000,2908000000,15848000000,6.18,,,,,,,,15462000000,83664000000,83664000000,,449956000000,261221000000,2566000000,
MGM,789570,Consumer Discretionary,2025-03-31,10-Q,2026-04-29,,,385057000,266784000,40053000,148554000,0.51,547079000,228041000,28653000,236444000,,,489280000,2270563000,6414628000,6414628000,,41903113000,2853544000,289096000,
MGM,789570,Consumer Discretionary,2025-04-28,10-Q,2025-04-30,,,,,,,,,,,,,,,,,,,,,,272149150
MGM,789570,Consumer Discretionary,2025-06-30,10-Q,2026-07-29,,,404565000,133756000,15662000,48951000,0.18,,,,241975000,,,,1958020000,6205142000,6205142000,,41699395000,2973770000,275615000,
MGM,789570,Consumer Discretionary,2025-07-28,10-Q,2025-07-30,,,,,,,,,,,,,,,,,,,,,,272191042
MGM,789570,Consumer Discretionary,2025-09-30,10-Q,2025-10-29,,,-112852000,-219587000,-12858000,-285255000,-1.05,,,,260717000,,,,2133548000,6163574000,6163574000,,41410875000,2675981000,272517000,
MGM,789570,Consumer Discretionary,2025-10-27,10-Q,2025-10-29,,,,,,,,,,,,,,,,,,,,,,273506440
MGM,789570,Consumer Discretionary,2025-12-31,10-K (Q4 derived: FY − 9M YTD),2026-02-11,,,325010000,99826000,-282950000,293612000,1.08,654995000,296455000,31087000,278658000,,,511097000,2062994000,6230141000,6230141000,,41373786000,2429917000,-335000,
MGM,789570,Consumer Discretionary,2026-02-09,10-K,2026-02-11,,,,,,,,,,,,,,,,,,,,,,255828519
MGM,789570,Consumer Discretionary,2026-03-31,10-Q,2026-04-29,,,301242000,202249000,27457000,125136000,0.48,567789000,154664000,35137000,263725000,,,88902000,2292830000,6403265000,6403265000,,41402158000,2433422000,258877000,
MGM,789570,Consumer Discretionary,2026-04-27,10-Q,2026-04-29,,,,,,,,,,,,,,,,,,,,,,255851235
MGM,789570,Consumer Discretionary,2026-06-30,10-Q,2026-07-29,,,503636000,413520000,90731000,292433000,1.11,,,,282315000,,,,2547380000,6068442000,6068442000,,39848326000,2513775000,257758000,
MGM,789570,Consumer Discretionary,2026-07-27,10-Q,2026-07-29,,,,,,,,,,,,,,,,,,,,,,251592756
MKC,63754,Consumer Staples,2023-08-31,10-Q,2024-10-01,1684700000,622800000,245000000,199400000,42700000,170100000,0.63,,,12600000,,52700000,,,154700000,4390100000,3385300000,1004800000,12990100000,5049300000,270100000,
MKC,63754,Consumer Staples,2023-11-30,10-K (Q4 derived: FY − 9M YTD),2026-01-22,1752800000,701300000,297200000,257700000,57100000,219300000,0.81,577200000,,12300000,48900000,52700000,104700000,9000000,166600000,4139200000,3339900000,799300000,12862300000,5060700000,0,
MKC,63754,Consumer Staples,2024-02-29,10-Q,2025-03-25,1602700000,599300000,233500000,194300000,49600000,166000000,0.62,138400000,62000000,11700000,45800000,50300000,112700000,300000,178000000,4127500000,3329100000,798400000,12890100000,5232500000,269600000,
MKC,63754,Consumer Staples,2024-05-31,10-Q,2025-06-26,1643200000,619600000,234100000,193600000,26200000,184200000,0.68,,,19400000,,52900000,,,166300000,4112400000,3325800000,786600000,12987600000,5327400000,269700000,
MKC,63754,Consumer Staples,2024-08-31,10-Q,2025-10-07,1679800000,649900000,286500000,246200000,41000000,223100000,0.83,,,8800000,,53500000,,,200800000,3407300000,3343100000,64200000,13204900000,5421500000,269700000,
MKC,63754,Consumer Staples,2024-11-30,10-K (Q4 derived: FY − 9M YTD),2026-01-22,1798000000,722200000,306200000,264200000,67200000,215200000,0.79,458700000,,7500000,51300000,52700000,112700000,24100000,186100000,3858800000,3593600000,265200000,13070300000,5291000000,0,
MKC,63754,Consumer Staples,2025-02-28,10-Q,2026-03-31,1605500000,604000000,225200000,186500000,41600000,162300000,0.6,115500000,37100000,20000000,53800000,48500000,120700000,17200000,102800000,3850800000,3095700000,755100000,12899800000,5423000000,269500000,
MKC,63754,Consumer Staples,2025-05-31,10-Q,2026-06-25,1659500000,622800000,245800000,204600000,49300000,175000000,0.65,,,9600000,,51000000,,,124100000,3856000000,3099300000,756700000,13190400000,5601400000,269400000,
MKC,63754,Consumer Staples,2025-08-31,10-Q,2025-10-07,1724900000,645100000,288700000,247900000,39300000,225500000,0.84,,,7700000,,50200000,,,94900000,3862200000,3104900000,757300000,13247000000,5752800000,269300000,
MKC,63754,Consumer Staples,2025-11-30,10-K (Q4 derived: FY − 9M YTD),2026-01-22,1850400000,720300000,311100000,274000000,65600000,226600000,0.8400000000000003,542000000,,8900000,59200000,46500000,120800000,5600000,95900000,3614900000,3105800000,509100000,13200400000,5736500000,0,
MKC,63754,Consumer Staples,2026-02-28,10-Q,2026-03-31,1873900000,708900000,227500000,185000000,48700000,1016200000,3.77,50900000,32500000,20700000,63000000,47300000,128900000,10900000,177700000,3613500000,3604100000,9400000,16346300000,6980300000,269400000,
MKC,63754,Consumer Staples,2026-05-31,10-Q,2026-06-25,1936600000,778200000,276400000,220200000,63500000,150100000,0.56,,,8600000,,62700000,,,331200000,3606900000,3597400000,9500000,16477100000,6995600000,269200000,
MLM,916076,Materials,2025-03-31,10-Q,2026-04-30,1162000000,315000000,179000000,132000000,28000000,116000000,1.9,218000000,233000000,31000000,154000000,56000000,49000000,450000000,101000000,5414000000,5289000000,125000000,17724000000,9081000000,61000000,
MLM,916076,Materials,2025-04-25,10-Q,2025-04-30,,,,,,,,,,,,,,,,,,,,,,60285411
MLM,916076,Materials,2025-06-30,10-Q,2026-07-30,1609000000,496000000,413000000,365000000,73000000,328000000,5.43,,,,,57000000,,,225000000,5416000000,5291000000,125000000,18070000000,9363000000,60400000,
MLM,916076,Materials,2025-08-04,10-Q,2025-08-07,,,,,,,,,,,,,,,,,,,,,,60306003
MLM,916076,Materials,2025-09-30,10-K,2026-02-19,1846000000,611000000,505000000,450000000,89000000,414000000,6.85,,,,,59000000,,,57000000,5522000000,5292000000,230000000,18653000000,9735000000,60400000,
MLM,916076,Materials,2025-10-31,10-Q,2025-11-04,,,,,,,,,,,,,,,,,,,,,,60307143
MLM,916076,Materials,2025-12-31,10-K,2026-02-19,1534000000,468000000,341000000,279000000,46000000,279000000,4.619999999999999,629000000,205000000,4000000,157000000,58000000,50000000,0,67000000,5323000000,5293000000,30000000,18711000000,10032000000,0,
MLM,916076,Materials,2026-02-16,10-K,2026-02-19,,,,,,,,,,,,,,,,,,,,,,60312046
MLM,916076,Materials,2026-03-31,10-Q,2026-04-30,1362000000,310000000,162000000,117000000,38000000,1513000000,25.06,227000000,186000000,31000000,167000000,56000000,51000000,200000000,273000000,5294000000,5294000000,0,20497000000,11295000000,60400000,
MLM,916076,Materials,2026-04-27,10-Q,2026-04-30,,,,,,,,,,,,,,,,,,,,,,60045900
MLM,916076,Materials,2026-06-30,10-Q,2026-07-30,1947000000,495000000,372000000,320000000,64000000,251000000,4.17,,,,,59000000,,,112000000,5951000000,5091000000,860000000,21305000000,11546000000,60200000,
MLM,916076,Materials,2026-07-27,10-Q,2026-07-30,,,,,,,,,,,,,,,,,,,,,,60065839
MMM,66740,Industrials,2024-03-31,10-Q,2025-04-22,6016000000,,1149000000,929000000,220000000,928000000,1.67,767000000,375000000,29000000,430000000,385000000,835000000,21000000,,13092000000,20593000000,,55243000000,4866000000,555900000,553361257
MMM,66740,Industrials,2024-06-30,10-Q,2025-07-18,6255000000,,1272000000,1410000000,203000000,1145000000,2.07,,,,,322000000,,,,13083000000,11781000000,,43377000000,3916000000,554800000,549353621
MMM,66740,Industrials,2024-09-30,10-Q,2025-10-21,6294000000,,1316000000,1721000000,348000000,1372000000,2.48,,,,,,,,,13189000000,11319000000,,40875000000,4642000000,552700000,544558607
MMM,66740,Industrials,2024-12-31,10-K,2025-02-05,6010000000,,1085000000,759000000,33000000,728000000,1.33,1818000000,291000000,47000000,322000000,,378000000,705000000,,13044000000,11125000000,1919000000,39868000000,3842000000,-2100000,
MMM,66740,Industrials,2025-01-31,10-K,2025-02-05,,,,,,,,,,,,,,,,,,,,,,542900000
MMM,66740,Industrials,2025-03-31,10-Q,2026-04-21,5954000000,,1246000000,1385000000,265000000,1116000000,2.04,-79000000,236000000,85000000,290000000,,396000000,1274000000,,13476000000,12307000000,,39951000000,4464000000,547700000,538181362
MMM,66740,Industrials,2025-06-30,10-Q,2026-07-21,6344000000,,1140000000,923000000,245000000,723000000,1.34,,,,,,,,,13146000000,12477000000,,37989000000,4290000000,540600000,532629702
MMM,66740,Industrials,2025-09-30,10-Q,2025-10-21,6517000000,,1447000000,1147000000,308000000,834000000,1.55,,,,,,,,,12603000000,11854000000,,37611000000,4628000000,538100000,531225048
MMM,66740,Industrials,2025-12-31,10-K (Q4 derived: FY − 9M YTD),2026-02-03,6133000000,,796000000,758000000,185000000,577000000,1.0700000000000003,1583000000,248000000,43000000,430000000,,387000000,552000000,,12602000000,10932000000,1670000000,37733000000,4702000000,-800000,
MMM,66740,Industrials,2026-01-31,10-K,2026-02-03,,,,,,,,,,,,,,,,,,,,,,526700000
MMM,66740,Industrials,2026-03-31,10-Q,2026-04-21,6030000000,,1397000000,878000000,221000000,653000000,1.23,574000000,225000000,80000000,326000000,,412000000,1999000000,,,10906000000,,35436000000,3263000000,532800000,521567261
MMM,66740,Industrials,2026-06-30,10-Q,2026-07-21,6500000000,,984000000,1120000000,183000000,933000000,1.78,,,,,,,,,,10904000000,,34924000000,2952000000,522400000,515722417
MNST,865752,Consumer Staples,2025-03-31,10-Q,2026-05-08,1854558000,1047962000,569745000,578017000,135024000,442993000,,507600000,29056000,20727000,24848000,,,16633000,1903419000,199059000,199059000,0,8227028000,6519439000,981282000,
MNST,865752,Consumer Staples,2025-04-30,10-Q,2025-05-09,,,,,,,,,,,,,,,,,,,,,,975246159
MNST,865752,Consumer Staples,2025-06-30,10-Q,2026-08-07,2111593000,1176413000,631622000,646687000,157893000,488794000,,,,,,,,,1926927000,,,,8729888000,7191304000,983997000,
MNST,865752,Consumer Staples,2025-07-31,10-Q,2025-08-08,,,,,,,,,,,,,,,,,,,,,,976428189
MNST,865752,Consumer Staples,2025-09-30,10-Q,2025-11-07,2197139000,1224486000,675352000,689537000,165082000,524455000,,,,,,,,,2292939000,,,,9611273000,7745160000,984966000,
MNST,865752,Consumer Staples,2025-10-31,10-Q,2025-11-07,,,,,,,,,,,,,,,,,,,,,,977021216
MNST,865752,Consumer Staples,2025-12-31,10-K (Q4 derived: FY − 9M YTD),2026-02-27,2131053000,1183333000,542634000,568287000,119097000,449190000,,379415000,28174000,39023000,32418000,,,59725000,2088117000,,,,9988945000,8254108000,919000,
MNST,865752,Consumer Staples,2026-02-13,10-K,2026-02-27,,,,,,,,,,,,,,,,,,,,,,978270734
MNST,865752,Consumer Staples,2026-03-31,10-Q,2026-05-08,2353291000,1293349000,729958000,750128000,180643000,569485000,,604986000,20604000,28294000,28400000,,,133970000,2039700000,,,,10843533000,8727035000,988258000,
MNST,865752,Consumer Staples,2026-04-30,10-Q,2026-05-08,,,,,,,,,,,,,,,,,,,,,,978008110
MNST,865752,Consumer Staples,2026-06-30,10-Q,2026-08-07,2537473000,1419634000,740442000,768269000,183729000,584540000,,,,,,,,,2192424000,,,,11382291000,9364148000,988479000,
MNST,865752,Consumer Staples,2026-07-31,10-Q,2026-08-07,,,,,,,,,,,,,,,,,,,,,,979525882
MO,764180,Consumer Staples,2025-03-31,10-Q,2026-04-30,5259000000,3249000000,1788000000,1683000000,606000000,1077000000,0.63,2720000000,38000000,,71000000,,1730000000,326000000,4726000000,26059000000,23428000000,2631000000,35760000000,-3510000000,1690000000,
MO,764180,Consumer Staples,2025-04-21,10-Q,2025-04-29,,,,,,,,,,,,,,,,,,,,,,1684451818
MO,764180,Consumer Staples,2025-06-30,10-Q,2026-07-30,6102000000,3850000000,3230000000,3118000000,740000000,2378000000,1.41,,,,,,,,1287000000,24720000000,23651000000,1069000000,32332000000,-3256000000,1684000000,
MO,764180,Consumer Staples,2025-07-23,10-Q,2025-07-30,,,,,,,,,,,,,,,,,,,,,,1679890953
MO,764180,Consumer Staples,2025-09-30,10-Q,2025-10-30,6072000000,3812000000,3230000000,3075000000,700000000,2375000000,1.41,,,,,,,,3472000000,25701000000,24132000000,1569000000,35008000000,-2646000000,1680000000,
MO,764180,Consumer Staples,2025-10-22,10-Q,2025-10-30,,,,,,,,,,,,,,,,,,,,,,1678671552
MO,764180,Consumer Staples,2025-12-31,10-K (Q4 derived: FY − 9M YTD),2026-02-25,5846000000,3631000000,1651000000,1513000000,396000000,1117000000,0.6699999999999999,3271000000,92000000,,54000000,,1785000000,288000000,4474000000,25709000000,24140000000,1569000000,35017000000,-3502000000,-2000000,
MO,764180,Consumer Staples,2026-02-13,10-K/A,2026-05-27,,,,,,,,,,,,,,,,,,,,,,1671898087
MO,764180,Consumer Staples,2026-03-31,10-Q,2026-04-30,5428000000,3506000000,2956000000,2859000000,676000000,2183000000,1.3,2324000000,93000000,,56000000,,1780000000,280000000,3531000000,24602000000,24060000000,542000000,34584000000,-3211000000,1673000000,
MO,764180,Consumer Staples,2026-04-22,10-Q,2026-04-30,,,,,,,,,,,,,,,,,,,,,,1669891235
MO,764180,Consumer Staples,2026-06-30,10-Q,2026-07-30,6111000000,3820000000,3136000000,2929000000,631000000,2298000000,1.37,,,,,,,,2367000000,24577000000,22893000000,1684000000,33374000000,-2668000000,1670000000,
MO,764180,Consumer Staples,2026-07-22,10-Q,2026-07-30,,,,,,,,,,,,,,,,,,,,,,1669743926
MOS,1285785,Materials,2025-03-31,10-Q,2026-05-11,2620900000,488400000,338500000,,63300000,238100000,0.75,42900000,340800000,9300000,243000000,,70900000,0,259200000,,,33300000,23165700000,11770900000,318200000,
MOS,1285785,Materials,2025-05-02,10-Q,2025-05-07,,,,,,,,,,,,,,,,,,,,,,317230799
MOS,1285785,Materials,2025-06-30,10-Q,2026-08-05,3005700000,518600000,244400000,,146000000,410700000,1.29,,,,261700000,,,,286200000,,,38400000,24304800000,12435000000,319000000,
MOS,1285785,Materials,2025-08-01,10-Q,2025-08-06,,,,,,,,,,,,,,,,,,,,,,317378326
MOS,1285785,Materials,2025-09-30,10-Q,2025-11-05,,552300000,339800000,,175500000,411400000,1.29,,,,277000000,,,,153300000,,,42600000,24667500000,12780700000,319400000,
MOS,1285785,Materials,2025-10-31,10-Q,2025-11-05,,,,,,,,,,,,,,,,,,,,,,317407877
MOS,1285785,Materials,2025-12-31,10-K (Q4 derived: FY − 9M YTD),2026-02-27,,342600000,-101200000,,255000000,-519500000,-1.6300000000000001,-56100000,349600000,6500000,268200000,,69900000,0,276600000,,,43100000,24480100000,12084900000,100000,317505258
MOS,1285785,Materials,2026-02-20,10-K,2026-02-27,,,,,,,,,,,,,,,,,,,,,,317505258
MOS,1285785,Materials,2026-03-31,10-Q,2026-05-11,2998000000,235600000,-372900000,,-31000000,-257600000,-0.81,104200000,356800000,10300000,316600000,,70800000,,281800000,,,49400000,24568500000,11804000000,317500000,
MOS,1285785,Materials,2026-05-08,10-Q,2026-05-11,,,,,,,,,,,,,,,,,,,,,,317846644
MOS,1285785,Materials,2026-06-30,10-Q,2026-08-05,2824100000,214700000,-35500000,,-33800000,-272800000,-0.86,,,,292100000,,,,294000000,,,66700000,24640700000,11463900000,317900000,
MOS,1285785,Materials,2026-07-31,10-Q,2026-08-05,,,,,,,,,,,,,,,,,,,,,,317895646
MPC,1510295,Energy,2025-03-31,10-Q,2026-05-05,,,687000000,383000000,37000000,-74000000,-0.24,-64000000,663000000,,793000000,,285000000,1057000000,3812000000,,,,81633000000,16396000000,313000000,
MPC,1510295,Energy,2025-04-30,10-Q,2025-05-06,,,,,,,,,,,,,,,,,,,,,,307213828
MPC,1510295,Energy,2025-06-30,10-Q,2026-08-04,,,2197000000,1878000000,268000000,1216000000,3.96,,,,789000000,,,,1673000000,,,,78484000000,16624000000,307000000,
MPC,1510295,Energy,2025-07-31,10-Q,2025-08-05,,,,,,,,,,,,,,,,,,,,,,304020309
MPC,1510295,Energy,2025-09-30,10-Q,2025-11-04,,,2713000000,2403000000,460000000,1370000000,4.51,,,,841000000,,,,2654000000,,,,83240000000,17097000000,304000000,
MPC,1510295,Energy,2025-10-31,10-Q,2025-11-04,,,,,,,,,,,,,,,,,,,,,,300602479
MPC,1510295,Energy,2025-12-31,10-K (Q4 derived: FY − 9M YTD),2026-02-26,,,2694000000,2351000000,372000000,1535000000,5.07,3069000000,1181000000,,828000000,,300000000,1001000000,3672000000,,,,83955000000,17314000000,-2000000,
MPC,1510295,Energy,2026-02-20,10-K,2026-02-26,,,,,,,,,,,,,,,,,,,,,,294740164
MPC,1510295,Energy,2026-03-31,10-Q,2026-05-05,,,1404000000,1034000000,183000000,511000000,1.73,1121000000,913000000,,809000000,,295000000,750000000,2151000000,,,,88187000000,16753000000,295000000,
MPC,1510295,Energy,2026-04-30,10-Q,2026-05-05,,,,,,,,,,,,,,,,,,,,,,291936635
MPC,1510295,Energy,2026-06-30,10-Q,2026-08-04,,,7322000000,6982000000,1444000000,5138000000,17.73,,,,838000000,,,,7768000000,,,,94310000000,19077000000,290000000,
MPC,1510295,Energy,2026-07-30,10-Q,2026-08-04,,,,,,,,,,,,,,,,,,,,,,280824763
MPWR,1280452,Information Technology,2025-03-31,10-Q,2026-05-04,,353230000,168759000,173890000,38838000,135052000,2.81,256387000,40342000,52806000,11449000,,60008000,0,637354000,,,,3705143000,3073629000,48006000,
MPWR,1280452,Information Technology,2025-04-28,10-Q,2025-05-05,,,,,,,,,,,,,,,,,,,,,,47880000
MPWR,1280452,Information Technology,2025-06-30,10-Q,2026-08-05,,366016000,164758000,176978000,41969000,135009000,2.81,,,,,,,2600000,787382000,,,,3872262000,3209970000,48019000,
MPWR,1280452,Information Technology,2025-07-28,10-Q,2025-08-04,,,,,,,,,,,,,,,,,,,,,,47892000
MPWR,1280452,Information Technology,2025-09-30,10-K,2026-02-27,,406228000,195183000,205575000,25809000,179766000,3.74,,,,,,,2100000,1081251000,,,,4107222000,3377341000,48042000,
MPWR,1280452,Information Technology,2025-10-29,10-Q,2025-11-05,,,,,,,,,,,,,,,,,,,,,,47907000
MPWR,1280452,Information Technology,2025-12-31,10-K (Q4 derived: FY − 9M YTD),2026-02-27,,414267000,199936000,209773000,34081000,175692000,3.58,104910000,41013000,53910000,14243000,,74819000,1900000,1099302000,,,,4194199000,3531497000,287000,
MPWR,1280452,Information Technology,2026-02-20,10-K,2026-02-27,,,,,,,,,,,,,,,,,,,,,,49118000
MPWR,1280452,Information Technology,2026-03-31,10-Q,2026-05-04,,445065000,241152000,247182000,53956000,193226000,3.92,250253000,70849000,41098000,15106000,,78399000,,1062930000,,,,4448866000,3677410000,49242000,
MPWR,1280452,Information Technology,2026-04-27,10-Q,2026-05-04,,,,,,,,,,,,,,,,,,,,,,49130000
MPWR,1280452,Information Technology,2026-06-30,10-Q,2026-08-05,,541070000,303894000,321729000,64431000,257298000,5.22,,,,,,,,1005587000,,,,4686207000,3895424000,49260000,
MPWR,1280452,Information Technology,2026-07-29,10-Q,2026-08-05,,,,,,,,,,,,,,,,,,,,,,49143000
MRK,310158,Health Care,2025-03-31,10-Q,2026-05-04,15529000000,,,5903000000,818000000,5079000000,2.01,2500000000,1328000000,195000000,,,2050000000,1164000000,8629000000,,33484000000,,115122000000,48335000000,2531000000,
MRK,310158,Health Care,2025-04-30,10-Q,2025-05-02,,,,,,,,,,,,,,,,,,,,,,2511031253
MRK,310158,Health Care,2025-06-30,10-Q,2026-08-07,15806000000,,,4999000000,571000000,4427000000,1.76,,,,,,,,8007000000,,33968000000,,117523000000,48993000000,2513000000,
MRK,310158,Health Care,2025-07-31,10-Q,2025-08-05,,,,,,,,,,,,,,,,,,,,,,2497783211
MRK,310158,Health Care,2025-09-30,10-Q,2025-11-05,17276000000,,,6745000000,958000000,5785000000,2.32,,,,,,,,18169000000,,39969000000,,129546000000,51850000000,2498000000,
MRK,310158,Health Care,2025-10-31,10-Q,2025-11-05,,,,,,,,,,,,,,,,,,,,,,2482022536
MRK,310158,Health Care,2025-12-31,10-K (Q4 derived: FY − 9M YTD),2026-02-24,16400000000,,,3420000000,458000000,2963000000,1.2000000000000002,2857000000,1033000000,205000000,,,2018000000,1252000000,14565000000,,46750000000,2300000000,136866000000,52606000000,-7000000,
MRK,310158,Health Care,2026-01-31,10-K,2026-02-24,,,,,,,,,,,,,,,,,,,,,,2472392003
MRK,310158,Health Care,2026-03-31,10-Q,2026-05-04,16286000000,,,-3534000000,709000000,-4240000000,-1.72,3918000000,991000000,185000000,,,2105000000,874000000,5327000000,,46673000000,,128685000000,45878000000,2472000000,
MRK,310158,Health Care,2026-04-30,10-Q,2026-05-04,,,,,,,,,,,,,,,,,,,,,,2469824415
MRK,310158,Health Care,2026-06-30,10-Q,2026-08-07,16607000000,,,-683000000,654000000,-1335000000,-0.54,,,,,,,,6849000000,,51081000000,,129802000000,41933000000,2470000000,
MRK,310158,Health Care,2026-07-31,10-Q,2026-08-07,,,,,,,,,,,,,,,,,,,,,,2467171638
MRNA,1682852,Health Care,2025-03-31,10-Q,2026-05-01,,,-1050000000,-964000000,7000000,-971000000,-2.52,-1037000000,117000000,115000000,38000000,,,,1623000000,,,,12704000000,10066000000,386000000,
MRNA,1682852,Health Care,2025-04-25,10-Q,2025-05-01,,,,,,,,,,,,,,,,,,,,,,386741820
MRNA,1682852,Health Care,2025-06-30,10-Q,2026-07-31,,,-907000000,-818000000,7000000,-825000000,-2.13,,,,56000000,,,,1279000000,,,,12010000000,9399000000,388000000,
MRNA,1682852,Health Care,2025-07-25,10-Q,2025-08-01,,,,,,,,,,,,,,,,,,,,,,389079757
MRNA,1682852,Health Care,2025-09-30,10-Q,2025-11-06,,,-260000000,-187000000,13000000,-200000000,-0.51,,,,51000000,,,,1132000000,,,,12135000000,9330000000,390000000,
MRNA,1682852,Health Care,2025-10-31,10-Q,2025-11-06,,,,,,,,,,,,,,,,,,,,,,390679512
MRNA,1682852,Health Care,2025-12-31,10-K (Q4 derived: FY − 9M YTD),2026-02-20,,,-857000000,-799000000,27000000,-826000000,-2.1099999999999994,930000000,39000000,113000000,66000000,,,,2595000000,,590000000,,12338000000,8650000000,1000000,
MRNA,1682852,Health Care,2026-02-13,10-K,2026-02-20,,,,,,,,,,,,,,,,,,,,,,394939424
MRNA,1682852,Health Care,2026-03-31,10-Q,2026-05-01,,,-1388000000,-1334000000,9000000,-1343000000,-3.4,-630000000,62000000,104000000,56000000,,,,1908000000,,590000000,,11488000000,7408000000,395000000,
MRNA,1682852,Health Care,2026-04-24,10-Q,2026-05-01,,,,,,,,,,,,,,,,,,,,,,396786259
MRNA,1682852,Health Care,2026-06-30,10-Q,2026-07-31,,,-815000000,-767000000,15000000,-782000000,-1.97,,,,56000000,,,,1723000000,,591000000,,10961000000,6761000000,398000000,
MRNA,1682852,Health Care,2026-07-24,10-Q,2026-07-31,,,,,,,,,,,,,,,,,,,,,,399235889
MRSH,62709,Financials,2025-03-31,10-Q,2026-04-16,7061000000,,2005000000,1827000000,415000000,1381000000,2.79,-622000000,55000000,112000000,88000000,,405000000,300000000,1604000000,19481000000,18862000000,619000000,57015000000,,495000000,
MRSH,62709,Financials,2025-04-14,10-Q,2025-04-17,,,,,,,,,,,,,,,,,,,,,,492727760
MRSH,62709,Financials,2025-06-30,10-Q,2026-07-21,6974000000,,1829000000,1646000000,415000000,1211000000,2.45,,,,91000000,,,,1677000000,19579000000,18960000000,619000000,58555000000,,495000000,
MRSH,62709,Financials,2025-07-14,10-Q,2025-07-17,,,,,,,,,,,,,,,,,,,,,,491624043
MRSH,62709,Financials,2025-09-30,10-Q,2025-10-16,6351000000,,1170000000,1010000000,253000000,747000000,1.51,,,,91000000,,,,2511000000,19580000000,18317000000,1263000000,58783000000,,494000000,
MRSH,62709,Financials,2025-10-13,10-Q,2025-10-16,,,,,,,,,,,,,,,,,,,,,,489909683
MRSH,62709,Financials,2025-12-31,10-K (Q4 derived: FY − 9M YTD),2026-02-09,6595000000,,1219000000,1056000000,222000000,821000000,1.6799999999999997,2161000000,105000000,89000000,91000000,,444000000,1010000000,2687000000,19587000000,18320000000,1267000000,58710000000,,-1000000,
MRSH,62709,Financials,2026-02-05,10-K,2026-02-09,,,,,,,,,,,,,,,,,,,,,,484124253
MRSH,62709,Financials,2026-03-31,10-Q,2026-04-16,7597000000,,1754000000,1581000000,395000000,1146000000,2.36,-688000000,62000000,139000000,89000000,,440000000,755000000,1611000000,19553000000,18900000000,653000000,58552000000,,486000000,
MRSH,62709,Financials,2026-04-13,10-Q,2026-04-16,,,,,,,,,,,,,,,,,,,,,,481794501
MRSH,62709,Financials,2026-06-30,10-Q,2026-07-21,7404000000,,1899000000,1702000000,411000000,1266000000,2.63,,,,90000000,,,,1700000000,19537000000,18891000000,646000000,59682000000,,482000000,
MRSH,62709,Financials,2026-07-16,10-Q,2026-07-21,,,,,,,,,,,,,,,,,,,,,,477211268
MRVL,1835632,Information Technology,2025-05-03,10-Q,2026-05-28,1895300000,952400000,270600000,,38000000,177900000,0.2,332900000,118800000,142100000,,,51800000,340000000,885900000,4232600000,2977400000,,20023700000,13312700000,875600000,
MRVL,1835632,Information Technology,2025-05-23,10-Q,2025-05-30,,,,,,,,,,,,,,,,,,,,,,862200000
MRVL,1835632,Information Technology,2025-08-02,10-Q,2026-08-28,2006100000,1010600000,290100000,,38900000,194800000,0.22,,,,,,,,1224400000,4467200000,3967900000,,20586300000,13421700000,870400000,
MRVL,1835632,Information Technology,2025-08-22,10-Q,2025-08-29,,,,,,,,,,,,,,,,,,,,,,862100000
MRVL,1835632,Information Technology,2025-11-01,10-Q,2025-12-03,2074500000,1069800000,357800000,,314100000,1901300000,2.2,,,,,,,,2714500000,4468900000,3969400000,,21579000000,14056600000,863700000,
MRVL,1835632,Information Technology,2025-11-26,10-Q,2025-12-03,,,,,,,,,,,,,,,,,,,,,,848100000
MRVL,1835632,Information Technology,2026-01-31,10-K (Q4 derived: FY − 9M YTD),2026-03-11,2218700000,1147900000,404400000,,-14500000,396100000,0.45999999999999996,373700000,114300000,143000000,,,50800000,200100000,2638800000,4470600000,3970800000,499800000,22285300000,14308400000,-200000,
MRVL,1835632,Information Technology,2026-03-04,10-K,2026-03-11,,,,,,,,,,,,,,,,,,,,,,874300000
MRVL,1835632,Information Technology,2026-05-02,10-Q,2026-05-28,2417800000,1260800000,339400000,,48800000,34500000,0.04,638800000,155700000,207600000,,,53800000,200000000,3843600000,4961300000,4961300000,0,26944500000,18215800000,893300000,
MRVL,1835632,Information Technology,2026-05-21,10-Q,2026-05-28,,,,,,,,,,,,,,,,,,,,,,874800000
MRVL,1835632,Information Technology,2026-08-01,10-Q,2026-08-28,2739300000,1455600000,459700000,,70300000,308000000,0.33,,,,,,,,3932800000,4962900000,4962900000,0,27554600000,18531600000,921200000,
MRVL,1835632,Information Technology,2026-08-21,10-Q,2026-08-28,,,,,,,,,,,,,,,,,,,,,,876900000
MS,895421,Financials,2025-03-31,10-Q,2026-05-05,,,,5544000000,1173000000,4315000000,2.6,-23976000000,,539000000,865000000,,1616000000,,90739000000,296997000000,,,1300296000000,106812000000,1600000000,
MS,895421,Financials,2025-04-30,10-Q,2025-05-05,,,,,,,,,,,,,,,,,,,,,,1604319158
MS,895421,Financials,2025-06-30,10-Q,2026-08-04,,,,4622000000,1047000000,3539000000,2.13,,,,,,,,109130000000,320128000000,,,1353870000000,108184000000,1593000000,
MS,895421,Financials,2025-07-31,10-Q,2025-08-04,,,,,,,,,,,,,,,,,,,,,,1596335756
MS,895421,Financials,2025-09-30,10-Q,2025-11-03,,,,6028000000,1373000000,4610000000,2.8,,,,,,,,103734000000,324128000000,,,1364806000000,109962000000,1590000000,
MS,895421,Financials,2025-10-31,10-Q,2025-11-03,,,,,,,,,,,,,,,,,,,,,,1589309311
MS,895421,Financials,2025-12-31,10-K (Q4 derived: FY − 9M YTD),2026-02-19,,,,5760000000,1336000000,4397000000,2.6800000000000006,-2410000000,,469000000,1138000000,,1688000000,,111695000000,341681000000,,,1420270000000,111632000000,-2000000,
MS,895421,Financials,2026-01-31,10-K,2026-02-19,,,,,,,,,,,,,,,,,,,,,,1587860206
MS,895421,Financials,2026-03-31,10-Q,2026-05-05,,,,7011000000,1373000000,5567000000,3.43,-7098000000,,571000000,714000000,,1708000000,,133529000000,363010000000,,,1581418000000,114286000000,1576000000,
MS,895421,Financials,2026-04-30,10-Q,2026-05-05,,,,,,,,,,,,,,,,,,,,,,1577284817
MS,895421,Financials,2026-06-30,10-Q,2026-08-04,,,,7348000000,1695000000,5581000000,3.46,,,,,,,,160135000000,383156000000,,,1675057000000,116329000000,1569000000,
MS,895421,Financials,2026-07-31,10-Q,2026-08-04,,,,,,,,,,,,,,,,,,,,,,1570566292
MSCI,1408198,Financials,2025-03-31,10-Q,2026-04-21,,,377000000,331100000,42500000,288600000,3.71,301700000,11600000,40000000,4700000,,143800000,213100000,360671000,4546859000,4546859000,,5344374000,-958600000,77800000,
MSCI,1408198,Financials,2025-04-15,10-Q,2025-04-22,,,,,,,,,,,,,,,,,,,,,,77371495
MSCI,1408198,Financials,2025-06-30,10-Q,2026-07-21,,,425300000,377800000,74100000,303700000,3.92,,,,,,,,347318000,4513028000,4513028000,,5373676000,-886200000,77500000,
MSCI,1408198,Financials,2025-07-15,10-Q,2025-07-22,,,,,,,,,,,,,,,,,,,,,,77365235
MSCI,1408198,Financials,2025-09-30,10-Q,2025-10-28,,,447690000,396508000,71122000,325386000,4.25,,,,,,,,400089000,5507771000,5507771000,,5389140000,-1915975000,76579000,
MSCI,1408198,Financials,2025-10-21,10-Q,2025-10-28,,,,,,,,,,,,,,,,,,,,,,75139539
MSCI,1408198,Financials,2025-12-31,10-K (Q4 derived: FY − 9M YTD),2026-02-06,,,463620000,388838000,104169000,284669000,3.8200000000000003,501130000,12439000,25571000,7471000,,135135000,906822000,515300000,6202300000,6202300000,,5702500000,-2654500000,-654000,
MSCI,1408198,Financials,2026-01-30,10-K,2026-02-06,,,,,,,,,,,,,,,,,,,,,,73474042
MSCI,1408198,Financials,2026-03-31,10-Q,2026-04-21,,,456900000,389200000,-16800000,406000000,5.53,306800000,2800000,47700000,5900000,,150500000,414800000,385300000,6403800000,6403800000,,5545300000,-2774100000,73400000,
MSCI,1408198,Financials,2026-04-14,10-Q,2026-04-21,,,,,,,,,,,,,,,,,,,,,,72800000
MSCI,1408198,Financials,2026-06-30,10-Q,2026-07-21,,,487500000,417300000,75300000,342000000,4.69,,,,,,,,356400000,6380400000,6380400000,,5602500000,-2689500000,72900000,
MSCI,1408198,Financials,2026-07-14,10-Q,2026-07-21,,,,,,,,,,,,,,,,,,,,,,72700000
MSFT,789019,Information Technology,2025-03-31,10-Q,2026-04-29,,48147000000,32000000000,31377000000,5553000000,25824000000,3.46,37044000000,16745000000,2980000000,5800000000,,6169000000,4781000000,28828000000,42881000000,39882000000,2999000000,562624000000,321891000000,7461000000,
MSFT,789019,Information Technology,2025-04-24,10-Q,2025-04-30,,,,,,,,,,,,,,,,,,,,,,7432543865
MSFT,789019,Information Technology,2025-06-30,10-K (Q4 derived: FY − 9M YTD),2026-07-29,,52427000000,34323000000,32616000000,5383000000,27233000000,3.6500000000000004,42647000000,17079000000,3073000000,6300000000,,6169000000,4546000000,30242000000,43151000000,40152000000,2999000000,619003000000,343479000000,-1000000,
MSFT,789019,Information Technology,2025-07-24,10-K,2025-07-30,,,,,,,,,,,,,,,,,,,,,,7433166379
MSFT,789019,Information Technology,2025-09-30,10-Q,2025-10-29,,53630000000,37961000000,34301000000,6554000000,27747000000,3.72,45057000000,19394000000,2983000000,7100000000,,6169000000,5650000000,28849000000,43208000000,35376000000,7832000000,636351000000,363076000000,7466000000,
MSFT,789019,Information Technology,2025-10-23,10-Q,2025-10-29,,,,,,,,,,,,,,,,,,,,,,7432377655
MSFT,789019,Information Technology,2025-12-31,10-Q,2026-01-28,,55295000000,38275000000,48246000000,9788000000,38458000000,5.16,35758000000,29876000000,3219000000,7900000000,,6762000000,7415000000,24296000000,40262000000,35425000000,4837000000,665302000000,390875000000,7460000000,
MSFT,789019,Information Technology,2026-01-22,10-Q,2026-01-28,,,,,,,,,,,,,,,,,,,,,,7425629076
MSFT,789019,Information Technology,2026-03-31,10-Q,2026-04-29,,56058000000,38398000000,39340000000,7562000000,31778000000,4.27,46679000000,30876000000,3081000000,9000000000,,6756000000,4627000000,32105000000,40262000000,31423000000,8839000000,694228000000,414367000000,7445000000,
MSFT,789019,Information Technology,2026-04-23,10-Q,2026-04-29,,,,,,,,,,,,,,,,,,,,,,7428434704
MSFT,789019,Information Technology,2026-06-30,10-K (Q4 derived: FY − 9M YTD),2026-07-29,,60482000000,40603000000,44047000000,8281000000,35766000000,4.809999999999999,55441000000,35802000000,3122000000,10300000000,,6758000000,4579000000,20935000000,40294000000,31067000000,9227000000,758376000000,442387000000,-4000000,
MSFT,789019,Information Technology,2026-07-23,10-K,2026-07-29,,,,,,,,,,,,,,,,,,,,,,7425545491
MSI,68505,Information Technology,2025-03-29,10-Q,2026-05-07,,1300000000,582000000,547000000,115000000,430000000,2.53,510000000,37000000,66000000,81000000,69000000,182000000,325000000,1564000000,,5677000000,,14433000000,1641000000,169800000,
MSI,68505,Information Technology,2025-04-25,10-Q,2025-05-01,,,,,,,,,,,,,,,,,,,,,,166915805
MSI,68505,Information Technology,2025-06-28,10-Q,2026-08-05,,1413000000,692000000,680000000,165000000,513000000,3.04,,48000000,,,71000000,182000000,,3206000000,,7661000000,70000000,16412000000,1968000000,168800000,
MSI,68505,Information Technology,2025-08-01,10-Q,2025-08-07,,,,,,,,,,,,,,,,,,,,,,166603894
MSI,68505,Information Technology,2025-09-27,10-Q,2025-10-30,,1554000000,770000000,725000000,161000000,562000000,3.33,,66000000,,,103000000,182000000,,894000000,,8411000000,0,18799000000,2327000000,169000000,
MSI,68505,Information Technology,2025-10-24,10-Q,2025-10-30,,,,,,,,,,,,,,,,,,,,,,166554998
MSI,68505,Information Technology,2025-12-31,10-K (Q4 derived: FY − 9M YTD),2026-02-12,,1768000000,944000000,860000000,210000000,649000000,3.8599999999999994,1256000000,114000000,80000000,143000000,117000000,182000000,490000000,1165000000,,8413000000,0,19389000000,2410000000,-200000,
MSI,68505,Information Technology,2026-02-06,10-K,2026-02-12,,,,,,,,,,,,,,,,,,,,,,165658912
MSI,68505,Information Technology,2026-04-04,10-Q,2026-05-07,,1362000000,525000000,441000000,73000000,366000000,2.18,451000000,62000000,100000000,143000000,111000000,201000000,118000000,886000000,,8415000000,,19080000000,2544000000,168000000,
MSI,68505,Information Technology,2026-05-01,10-Q,2026-05-07,,,,,,,,,,,,,,,,,,,,,,165995582
MSI,68505,Information Technology,2026-07-04,10-Q,2026-08-05,,1678000000,809000000,742000000,184000000,557000000,3.33,,,,,109000000,201000000,,710000000,,8417000000,,19242000000,2672000000,167200000,
MSI,68505,Information Technology,2026-07-31,10-Q,2026-08-05,,,,,,,,,,,,,,,,,,,,,,165493788
MTB,36270,Financials,2025-03-31,10-Q,2026-05-05,,,,761000000,177000000,584000000,3.32,635000000,,,83000000,,225000000,656000000,,10496000000,,,210321000000,28991000000,165047000,
MTB,36270,Financials,2025-05-01,10-Q,2025-05-05,,,,,,,,,,,,,,,,,,,,,,160516041
MTB,36270,Financials,2025-06-30,10-Q,2026-08-04,,,,935000000,219000000,716000000,4.24,,,,,,,,,12380000000,,,211584000000,28525000000,160005000,
MTB,36270,Financials,2025-07-31,10-Q,2025-08-04,,,,,,,,,,,,,,,,,,,,,,156269291
MTB,36270,Financials,2025-09-30,10-Q,2025-10-27,,,,1025000000,233000000,792000000,4.82,,,,,,,,,12928000000,,,211277000000,28728000000,156553000,
MTB,36270,Financials,2025-10-23,10-Q,2025-10-27,,,,,,,,,,,,,,,,,,,,,,153690781
MTB,36270,Financials,2025-12-31,10-K (Q4 derived: FY − 9M YTD),2026-02-18,,,,971000000,212000000,759000000,4.66,523000000,,,80000000,,228000000,502000000,,10911000000,,,213510000000,29177000000,-1712000,
MTB,36270,Financials,2026-02-13,10-K,2026-02-18,,,,,,,,,,,,,,,,,,,,,,149000252
MTB,36270,Financials,2026-03-31,10-Q,2026-05-05,,,,863000000,199000000,664000000,4.13,1012000000,,,79000000,,227000000,1238000000,,11175000000,,,214736000000,27972000000,150109000,
MTB,36270,Financials,2026-04-30,10-Q,2026-05-05,,,,,,,,,,,,,,,,,,,,,,146445060
MTB,36270,Financials,2026-06-30,10-Q,2026-08-04,,,,1063000000,245000000,818000000,5.32,,,,,,,,,13568000000,,,219261000000,27946000000,146758000,
MTB,36270,Financials,2026-07-31,10-Q,2026-08-04,,,,,,,,,,,,,,,,,,,,,,144416262
MTD,1037646,Health Care,2024-03-31,10-Q,2025-05-02,925949000,548133000,,220547000,43038000,177509000,8.24,189987000,17391000,4722000,12522000,19232000,,212499000,,,1903574000,,3283117000,-158717000,21543313,21357370
MTD,1037646,Health Care,2024-06-30,10-Q,2025-08-01,946750000,565668000,,243177000,21363000,221814000,10.37,,,,12351000,18950000,,,70810000,1746638000,1746638000,311246000,3249164000,-152762000,21392550,
MTD,1037646,Health Care,2024-09-30,10-Q,2025-11-07,954535000,572467000,,258952000,47436000,211516000,9.96,,,,12836000,18599000,,,71574000,1891661000,1891661000,185824000,3319828000,-154353000,21242343,
MTD,1037646,Health Care,2024-12-31,10-K (Q4 derived: FY − 9M YTD),2026-02-06,1045127000,639315000,,314547000,62246000,252301000,11.929999999999996,266187000,41276000,6357000,12643000,17850000,,212500000,59362000,1831265000,1831265000,182623000,3239999000,-126890000,-75815,
MTD,1037646,Health Care,2025-01-22,10-K,2025-02-07,,,,,,,,,,,,,,,,,,,,,,20916459
MTD,1037646,Health Care,2025-03-31,10-Q,2026-05-08,883744000,525879000,,201942000,38355000,163587000,7.81,194449000,17255000,5139000,12464000,16653000,,218749000,,,1891240000,,3234679000,-181982000,20945188,20782786
MTD,1037646,Health Care,2025-06-30,10-Q,2026-07-31,983221000,579876000,,248657000,46309000,202348000,9.76,,,,12870000,16779000,,,61825000,2123735000,2123735000,60187000,3400465000,-258793000,20738699,20599040
MTD,1037646,Health Care,2025-09-30,10-Q,2025-11-07,1029699000,609456000,,269236000,51743000,217493000,10.57,,,,12715000,17695000,,,69065000,2146249000,2146249000,63609000,3521466000,-249198000,20571000,20428445
MTD,1037646,Health Care,2025-12-31,10-K (Q4 derived: FY − 9M YTD),2026-02-06,1129735000,675435000,,329074000,43309000,285765000,13.929999999999996,225585000,41504000,6485000,13092000,17388000,,143749000,66888000,2088241000,2088241000,63931000,3712646000,-23636000,-75242,
MTD,1037646,Health Care,2026-01-23,10-K,2026-02-06,,,,,,,,,,,,,,,,,,,,,,20325250
MTD,1037646,Health Care,2026-03-31,10-Q,2026-05-08,947127000,555816000,,209655000,40201000,169454000,8.33,139794000,17414000,5469000,13160000,17007000,,206250000,,,2161596000,,3668915000,-41883000,20338274,20207601
MTD,1037646,Health Care,2026-06-30,10-Q,2026-07-31,1027314000,650218000,,289401000,56502000,232899000,11.55,,,,13300000,17246000,,,51383000,2044673000,2044673000,67290000,3670944000,12823000,20166298,20036559
MU,723125,Information Technology,2025-02-27,10-Q,2026-03-19,,2963000000,1773000000,1758000000,177000000,1583000000,1.41,,,,2079000000,,,,7552000000,11541000000,,,73053000000,48633000000,1123000000,
MU,723125,Information Technology,2025-03-13,10-Q,2025-03-21,,,,,,,,,,,,,,,,,,,,,,1117571525
MU,723125,Information Technology,2025-05-29,10-Q,2026-06-25,,3508000000,2169000000,2113000000,235000000,1885000000,1.68,,,,2094000000,,,,10163000000,12434000000,,,78397000000,50748000000,1125000000,
MU,723125,Information Technology,2025-06-18,10-Q,2025-06-26,,,,,,,,,,,,,,,,,,,,,,1119125101
MU,723125,Information Technology,2025-08-28,10-K (Q4 derived: FY − 9M YTD),2025-10-03,,5054000000,3654000000,3631000000,429000000,3201000000,2.84,5730000000,5658000000,250000000,2149000000,,130000000,0,9642000000,11533000000,,,82798000000,54165000000,2000000,
MU,723125,Information Technology,2025-09-26,10-K,2025-10-03,,,,,,,,,,,,,,,,,,,,,,1122466035
MU,723125,Information Technology,2025-11-27,10-Q,2025-12-18,,7646000000,6136000000,6061000000,829000000,5240000000,4.6,8411000000,5389000000,290000000,2212000000,,134000000,300000000,9731000000,8844000000,,,85971000000,58806000000,1138000000,
MU,723125,Information Technology,2025-12-10,10-Q,2025-12-18,,,,,,,,,,,,,,,,,,,,,,1125509261
MU,723125,Information Technology,2026-02-26,10-Q,2026-03-19,,17755000000,16135000000,16160000000,2371000000,13785000000,12.07,,,,2286000000,,,,13908000000,,,,101509000000,72459000000,1142000000,
MU,723125,Information Technology,2026-03-11,10-Q,2026-03-19,,,,,,,,,,,,,,,,,,,,,,1127734051
MU,723125,Information Technology,2026-05-28,10-Q,2026-06-25,,35056000000,33318000000,33212000000,4978000000,28243000000,24.67,,,,2364000000,,,,24995000000,,,,134112000000,100724000000,1145000000,
MU,723125,Information Technology,2026-06-17,10-Q,2026-06-25,,,,,,,,,,,,,,,,,,,,,,1129393151
NCLH,1513761,Consumer Discretionary,2025-03-31,10-Q,2026-05-04,,,200942000,-41435000,-1140000,-40295000,-0.09,679221000,1525220000,20281000,250535000,,,,184359000,,,1121941000,21354343000,1416534000,441147186,
NCLH,1513761,Consumer Discretionary,2025-04-30,10-Q,2025-05-05,,,,,,,,,,,,,,,,,,,,,,446806727
NCLH,1513761,Consumer Discretionary,2025-06-30,10-Q,2026-08-03,,,423836000,30629000,637000,29992000,0.07,,,,,,,,184015000,,,1130228000,21595817000,1569570000,448033138,
NCLH,1513761,Consumer Discretionary,2025-07-31,10-Q,2025-08-04,,,,,,,,,,,,,,,,,,,,,,451937084
NCLH,1513761,Consumer Discretionary,2025-09-30,10-Q,2025-11-04,,,749449000,433636000,14341000,419295000,0.86,,,,,,,,166801000,,,876198000,22213369000,2193083000,495727378,
NCLH,1513761,Consumer Discretionary,2025-10-28,10-Q,2025-11-04,,,,,,,,,,,,,,,,,,,,,,455257489
NCLH,1513761,Consumer Discretionary,2025-12-31,10-K (Q4 derived: FY − 9M YTD),2026-03-02,,,186641000,5891000,-8363000,14254000,0.050000000000000044,459110000,437647000,23795000,374348000,,,,209893000,,,875899000,22541401000,2209888000,-27575131,
NCLH,1513761,Consumer Discretionary,2026-02-17,10-K,2026-03-02,,,,,,,,,,,,,,,,,,,,,,455545641
NCLH,1513761,Consumer Discretionary,2026-03-31,10-Q,2026-05-04,,,232943000,107659000,2993000,104666000,0.23,811451000,1436667000,23365000,281388000,,,,185047000,,,1175479000,23794853000,2431446000,466145101,
NCLH,1513761,Consumer Discretionary,2026-04-22,10-Q,2026-05-04,,,,,,,,,,,,,,,,,,,,,,459110140
NCLH,1513761,Consumer Discretionary,2026-06-30,10-Q,2026-08-03,,,363327000,225957000,3404000,222553000,0.48,,,,,,,,218100000,,,1141370000,24011710000,2572866000,463932441,
NCLH,1513761,Consumer Discretionary,2026-07-23,10-Q,2026-08-03,,,,,,,,,,,,,,,,,,,,,,459187846
NDAQ,1120193,Financials,2025-03-31,10-Q,2026-04-24,,1237000000,547000000,488000000,93000000,395000000,0.68,663000000,49000000,35000000,,,,115000000,690000000,8926000000,8926000000,,30647000000,11546000000,579982858,
NDAQ,1120193,Financials,2025-04-22,10-Q,2025-04-28,,,,,,,,,,,,,,,,,,,,,,574121620
NDAQ,1120193,Financials,2025-06-30,10-Q,2026-07-23,,1306000000,568000000,548000000,96000000,452000000,0.78,,,,,,,,732000000,8678000000,8678000000,,30383000000,11811000000,578981157,
NDAQ,1120193,Financials,2025-07-17,10-Q,2025-07-25,,,,,,,,,,,,,,,,,,,,,,573795242
NDAQ,1120193,Financials,2025-09-30,10-Q,2025-10-23,,1315000000,586000000,529000000,106000000,423000000,0.73,,,,,,,,470000000,8667000000,8667000000,,30654000000,12023000000,578977502,
NDAQ,1120193,Financials,2025-10-16,10-Q,2025-10-23,,,,,,,,,,,,,,,,,,,,,,570995433
NDAQ,1120193,Financials,2025-12-31,10-K (Q4 derived: FY − 9M YTD),2026-02-12,,1392000000,629000000,580000000,62000000,518000000,0.8999999999999999,625000000,89000000,43000000,,,,286000000,604000000,8573000000,8573000000,,31053000000,12227000000,-709709,
NDAQ,1120193,Financials,2026-02-03,10-K,2026-02-12,,,,,,,,,,,,,,,,,,,,,,568443856
NDAQ,1120193,Financials,2026-03-31,10-Q,2026-04-24,,1407000000,657000000,677000000,158000000,519000000,0.91,689000000,60000000,38000000,,,,548000000,515000000,8526000000,8526000000,,27301000000,12033000000,571746487,
NDAQ,1120193,Financials,2026-04-16,10-Q,2026-04-24,,,,,,,,,,,,,,,,,,,,,,565540798
NDAQ,1120193,Financials,2026-06-30,10-Q,2026-07-23,,1500000000,712000000,653000000,146000000,507000000,0.89,,,,,,,,520000000,8492000000,8492000000,,27341000000,11988000000,567750216,
NDAQ,1120193,Financials,2026-07-16,10-Q,2026-07-23,,,,,,,,,,,,,,,,,,,,,,558977372
NDSN,72331,Industrials,2025-04-30,10-Q,2026-05-21,,,168750000,138770000,26366000,112404000,1.97,,,,,,,,130157000,1996254000,2118739000,94794000,6062038000,2960304000,57038000,
NDSN,72331,Industrials,2025-05-27,10-Q,2025-05-29,,,,,,,,,,,,,,,,,,,,,,56508946
NDSN,72331,Industrials,2025-07-31,10-Q,2026-08-20,,,187767000,159124000,33340000,125784000,2.22,,,,,,,,147788000,1996254000,1785745000,336078000,6009713000,2981785000,56728000,
NDSN,72331,Industrials,2025-08-18,10-Q,2025-08-21,,,,,,,,,,,,,,,,,,,,,,56186303
NDSN,72331,Industrials,2025-10-31,10-K (Q4 derived: FY − 9M YTD),2025-12-17,,,214261000,182899000,31265000,151634000,2.6799999999999997,202911000,9058000,5689000,-33190000,,46061000,88173000,108442000,1996254000,1681254000,315000000,5917681000,3043571000,-168000,
NDSN,72331,Industrials,2025-11-30,10-K,2025-12-17,,,,,,,,,,,,,,,,,,,,,,55823516
NDSN,72331,Industrials,2026-01-31,10-Q,2026-02-19,,,166405000,164501000,31119000,133382000,2.38,140428000,17513000,4891000,36585000,,45786000,86001000,120392000,1984051000,1943182000,54312000,5960922000,3112106000,56127000,
NDSN,72331,Industrials,2026-02-18,10-Q,2026-02-19,,,,,,,,,,,,,,,,,,,,,,55783598
NDSN,72331,Industrials,2026-04-30,10-Q,2026-05-21,,,197203000,141174000,23858000,117316000,2.09,,,,,,,,102017000,1879952000,1836356000,50000000,5964418000,3202235000,56100000,
NDSN,72331,Industrials,2026-05-19,10-Q,2026-05-21,,,,,,,,,,,,,,,,,,,,,,55717948
NDSN,72331,Industrials,2026-07-31,10-Q,2026-08-20,,,223092000,185939000,33093000,152846000,2.73,,,,,,,,113431000,1731005000,1529005000,10000000,5947920000,3269059000,56027000,
NDSN,72331,Industrials,2026-08-18,10-Q,2026-08-20,,,,,,,,,,,,,,,,,,,,,,55699366
NEE,753308,Utilities,2024-01-31,10-K,2024-02-16,,,,,,,,,,,,,,,,,,,,,,2052429154
NEE,753308,Utilities,2024-03-31,10-Q,2025-04-23,,,2013000000,2164000000,227000000,2268000000,1.1,3077000000,,,898000000,,1058000000,,1642000000,,65868000000,6219000000,179950000000,48641000000,2055200000,2054532552
NEE,753308,Utilities,2024-06-30,10-Q,2025-07-23,,,1670000000,1232000000,-64000000,1622000000,0.79,,,,,,,,1551000000,,68494000000,7303000000,184724000000,49140000000,2058200000,2055353601
NEE,753308,Utilities,2024-09-30,10-Q,2025-10-28,,,2856000000,1596000000,5000000,1852000000,0.9,,,,,,,,2263000000,,66100000000,7557000000,186013000000,50051000000,2061400000,2056404540
NEE,753308,Utilities,2024-12-31,10-K (Q4 derived: FY − 9M YTD),2026-02-13,,,941000000,1044000000,171000000,1203000000,0.5800000000000001,1981000000,,,1513000000,,1059000000,,1487000000,,72385000000,8061000000,190144000000,50101000000,900000,
NEE,753308,Utilities,2025-01-31,10-K,2025-02-14,,,,,,,,,,,,,,,,,,,,,,2057026280
NEE,753308,Utilities,2025-03-31,10-Q,2026-04-23,,,2256000000,-57000000,-521000000,833000000,0.4,2769000000,,,1095000000,,1166000000,,2419000000,,79814000000,7642000000,194264000000,49812000000,2060700000,2058631107
NEE,753308,Utilities,2025-06-30,10-Q,2025-07-23,,,1911000000,1383000000,-256000000,2028000000,0.98,,,,,,,,1728000000,,82690000000,5705000000,198830000000,50797000000,2061300000,2059292588
NEE,753308,Utilities,2025-09-30,10-Q,2025-10-28,,,2527000000,1885000000,-250000000,2438000000,1.18,,,,,,,,2391000000,,84169000000,3591000000,204354000000,54181000000,2070600000,2082609684
NEE,753308,Utilities,2025-12-31,10-K (Q4 derived: FY − 9M YTD),2026-02-13,,,1586000000,1318000000,225000000,1535000000,0.73,2499000000,,,1616000000,,1181000000,,2812000000,,89556000000,3500000000,212721000000,54608000000,6300000,
NEE,753308,Utilities,2026-01-31,10-K,2026-02-13,,,,,,,,,,,,,,,,,,,,,,2083521964
NEE,753308,Utilities,2026-03-31,10-Q,2026-04-23,,,2208000000,1199000000,-489000000,2182000000,1.04,2614000000,,,1371000000,,1300000000,,1998000000,,93948000000,3837000000,221424000000,55222000000,2092400000,2085341456
NEM,1164727,Materials,2025-03-31,10-Q,2026-04-23,,,,2471000000,647000000,1891000000,1.68,2031000000,826000000,,593000000,,282000000,348000000,4698000000,7507000000,7507000000,0,55519000000,31248000000,1127000000,
NEM,1164727,Materials,2025-04-16,10-Q,2025-04-24,,,,,,,,,,,,,,,,,,,,,,1112996934
NEM,1164727,Materials,2025-06-30,10-Q,2026-07-23,,,,3118000000,1092000000,2061000000,1.85,,674000000,,620000000,,,,6185000000,7132000000,7132000000,0,55165000000,32112000000,1112000000,
NEM,1164727,Materials,2025-07-17,10-Q,2025-07-24,,,,,,,,,,,,,,,,,,,,,,1098449725
NEM,1164727,Materials,2025-09-30,10-Q,2025-10-23,,,,2507000000,787000000,1832000000,1.67,,727000000,,643000000,,,,5639000000,5180000000,5180000000,0,54690000000,33226000000,1100000000,
NEM,1164727,Materials,2025-10-16,10-Q,2025-10-23,,,,,,,,,,,,,,,,,,,,,,1091262981
NEM,1164727,Materials,2025-12-31,10-K (Q4 derived: FY − 9M YTD),2026-02-19,,,,3246000000,2070000000,1301000000,1.1899999999999995,3621000000,808000000,,665000000,,272000000,428000000,7647000000,5115000000,5115000000,0,57121000000,33867000000,-5000000,
NEM,1164727,Materials,2026-02-12,10-K,2026-02-19,,,,,,,,,,,,,,,,,,,,,,1087874212
NEM,1164727,Materials,2026-03-31,10-Q,2026-04-23,,,,4583000000,1404000000,3262000000,3,3785000000,641000000,,632000000,,282000000,1895000000,8775000000,5079000000,5079000000,,57670000000,34926000000,1087000000,
NEM,1164727,Materials,2026-04-16,10-Q,2026-04-23,,,,,,,,,,,,,,,,,,,,,,1067552764
NEM,1164727,Materials,2026-06-30,10-Q,2026-07-23,,,,2999000000,952000000,2202000000,2.06,,719000000,,604000000,,,,9009000000,5083000000,5083000000,,57641000000,35243000000,1067000000,
NEM,1164727,Materials,2026-07-16,10-Q,2026-07-23,,,,,,,,,,,,,,,,,,,,,,1053692271
NFLX,1065280,Communication Services,2023-09-30,10-Q,2024-10-18,8541668000,,1916394000,1909049000,231627000,1677422000,3.73,1992315000,103929000,79720000,90660000,175563000,,2500100000,7353245000,,13900754000,,49501786000,22107627000,450011000,437679669
NFLX,1065280,Communication Services,2023-12-31,10-K (Q4 derived: FY − 9M YTD),2026-01-23,8832825000,,1496109000,1148150000,210312000,937838000,-8.700000000000001,1663014000,81632000,82519000,86567000,175212000,,2500000000,7116913000,,14143417000,,48731992000,20588313000,4043647000,432759584
NFLX,1065280,Communication Services,2024-03-31,10-Q,2025-04-18,9370440000,,2632534000,2614579000,282370000,2332209000,5.28,2212522000,75714000,76345000,87234000,173314000,,2000000000,7024766000,,13217038000,,48827721000,21365410000,441654000,430964991
NFLX,1065280,Communication Services,2024-06-30,10-Q,2025-07-18,9559310000,,2602837000,2513856000,366550000,2147306000,4.88,1290847000,78287000,68766000,81227000,167986000,,1599998000,6624939000,,12180024000,,49098895000,22112693000,439739000,429164615
NFLX,1065280,Communication Services,2024-09-30,10-Q,2025-10-22,9824703000,,2909477000,2702954000,339445000,2363509000,5.4,2321101000,126863000,65650000,80914000,184830000,,1700000000,7457025000,,14160932000,,52281844000,22720736000,437898000,427458114
NFLX,1065280,Communication Services,2024-12-31,10-K (Q4 derived: FY − 9M YTD),2026-01-23,10246513000,,2272766000,2134268000,265661000,1868607000,-13.58,1536894000,158674000,61827000,79539000,,,963748000,7804733000,,13798351000,,53630374000,24743567000,3952851000,427757100
NFLX,1065280,Communication Services,2025-03-31,10-Q,2026-04-17,10542801000,,3346999000,3213726000,323375000,2890351000,0.66,2789199000,128277000,71977000,80067000,,,3536396000,7199848000,,14011037000,,52087644000,24028073000,4369623000,425683210
NFLX,1065280,Communication Services,2025-06-30,10-Q,2026-07-17,11079166000,,3774694000,3631675000,506262000,3125413000,0.72,2423258000,155889000,80862000,80013000,,,1654327000,8177405000,,14453206000,,53099664000,24951899000,4348825000,424926346
NFLX,1065280,Communication Services,2025-09-30,10-Q,2025-10-22,11510307000,,3248247000,3109410000,562494000,2546916000,5.87,2825174000,164719000,80986000,87326000,,,1856885000,9287287000,,14463020000,,54934835000,25954035000,434039000,423732334
NFLX,1065280,Communication Services,2025-12-31,10-K (Q4 derived: FY − 9M YTD),2026-01-23,12050762000,,2956663000,2767741000,349220000,2418521000,-17.14,2111642000,239335000,134624000,85983000,,,2079559000,9033681000,,13463971000,,55596993000,26615488000,3908579000,4222162150
NFLX,1065280,Communication Services,2026-03-31,10-Q,2026-04-17,12249757000,,3956997000,6547086000,1264295000,5282791000,1.23,5290205000,196130000,140405000,98575000,,,1270588000,12259772000,,13361331000,,61015914000,31126399000,4298437000,4212794271
NFLX,1065280,Communication Services,2026-06-30,10-Q,2026-07-17,12559938000,,4192610000,4068586000,667172000,3401414000,0.8,1743812000,218644000,131312000,100530000,,,4714403000,9099232000,,11825548000,,58450441000,30152052000,4261300000,4163939676
NI,1111711,Utilities,2025-03-31,10-Q,2026-05-06,,,759400000,632400000,105700000,474800000,1,686400000,637300000,,258600000,,132000000,,259400000,,,,33105100000,8896800000,472500000,
NI,1111711,Utilities,2025-04-30,10-Q,2025-05-07,,,,,,,,,,,,,,,,,,,,,,470702914
NI,1111711,Utilities,2025-06-30,10-Q,2026-08-05,,,262900000,124300000,23800000,102200000,0.22,,,,286700000,,,,335400000,,,,34028900000,8882500000,472100000,
NI,1111711,Utilities,2025-07-30,10-Q,2025-08-06,,,,,,,,,,,,,,,,,,,,,,470855009
NI,1111711,Utilities,2025-09-30,10-Q,2025-10-29,,,297500000,127600000,20600000,94700000,0.2,,,,306900000,,,,95000000,,,,34402900000,9118200000,473700000,
NI,1111711,Utilities,2025-10-22,10-Q,2025-10-29,,,,,,,,,,,,,,,,,,,,,,477195529
NI,1111711,Utilities,2025-12-31,10-K (Q4 derived: FY − 9M YTD),2026-02-11,,,515500000,332100000,53700000,257800000,0.53,712600000,846300000,,315400000,,134000000,,110100000,,,19700000,35858700000,9450100000,1700000,
NI,1111711,Utilities,2026-02-04,10-K,2026-02-11,,,,,,,,,,,,,,,,,,,,,,478533171
NI,1111711,Utilities,2026-03-31,10-Q,2026-05-06,,,819200000,642000000,85800000,507100000,1.06,442300000,805200000,,288300000,,149000000,,71900000,,,,36601000000,9658200000,480900000,
NI,1111711,Utilities,2026-04-29,10-Q,2026-05-06,,,,,,,,,,,,,,,,,,,,,,479439245
NI,1111711,Utilities,2026-06-30,10-Q,2026-08-05,,,228100000,47100000,10200000,45500000,0.09,,,,362200000,,,,70000000,,,,37543600000,9574600000,481200000,
NI,1111711,Utilities,2026-07-29,10-Q,2026-08-05,,,,,,,,,,,,,,,,,,,,,,479560100
NKE,320187,Consumer Discretionary,2023-08-31,10-Q,2024-10-07,12939000000,5720000000,,1648000000,198000000,1450000000,0.94,-66000000,253000000,196000000,,,524000000,1133000000,6178000000,,8929000000,0,36786000000,13971000000,1543300000,
NKE,320187,Consumer Discretionary,2023-11-30,10-Q,2025-01-03,13388000000,5971000000,,1922000000,344000000,1578000000,1.03,,,,,,,,7919000000,,8930000000,0,37203000000,14146000000,1532100000,
NKE,320187,Consumer Discretionary,2024-02-29,10-Q,2025-04-03,12429000000,5562000000,,1404000000,232000000,1172000000,0.77,,,,,,,,8960000000,,8930000000,0,37356000000,14226000000,1526500000,
NKE,320187,Consumer Discretionary,2024-05-31,10-K (Q4 derived: FY − 9M YTD),2026-07-15,12606000000,5634000000,,1726000000,226000000,1500000000,0.9899999999999998,2619000000,213000000,186000000,,,560000000,1036000000,9860000000,8903000000,7903000000,1000000000,38110000000,14430000000,-4300000,
NKE,320187,Consumer Discretionary,2024-08-31,10-Q,2025-10-01,11589000000,5257000000,,1307000000,256000000,1051000000,0.7,394000000,120000000,183000000,188000000,,558000000,1184000000,8485000000,,7998000000,1000000000,37867000000,13944000000,1502000000,
NKE,320187,Consumer Discretionary,2024-11-30,10-Q,2025-12-30,12354000000,5389000000,,1416000000,253000000,1163000000,0.78,,,,190000000,,,,7979000000,,7973000000,1000000000,37959000000,14037000000,1490000000,
NKE,320187,Consumer Discretionary,2025-02-28,10-Q,2026-04-01,11269000000,4675000000,,844000000,50000000,794000000,0.54,,,,198000000,,,,8601000000,,7956000000,1000000000,37793000000,14007000000,1480600000,
NKE,320187,Consumer Discretionary,2025-05-31,10-K (Q4 derived: FY − 9M YTD),2026-07-15,11097000000,4469000000,,318000000,107000000,211000000,0.14000000000000012,463000000,100000000,165000000,199000000,,591000000,199000000,7464000000,7961000000,7961000000,0,36579000000,13213000000,-3400000,
NKE,320187,Consumer Discretionary,2025-08-31,10-Q,2025-10-01,11720000000,4943000000,,922000000,195000000,727000000,0.49,222000000,207000000,185000000,190000000,,591000000,126000000,7024000000,,7996000000,,37334000000,13468000000,1479000000,
NKE,320187,Consumer Discretionary,2025-11-30,10-Q,2025-12-30,12427000000,5045000000,,999000000,207000000,792000000,0.53,,,,179000000,,,,6974000000,,7016000000,999000000,37787000000,14085000000,1481000000,
NKE,320187,Consumer Discretionary,2026-02-28,10-Q,2026-04-01,11279000000,4530000000,,650000000,130000000,520000000,0.35,,,,185000000,,,,6660000000,,7030000000,999000000,37064000000,14090000000,1481600000,
NKE,320187,Consumer Discretionary,2026-05-31,10-K (Q4 derived: FY − 9M YTD),2026-07-15,10972000000,5393000000,,1329000000,260000000,1069000000,0.7200000000000002,1637000000,138000000,160000000,193000000,,609000000,0,7563000000,7942000000,5942000000,2000000000,38410000000,14865000000,600000,
NOC,1133421,Industrials,2025-03-31,10-Q,2026-04-21,9468000000,,573000000,578000000,97000000,481000000,3.32,-1565000000,256000000,20000000,337000000,156000000,302000000,480000000,1685000000,,14167000000,605000000,48468000000,14984000000,144900000,
NOC,1133421,Industrials,2025-04-17,10-Q,2025-04-22,,,,,,,,,,,,,,,,,,,,,,143928185
NOC,1133421,Industrials,2025-06-30,10-Q,2026-07-21,10351000000,,1425000000,1427000000,253000000,1174000000,8.15,,231000000,,350000000,173000000,,,1899000000,,15160000000,551000000,49451000000,15471000000,144000000,
NOC,1133421,Industrials,2025-07-17,10-Q,2025-07-22,,,,,,,,,,,,,,,,,,,,,,143182982
NOC,1133421,Industrials,2025-09-30,10-Q,2025-10-21,10423000000,,1242000000,1323000000,223000000,1100000000,7.67,,301000000,,379000000,161000000,,,1957000000,,15162000000,533000000,49300000000,15988000000,143500000,
NOC,1133421,Industrials,2025-10-16,10-Q,2025-10-21,,,,,,,,,,,,,,,,,,,,,,142720067
NOC,1133421,Industrials,2025-12-31,10-K (Q4 derived: FY − 9M YTD),2026-01-27,11712000000,,1271000000,1740000000,313000000,1427000000,9.959999999999997,3897000000,662000000,54000000,406000000,175000000,329000000,456000000,4403000000,15696000000,15162000000,534000000,51377000000,16674000000,-300000,
NOC,1133421,Industrials,2026-01-22,10-K,2026-01-27,,,,,,,,,,,,,,,,,,,,,,141921621
NOC,1133421,Industrials,2026-03-31,10-Q,2026-04-21,9881000000,,989000000,1030000000,155000000,875000000,6.14,-1656000000,167000000,20000000,372000000,162000000,333000000,68000000,2090000000,,14411000000,758000000,50007000000,17115000000,142500000,
NOC,1133421,Industrials,2026-04-16,10-Q,2026-04-21,,,,,,,,,,,,,,,,,,,,,,142033476
NOC,1133421,Industrials,2026-06-30,10-Q,2026-07-21,10876000000,,1096000000,1168000000,74000000,1094000000,7.68,,,,367000000,161000000,,,2307000000,,14428000000,763000000,50763000000,17884000000,142400000,
NOC,1133421,Industrials,2026-07-16,10-Q,2026-07-21,,,,,,,,,,,,,,,,,,,,,,142063026
NOW,1373715,Information Technology,2024-04-30,10-Q,2024-05-06,,,,,,,,,,,,,,,,,,,,,,205000000
NOW,1373715,Information Technology,2024-06-30,10-Q,2025-07-24,,2075000000,240000000,334000000,72000000,262000000,1.26,,,,,,,,2159000000,,,,18207000000,8666000000,207799000,206000000
NOW,1373715,Information Technology,2024-09-30,10-Q,2025-10-30,,2213000000,418000000,516000000,84000000,432000000,2.07,,,,,,,,1885000000,,,,18434000000,9290000000,208552000,206000000
NOW,1373715,Information Technology,2024-12-31,10-K (Q4 derived: FY − 9M YTD),2026-01-29,,2326000000,374000000,463000000,79000000,384000000,-3.63,1635000000,253000000,454000000,154000000,,,296000000,2304000000,,,,20383000000,9609000000,834109000,
NOW,1373715,Information Technology,2025-01-23,10-K,2025-01-30,,,,,,,,,,,,,,,,,,,,,,206000000
NOW,1373715,Information Technology,2025-03-31,10-Q,2026-04-23,,2437000000,451000000,555000000,95000000,460000000,0.44,1677000000,205000000,470000000,160000000,,,298000000,3369000000,,,,20972000000,10139000000,1046852000,207000000
NOW,1373715,Information Technology,2025-06-30,10-Q,2026-07-23,,2491000000,358000000,471000000,86000000,385000000,0.37,,,,,,,,3124000000,,,,22051000000,10932000000,1046608000,208000000
NOW,1373715,Information Technology,2025-09-30,10-Q,2025-10-30,,2633000000,572000000,694000000,192000000,502000000,2.4,,,,,,,,2725000000,,,,21789000000,11301000000,209505000,208000000
NOW,1373715,Information Technology,2025-12-31,10-K (Q4 derived: FY − 9M YTD),2026-01-29,,2734000000,443000000,541000000,140000000,401000000,-4.76,2238000000,238000000,494000000,212000000,,,597000000,3726000000,1491000000,,,26038000000,12964000000,837321000,
NOW,1373715,Information Technology,2026-01-23,10-K,2026-01-29,,,,,,,,,,,,,,,,,,,,,,1046000000
NOW,1373715,Information Technology,2026-03-31,10-Q,2026-04-23,,2830000000,503000000,673000000,204000000,469000000,0.45,1670000000,141000000,547000000,258000000,,,2225000000,2702000000,,,,24381000000,11728000000,1039884000,1031000000
NOW,1373715,Information Technology,2026-06-30,10-Q,2026-07-23,,2818000000,162000000,438000000,140000000,298000000,0.29,,,,,,,,2503000000,5435000000,,,31666000000,12516000000,1034334000,1034000000
NRG,1013871,Utilities,2025-03-31,10-Q,2026-05-06,8585000000,,1134000000,985000000,235000000,750000000,3.61,855000000,217000000,29000000,326000000,,,314000000,693000000,,9812000000,997000000,24991000000,2777000000,203000000,
NRG,1013871,Utilities,2025-04-30,10-Q,2025-05-12,,,,,,,,,,,,,,,,,,,,,,195510428
NRG,1013871,Utilities,2025-06-30,10-Q,2026-08-04,6740000000,,0,-153000000,-49000000,-104000000,-0.62,,,,344000000,,,,180000000,,9812000000,1132000000,24088000000,2288000000,196000000,
NRG,1013871,Utilities,2025-07-31,10-Q,2025-08-06,,,,,,,,,,,,,,,,,,,,,,193430802
NRG,1013871,Utilities,2025-09-30,10-Q,2025-11-06,7635000000,,414000000,238000000,86000000,152000000,0.69,,,,360000000,,,,732000000,,11155000000,777000000,23971000000,1970000000,195000000,
NRG,1013871,Utilities,2025-10-31,10-Q,2025-11-06,,,,,,,,,,,,,,,,,,,,,,191639408
NRG,1013871,Utilities,2025-12-31,10-K (Q4 derived: FY − 9M YTD),2026-02-24,7753000000,,297000000,64000000,-2000000,66000000,0.2899999999999996,123000000,298000000,51000000,376000000,,,353000000,4708000000,16576000000,16412000000,31000000,29140000000,1681000000,-2000000,
NRG,1013871,Utilities,2026-01-31,10-K,2026-02-24,,,,,,,,,,,,,,,,,,,,,,214677543
NRG,1013871,Utilities,2026-03-31,10-Q,2026-05-06,10256000000,,328000000,83000000,-42000000,125000000,0.52,-169000000,317000000,41000000,432000000,,,481000000,178000000,23181000000,19779000000,3375000000,40053000000,4874000000,208000000,
NRG,1013871,Utilities,2026-04-30,10-Q,2026-05-06,,,,,,,,,,,,,,,,,,,,,,210986470
NRG,1013871,Utilities,2026-06-30,10-Q,2026-08-04,7481000000,,976000000,663000000,157000000,506000000,2.31,,,,494000000,,,,162000000,23392000000,,1512000000,39940000000,4855000000,212000000,
NRG,1013871,Utilities,2026-07-31,10-Q,2026-08-04,,,,,,,,,,,,,,,,,,,,,,210210483
NSC,702165,Industrials,2024-03-31,10-Q,2025-04-23,,,213000000,30000000,-23000000,53000000,0.23,839000000,557000000,19000000,337000000,201000000,305000000,0,652000000,,,,42128000000,12536000000,226200000,225914028
NSC,702165,Industrials,2024-06-30,10-Q,2025-07-29,,,1131000000,944000000,207000000,737000000,3.25,,,13000000,,,,,659000000,,,,42558000000,12979000000,226400000,226096433
NSC,702165,Industrials,2024-09-30,10-Q,2025-10-23,,,1596000000,1427000000,328000000,1099000000,4.85,,,-5000000,,,,,975000000,,,,43255000000,13785000000,226500000,226239662
NSC,702165,Industrials,2024-12-31,10-K (Q4 derived: FY − 9M YTD),2026-02-09,,,1131000000,928000000,195000000,733000000,3.2300000000000004,951000000,675000000,13000000,342000000,,306000000,0,1641000000,,,555000000,43682000000,14306000000,100000,
NSC,702165,Industrials,2025-01-31,10-K,2025-02-10,,,,,,,,,,,,,,,,,,,,,,226434128
NSC,702165,Industrials,2025-03-31,10-Q,2026-04-24,,,1146000000,978000000,228000000,750000000,3.31,950000000,449000000,18000000,346000000,,306000000,248000000,1006000000,,,,43800000000,14511000000,226500000,225443501
NSC,702165,Industrials,2025-06-30,10-Q,2026-07-23,,,1175000000,998000000,230000000,768000000,3.41,,,17000000,,,,,1303000000,,,,44155000000,14787000000,225200000,224614894
NSC,702165,Industrials,2025-09-30,10-Q,2025-10-23,,,1098000000,924000000,213000000,711000000,3.16,,,17000000,,,,,1418000000,,,,44580000000,15141000000,224700000,224386617
NSC,702165,Industrials,2025-12-31,10-K (Q4 derived: FY − 9M YTD),2026-02-09,,,937000000,765000000,121000000,644000000,2.869999999999999,1063000000,729000000,11000000,353000000,,303000000,0,1530000000,,,607000000,45236000000,15547000000,-200000,
NSC,702165,Industrials,2026-01-31,10-K,2026-02-09,,,,,,,,,,,,,,,,,,,,,,224572025
NSC,702165,Industrials,2026-03-31,10-Q,2026-04-24,,,877000000,715000000,168000000,547000000,2.43,344000000,382000000,25000000,352000000,,303000000,5000000,1341000000,,,,45113000000,15804000000,225000000,224594001
NSC,702165,Industrials,2026-06-30,10-Q,2026-07-23,,,1124000000,959000000,225000000,734000000,3.26,,,24000000,,,,,1069000000,,,,45122000000,16253000000,225000000,224608373
NTAP,1002047,Information Technology,2025-04-25,10-K (Q4 derived: FY − 9M YTD),2026-06-05,,1193000000,348000000,354000000,14000000,340000000,1.6399999999999997,675000000,35000000,95000000,,,105000000,250000000,2742000000,3235000000,2485000000,750000000,10823000000,1040000000,-1000000,
NTAP,1002047,Information Technology,2025-05-29,10-K,2025-06-09,,,,,,,,,,,,,,,,,,,,,,200366162
NTAP,1002047,Information Technology,2025-07-25,10-Q,2026-09-02,1398000000,1098000000,309000000,304000000,71000000,233000000,1.15,673000000,53000000,83000000,,,104000000,300000000,2085000000,2485000000,2485000000,0,9679000000,975000000,203000000,
NTAP,1002047,Information Technology,2025-08-22,10-Q,2025-08-27,,,,,,,,,,,,,,,,,,,,,,199618386
NTAP,1002047,Information Technology,2025-10-24,10-Q,2025-11-25,,1227000000,399000000,393000000,88000000,305000000,1.51,,,,,,,,2072000000,2486000000,2486000000,0,9630000000,986000000,202000000,
NTAP,1002047,Information Technology,2025-11-21,10-Q,2025-11-25,,,,,,,,,,,,,,,,,,,,,,198060348
NTAP,1002047,Information Technology,2026-01-23,10-Q,2026-02-26,,1209000000,434000000,433000000,99000000,334000000,1.67,,,,,,,,1629000000,2486000000,2486000000,0,9971000000,1158000000,200000000,
NTAP,1002047,Information Technology,2026-02-20,10-Q,2026-02-26,,,,,,,,,,,,,,,,,,,,,,197330400
NTAP,1002047,Information Technology,2026-04-24,10-K (Q4 derived: FY − 9M YTD),2026-06-05,,1365000000,532000000,518000000,114000000,404000000,2.0299999999999994,950000000,50000000,100000000,,,103000000,200000000,2070000000,2487000000,2487000000,0,10744000000,1351000000,-1000000,
NTAP,1002047,Information Technology,2026-05-28,10-K,2026-06-05,,,,,,,,,,,,,,,,,,,,,,195919927
NTAP,1002047,Information Technology,2026-07-31,10-Q,2026-09-02,1819000000,1419000000,484000000,484000000,109000000,375000000,1.88,503000000,102000000,98000000,,,102000000,200000000,1573000000,2488000000,1938000000,550000000,10955000000,1495000000,200000000,
NTAP,1002047,Information Technology,2026-08-28,10-Q,2026-09-02,,,,,,,,,,,,,,,,,,,,,,196419005
NTRS,73124,Financials,2024-03-31,10-Q,2025-04-30,,,,290600000,75900000,214700000,0.96,-1452600000,14300000,66400000,170300000,1917500000,153600000,132000000,5308700000,,,,156111000000,12101800000,205134845,204591724
NTRS,73124,Financials,2024-06-30,10-Q,2025-07-30,,,,1173600000,277500000,896100000,4.34,,,17000000,,,,,6567000000,,,,156797100000,12655800000,203738670,201637855
NTRS,73124,Financials,2024-09-30,10-Q,2025-10-30,,,,601100000,136200000,464900000,2.22,,,14700000,,,,,6871700000,,,,155753800000,12749000000,200549063,198218483
NTRS,73124,Financials,2024-12-31,10-K (Q4 derived: FY − 9M YTD),2026-02-24,,,,594200000,138800000,455400000,2.26,-2634800000,40700000,21300000,182900000,,147600000,253600000,4677200000,,,,155508400000,12788400000,-1261295,
NTRS,73124,Financials,2025-01-31,10-K,2025-02-24,,,,,,,,,,,,,,,,,,,,,,195697744
NTRS,73124,Financials,2025-03-31,10-Q,2026-04-30,,,,521400000,129400000,392000000,1.9,2749800000,12400000,71900000,190700000,,146100000,287200000,4368700000,,,,165071200000,12878500000,196124971,194538575
NTRS,73124,Financials,2025-06-30,10-Q,2026-07-30,,,,564800000,143500000,421300000,2.13,,,18200000,,,,,6423400000,,,,171883600000,12866500000,193374888,191233304
NTRS,73124,Financials,2025-09-30,10-Q,2025-10-30,,,,619500000,161900000,457600000,2.29,,,17600000,,,,,5346200000,,,,170263300000,12956000000,191000562,189117369
NTRS,73124,Financials,2025-12-31,10-K (Q4 derived: FY − 9M YTD),2026-02-24,,,,633800000,167800000,466000000,2.42,388400000,32800000,18800000,196900000,,149600000,369900000,5873100000,,,,177132700000,12957900000,-1234844,
NTRS,73124,Financials,2026-01-31,10-K,2026-02-24,,,,,,,,,,,,,,,,,,,,,,185827803
NTRS,73124,Financials,2026-03-31,10-Q,2026-04-30,,,,700600000,175100000,525500000,2.71,-320000000,9400000,74300000,197100000,,148500000,358900000,5816000000,,,,174574300000,12987300000,186538735,185047258
NTRS,73124,Financials,2026-06-30,10-Q,2026-07-30,,,,1064700000,272500000,792200000,,,,52800000,,,,,5736900000,,,,179297200000,13401600000,184889944,182955653
NUE,73309,Materials,2024-03-30,10-Q,2024-05-08,8137083000,1523000000,,1225000000,266000000,845000000,3.46,460000000,670000000,21000000,257000000,43000000,134000000,1001000000,4557759000,,,,33932525000,20693713000,243500000,239761770
NUE,73309,Materials,2024-06-29,10-Q,2024-08-07,8077172000,1194000000,,898000000,186000000,645000000,2.68,,,,271000000,67000000,,,4638978000,,,,34185225000,20723525000,240000000,237338008
NUE,73309,Materials,2024-09-28,10-Q,2024-11-06,7444160000,758000000,,389000000,86000000,250000000,1.05,,,,281000000,65000000,,,4262799000,,,,34346191000,20472858000,236800000,234812916
NUE,73309,Materials,2024-12-31,10-K,2025-02-27,,627000000,,390000000,45000000,287000000,1.22,733000000,879000000,18000000,285000000,52000000,128000000,316000000,3558000000,,,1025000000,33940000000,20294000000,-1300000,
NUE,73309,Materials,2025-02-20,10-K,2025-02-27,,,,,,,,,,,,,,,,,,,,,,230535835
NUE,73309,Materials,2025-04-05,10-Q,2026-05-13,,,,285000000,59000000,156000000,0.67,364000000,859000000,26000000,303000000,51000000,129000000,300000000,3156000000,,,,34699000000,20069000000,232900000,230750506
NUE,73309,Materials,2025-07-05,10-Q,2026-08-12,,,,899000000,193000000,603000000,2.6,,,,303000000,49000000,,,1946000000,,,,34217000000,20389000000,230800000,229535447
NUE,73309,Materials,2025-10-04,10-Q,2025-11-12,,,,883000000,200000000,607000000,2.63,,,,304000000,38000000,,,2221000000,,,,34776000000,20770000000,230200000,228858659
NUE,73309,Materials,2025-12-31,10-K (Q4 derived: FY − 9M YTD),2026-02-25,,,,501000000,78000000,378000000,1.6399999999999997,799000000,802000000,31000000,316000000,32000000,127000000,100000000,2260000000,,,66000000,35104000000,20936000000,-400000,
NUE,73309,Materials,2026-02-18,10-K,2026-02-25,,,,,,,,,,,,,,,,,,,,,,227774615
NUE,73309,Materials,2026-04-04,10-Q,2026-05-13,,,,1096000000,226000000,743000000,3.23,886000000,661000000,30000000,321000000,39000000,129000000,125000000,2226000000,,,,35635000000,21453000000,229300000,227740950
NUE,73309,Materials,2026-07-04,10-Q,2026-08-12,,,,1625000000,345000000,1156000000,5.04,,,,320000000,36000000,,,2478000000,,,,36954000000,22109000000,228500000,226875676
NVDA,1045810,Information Technology,2025-04-27,10-Q,2026-05-20,44062000000,26668000000,21638000000,21910000000,3135000000,18775000000,0.76,27414000000,,1474000000,611000000,,244000000,14095000000,15234000000,8464000000,8464000000,,125254000000,83843000000,24611000000,
NVDA,1045810,Information Technology,2025-05-23,10-Q,2025-05-28,,,,,,,,,,,,,,,,,,,,,,24400000000
NVDA,1045810,Information Technology,2025-07-27,10-Q,2026-08-26,46743000000,33853000000,28440000000,31206000000,4784000000,26422000000,1.08,,,,,,244000000,,11639000000,8466000000,8466000000,,140740000000,100131000000,24532000000,
NVDA,1045810,Information Technology,2025-08-22,10-Q,2025-08-27,,,,,,,,,,,,,,,,,,,,,,24300000000
NVDA,1045810,Information Technology,2025-10-26,10-Q,2025-11-19,57006000000,41849000000,36010000000,37936000000,6026000000,31910000000,1.3,,,,,,,,11486000000,8467000000,7468000000,999000000,161148000000,118897000000,24483000000,
NVDA,1045810,Information Technology,2025-11-14,10-Q,2025-11-19,,,,,,,,,,,,,,,,,,,,,,24300000000
NVDA,1045810,Information Technology,2026-01-25,10-K (Q4 derived: FY − 9M YTD),2026-02-25,68127000000,51093000000,44299000000,50398000000,7438000000,42960000000,1.7600000000000002,36188000000,,1633000000,812000000,,242000000,3815000000,10605000000,8468000000,7469000000,999000000,206803000000,157293000000,-28000000,
NVDA,1045810,Information Technology,2026-02-20,10-K,2026-02-25,,,,,,,,,,,,,,,,,,,,,,24300000000
NVDA,1045810,Information Technology,2026-04-26,10-Q,2026-05-20,81615000000,61157000000,53536000000,69903000000,11582000000,58321000000,2.39,50344000000,,1928000000,997000000,,243000000,19312000000,13237000000,8470000000,7470000000,1000000000,259474000000,195474000000,24391000000,
NVDA,1045810,Information Technology,2026-05-15,10-Q,2026-05-20,,,,,,,,,,,,,,,,,,,,,,24200000000
NVDA,1045810,Information Technology,2026-07-26,10-Q,2026-08-26,96221000000,72142000000,63734000000,71507000000,11819000000,59688000000,2.46,,,,,,6000000000,,22443000000,33366000000,32366000000,1000000000,320272000000,228984000000,24285000000,
NVDA,1045810,Information Technology,2026-08-21,10-Q,2026-08-26,,,,,,,,,,,,,,,,,,,,,,24100000000
NVR,906163,Consumer Discretionary,2025-03-31,10-Q,2026-05-06,2403032000,,,,102428000,299576000,94.83,207781000,7059000,18527000,5782000,7454000,,583394000,,,,,6195533000,3954664000,3159009,
NVR,906163,Consumer Discretionary,2025-04-30,10-Q,2025-05-05,,,,,,,,,,,,,,,,,,,,,,2923831
NVR,906163,Consumer Discretionary,2025-06-30,10-Q,2026-08-05,2598814000,,,,113396000,333737000,108.54,,,17813000,,,,,,,,,5939339000,3845131000,3074869,
NVR,906163,Consumer Discretionary,2025-07-31,10-Q,2025-08-06,,,,,,,,,,,,,,,,,,,,,,2869801
NVR,906163,Consumer Discretionary,2025-09-30,10-Q,2025-11-05,2609505000,,,,101385000,342688000,112.33,,,,,,,,,,,,6035458000,3966762000,3050720,
NVR,906163,Consumer Discretionary,2025-10-31,10-Q,2025-11-05,,,,,,,,,,,,,,,,,,,,,,2839432
NVR,906163,Consumer Discretionary,2025-12-31,10-K (Q4 derived: FY − 9M YTD),2026-02-11,2712608000,,,,104907000,363815000,121.22000000000003,439728000,3700000,15518000,6943000,,,502104000,,,,,5856930000,3864869000,-26084,
NVR,906163,Consumer Discretionary,2026-02-09,10-K,2026-02-11,,,,,,,,,,,,,,,,,,,,,,2793760
NVR,906163,Consumer Discretionary,2026-03-31,10-Q,2026-05-06,1881063000,,,,53335000,198359000,67.76,339686000,4871000,13287000,6742000,,,631956000,,,,,5585778000,3494034000,2927581,
NVR,906163,Consumer Discretionary,2026-04-30,10-Q,2026-05-06,,,,,,,,,,,,,,,,,,,,,,2699292
NVR,906163,Consumer Discretionary,2026-06-30,10-Q,2026-08-05,2326356000,,,,82183000,236458000,83.96,,,19293000,,,,,,,,,5470620000,3391196000,2816295,
NVR,906163,Consumer Discretionary,2026-07-31,10-Q,2026-08-05,,,,,,,,,,,,,,,,,,,,,,2664860
NWS,1564708,Communication Services,2023-09-30,10-K,2025-08-06,2031000000,,,95000000,37000000,30000000,0.05,-55000000,124000000,,171000000,,28000000,29000000,1529000000,2970000000,2909000000,61000000,16475000000,7892000000,574100000,
NWS,1564708,Communication Services,2023-12-31,10-K,2025-08-06,2135000000,,,291000000,97000000,156000000,0.27,,,,110000000,,,,1707000000,3042000000,2984000000,58000000,16681000000,8182000000,573500000,
NWS,1564708,Communication Services,2024-03-31,10-K,2025-08-06,1994000000,,,96000000,32000000,30000000,0.05,,,,114000000,,,,1927000000,2900000000,2844000000,56000000,16544000000,8051000000,573600000,
NWS,1564708,Communication Services,2024-06-30,10-K,2025-08-06,2092000000,,,110000000,43000000,50000000,0.09,254000000,111000000,,115000000,,57000000,34000000,1872000000,2102000000,2093000000,9000000,16684000000,8120000000,-200000,
NWS,1564708,Communication Services,2024-09-30,10-Q,2025-11-07,2096000000,,,210000000,61000000,119000000,0.21,64000000,75000000,,112000000,,35000000,38000000,1763000000,2900000000,2706000000,194000000,16927000000,8253000000,571200000,
NWS,1564708,Communication Services,2024-12-31,10-Q,2026-02-06,2238000000,,,430000000,124000000,215000000,0.38,,,,113000000,,,,1751000000,1967000000,1948000000,19000000,16161000000,8149000000,570100000,
NWS,1564708,Communication Services,2025-03-31,10-Q,2026-05-08,2009000000,,,151000000,44000000,103000000,0.18,,,,114000000,,,,2095000000,1965000000,1943000000,22000000,16580000000,8203000000,569500000,
NWS,1564708,Communication Services,2025-06-30,10-K,2025-08-06,2109000000,,,132000000,46000000,743000000,1.31,,157000000,,120000000,,57000000,36000000,2403000000,1962000000,1937000000,25000000,15504000000,8774000000,-400000,
NWS,1564708,Communication Services,2025-09-30,10-Q,2025-11-07,2144000000,,,212000000,62000000,112000000,0.2,,81000000,,117000000,,47000000,92000000,2198000000,1956000000,1931000000,25000000,15343000000,8704000000,566900000,
NWS,1564708,Communication Services,2025-12-31,10-Q,2026-02-06,2362000000,,,367000000,125000000,193000000,0.34,,,,118000000,,,,2051000000,1951000000,1926000000,25000000,15510000000,8792000000,562000000,
NWS,1564708,Communication Services,2026-03-31,10-Q,2026-05-08,2185000000,,,189000000,68000000,89000000,0.16,,,,122000000,,,,2171000000,1988000000,1988000000,0,15516000000,8584000000,555700000,
NWS,1564708,Communication Services,2026-06-30,10-K (Q4 derived: FY − 9M YTD),2026-08-07,2337000000,,,278000000,48000000,179000000,0.33000000000000007,,146000000,,128000000,,55000000,185000000,2095000000,1989000000,1989000000,0,15544000000,8526000000,-3100000,
NWSA,1564708,Communication Services,2023-09-30,10-K,2025-08-06,2031000000,,,95000000,37000000,30000000,0.05,-55000000,124000000,,171000000,,28000000,29000000,1529000000,2970000000,2909000000,61000000,16475000000,7892000000,574100000,
NWSA,1564708,Communication Services,2023-12-31,10-K,2025-08-06,2135000000,,,291000000,97000000,156000000,0.27,,,,110000000,,,,1707000000,3042000000,2984000000,58000000,16681000000,8182000000,573500000,
NWSA,1564708,Communication Services,2024-03-31,10-K,2025-08-06,1994000000,,,96000000,32000000,30000000,0.05,,,,114000000,,,,1927000000,2900000000,2844000000,56000000,16544000000,8051000000,573600000,
NWSA,1564708,Communication Services,2024-06-30,10-K,2025-08-06,2092000000,,,110000000,43000000,50000000,0.09,254000000,111000000,,115000000,,57000000,34000000,1872000000,2102000000,2093000000,9000000,16684000000,8120000000,-200000,
NWSA,1564708,Communication Services,2024-09-30,10-Q,2025-11-07,2096000000,,,210000000,61000000,119000000,0.21,64000000,75000000,,112000000,,35000000,38000000,1763000000,2900000000,2706000000,194000000,16927000000,8253000000,571200000,
NWSA,1564708,Communication Services,2024-12-31,10-Q,2026-02-06,2238000000,,,430000000,124000000,215000000,0.38,,,,113000000,,,,1751000000,1967000000,1948000000,19000000,16161000000,8149000000,570100000,
NWSA,1564708,Communication Services,2025-03-31,10-Q,2026-05-08,2009000000,,,151000000,44000000,103000000,0.18,,,,114000000,,,,2095000000,1965000000,1943000000,22000000,16580000000,8203000000,569500000,
NWSA,1564708,Communication Services,2025-06-30,10-K,2025-08-06,2109000000,,,132000000,46000000,743000000,1.31,,157000000,,120000000,,57000000,36000000,2403000000,1962000000,1937000000,25000000,15504000000,8774000000,-400000,
NWSA,1564708,Communication Services,2025-09-30,10-Q,2025-11-07,2144000000,,,212000000,62000000,112000000,0.2,,81000000,,117000000,,47000000,92000000,2198000000,1956000000,1931000000,25000000,15343000000,8704000000,566900000,
NWSA,1564708,Communication Services,2025-12-31,10-Q,2026-02-06,2362000000,,,367000000,125000000,193000000,0.34,,,,118000000,,,,2051000000,1951000000,1926000000,25000000,15510000000,8792000000,562000000,
NWSA,1564708,Communication Services,2026-03-31,10-Q,2026-05-08,2185000000,,,189000000,68000000,89000000,0.16,,,,122000000,,,,2171000000,1988000000,1988000000,0,15516000000,8584000000,555700000,
NWSA,1564708,Communication Services,2026-06-30,10-K (Q4 derived: FY − 9M YTD),2026-08-07,2337000000,,,278000000,48000000,179000000,0.33000000000000007,,146000000,,128000000,,55000000,185000000,2095000000,1989000000,1989000000,0,15544000000,8526000000,-3100000,
NXPI,1413447,Information Technology,2024-12-31,10-K (Q4 derived: FY − 9M YTD),2026-02-19,3111000000,1678000000,675000000,584000000,77000000,495000000,1.9300000000000006,391000000,130000000,117000000,259000000,100000000,258000000,455000000,3292000000,10420000000,10354000000,500000000,24385000000,9183000000,-578000,
NXPI,1413447,Information Technology,2025-02-14,10-K,2025-02-20,,,,,,,,,,,,,,,,,,,,,,253620117
NXPI,1413447,Information Technology,2025-03-30,10-Q,2026-04-28,2835000000,1560000000,723000000,631000000,130000000,490000000,1.92,565000000,139000000,127000000,209000000,106000000,258000000,303000000,3988000000,,,,25180000000,9322000000,255018000,
NXPI,1413447,Information Technology,2025-04-25,10-Q,2025-04-29,,,,,,,,,,,,,,,,,,,,,,252628698
NXPI,1413447,Information Technology,2025-06-29,10-Q,2025-07-24,2926000000,1562000000,687000000,601000000,116000000,445000000,1.75,,,,207000000,115000000,,,3170000000,,,,25250000000,9569000000,253844000,
NXPI,1413447,Information Technology,2025-07-18,10-Q,2025-07-24,,,,,,,,,,,,,,,,,,,,,,252114595
NXPI,1413447,Information Technology,2025-09-28,10-Q,2025-10-28,3173000000,1787000000,893000000,795000000,148000000,631000000,2.48,,,,201000000,118000000,,,3454000000,,,,26354000000,10045000000,254310000,
NXPI,1413447,Information Technology,2025-10-24,10-Q,2025-10-28,,,,,,,,,,,,,,,,,,,,,,251674471
NXPI,1413447,Information Technology,2025-12-31,10-K (Q4 derived: FY − 9M YTD),2026-02-19,3335000000,1807000000,744000000,636000000,131000000,455000000,1.79,891000000,98000000,100000000,215000000,127000000,254000000,338000000,3267000000,11040000000,10972000000,1250000000,26560000000,10056000000,-70000,
NXPI,1413447,Information Technology,2026-02-10,10-K,2026-02-19,,,,,,,,,,,,,,,,,,,,,,252692845
NXPI,1413447,Information Technology,2026-03-29,10-Q,2026-04-28,3181000000,1788000000,1505000000,1409000000,272000000,1122000000,4.43,793000000,79000000,109000000,179000000,114000000,256000000,102000000,3708000000,,,,27113000000,10927000000,253525000,
NXPI,1413447,Information Technology,2026-04-24,10-Q,2026-04-28,,,,,,,,,,,,,,,,,,,,,,252471079
O,726728,Real Estate,2025-03-31,10-Q,2026-05-07,1380505000,,,267119000,15657000,249815000,0.28,787516000,22900000,5899000,608935000,,711824000,0,319007000,,,,69757696000,39031261000,892351000,
O,726728,Real Estate,2025-05-02,10-Q,2025-05-06,,,,,,,,,,,,,,,,,,,,,,903079947
O,726728,Real Estate,2025-06-30,10-Q,2026-08-06,1410378000,,,223076000,24065000,196919000,0.22,,,,647849000,,,,800447000,,,,71424073000,39153106000,903716000,
O,726728,Real Estate,2025-08-01,10-Q,2025-08-07,,,,,,,,,,,,,,,,,,,,,,914306087
O,726728,Real Estate,2025-09-30,10-Q,2025-11-04,1470552000,,,341498000,23824000,315771000,0.35,,,,631981000,,,,417173000,,,,71278982000,39050597000,915187000,
O,726728,Real Estate,2025-10-30,10-Q,2025-11-04,,,,,,,,,,,,,,,,,,,,,,919905765
O,726728,Real Estate,2025-12-31,10-K (Q4 derived: FY − 9M YTD),2026-02-25,1487942000,,,323436000,21800000,296085000,0.32999999999999996,1203434000,49435000,9042000,635435000,,743762000,,434842000,,,,72795612000,39438695000,4324000,
O,726728,Real Estate,2026-02-20,10-K,2026-02-25,,,,,,,,,,,,,,,,,,,,,,932440218
O,726728,Real Estate,2026-03-31,10-Q,2026-05-07,1548727000,,,347130000,26195000,,0.33,874502000,26314000,11383000,630275000,,758032000,101909000,373543000,,,,74554704000,39147485000,934446000,
O,726728,Real Estate,2026-04-30,10-Q,2026-05-07,,,,,,,,,,,,,,,,,,,,,,932492530
O,726728,Real Estate,2026-06-30,10-Q,2026-08-06,1547711000,,,396321000,25808000,,0.37,,,,644677000,,,,552648000,,,,76441475000,39549557000,934662000,
O,726728,Real Estate,2026-07-30,10-Q,2026-08-06,,,,,,,,,,,,,,,,,,,,,,946218033
ODFL,878927,Industrials,2025-03-31,10-Q,2026-05-06,1374858000,,338055000,338644000,83984000,254660000,1.19,336519000,88149000,,89132000,2000,,201077000,97198000,,,20000000,5491294000,4235324000,213484000,
ODFL,878927,Industrials,2025-05-02,10-Q,2025-05-06,,,,,,,,,,,,,,,,,,,,,,211325394
ODFL,878927,Industrials,2025-06-30,10-Q,2026-08-05,1407724000,,357895000,357216000,88590000,268626000,1.27,,,,90663000,6000,,,24057000,,,20000000,5551096000,4230631000,212164000,
ODFL,878927,Industrials,2025-08-01,10-Q,2025-08-06,,,,,,,,,,,,,,,,,,,,,,210168137
ODFL,878927,Industrials,2025-09-30,10-Q,2025-11-06,1406511000,,360844000,360301000,89354000,270947000,1.28,,,,92219000,4000,,,46592000,,,20000000,5516631000,4263196000,210898000,
ODFL,878927,Industrials,2025-10-31,10-Q,2025-11-06,,,,,,,,,,,,,,,,,,,,,,209098439
ODFL,878927,Industrials,2025-12-31,10-K (Q4 derived: FY − 9M YTD),2026-02-24,1307296000,,304251000,305147000,75677000,229470000,1.0999999999999996,310293000,45776000,,92669000,284000,,124913000,120091000,,19995000,20000000,5470160000,4311057000,-575000,
ODFL,878927,Industrials,2026-02-17,10-K,2026-02-24,,,,,,,,,,,,,,,,,,,,,,208425619
ODFL,878927,Industrials,2026-03-31,10-Q,2026-05-06,1334696000,,317341000,317678000,79420000,238258000,1.14,373634000,62574000,,92307000,299000,,88137000,288082000,,19996000,20000000,5656948000,4399722000,209317000,
ODFL,878927,Industrials,2026-05-01,10-Q,2026-05-06,,,,,,,,,,,,,,,,,,,,,,207968283
ODFL,878927,Industrials,2026-06-30,10-Q,2026-08-05,1554004000,,465301000,467468000,116867000,350601000,1.68,,,,91708000,76000,,,283939000,,0,19997000,5735521000,4547352000,208715000,
ODFL,878927,Industrials,2026-07-31,10-Q,2026-08-05,,,,,,,,,,,,,,,,,,,,,,207356622
OKE,1039684,Energy,2025-03-31,10-Q,2026-04-29,,,1220000000,888000000,197000000,636000000,1.04,904000000,629000000,,380000000,,643000000,30000000,141000000,31800000000,29781000000,2059000000,64263000000,21364000000,612500000,
OKE,1039684,Energy,2025-04-21,10-Q,2025-04-30,,,,,,,,,,,,,,,,,,,,,,624632479
OKE,1039684,Energy,2025-06-30,10-Q,2026-08-04,,,1431000000,1113000000,260000000,841000000,1.34,,,,368000000,,,,97000000,31300000000,29625000000,1637000000,64524000000,21830000000,628100000,
OKE,1039684,Energy,2025-07-28,10-Q,2025-08-05,,,,,,,,,,,,,,,,,,,,,,629755979
OKE,1039684,Energy,2025-09-30,10-Q,2025-10-29,,,1558000000,1237000000,297000000,939000000,1.49,,,,378000000,,,,1199000000,33700000000,31986000000,1741000000,66616000000,22081000000,631500000,
OKE,1039684,Energy,2025-10-20,10-Q,2025-10-29,,,,,,,,,,,,,,,,,,,,,,629231557
OKE,1039684,Energy,2025-12-31,10-K (Q4 derived: FY − 9M YTD),2026-02-24,,,1532000000,1252000000,274000000,977000000,1.5499999999999998,1546000000,970000000,,388000000,,648000000,45000000,78000000,32000000000,30755000000,1241000000,66641000000,22485000000,1800000,
OKE,1039684,Energy,2026-02-16,10-K,2026-02-24,,,,,,,,,,,,,,,,,,,,,,629783634
OKE,1039684,Energy,2026-03-31,10-Q,2026-04-29,,,1428000000,1021000000,245000000,774000000,1.23,934000000,864000000,,378000000,,674000000,,172000000,32000000000,30764000000,1241000000,68203000000,22357000000,631600000,
OKE,1039684,Energy,2026-04-20,10-Q,2026-04-29,,,,,,,,,,,,,,,,,,,,,,630032852
OKE,1039684,Energy,2026-06-30,10-Q,2026-08-04,,,1593000000,1266000000,299000000,966000000,1.53,,,,387000000,,,,161000000,31500000000,30773000000,750000000,68549000000,22937000000,632000000,
OKE,1039684,Energy,2026-07-27,10-Q,2026-08-04,,,,,,,,,,,,,,,,,,,,,,630369667
OMC,29989,Communication Services,2024-12-31,10-K (Q4 derived: FY − 9M YTD),2026-02-20,4322200000,,685300000,647200000,170600000,448000000,2.2699999999999996,1925000000,47000000,22300000,60300000,65000000,136700000,8300000,,6073000000,,,29620700000,4193500000,-300000,
OMC,29989,Communication Services,2025-01-30,10-K,2025-02-05,,,,,,,,,,,,,,,,,,,,,,196490662
OMC,29989,Communication Services,2025-03-31,10-Q,2026-04-29,3690400000,,452600000,423200000,120700000,287700000,1.45,-786800000,29500000,20800000,59000000,59100000,137700000,81000000,,,,,28113700000,4373200000,198300000,
OMC,29989,Communication Services,2025-04-09,10-Q,2025-04-16,,,,,,,,,,,,,,,,,,,,,,195109410
OMC,29989,Communication Services,2025-06-30,10-Q,2025-07-16,4015600000,,439200000,398500000,120500000,257600000,1.31,,,,58700000,62600000,,,,,,,28788600000,4486800000,196000000,
OMC,29989,Communication Services,2025-07-09,10-Q,2025-07-16,,,,,,,,,,,,,,,,,,,,,,193722889
OMC,29989,Communication Services,2025-09-30,10-Q,2025-10-22,4037100000,,530100000,486900000,132300000,341300000,1.75,,,,60700000,60400000,,,,,,,28838600000,4613300000,194900000,
OMC,29989,Communication Services,2025-10-16,10-Q,2025-10-22,,,,,,,,,,,,,,,,,,,,,,192983572
OMC,29989,Communication Services,2025-12-31,10-K (Q4 derived: FY − 9M YTD),2026-02-20,5528800000,,-977200000,-1030400000,-131300000,-941100000,-4.779999999999999,3037400000,39100000,27700000,98300000,81300000,135700000,395800000,,9272900000,,,54415300000,12045800000,8500000,
OMC,29989,Communication Services,2026-01-30,10-K,2026-02-20,,,,,,,,,,,,,,,,,,,,,,310336344
OMC,29989,Communication Services,2026-03-31,10-Q,2026-04-29,6242900000,,646200000,574200000,154600000,405200000,1.35,-553200000,61200000,27100000,166900000,119000000,251700000,2777600000,,,,,49964700000,9437100000,299200000,
OMC,29989,Communication Services,2026-04-22,10-Q,2026-04-29,,,,,,,,,,,,,,,,,,,,,,285006196
ON,1097864,Information Technology,2025-04-04,10-Q,2026-05-04,,293800000,-573700000,,-75800000,-486100000,-1.15,602300000,147600000,33900000,168200000,,,300100000,2762500000,3379900000,3348300000,,13253900000,8029900000,421300000,
ON,1097864,Information Technology,2025-04-30,10-Q,2025-05-05,,,,,,,,,,,,,,,,,,,,,,417885346
ON,1097864,Information Technology,2025-07-04,10-Q,2026-08-03,,551900000,193400000,,30500000,170300000,0.41,,,,,,,,2526700000,3379900000,3350700000,,13126200000,7940800000,414900000,
ON,1097864,Information Technology,2025-07-30,10-Q,2025-08-04,,,,,,,,,,,,,,,,,,,,,,408973992
ON,1097864,Information Technology,2025-10-03,10-Q,2025-11-03,,587200000,264400000,,17700000,255000000,0.63,,,,,,,,2472500000,3379900000,3353100000,,13010200000,7905400000,408000000,
ON,1097864,Information Technology,2025-10-29,10-Q,2025-11-03,,,,,,,,,,,,,,,,,,,,,,402378412
ON,1097864,Information Technology,2025-12-31,10-K (Q4 derived: FY − 9M YTD),2026-02-09,,551000000,200100000,,35300000,181800000,0.43999999999999995,554500000,69100000,37800000,214900000,,,450200000,2147600000,2980500000,2980500000,0,12524100000,7673300000,-2500000,
ON,1097864,Information Technology,2026-02-04,10-K,2026-02-09,,,,,,,,,,,,,,,,,,,,,,394020530
ON,1097864,Information Technology,2026-04-03,10-Q,2026-05-04,,583100000,-53400000,,-11700000,-33400000,-0.08,239100000,21900000,37300000,286700000,,,345700000,2003600000,3004900000,2982900000,,12010800000,7301700000,394100000,
ON,1097864,Information Technology,2026-04-29,10-Q,2026-05-04,,,,,,,,,,,,,,,,,,,,,,391903191
ON,1097864,Information Technology,2026-07-03,10-Q,2026-08-03,,616300000,258600000,,43400000,226800000,0.56,,,,,,,,3514500000,4504900000,3657300000,802100000,13485100000,7218700000,404400000,
ON,1097864,Information Technology,2026-07-29,10-Q,2026-08-03,,,,,,,,,,,,,,,,,,,,,,389311721
ORCL,1341439,Information Technology,2025-02-28,10-Q,2026-03-11,,,4358000000,,512000000,2936000000,1.02,,,1198000000,,892000000,,,17406000000,,,,161378000000,16730000000,2874000000,
ORCL,1341439,Information Technology,2025-03-07,10-Q,2025-03-11,,,,,,,,,,,,,,,,,,,,,,2804234000
ORCL,1341439,Information Technology,2025-05-31,10-K (Q4 derived: FY − 9M YTD),2026-06-22,,,5109000000,,725000000,3427000000,1.19,6157000000,9080000000,1300000000,1152000000,978000000,1403000000,150000000,10786000000,,,7271000000,168361000000,20451000000,1000000,
ORCL,1341439,Information Technology,2025-06-13,10-K,2025-06-18,,,,,,,,,,,,,,,,,,,,,,2808833000
ORCL,1341439,Information Technology,2025-08-31,10-Q,2025-09-10,,,4277000000,,500000000,2927000000,1.01,8140000000,8502000000,1124000000,1351000000,923000000,1413000000,95000000,10445000000,,,,180449000000,24154000000,2909000000,
ORCL,1341439,Information Technology,2025-09-05,10-Q,2025-09-10,,,,,,,,,,,,,,,,,,,,,,2841714000
ORCL,1341439,Information Technology,2025-11-30,10-Q,2025-12-11,,,4731000000,,207000000,6135000000,2.1,,,1156000000,,1057000000,,,19241000000,,,,204984000000,29951000000,2922000000,
ORCL,1341439,Information Technology,2025-12-05,10-Q,2025-12-11,,,,,,,,,,,,,,,,,,,,,,2873130000
ORCL,1341439,Information Technology,2026-02-28,10-Q,2026-03-11,,,5464000000,,695000000,3721000000,1.27,,,1328000000,,1180000000,,,38455000000,,,,245240000000,38495000000,2912000000,
ORCL,1341439,Information Technology,2026-03-05,10-Q,2026-03-11,,,,,,,,,,,,,,,,,,,,,,2876046000
ORCL,1341439,Information Technology,2026-05-31,10-K (Q4 derived: FY − 9M YTD),2026-06-22,,,6133000000,,1065000000,4304000000,1.4500000000000002,14620000000,16493000000,1203000000,2415000000,1439000000,1502000000,0,31289000000,,,7199000000,261759000000,42508000000,0,
ORCL,1341439,Information Technology,2026-06-12,10-K,2026-06-22,,,,,,,,,,,,,,,,,,,,,,2880471000
ORLY,898173,Consumer Discretionary,2025-03-31,10-Q,2026-05-08,4136924000,2121485000,741466000,684351000,145866000,538485000,0.62,755120000,286951000,8444000,122224000,57564000,,559432000,191248000,,5651821000,,15293875000,-1357456000,864331000,
ORLY,898173,Consumer Discretionary,2025-05-05,10-Q,2025-05-09,,,,,,,,,,,,,,,,,,,,,,56989455
ORLY,898173,Consumer Discretionary,2025-06-30,10-Q,2026-08-07,4525058000,2326538000,914470000,861455000,192860000,668595000,0.78,,,,,57337000,,,198613000,,5823744000,,15820619000,-1231862000,858440000,
ORLY,898173,Consumer Discretionary,2025-08-04,10-Q,2025-08-08,,,,,,,,,,,,,,,,,,,,,,848496680
ORLY,898173,Consumer Discretionary,2025-09-30,10-Q,2025-11-07,4705696000,2439946000,976067000,923650000,197754000,725896000,0.85,,,,,59566000,,,204513000,,5915530000,,16279627000,-894676000,852704000,
ORLY,898173,Consumer Discretionary,2025-11-03,10-Q,2025-11-07,,,,,,,,,,,,,,,,,,,,,,844104092
ORLY,898173,Consumer Discretionary,2025-12-31,10-K (Q4 derived: FY − 9M YTD),2026-02-27,4414314000,2286172000,828609000,770715000,165482000,605233000,0.7200000000000002,633492000,269032000,8007000,135405000,60597000,,500312000,193793000,,6016904000,,16538253000,-763352000,-2533000,
ORLY,898173,Consumer Discretionary,2026-02-23,10-K,2026-02-27,,,,,,,,,,,,,,,,,,,,,,838487034
ORLY,898173,Consumer Discretionary,2026-03-31,10-Q,2026-05-08,4560539000,2347211000,841608000,780089000,175908000,604181000,0.72,1032913000,244447000,8816000,135361000,62745000,,922947000,252632000,,6195311000,,16937178000,-1067055000,842516000,
ORLY,898173,Consumer Discretionary,2026-05-04,10-Q,2026-05-08,,,,,,,,,,,,,,,,,,,,,,828715079
ORLY,898173,Consumer Discretionary,2026-06-30,10-Q,2026-08-07,4892013000,2516740000,985746000,924075000,209011000,715064000,0.86,,,,,69871000,,,262181000,,7014543000,,17389116000,-1835725000,828875000,
ORLY,898173,Consumer Discretionary,2026-08-03,10-Q,2026-08-07,,,,,,,,,,,,,,,,,,,,,,808960792
OTIS,1781335,Industrials,2025-03-31,10-Q,2026-04-23,,,411000000,366000000,110000000,243000000,0.61,190000000,34000000,21000000,42000000,,155000000,253000000,1918000000,8366000000,6923000000,1443000000,11178000000,-5128000000,399100000,
OTIS,1781335,Industrials,2025-04-15,10-Q,2025-04-24,,,,,,,,,,,,,,,,,,,,,,394676593
OTIS,1781335,Industrials,2025-06-30,10-Q,2026-07-23,,,547000000,521000000,98000000,393000000,0.99,,,,,,,,688000000,7221000000,7074000000,147000000,10495000000,-5367000000,395800000,
OTIS,1781335,Industrials,2025-07-15,10-Q,2025-07-24,,,,,,,,,,,,,,,,,,,,,,392475229
OTIS,1781335,Industrials,2025-09-30,10-Q,2025-10-30,,,586000000,521000000,129000000,374000000,0.95,,,,,,,,840000000,7736000000,7592000000,144000000,10771000000,-5422000000,392800000,
OTIS,1781335,Industrials,2025-10-15,10-Q,2025-10-30,,,,,,,,,,,,,,,,,,,,,,389715851
OTIS,1781335,Industrials,2025-12-31,10-K (Q4 derived: FY − 9M YTD),2026-02-05,,,589000000,526000000,142000000,374000000,0.9500000000000002,817000000,45000000,17000000,45000000,,164000000,0,1096000000,7741000000,6900000000,841000000,10653000000,-5392000000,-900000,
OTIS,1781335,Industrials,2026-01-22,10-K,2026-02-05,,,,,,,,,,,,,,,,,,,,,,388720773
OTIS,1781335,Industrials,2026-03-31,10-Q,2026-04-23,,,539000000,480000000,127000000,340000000,0.87,413000000,33000000,19000000,41000000,,163000000,400000000,834000000,7574000000,6879000000,695000000,10542000000,-5680000000,389600000,
OTIS,1781335,Industrials,2026-04-15,10-Q,2026-04-23,,,,,,,,,,,,,,,,,,,,,,383716076
OTIS,1781335,Industrials,2026-06-30,10-Q,2026-07-23,,,575000000,547000000,98000000,428000000,1.12,,,,,,,,813000000,8226000000,7046000000,1180000000,11156000000,-5748000000,383500000,
OTIS,1781335,Industrials,2026-07-15,10-Q,2026-07-23,,,,,,,,,,,,,,,,,,,,,,380669339
OXY,797468,Energy,2025-03-31,10-Q,2026-05-05,5704000000,,,1177000000,347000000,,0.77,2148000000,1682000000,,1804000000,310000000,,0,2604000000,24787000000,24037000000,,84967000000,34712000000,982900000,
OXY,797468,Energy,2025-04-30,10-Q,2025-05-07,,,,,,,,,,,,,,,,,,,,,,984132678
OXY,797468,Energy,2025-06-30,10-Q,2026-08-05,5258000000,,,560000000,222000000,,0.26,,,,1823000000,271000000,,,2314000000,22996000000,23342000000,,84360000000,35722000000,1010400000,
OXY,797468,Energy,2025-07-31,10-Q,2025-08-06,,,,,,,,,,,,,,,,,,,,,,984439742
OXY,797468,Energy,2025-09-30,10-Q,2025-11-10,6624000000,,,1166000000,324000000,,0.65,,,,2061000000,270000000,,,2159000000,21677000000,20846000000,,83472000000,36261000000,1003100000,
OXY,797468,Energy,2025-10-31,10-Q,2025-11-10,,,,,,,,,,,,,,,,,,,,,,985210434
OXY,797468,Energy,2025-12-31,10-K (Q4 derived: FY − 9M YTD),2026-02-18,1752000000,,,-108000000,40000000,,-0.06999999999999984,2634000000,753000000,,1619000000,215000000,,0,1968000000,21397000000,20623000000,,84186000000,36034000000,1000000,
OXY,797468,Energy,2026-01-31,10-K,2026-02-18,,,,,,,,,,,,,,,,,,,,,,986266656
OXY,797468,Energy,2026-03-31,10-Q,2026-05-05,5230000000,,,390000000,154000000,,3.13,1281000000,1554000000,,1794000000,432000000,,56000000,3811000000,14707000000,15247000000,,80464000000,38932000000,1006900000,
OXY,797468,Energy,2026-04-30,10-Q,2026-05-05,,,,,,,,,,,,,,,,,,,,,,994634701
OXY,797468,Energy,2026-06-30,10-Q,2026-08-05,8065000000,,,3915000000,915000000,,2.75,,,,1847000000,108000000,,,4150000000,12800000000,13540000000,,80358000000,41746000000,1012200000,
OXY,797468,Energy,2026-07-31,10-Q,2026-08-05,,,,,,,,,,,,,,,,,,,,,,999637371
PANW,1327567,Information Technology,2025-01-31,10-Q,2026-02-18,,1658000000,241000000,325000000,58000000,267000000,0.38,,,,,,,,2226000000,,,,20951700000,6375000000,709000000,
PANW,1327567,Information Technology,2025-02-07,10-Q,2025-02-14,,,,,,,,,,,,,,,,,,,,,,662100000
PANW,1327567,Information Technology,2025-04-30,10-Q,2026-06-03,,1670000000,219000000,311000000,49000000,262000000,0.37,,,,,,,,2383000000,,,,22002800000,7230000000,707000000,
PANW,1327567,Information Technology,2025-05-09,10-Q,2025-05-21,,,,,,,,,,,,,,,,,,,,,,666800000
PANW,1327567,Information Technology,2025-07-31,10-K (Q4 derived: FY − 9M YTD),2025-08-29,,1856900000,496900000,591700000,337800000,253900000,0.3600000000000001,1021000000,,354100000,84400000,,,0,2269000000,,,,23576000000,7824000000,1300000,
PANW,1327567,Information Technology,2025-08-18,10-K,2025-08-29,,,,,,,,,,,,,,,,,,,,,,668900000
PANW,1327567,Information Technology,2025-10-31,10-Q,2025-11-20,,1836000000,309000000,412000000,78000000,334000000,0.47,1771000000,,370000000,89000000,,,,3066000000,,,,23536000000,8665000000,709000000,
PANW,1327567,Information Technology,2025-11-11,10-Q,2025-11-20,,,,,,,,,,,,,,,,,,,,,,697000000
PANW,1327567,Information Technology,2026-01-31,10-Q,2026-02-18,,1909000000,397000000,549000000,117000000,432000000,0.61,,,,,,,,4158000000,,,,24979000000,9393000000,711000000,
PANW,1327567,Information Technology,2026-02-11,10-Q,2026-02-18,,,,,,,,,,,,,,,,,,,,,,816000000
PANW,1327567,Information Technology,2026-04-30,10-Q,2026-06-03,,2028000000,-183000000,-156000000,21000000,-177000000,-0.22,,,,,,,,2364000000,,,,46266000000,27668000000,801000000,
PANW,1327567,Information Technology,2026-05-26,10-Q,2026-06-03,,,,,,,,,,,,,,,,,,,,,,815000000
PAYX,723531,Industrials,2024-05-31,10-K (Q4 derived: FY − 9M YTD),2026-07-17,1295100000,,481800000,491800000,111900000,,1.0499999999999998,221700000,41300000,16000000,45600000,9500000,352800000,0,1468900000,798600000,798600000,0,10383100000,3801000000,-100000,
PAYX,723531,Industrials,2024-06-30,10-K,2024-07-11,,,,,,,,,,,,,,,,,,,,,,360126911
PAYX,723531,Industrials,2024-08-31,10-Q,2025-09-30,1318500000,,546700000,557100000,129700000,427400000,1.18,546100000,35600000,16500000,39000000,9600000,353400000,104000000,1459600000,,798700000,,10489100000,3850400000,361900000,359898021
PAYX,723531,Industrials,2024-11-30,10-Q,2025-12-22,1316900000,,538100000,543700000,130300000,413400000,1.14,,,,,9500000,,,1202100000,,798900000,,10554700000,3925700000,361700000,360063074
PAYX,723531,Industrials,2025-02-28,10-Q,2026-03-26,1509000000,,691800000,685800000,166500000,519300000,1.43,,,,,22600000,,,1563800000,,799000000,,11221600000,4116600000,362000000,360190668
PAYX,723531,Industrials,2025-05-31,10-K (Q4 derived: FY − 9M YTD),2026-07-17,1427300000,,431100000,389300000,92100000,297200000,0.8200000000000003,343800000,60500000,61300000,85700000,,389300000,0,1628600000,4948200000,4548400000,399800000,16564100000,4128000000,100000,
PAYX,723531,Industrials,2025-06-30,10-K,2025-07-11,,,,,,,,,,,,,,,,,,,,,,360243877
PAYX,723531,Industrials,2025-08-31,10-Q,2025-09-30,1540000000,,541900000,497500000,113700000,383800000,1.06,718400000,55900000,26800000,109300000,,389100000,160100000,809000000,4950200000,4550300000,399900000,16663000000,3970600000,361900000,359894143
PAYX,723531,Industrials,2025-11-30,10-Q,2025-12-22,1557600000,,571900000,520200000,124800000,395400000,1.1,,,,,,,,1485600000,4952100000,4552200000,399900000,16518900000,3880100000,360400000,358967450
PAYX,723531,Industrials,2026-02-28,10-Q,2026-03-26,1808900000,,792000000,739000000,178700000,560300000,1.56,,,,,,,,1742500000,4954100000,4554100000,400000000,17511400000,4013600000,359500000,358290881
PAYX,723531,Industrials,2026-05-31,10-K (Q4 derived: FY − 9M YTD),2026-07-17,1605500000,,604700000,554200000,133600000,420600000,1.1799999999999997,580900000,65900000,20700000,113200000,,424600000,249400000,1088200000,4556100000,4556100000,0,16174500000,3735100000,-600000,
PAYX,723531,Industrials,2026-06-30,10-K,2026-07-17,,,,,,,,,,,,,,,,,,,,,,355682860
PCAR,75362,Industrials,2025-03-31,10-Q,2026-04-29,7441700000,,,643100000,138000000,505100000,0.96,910300000,165100000,13700000,99700000,,1747000000,4300000,,,,,42724700000,18022100000,526900000,
PCAR,75362,Industrials,2025-04-25,10-Q,2025-05-01,,,,,,,,,,,,,,,,,,,,,,524959425
PCAR,75362,Industrials,2025-06-30,10-Q,2026-07-29,7510500000,,,931900000,208100000,723800000,1.37,,,3900000,,,,,,,,,44094800000,18942600000,526700000,
PCAR,75362,Industrials,2025-07-25,10-Q,2025-07-31,,,,,,,,,,,,,,,,,,,,,,525103392
PCAR,75362,Industrials,2025-09-30,10-Q,2025-10-30,6671800000,,,743600000,153600000,590000000,1.12,,,2800000,,,,,,,,,44201200000,19368600000,526700000,
PCAR,75362,Industrials,2025-10-24,10-Q,2025-10-30,,,,,,,,,,,,,,,,,,,,,,525204359
PCAR,75362,Industrials,2025-12-31,10-K (Q4 derived: FY − 9M YTD),2026-02-18,6820800000,,,704900000,148000000,556900000,1.0599999999999996,1144300000,189900000,3700000,100900000,,173400000,900000,,,,,44336200000,19264000000,0,
PCAR,75362,Industrials,2026-01-31,10-K,2026-02-18,,,,,,,,,,,,,,,,,,,,,,525894443
PCAR,75362,Industrials,2026-03-31,10-Q,2026-04-29,6776500000,,,776300000,171000000,605300000,1.15,971800000,147200000,14600000,100500000,,909400000,4800000,,,,,43553500000,19756600000,527400000,
PCAR,75362,Industrials,2026-04-24,10-Q,2026-04-29,,,,,,,,,,,,,,,,,,,,,,526286229
PCAR,75362,Industrials,2026-06-30,10-Q,2026-07-29,7546700000,,,981500000,229500000,752000000,1.43,,,4000000,,,,,,,,,43980100000,20321300000,527600000,
PCAR,75362,Industrials,2026-07-24,10-Q,2026-07-29,,,,,,,,,,,,,,,,,,,,,,526364953
PCG,1004980,Utilities,2025-03-31,10-Q,2026-04-23,5983000000,,1220000000,673000000,39000000,,0.28,2848000000,2635000000,,,,55000000,,2023000000,,52659000000,4699000000,135443000000,30685000000,2200000000,
PCG,1004980,Utilities,2025-04-16,10-Q,2025-04-24,,,,,,,,,,,,,,,,,,,,,,2675428603
PCG,1004980,Utilities,2025-06-30,10-Q,2026-07-23,5898000000,,1096000000,569000000,20000000,,0.24,,,,,,,,494000000,,54004000000,3643000000,136384000000,31186000000,2203000000,
PCG,1004980,Utilities,2025-07-23,10-Q,2025-07-31,,,,,,,,,,,,,,,,,,,,,,2675580992
PCG,1004980,Utilities,2025-09-30,10-Q,2025-10-23,6250000000,,1209000000,630000000,-220000000,,0.37,,,,,,,,404000000,,55531000000,2769000000,138249000000,31978000000,2281000000,
PCG,1004980,Utilities,2025-10-15,10-Q,2025-10-23,,,,,,,,,,,,,,,,,,,,,,2675654015
PCG,1004980,Utilities,2025-12-31,10-K (Q4 derived: FY − 9M YTD),2026-02-12,6804000000,,1224000000,551000000,-119000000,,0.2899999999999999,1960000000,3156000000,,,,,,713000000,57387000000,57387000000,821000000,141611000000,32540000000,0,
PCG,1004980,Utilities,2026-02-04,10-K,2026-02-12,,,,,,,,,,,,,,,,,,,,,,2675711544
PCG,1004980,Utilities,2026-03-31,10-Q,2026-04-23,6881000000,,1470000000,905000000,20000000,,0.39,2430000000,3356000000,,,,,,1131000000,,60146000000,622000000,141953000000,33250000000,2281000000,
PCG,1004980,Utilities,2026-04-15,10-Q,2026-04-23,,,,,,,,,,,,,,,,,,,,,,2679968318
PCG,1004980,Utilities,2026-06-30,10-Q,2026-07-23,5902000000,,1263000000,674000000,-87000000,,0.33,,,,,,,,972000000,,61768000000,1075000000,145076000000,33901000000,2285000000,
PCG,1004980,Utilities,2026-07-15,10-Q,2026-07-23,,,,,,,,,,,,,,,,,,,,,,2680110496
PEG,788784,Utilities,2025-03-31,10-Q,2026-05-05,3222000000,,797000000,617000000,28000000,589000000,1.18,1049000000,628000000,,,241000000,314000000,,894000000,22998000000,20398000000,2600000000,55575000000,,500000000,
PEG,788784,Utilities,2025-04-22,10-Q,2025-04-30,,,,,,,,,,,,,,,,,,,,,,498997910
PEG,788784,Utilities,2025-06-30,10-Q,2026-08-04,2805000000,,817000000,726000000,141000000,585000000,1.17,,,,,248000000,315000000,,186000000,22639000000,21639000000,1000000000,56024000000,,500000000,
PEG,788784,Utilities,2025-07-21,10-Q,2025-08-05,,,,,,,,,,,,,,,,,,,,,,499079754
PEG,788784,Utilities,2025-09-30,10-Q,2025-11-03,3226000000,,855000000,720000000,98000000,622000000,1.24,,,,,253000000,314000000,,334000000,22541000000,21666000000,875000000,56913000000,,501000000,
PEG,788784,Utilities,2025-10-21,10-Q,2025-11-03,,,,,,,,,,,,,,,,,,,,,,499153976
PEG,788784,Utilities,2025-12-31,10-K (Q4 derived: FY − 9M YTD),2026-02-26,2915000000,,511000000,311000000,-4000000,315000000,0.6299999999999999,721000000,1129000000,,,263000000,315000000,,132000000,22545000000,21670000000,875000000,57576000000,,0,
PEG,788784,Utilities,2026-02-20,10-K,2026-02-26,,,,,,,,,,,,,,,,,,,,,,498739910
PEG,788784,Utilities,2026-03-31,10-Q,2026-05-05,3848000000,,1075000000,848000000,107000000,741000000,1.48,1271000000,693000000,,,272000000,334000000,,404000000,23090000000,22665000000,425000000,57945000000,,500000000,
PEG,788784,Utilities,2026-04-21,10-Q,2026-05-05,,,,,,,,,,,,,,,,,,,,,,498321402
PEG,788784,Utilities,2026-06-30,10-Q,2026-08-04,2554000000,,461000000,398000000,64000000,334000000,0.67,,,,,269000000,334000000,,192000000,23591000000,22741000000,850000000,58813000000,,499000000,
PEG,788784,Utilities,2026-07-20,10-Q,2026-08-04,,,,,,,,,,,,,,,,,,,,,,498420030
PEP,77476,Consumer Staples,2025-03-22,10-Q,2026-04-16,17919000000,9993000000,2583000000,2342000000,499000000,1834000000,1.33,-973000000,603000000,77000000,684000000,264000000,1882000000,183000000,8268000000,,,1500000000,101737000000,18389000000,1376000000,
PEP,77476,Consumer Staples,2025-04-17,10-Q,2025-04-24,,,,,,,,,,,,,,,,,,,,,,1371079540
PEP,77476,Consumer Staples,2025-06-14,10-Q,2026-07-09,22726000000,12422000000,1789000000,1571000000,292000000,1263000000,0.92,,904000000,,,260000000,,,7631000000,,,2500000000,105345000000,18418000000,1373000000,
PEP,77476,Consumer Staples,2025-07-10,10-Q,2025-07-17,,,,,,,,,,,,,,,,,,,,,,1369077204
PEP,77476,Consumer Staples,2025-09-06,10-Q,2025-10-09,23937000000,12824000000,3569000000,3331000000,713000000,2603000000,1.9,,992000000,,,264000000,,,8126000000,,,3200000000,106558000000,19388000000,1372000000,
PEP,77476,Consumer Staples,2025-10-02,10-Q,2025-10-09,,,,,,,,,,,,,,,,,,,,,,1367340122
PEP,77476,Consumer Staples,2025-12-27,10-K (Q4 derived: FY − Q1..Q3),2026-02-03,29343000000,15620000000,3557000000,3000000000,445000000,2540000000,1.8499999999999996,,1916000000,,,333000000,,,9159000000,46351000000,42321000000,,107399000000,20406000000,-2748000000,
PEP,77476,Consumer Staples,2026-01-23,10-K,2026-02-03,,,,,,,,,,,,,,,,,,,,,,1366649053
PEP,77476,Consumer Staples,2026-03-21,10-Q,2026-04-16,19443000000,10731000000,3213000000,2970000000,632000000,2327000000,1.7,41000000,447000000,93000000,742000000,301000000,1966000000,182000000,10475000000,,,1600000000,110646000000,21383000000,1371000000,
PEP,77476,Consumer Staples,2026-04-09,10-Q,2026-04-16,,,,,,,,,,,,,,,,,,,,,,1366768315
PEP,77476,Consumer Staples,2026-06-13,10-Q,2026-07-09,24181000000,13111000000,4023000000,3852000000,848000000,2981000000,2.18,,,,,230000000,,,10251000000,,,1600000000,112189000000,22098000000,1369000000,
PEP,77476,Consumer Staples,2026-07-02,10-Q,2026-07-09,,,,,,,,,,,,,,,,,,,,,,1364891558
PFE,78003,Health Care,2025-03-30,10-Q,2026-05-05,13715000000,,,2785000000,-189000000,2967000000,0.52,2335000000,564000000,170000000,1618000000,654000000,,,1430000000,,57639000000,3749000000,208028000000,90338000000,5710000000,
PFE,78003,Health Care,2025-04-30,10-Q,2025-05-05,,,,,,,,,,,,,,,,,,,,,,5685365587
PFE,78003,Health Care,2025-06-29,10-Q,2026-08-04,14653000000,,,3044000000,141000000,2910000000,0.51,,,,1625000000,654000000,,,1638000000,,57502000000,4246000000,206095000000,88695000000,5706000000,
PFE,78003,Health Care,2025-07-30,10-Q,2025-08-05,,,,,,,,,,,,,,,,,,,,,,5685550500
PFE,78003,Health Care,2025-09-28,10-Q,2025-11-04,16654000000,,,3334000000,-216000000,3541000000,0.62,,,,1662000000,652000000,,,1343000000,,57409000000,4247000000,208731000000,92801000000,5714000000,
PFE,78003,Health Care,2025-10-29,10-Q,2025-11-04,,,,,,,,,,,,,,,,,,,,,,5685707552
PFE,78003,Health Care,2025-12-31,10-K (Q4 derived: FY − 9M YTD),2026-02-26,17557000000,,,-1642000000,-2000000,-1648000000,-0.2899999999999998,5348000000,845000000,225000000,1687000000,711000000,,,1142000000,,61641000000,2997000000,208160000000,86476000000,3000000,
PFE,78003,Health Care,2026-02-19,10-K,2026-02-26,,,,,,,,,,,,,,,,,,,,,,5686267431
PFE,78003,Health Care,2026-03-29,10-Q,2026-05-05,14451000000,,,3170000000,461000000,2687000000,0.47,2615000000,436000000,272000000,1613000000,668000000,,,1703000000,,60565000000,3861000000,207618000000,90101000000,5731000000,
PFE,78003,Health Care,2026-04-29,10-Q,2026-05-05,,,,,,,,,,,,,,,,,,,,,,5699444169
PFE,78003,Health Care,2026-06-28,10-Q,2026-08-04,15034000000,,,-653000000,-407000000,-248000000,-0.04,,,,1622000000,667000000,,,976000000,,60495000000,2605000000,201131000000,85190000000,5699000000,
PFE,78003,Health Care,2026-07-29,10-Q,2026-08-04,,,,,,,,,,,,,,,,,,,,,,5699673589
PFG,1126328,Financials,2024-12-31,10-K (Q4 derived: FY − 9M YTD),2026-02-18,4752000000,,,,209900000,905400000,3.8699999999999997,1459000000,,,,,165700000,306100000,4211900000,3955300000,,,313663600000,11086400000,-1300000,
PFG,1126328,Financials,2025-01-30,10-K,2025-02-19,,,,,,,,,,,,,,,,,,,,,,225571329
PFG,1126328,Financials,2025-03-31,10-Q,2026-04-29,3695900000,,,,-34000000,48100000,0.21,977300000,,,,,169000000,240300000,3875700000,4321300000,,,313003300000,11216800000,228800000,
PFG,1126328,Financials,2025-04-23,10-Q,2025-04-30,,,,,,,,,,,,,,,,,,,,,,224190774
PFG,1126328,Financials,2025-06-30,10-Q,2025-07-30,3671300000,,,,69600000,406200000,1.79,,,,,,,,3659000000,3923000000,,,323103800000,11415300000,226500000,
PFG,1126328,Financials,2025-07-23,10-Q,2025-07-30,,,,,,,,,,,,,,,,,,,,,,222768441
PFG,1126328,Financials,2025-09-30,10-Q,2025-10-29,3681600000,,,,14500000,213800000,0.95,,,,,,,,5137100000,3924600000,,,334491800000,11665500000,225200000,
PFG,1126328,Financials,2025-10-22,10-Q,2025-10-29,,,,,,,,,,,,,,,,,,,,,,219693843
PFG,1126328,Financials,2025-12-31,10-K (Q4 derived: FY − 9M YTD),2026-02-18,4576700000,,,,110400000,517000000,2.3,1743700000,,,,,172400000,275400000,4431000000,3926300000,,,341376500000,11883900000,-1100000,
PFG,1126328,Financials,2026-02-11,10-K,2026-02-18,,,,,,,,,,,,,,,,,,,,,,216835141
PFG,1126328,Financials,2026-03-31,10-Q,2026-04-29,3529100000,,,,68900000,424600000,1.93,187100000,,,,,173500000,235000000,4054000000,3927700000,,,332704500000,11815300000,220300000,
PFG,1126328,Financials,2026-04-22,10-Q,2026-04-29,,,,,,,,,,,,,,,,,,,,,,216012384
PG,80424,Consumer Staples,2024-06-30,10-K (Q4 derived: FY − 9M YTD),2026-08-04,20532000000,,3885000000,,726000000,3137000000,1.2699999999999996,5754000000,783000000,129000000,761000000,,2449000000,1516000000,,,25269000000,3838000000,122370000000,50559000000,100000,
PG,80424,Consumer Staples,2024-07-31,10-K,2024-08-05,,,,,,,,,,,,,,,,,,,,,,2354050987
PG,80424,Consumer Staples,2024-09-30,10-Q,2025-10-24,21737000000,,5797000000,,1152000000,3959000000,1.61,4302000000,993000000,105000000,728000000,,2445000000,1939000000,,,25744000000,,126482000000,52141000000,2466000000,2355041729
PG,80424,Consumer Staples,2024-12-31,10-Q,2026-01-23,21882000000,,5741000000,,1187000000,4630000000,1.88,,,,706000000,,,,,,25263000000,,122639000000,51443000000,2458100000,2344851814
PG,80424,Consumer Staples,2025-03-31,10-Q,2026-04-24,19776000000,,4558000000,,868000000,3769000000,1.54,,,,690000000,,,,,,24252000000,,122984000000,52545000000,2449800000,2344542034
PG,80424,Consumer Staples,2025-06-30,10-K (Q4 derived: FY − 9M YTD),2026-08-04,20889000000,,4355000000,,895000000,3615000000,1.4799999999999995,4985000000,996000000,112000000,723000000,,2553000000,700000000,,,24995000000,5377000000,125231000000,52284000000,-3600000,
PG,80424,Consumer Staples,2025-07-31,10-K,2025-08-04,,,,,,,,,,,,,,,,,,,,,,2342371488
PG,80424,Consumer Staples,2025-09-30,10-Q,2025-10-24,22386000000,,5856000000,,1253000000,4750000000,1.95,5408000000,1200000000,121000000,761000000,,2549000000,1250000000,,,24315000000,,127599000000,53551000000,2436800000,2336733549
PG,80424,Consumer Staples,2025-12-31,10-Q,2026-01-23,22208000000,,5366000000,,1090000000,4319000000,1.78,,,,803000000,,,,,,25577000000,,127286000000,53317000000,2424000000,2324000685
PG,80424,Consumer Staples,2026-03-31,10-Q,2026-04-24,21235000000,,4576000000,,1039000000,3932000000,1.63,,,,785000000,,,,,,23852000000,,128378000000,54731000000,2416500000,2328598978
PG,80424,Consumer Staples,2026-06-30,10-K (Q4 derived: FY − 9M YTD),2026-08-04,21204000000,,3950000000,,852000000,3044000000,1.2599999999999998,5131000000,1023000000,130000000,812000000,,2609000000,875000000,,,22842000000,6457000000,126521000000,54311000000,-3300000,
PG,80424,Consumer Staples,2026-07-31,10-K,2026-08-04,,,,,,,,,,,,,,,,,,,,,,2324433060
PGR,80661,Financials,2025-01-31,10-K,2025-03-03,,,,,,,,,,,,,,,,,,,,,,586207679
PGR,80661,Financials,2025-03-31,10-Q,2026-05-04,20409000000,,,3236000000,669000000,2567000000,4.37,5143000000,59000000,,70000000,70000000,2695000000,,207000000,,,0,111409000000,28954000000,587700000,
PGR,80661,Financials,2025-04-30,10-Q,2025-05-05,,,,,,,,,,,,,,,,,,,,,,586223643
PGR,80661,Financials,2025-06-30,10-Q,2026-08-03,22004000000,,,3982000000,807000000,3175000000,5.4,,,,,69000000,,,135000000,,,0,115480000000,32604000000,587800000,586208487
PGR,80661,Financials,2025-09-30,10-Q,2025-11-03,22512000000,,,3323000000,708000000,2615000000,4.45,,,,,70000000,,,185000000,,,0,121535000000,35445000000,588200000,
PGR,80661,Financials,2025-10-02,10-Q,2025-11-03,,,,,,,,,,,,,,,,,,,,,,586397236
PGR,80661,Financials,2025-12-31,10-K (Q4 derived: FY − 9M YTD),2026-03-02,22746000000,,,3682000000,731000000,2951000000,5.02,3170000000,121000000,,83000000,69000000,59000000,,138000000,,,0,123039000000,30323000000,0,
PGR,80661,Financials,2026-01-31,10-K,2026-03-02,,,,,,,,,,,,,,,,,,,,,,585906353
PGR,80661,Financials,2026-03-31,10-Q,2026-05-04,22188000000,,,3566000000,748000000,2818000000,4.8,4367000000,63000000,,75000000,70000000,7972000000,,179000000,,,,122209000000,32039000000,586900000,
PGR,80661,Financials,2026-04-02,10-Q,2026-05-04,,,,,,,,,,,,,,,,,,,,,,584336464
PGR,80661,Financials,2026-06-30,10-Q,2026-08-03,23609000000,,,4209000000,898000000,3311000000,5.67,,,,,88000000,,,193000000,,,,124925000000,34333000000,584200000,
PGR,80661,Financials,2026-07-02,10-Q,2026-08-03,,,,,,,,,,,,,,,,,,,,,,581371770
PH,76334,Industrials,2024-06-30,10-K (Q4 derived: FY − 9M YTD),2026-08-21,,,1093330000,986357000,201220000,,6.02,1236923000,116672000,26318000,91300000,,210417000,91115000,422000000,8412000000,,,29298000000,12072000000,30669,
PH,76334,Industrials,2024-07-31,10-K,2024-08-22,,,,,,,,,,,,,,,,,,,,,,128595729
PH,76334,Industrials,2024-09-30,10-Q,2025-11-07,,,1058000000,875000000,177000000,,5.34,744000000,95000000,76000000,89000000,,210000000,94000000,371068000,,,,29600835000,12891900000,130700000,128720433
PH,76334,Industrials,2024-12-31,10-Q,2026-01-30,,,992000000,1166000000,217000000,,7.25,,,,88000000,,,,395507000,,,,28271463000,13118553000,130800000,128764843
PH,76334,Industrials,2025-03-31,10-Q,2026-05-01,,,1108000000,995000000,33000000,,7.37,,,,86000000,,,,408735000,,,,28917808000,13390974000,130300000,127778004
PH,76334,Industrials,2025-06-30,10-K (Q4 derived: FY − 9M YTD),2026-08-21,,,1189000000,1071000000,148000000,,7.150000000000002,1467000000,131000000,29000000,91000000,,231000000,906000000,467000000,7501000000,,,29494000000,13682000000,-400000,
PH,76334,Industrials,2025-07-31,10-K,2025-08-22,,,,,,,,,,,,,,,,,,,,,,126682154
PH,76334,Industrials,2025-09-30,10-Q,2025-11-07,,,1183000000,1040000000,232000000,,6.29,782000000,89000000,80000000,92000000,,228000000,522000000,473000000,,,,30677000000,13777000000,128400000,126186699
PH,76334,Industrials,2025-12-31,10-Q,2026-01-30,,,1182000000,1064000000,219000000,,6.6,,,,85000000,,,,427000000,,,,30511000000,14311000000,128100000,126216529
PH,76334,Industrials,2026-03-31,10-Q,2026-05-01,,,1229000000,1119000000,215000000,,7.06,,,,87000000,,,,476000000,,,,30679000000,14609000000,128000000,126086389
PH,76334,Industrials,2026-06-30,10-K (Q4 derived: FY − 9M YTD),2026-08-21,,,1474000000,1340000000,248000000,,8.530000000000001,1736000000,173000000,34000000,89000000,,253000000,255000000,501000000,7472000000,,,30877000000,15404000000,-100000,
PH,76334,Industrials,2026-07-31,10-K,2026-08-21,,,,,,,,,,,,,,,,,,,,,,126047469
PHM,822416,Consumer Discretionary,2025-03-31,10-Q,2026-04-23,,,,,158338000,522799000,2.57,134228000,29606000,18127000,24668000,,45822000,300000000,1235666000,,,,17336546000,12300972000,203664000,
PHM,822416,Consumer Discretionary,2025-04-15,10-Q,2025-04-22,,,,,,,,,,,,,,,,,,,,,,200427178
PHM,822416,Consumer Discretionary,2025-06-30,10-Q,2026-07-22,,,,,198673000,608483000,3.03,,,,25046000,,,,1234158000,,,,17587811000,12574942000,200681000,
PHM,822416,Consumer Discretionary,2025-07-15,10-Q,2025-07-22,,,,,,,,,,,,,,,,,,,,,,197297574
PHM,822416,Consumer Discretionary,2025-09-30,10-Q,2025-10-21,,,,,181954000,585834000,2.96,,,,25834000,,,,1451532000,,,,17850979000,12826037000,198141000,
PHM,822416,Consumer Discretionary,2025-10-15,10-Q,2025-10-21,,,,,,,,,,,,,,,,,,,,,,194916877
PHM,822416,Consumer Discretionary,2025-12-31,10-K (Q4 derived: FY − 9M YTD),2026-02-04,,,,,153624000,501615000,2.5699999999999985,771127000,31315000,11602000,36958000,,43026000,299996000,1980869000,43900000,,,18048423000,12985442000,-1269000,
PHM,822416,Consumer Discretionary,2026-01-22,10-K,2026-02-04,,,,,,,,,,,,,,,,,,,,,,192327885
PHM,822416,Consumer Discretionary,2026-03-31,10-Q,2026-04-23,,,,,102400000,346996000,1.79,159751000,25396000,19354000,24538000,,52035000,308183000,1807020000,,,,18195980000,12954152000,193403000,
PHM,822416,Consumer Discretionary,2026-04-15,10-Q,2026-04-23,,,,,,,,,,,,,,,,,,,,,,190486353
PHM,822416,Consumer Discretionary,2026-06-30,10-Q,2026-07-22,,,,,150436000,472003000,2.48,,,,25397000,,,,1335709000,,,,18263190000,13013731000,190583000,
PHM,822416,Consumer Discretionary,2026-07-15,10-Q,2026-07-22,,,,,,,,,,,,,,,,,,,,,,187452540
PKG,75677,Materials,2025-03-31,10-Q,2026-05-08,2141000000,454700000,280300000,267400000,63600000,203800000,2.26,339100000,148100000,17800000,138000000,,112300000,0,751700000,,2474700000,,8969800000,4499200000,89600000,
PKG,75677,Materials,2025-05-02,10-Q,2025-05-08,,,,,,,,,,,,,,,,,,,,,,89980004
PKG,75677,Materials,2025-06-30,10-Q,2026-08-07,2171300000,483000000,333700000,320600000,79100000,241500000,2.67,,,,140700000,,,,787900000,,2475200000,,9041200000,4632100000,89700000,
PKG,75677,Materials,2025-08-01,10-Q,2025-08-07,,,,,,,,,,,,,,,,,,,,,,89978783
PKG,75677,Materials,2025-09-30,10-Q,2025-11-06,2313400000,504300000,324500000,305200000,78300000,226900000,2.51,,,,152600000,,,,634000000,3992400000,3966400000,,10980000000,4755500000,89700000,
PKG,75677,Materials,2025-10-31,10-Q,2025-11-06,,,,,,,,,,,,,,,,,,,,,,89977067
PKG,75677,Materials,2025-12-31,10-K (Q4 derived: FY − 9M YTD),2026-02-26,2363600000,447500000,168500000,134500000,32700000,101800000,1.13,446600000,319000000,8600000,221600000,,112500000,,529000000,3992500000,3967300000,,10725500000,4598000000,-100000,
PKG,75677,Materials,2026-02-20,10-K,2026-02-26,,,,,,,,,,,,,,,,,,,,,,89213394000
PKG,75677,Materials,2026-03-31,10-Q,2026-05-08,2367800000,452900000,251300000,219800000,48900000,170900000,1.91,329300000,164700000,15300000,225200000,,111900000,58800000,397100000,,3968100000,,10777900000,4587800000,89100000,
PKG,75677,Materials,2026-05-01,10-Q,2026-05-08,,,,,,,,,,,,,,,,,,,,,,89098647
PKG,75677,Materials,2026-06-30,10-Q,2026-08-07,2489900000,512500000,291200000,259000000,66900000,192100000,2.15,,,,176300000,,,,442800000,,3968900000,,11015500000,4661900000,89000000,
PKG,75677,Materials,2026-07-31,10-Q,2026-08-07,,,,,,,,,,,,,,,,,,,,,,89098299
PLD,1045609,Real Estate,2024-12-31,10-K,2026-02-13,2200646000,,1421256000,1429046000,86870000,1278853000,1.37,1335451000,,67445000,,,,,1318591000,30879263000,,,95328909000,53951138000,60000,
PLD,1045609,Real Estate,2025-02-12,10-K,2025-02-14,,,,,,,,,,,,,,,,,,,,,,926860000
PLD,1045609,Real Estate,2025-03-31,10-Q,2026-04-30,2139665000,,878413000,682903000,43383000,592953000,0.63,1160753000,,53161000,,,,,671117000,32262055000,,,95993391000,53467210000,956080000,
PLD,1045609,Real Estate,2025-04-25,10-Q,2025-04-29,,,,,,,,,,,,,,,,,,,,,,927926000
PLD,1045609,Real Estate,2025-06-30,10-K,2026-02-13,2183869000,,912712000,645709000,23405000,571229000,0.61,,,,,,,,1066081000,34666551000,,,97717050000,52728574000,955882000,
PLD,1045609,Real Estate,2025-07-25,10-Q,2025-07-30,,,,,,,,,,,,,,,,,,,,,,928063000
PLD,1045609,Real Estate,2025-09-30,10-K,2026-02-13,2213881000,,940261000,875795000,54535000,764266000,0.82,,,,,,,,1186022000,35302901000,,,98341141000,52635541000,956603000,
PLD,1045609,Real Estate,2025-10-24,10-Q,2025-10-28,,,,,,,,,,,,,,,,,,,,,,928867000
PLD,1045609,Real Estate,2025-12-31,10-K,2026-02-13,2252712000,,1626478000,1564909000,82694000,1399783000,1.49,1158236000,,43812000,,,,,1145647000,35037073000,,,98724256000,53193178000,1008000,
PLD,1045609,Real Estate,2026-02-11,10-K,2026-02-13,,,,,,,,,,,,,,,,,,,,,,929559000
PLD,1045609,Real Estate,2026-03-31,10-Q,2026-04-30,2297723000,,1211055000,1092786000,47971000,981976000,1.05,1288136000,,60632000,,,,,861144000,34669592000,,,98133451000,53503401000,957561000,
PLD,1045609,Real Estate,2026-04-28,10-Q,2026-04-30,,,,,,,,,,,,,,,,,,,,,,932338000
PLTR,1321655,Information Technology,2023-09-30,10-Q,2024-11-05,558159000,450237000,39983000,79969000,6530000,71505000,0.03,,,,,742000,,,1040310000,,,,4193417000,3190015000,2325600000,2175241000
PLTR,1321655,Information Technology,2023-12-31,10-K (Q4 derived: FY − 9M YTD),2026-02-17,608350000,499711000,65794000,106247000,9334000,93391000,0.039999999999999994,301172000,4860000,132608000,7972000,136000,,0,831047000,,,,4522425000,3475561000,16580000,2200128000
PLTR,1321655,Information Technology,2024-03-31,10-Q,2025-05-06,634338000,518082000,80881000,110726000,4655000,105530000,0.04,129579000,2664000,125651000,8438000,,,9000000,520388000,,,,4807079000,3775227000,2400107000,2226963000
PLTR,1321655,Information Technology,2024-06-30,10-Q,2025-08-05,678134000,549572000,105339000,140759000,5189000,134126000,0.06,,,,,,,,512659000,,,,5191880000,4050524000,2414696000,2237939000
PLTR,1321655,Information Technology,2024-09-30,10-Q,2025-11-04,725516000,578877000,113140000,157150000,7809000,143525000,0.06,,,,,,,,768710000,,,,5768097000,4498143000,2459589000,2269809000
PLTR,1321655,Information Technology,2024-12-31,10-K (Q4 derived: FY − 9M YTD),2026-02-17,827519000,652986000,11043000,80538000,3602000,79009000,0.03,460327000,3106000,281798000,7006000,,,18598000,2098524000,,,,6340884000,5003275000,25954000,2338795000
PLTR,1321655,Information Technology,2025-03-31,10-Q,2026-05-05,883855000,710885000,176048000,223316000,5599000,214031000,0.08,310263000,6184000,155339000,6622000,,,17998000,993464000,,,,6736917000,5424155000,2552818000,2359663000
PLTR,1321655,Information Technology,2025-06-30,10-Q,2026-08-04,1003697000,810763000,269317000,332168000,3596000,326727000,0.13,,,,,,,,929547000,,,,7365688000,5928901000,2562912000,2371847000
PLTR,1321655,Information Technology,2025-09-30,10-Q,2025-11-04,1181092000,973785000,393256000,480501000,3753000,475599000,0.18,,,,,,,,1615967000,,,,8113960000,6590457000,2571057000,2383314000
PLTR,1321655,Information Technology,2025-12-31,10-K (Q4 derived: FY − 9M YTD),2026-02-17,1406802000,1190836000,575394000,621383000,9776000,608676000,0.22999999999999998,777295000,13272000,196405000,7018000,,,19196000,1423796000,,,,8900392000,7387268000,2830000,2391192000
PLTR,1321655,Information Technology,2026-03-31,10-Q,2026-05-05,1632583000,1416785000,753998000,888601000,12199000,870527000,0.34,899165000,7401000,201592000,6765000,,,,2291631000,,,,10199183000,8449663000,2570924000,2397133000
PLTR,1321655,Information Technology,2026-06-30,10-Q,2026-08-04,1935464000,1638594000,912004000,1081345000,15383000,1061890000,0.41,,,,,,,,2030047000,,,,11678564000,9774194000,2568694000,2402897000
PM,1413329,Consumer Staples,2025-03-31,10-Q,2026-04-24,9301000000,6270000000,3544000000,3291000000,659000000,2690000000,1.72,-350000000,404000000,,480000000,,2116000000,,4443000000,,,,65079000000,-10901000000,1557000000,
PM,1413329,Consumer Staples,2025-04-17,10-Q,2025-04-24,,,,,,,,,,,,,,,,,,,,,,1556517182
PM,1413329,Consumer Staples,2025-06-30,10-Q,2026-07-24,10140000000,6866000000,3712000000,3424000000,652000000,3039000000,1.95,,,,490000000,,,,4138000000,,,,68506000000,-11966000000,1558000000,
PM,1413329,Consumer Staples,2025-07-18,10-Q,2025-07-25,,,,,,,,,,,,,,,,,,,,,,1556589337
PM,1413329,Consumer Staples,2025-09-30,10-Q,2025-10-24,10845000000,7358000000,4263000000,4019000000,751000000,3478000000,2.23,,,,505000000,,,,4037000000,,,,67061000000,-10914000000,1558000000,
PM,1413329,Consumer Staples,2025-10-17,10-Q,2025-10-24,,,,,,,,,,,,,,,,,,,,,,1556638749
PM,1413329,Consumer Staples,2025-12-31,10-K (Q4 derived: FY − 9M YTD),2026-02-06,10362000000,6802000000,3373000000,3146000000,675000000,2141000000,1.37,4709000000,444000000,,521000000,,2295000000,,4872000000,,,,69185000000,-9994000000,0,
PM,1413329,Consumer Staples,2026-01-30,10-K,2026-02-06,,,,,,,,,,,,,,,,,,,,,,1556679579
PM,1413329,Consumer Staples,2026-03-31,10-Q,2026-04-24,10146000000,6905000000,3893000000,3661000000,676000000,2438000000,1.56,-399000000,353000000,,510000000,,2307000000,,5450000000,,,,68913000000,-9279000000,1559000000,
PM,1413329,Consumer Staples,2026-04-17,10-Q,2026-04-24,,,,,,,,,,,,,,,,,,,,,,1558558846
PM,1413329,Consumer Staples,2026-06-30,10-Q,2026-07-24,11192000000,7659000000,4530000000,4292000000,955000000,2817000000,1.8,,,,513000000,,,,5999000000,,,,68271000000,-8583000000,1560000000,
PM,1413329,Consumer Staples,2026-07-17,10-Q,2026-07-24,,,,,,,,,,,,,,,,,,,,,,1558613439
PNC,713676,Financials,2025-03-31,10-Q,2026-05-05,5452000000,,,1846000000,347000000,,3.51,-509000000,,,,,639000000,262000000,38400000000,60722000000,,,554722000000,56405000000,398000000,
PNC,713676,Financials,2025-04-16,10-Q,2025-05-02,,,,,,,,,,,,,,,,,,,,,,395567009
PNC,713676,Financials,2025-06-30,10-Q,2026-08-05,5661000000,,,2024000000,381000000,1627000000,3.85,,,,,,,,30394000000,60424000000,,,559107000000,57607000000,397000000,
PNC,713676,Financials,2025-07-15,10-Q,2025-08-01,,,,,,,,,,,,,,,,,,,,,,393807382
PNC,713676,Financials,2025-09-30,10-Q,2025-11-03,5915000000,,,2287000000,465000000,,4.35,,,,,,,,38871000000,62344000000,,,568767000000,58990000000,396000000,
PNC,713676,Financials,2025-10-14,10-Q,2025-11-03,,,,,,,,,,,,,,,,,,,,,,392158451
PNC,713676,Financials,2025-12-31,10-K (Q4 derived: FY − 9M YTD),2026-02-20,6071000000,,,2329000000,296000000,,4.869999999999999,757000000,,,,,676000000,406000000,39713000000,57101000000,,,573572000000,60585000000,-1000000,
PNC,713676,Financials,2026-02-03,10-K,2026-02-20,,,,,,,,,,,,,,,,,,,,,,403370923
PNC,713676,Financials,2026-03-31,10-Q,2026-05-05,6165000000,,,2187000000,415000000,,4.13,1928000000,,,,,696000000,796000000,31699000000,66666000000,,,603028000000,63627000000,405000000,
PNC,713676,Financials,2026-04-14,10-Q,2026-05-05,,,,,,,,,,,,,,,,,,,,,,401564632
PNC,713676,Financials,2026-06-30,10-Q,2026-08-05,6875000000,,,2586000000,531000000,2040000000,4.81,,,,,,,,28745000000,85723000000,,,616034000000,64008000000,403000000,
PNC,713676,Financials,2026-07-20,10-Q,2026-08-05,,,,,,,,,,,,,,,,,,,,,,398943667
PNR,77360,Industrials,2023-06-30,10-Q,2024-07-23,1082500000,399500000,208500000,181500000,27300000,152900000,0.92,,,6900000,,,,,141600000,2114700000,2114700000,,6508300000,,166100000,165113324
PNR,77360,Industrials,2023-09-30,10-Q,2024-10-22,1008800000,371800000,180100000,152900000,20800000,132100000,0.79,,,7200000,,,,,137000000,1993600000,1993600000,,6411000000,,166600000,165298959
PNR,77360,Industrials,2023-12-31,10-K (Q4 derived: FY − 9M YTD),2026-02-24,,366100000,167000000,134000000,-74100000,208000000,1.25,118500000,21200000,7800000,15200000,,36300000,0,170300000,1988300000,1988300000,,6563300000,,100000,165334513
PNR,77360,Industrials,2024-03-31,10-Q,2025-04-22,1017200000,390100000,180800000,153400000,19900000,133300000,0.8,-107600000,19300000,7900000,14900000,,38000000,,109100000,2084300000,2084300000,,6738700000,,167200000,166024623
PNR,77360,Industrials,2024-06-30,10-Q,2024-07-23,1099300000,437900000,248000000,220900000,34800000,186100000,1.11,,,8400000,15500000,,,,214300000,1752600000,1752600000,,6548000000,,167300000,165497736
PNR,77360,Industrials,2024-09-30,10-Q,2024-10-22,993400000,393200000,179900000,160200000,20600000,139600000,0.84,,,10000000,14900000,,,,218100000,,1628400000,,6472600000,,167000000,165231158
PNR,77360,Industrials,2024-12-31,10-K (Q4 derived: FY − 9M YTD),2026-02-24,,377600000,195100000,184400000,18000000,166400000,0.9900000000000002,86500000,22700000,13400000,15000000,,38000000,,118700000,1638700000,1638700000,,6446500000,,-100000,164817183
PNR,77360,Industrials,2025-03-31,10-Q,2025-04-22,1010400000,403300000,203100000,182900000,28000000,154900000,0.93,-38900000,16800000,12600000,14800000,,41200000,,140600000,1835700000,1835700000,,6747200000,,166300000,164526997
PNR,77360,Industrials,2025-06-30,10-Q,2025-07-22,,456600000,217700000,172500000,24000000,148500000,0.9,,,8600000,14600000,,,,143000000,1398100000,1398100000,,6479500000,,165700000,163931255
PNR,77360,Industrials,2025-09-30,10-Q,2025-10-21,,418600000,231700000,216700000,32400000,184300000,1.12,,,6100000,15300000,,,,128400000,1580100000,1580100000,,6759600000,,165100000,163641880
PNR,77360,Industrials,2025-12-31,10-K (Q4 derived: FY − 9M YTD),2026-02-24,,411800000,205000000,184400000,22600000,166100000,1.02,50800000,23700000,9700000,14900000,,41000000,,101600000,1638600000,1638600000,,6868800000,,-200000,163235706
PNR,77360,Industrials,2026-03-31,10-Q,2026-04-28,,433400000,210000000,189400000,28600000,172400000,1.05,-67400000,18500000,15700000,14600000,,44100000,,67700000,1944300000,1944300000,,7072000000,,163700000,161605541
PNW,764622,Utilities,2025-03-31,10-Q,2026-05-04,1032280000,,57222000,,-6183000,,-0.04,401895000,622552000,7160000,250651000,,104934000,,10047000,,8060736000,800000000,27236478000,6738508000,119594000,
PNW,764622,Utilities,2025-04-24,10-Q,2025-05-01,,,,,,,,,,,,,,,,,,,,,,119399009
PNW,764622,Utilities,2025-06-30,10-Q,2026-08-04,1358751000,,307552000,,35018000,,1.58,,,,,,,,18841000,,8507002000,350000000,29235181000,6726788000,121865000,
PNW,764622,Utilities,2025-07-31,10-Q,2025-08-06,,,,,,,,,,,,,,,,,,,,,,119427244
PNW,764622,Utilities,2025-09-30,10-Q,2025-11-03,1820741000,,581846000,,77894000,,3.39,,,,,,,,30885000,,9204259000,600000000,29892905000,7168010000,121956000,
PNW,764622,Utilities,2025-10-28,10-Q,2025-11-03,,,,,,,,,,,,,,,,,,,,,,119690399
PNW,764622,Utilities,2025-12-31,10-K (Q4 derived: FY − 9M YTD),2026-02-25,1128167000,,121010000,,-3000,,0.1200000000000001,476780000,669516000,6205000,237972000,,107329000,,6604000,,9205676000,600000000,30031599000,7046458000,110000,
PNW,764622,Utilities,2026-02-19,10-K,2026-02-25,,,,,,,,,,,,,,,,,,,,,,120905390
PNW,764622,Utilities,2026-03-31,10-Q,2026-05-04,1149597000,,131174000,,1169000,,0.27,235296000,628361000,8252000,259841000,,108462000,,6409000,,9801675000,600000000,30690627000,7068157000,123778000,
PNW,764622,Utilities,2026-04-28,10-Q,2026-05-04,,,,,,,,,,,,,,,,,,,,,,121187166
PNW,764622,Utilities,2026-06-30,10-Q,2026-08-04,1455749000,,305672000,,31302000,,1.43,,,,,,,,9124000,,9775808000,775000000,32576874000,7034754000,124494000,
PNW,764622,Utilities,2026-07-28,10-Q,2026-08-04,,,,,,,,,,,,,,,,,,,,,,121197234
PODD,1145197,Health Care,2025-03-31,10-Q,2026-05-06,569000000,409000000,88800000,48200000,12700000,35400000,0.5,63800000,12300000,18200000,21700000,,,0,,,,83100000,3517300000,1330600000,74111000,
PODD,1145197,Health Care,2025-05-01,10-Q,2025-05-09,,,,,,,,,,,,,,,,,,,,,,70374923
PODD,1145197,Health Care,2025-06-30,10-Q,2026-08-05,649100000,452200000,121100000,28400000,5900000,22500000,0.32,,,,,,,,,,,460700000,3469200000,1462900000,70652000,
PODD,1145197,Health Care,2025-07-31,10-Q,2025-08-07,,,,,,,,,,,,,,,,,,,,,,70392535
PODD,1145197,Health Care,2025-09-30,10-Q,2025-11-06,706300000,510100000,117700000,122800000,35200000,87600000,1.24,,,,,,,,,,,79900000,3029300000,1384100000,70661000,
PODD,1145197,Health Care,2025-10-30,10-Q,2025-11-06,,,,,,,,,,,,,,,,,,,,,,70346898
PODD,1145197,Health Care,2025-12-31,10-K (Q4 derived: FY − 9M YTD),2026-02-18,783800000,568600000,146300000,140200000,38500000,101600000,1.4300000000000002,183300000,135100000,20300000,24400000,,,0,,,,18400000,3190400000,1515200000,-406000,
PODD,1145197,Health Care,2026-02-11,10-K,2026-02-18,,,,,,,,,,,,,,,,,,,,,,70395848
PODD,1145197,Health Care,2026-03-31,10-Q,2026-05-06,761700000,529100000,122100000,113000000,21900000,91100000,1.3,113800000,24300000,21300000,26200000,,,300000000,,,,18600000,2987200000,1302600000,70202000,
PODD,1145197,Health Care,2026-04-29,10-Q,2026-05-06,,,,,,,,,,,,,,,,,,,,,,69264674
PODD,1145197,Health Care,2026-06-30,10-Q,2026-08-05,801700000,562600000,129700000,118700000,23700000,95000000,1.37,,,,,,,,,,,18900000,3165100000,1422200000,69403000,
PODD,1145197,Health Care,2026-07-29,10-Q,2026-08-05,,,,,,,,,,,,,,,,,,,,,,69354199
PPG,79879,Materials,2024-01-31,10-K,2024-02-15,,,,,,,,,,,,,,,,,,,,,,235254665
PPG,79879,Materials,2024-03-31,10-Q,2025-04-30,,,666000000,542000000,128000000,400000000,1.69,-60000000,252000000,11000000,130000000,55000000,153000000,149000000,1181000000,6234000000,5940000000,,21867000000,7941000000,236900000,234500000
PPG,79879,Materials,2024-06-30,10-Q,2025-07-30,,,796000000,651000000,149000000,528000000,2.24,,,10000000,,62000000,,,1131000000,6381000000,5765000000,,21729000000,7767000000,235700000,233300000
PPG,79879,Materials,2024-09-30,10-Q,2025-10-29,,,689000000,578000000,128000000,468000000,2,,,9000000,,67000000,,,1251000000,6466000000,6138000000,,21858000000,7788000000,234300000,232000000
PPG,79879,Materials,2024-12-31,10-K (Q4 derived: FY − 9M YTD),2026-02-19,,,,81000000,70000000,-280000000,-1.1799999999999997,346000000,208000000,12000000,119000000,,,241000000,1270000000,5801000000,4876000000,932000000,19433000000,6785000000,-700000,
PPG,79879,Materials,2025-01-31,10-K,2025-02-20,,,,,,,,,,,,,,,,,,,,,,226953559
PPG,79879,Materials,2025-03-31,10-Q,2026-04-29,,,607000000,502000000,122000000,373000000,1.63,-18000000,209000000,23000000,121000000,56000000,154000000,394000000,1830000000,7243000000,5574000000,,21140000000,6927000000,228900000,227000000
PPG,79879,Materials,2025-06-30,10-Q,2025-07-30,,,743000000,598000000,140000000,450000000,1.98,,,13000000,,62000000,,,1561000000,7322000000,5919000000,,22099000000,7577000000,227700000,225700000
PPG,79879,Materials,2025-09-30,10-Q,2025-10-29,,,689000000,556000000,118000000,453000000,2,,,-1000000,,65000000,,,1832000000,7303000000,5904000000,,22144000000,7800000000,226500000,224400000
PPG,79879,Materials,2025-12-31,10-K (Q4 derived: FY − 9M YTD),2026-02-19,,,,389000000,78000000,300000000,1.3400000000000007,887000000,301000000,11000000,134000000,,,103000000,2163000000,7297000000,6602000000,702000000,22098000000,7941000000,-600000,
PPG,79879,Materials,2026-01-31,10-K,2026-02-19,,,,,,,,,,,,,,,,,,,,,,223494714
PPG,79879,Materials,2026-03-31,10-Q,2026-04-29,,,636000000,517000000,132000000,382000000,1.7,33000000,196000000,11000000,132000000,61000000,159000000,96000000,1573000000,7096000000,6407000000,,22150000000,8104000000,224400000,222900000
PPL,922224,Utilities,2024-12-31,10-K (Q4 derived: FY − 9M YTD),2026-02-20,2211000000,,377000000,216000000,39000000,177000000,0.24,511000000,860000000,,322000000,189000000,190000000,,306000000,16503000000,15952000000,551000000,41069000000,,403000,
PPL,922224,Utilities,2025-01-31,10-K,2025-02-13,,,,,,,,,,,,,,,,,,,,,,738294081
PPL,922224,Utilities,2025-03-31,10-Q,2026-05-08,2504000000,,678000000,516000000,102000000,414000000,0.56,513000000,793000000,19000000,322000000,190000000,190000000,,312000000,,15938000000,569000000,41809000000,,741400000,
PPL,922224,Utilities,2025-04-25,10-Q,2025-04-30,,,,,,,,,,,,,,,,,,,,,,739263912
PPL,922224,Utilities,2025-06-30,10-Q,2025-07-31,2025000000,,406000000,230000000,47000000,183000000,0.25,,,,324000000,199000000,,,294000000,,15292000000,1219000000,42363000000,,742541000,
PPL,922224,Utilities,2025-07-25,10-Q,2025-07-31,,,,,,,,,,,,,,,,,,,,,,739515243
PPL,922224,Utilities,2025-09-30,10-Q,2025-11-05,2239000000,,569000000,398000000,80000000,318000000,0.43,,,,331000000,210000000,,,1102000000,,16936000000,1455000000,43939000000,,744290000,
PPL,922224,Utilities,2025-10-31,10-Q,2025-11-05,,,,,,,,,,,,,,,,,,,,,,739739177
PPL,922224,Utilities,2025-12-31,10-K (Q4 derived: FY − 9M YTD),2026-02-20,2274000000,,476000000,328000000,62000000,266000000,0.3600000000000001,548000000,1162000000,,335000000,209000000,201000000,,1071000000,18894000000,17990000000,904000000,45244000000,,601000,
PPL,922224,Utilities,2026-01-30,10-K,2026-02-20,,,,,,,,,,,,,,,,,,,,,,751306792
PPL,922224,Utilities,2026-03-31,10-Q,2026-05-08,2774000000,,745000000,560000000,108000000,452000000,,557000000,1058000000,23000000,351000000,224000000,202000000,,1241000000,,19024000000,994000000,46304000000,,757158000,
PPL,922224,Utilities,2026-04-30,10-Q,2026-05-08,,,,,,,,,,,,,,,,,,,,,,752350362
PRU,1137774,Financials,2025-03-31,10-Q,2026-05-06,13470000000,,,920000000,207000000,707000000,1.96,-2506000000,,,,,491000000,246000000,16063000000,34584000000,19540000000,1406000000,739262000000,29883000000,356100000,
PRU,1137774,Financials,2025-04-28,10-Q,2025-05-01,,,,,,,,,,,,,,,,,,,,,,354000000
PRU,1137774,Financials,2025-06-30,10-Q,2026-08-05,13726000000,,,740000000,195000000,533000000,1.48,,,,,,,,16638000000,33871000000,18651000000,1373000000,758952000000,30582000000,354900000,
PRU,1137774,Financials,2025-07-28,10-Q,2025-07-31,,,,,,,,,,,,,,,,,,,,,,352000000
PRU,1137774,Financials,2025-09-30,10-Q,2025-10-30,17888000000,,,1782000000,382000000,1431000000,4.01,,,,,,,,17469000000,34209000000,18797000000,1386000000,776302000000,32094000000,353000000,
PRU,1137774,Financials,2025-10-27,10-Q,2025-10-30,,,,,,,,,,,,,,,,,,,,,,350000000
PRU,1137774,Financials,2025-12-31,10-K (Q4 derived: FY − 9M YTD),2026-02-12,15690000000,,,1214000000,269000000,905000000,2.55,3319000000,,,-49000000,,475000000,254000000,19712000000,34600000000,18856000000,1443000000,773740000000,32438000000,-1000000,
PRU,1137774,Financials,2026-01-31,10-K,2026-02-12,,,,,,,,,,,,,,,,,,,,,,348000000
PRU,1137774,Financials,2026-03-31,10-Q,2026-05-06,15526000000,,,733000000,129000000,597000000,1.68,1008000000,,,143000000,,502000000,246000000,15936000000,34726000000,18882000000,946000000,765396000000,31975000000,349400000,
PRU,1137774,Financials,2026-04-30,10-Q,2026-05-06,,,,,,,,,,,,,,,,,,,,,,347000000
PRU,1137774,Financials,2026-06-30,10-Q,2026-08-05,15661000000,,,1178000000,218000000,985000000,2.8,,,,,,,,15162000000,36035000000,19663000000,955000000,783554000000,31577000000,348100000,
PRU,1137774,Financials,2026-07-31,10-Q,2026-08-05,,,,,,,,,,,,,,,,,,,,,,345000000
PSA,1393311,Real Estate,2025-03-31,10-Q,2026-04-27,1183184000,,464006000,412217000,1426000,407791000,2.04,705063000,,10283000,282715000,72009000,,,287177000,9424558000,,,19615446000,9566256000,175942000,
PSA,1393311,Real Estate,2025-04-23,10-Q,2025-04-30,,,,,,,,,,,,,,,,,,,,,,175431344
PSA,1393311,Real Estate,2025-06-30,10-Q,2026-07-29,1201094000,,499999000,364651000,3240000,358419000,1.76,,,,283216000,71609000,,,1104603000,10440279000,,,20541453000,9372459000,175921000,
PSA,1393311,Real Estate,2025-07-23,10-Q,2025-07-30,,,,,,,,,,,,,,,,,,,,,,175452848
PSA,1393311,Real Estate,2025-09-30,10-Q,2025-10-29,1224043000,,,517604000,2831000,511063000,2.62,,,,290364000,79692000,,,296460000,10042822000,,,20114318000,9312123000,175884000,
PSA,1393311,Real Estate,2025-10-22,10-Q,2025-10-29,,,,,,,,,,,,,,,,,,,,,,175463014
PSA,1393311,Real Estate,2025-12-31,10-K (Q4 derived: FY − 9M YTD),2026-02-12,1215792000,,,495332000,-14725000,507075000,2.59,733587000,,9541000,295545000,81185000,,0,318095000,10253881000,,,20208604000,9248128000,-14000,
PSA,1393311,Real Estate,2026-02-05,10-K,2026-02-12,,,,,,,,,,,,,,,,,,,,,,175506447
PSA,1393311,Real Estate,2026-03-31,10-Q,2026-04-27,1217741000,,474278000,530944000,1569000,526273000,2.71,694801000,,11888000,290723000,80018000,,,134609000,9707266000,,,19850409000,9224340000,175928000,
PSA,1393311,Real Estate,2026-04-20,10-Q,2026-04-27,,,,,,,,,,,,,,,,,,,,,,175545748
PSA,1393311,Real Estate,2026-06-30,10-Q,2026-07-29,1232881000,,466681000,505654000,2716000,499960000,2.55,,,,287757000,84781000,,,259936000,10180215000,,,20117732000,9190280000,176512000,
PSA,1393311,Real Estate,2026-07-21,10-Q,2026-07-29,,,,,,,,,,,,,,,,,,,,,,175621134
PSKY,2041610,Communication Services,2024-06-30,10-Q,2025-08-01,,,,,,,,,,,,,,,,,,,,0,,
PSKY,2041610,Communication Services,2024-09-30,10-Q,2025-11-10,6731000000,,337000000,,45000000,1000000,0,,,,96000000,209000000,,,,,,,,,670000000,
PSKY,2041610,Communication Services,2024-12-31,10-K (Q4 derived: FY − 9M YTD),2026-02-25,7984000000,,129000000,,37000000,-224000000,-0.3200000000000003,168000000,112000000,70000000,95000000,215000000,37000000,,2661000000,14501000000,,0,46172000000,16320000000,1000000,
PSKY,2041610,Communication Services,2025-03-31,10-Q,2026-05-04,7192000000,,550000000,0,100000000,152000000,0.22,180000000,57000000,44000000,88000000,217000000,36000000,,,,,,0,0,678000000,
PSKY,2041610,Communication Services,2025-05-13,10-Q,2025-05-14,,,,,,,,,,,,,,,,,,,,,,1000
PSKY,2041610,Communication Services,2025-06-30,10-Q,2026-08-04,6849000000,,399000000,0,50000000,57000000,0.08,,,,87000000,214000000,,,,,,,0,0,680000000,
PSKY,2041610,Communication Services,2025-07-31,10-Q,2025-08-01,,,,,,,,,,,,,,,,,,,,,,1000
PSKY,2041610,Communication Services,2025-09-30,10-Q,2025-11-10,,,,,,,,,,,,,,,3263000000,13633000000,,347000000,43181000000,12005000000,,
PSKY,2041610,Communication Services,2025-11-05,10-Q,2025-11-10,,,,,,,,,,,,,,,,,,,,,,1071666977
PSKY,2041610,Communication Services,2025-12-31,10-Q,2026-08-04,,,,,,,,,,,,,,,3274000000,13658000000,,433000000,43342000000,11693000000,,
PSKY,2041610,Communication Services,2026-03-31,10-Q,2026-05-04,7347000000,,616000000,,155000000,168000000,0.15,185000000,89000000,80000000,362000000,238000000,61000000,,1941000000,15483000000,,662000000,44488000000,11705000000,1118000000,
PSKY,2041610,Communication Services,2026-06-30,10-Q,2026-08-04,6913000000,,475000000,,120000000,41000000,0.04,,,,364000000,255000000,,,1627000000,15156000000,,665000000,44411000000,11771000000,1120000000,
PSX,1534701,Energy,2024-03-31,10-Q,2025-04-25,35811000000,,,,203000000,748000000,1.73,-236000000,,,504000000,,448000000,1164000000,1570000000,,,,76399000000,29726000000,431906000,423952135
PSX,1534701,Energy,2024-06-30,10-Q,2025-07-28,38129000000,,,,291000000,1015000000,2.38,,,,497000000,,,,2444000000,,,,75945000000,29455000000,425734000,418569183
PSX,1534701,Energy,2024-09-30,10-Q,2025-10-29,35528000000,,,,44000000,346000000,0.82,,,,543000000,,,,1637000000,,,,75080000000,28722000000,418803000,412989227
PSX,1534701,Energy,2024-12-31,10-K (Q4 derived: FY − 9M YTD),2026-02-20,33685000000,,,,-38000000,8000000,0.04999999999999982,1198000000,,,819000000,,472000000,647000000,1738000000,,,,72582000000,27408000000,-3667000,
PSX,1534701,Energy,2025-01-31,10-K,2025-02-21,,,,,,,,,,,,,,,,,,,,,,407698347
PSX,1534701,Energy,2025-03-31,10-Q,2026-04-29,30430000000,,,,122000000,487000000,1.18,187000000,,,791000000,,469000000,247000000,1489000000,,,,71838000000,27273000000,410505000,407581886
PSX,1534701,Energy,2025-06-30,10-Q,2026-08-05,33323000000,,,,212000000,877000000,2.15,,,,816000000,,,,1052000000,,,,75942000000,27491000000,407929000,404124265
PSX,1534701,Energy,2025-09-30,10-Q,2025-10-29,34515000000,,,,32000000,133000000,0.32,,,,826000000,,,,1845000000,,,,76116000000,26917000000,405549000,402921135
PSX,1534701,Energy,2025-12-31,10-K (Q4 derived: FY − 9M YTD),2026-02-20,34108000000,,,,526000000,2906000000,7.129999999999999,2752000000,,,818000000,,482000000,274000000,1116000000,,,,73680000000,29093000000,168000,
PSX,1534701,Energy,2026-01-31,10-K,2026-02-20,,,,,,,,,,,,,,,,,,,,,,400744022
PSX,1534701,Energy,2026-03-31,10-Q,2026-04-29,32540000000,,,,41000000,207000000,0.51,-2264000000,,,558000000,,509000000,269000000,5150000000,,,,84084000000,28528000000,403273000,400935020
PSX,1534701,Energy,2026-06-30,10-Q,2026-08-05,51004000000,,,,1092000000,3847000000,9.55,,,,585000000,,,,4099000000,,,,81810000000,31506000000,402618000,399020916
PTC,857005,Information Technology,2025-02-04,10-Q,2025-02-06,,,,,,,,,,,,,,,,,,,,,,120323542
PTC,857005,Information Technology,2025-03-31,10-Q,2026-05-07,636366000,530104000,223464000,205249000,42605000,162644000,1.35,,,51512000,,19606000,,,235169000,1364393000,,25000000,6162431000,3386463000,120854000,
PTC,857005,Information Technology,2025-04-29,10-Q,2025-05-01,,,,,,,,,,,,,,,,,,,,,,119947852
PTC,857005,Information Technology,2025-06-30,10-Q,2026-07-31,643937000,533912000,209828000,193676000,52348000,141328000,1.17,,,54032000,,18404000,,,199321000,1208412000,,25000000,6229053000,3512883000,120461000,
PTC,857005,Information Technology,2025-07-29,10-Q,2025-07-31,,,,,,,,,,,,,,,,,,,,,,119792704
PTC,857005,Information Technology,2025-09-30,10-K (Q4 derived: FY − 9M YTD),2025-11-21,893795000,776896000,433569000,428098000,80305000,347793000,2.88,104030000,3546000,54810000,25701000,16961000,,75011000,184415000,1172434000,,25000000,6617172000,3826229000,-38000,
PTC,857005,Information Technology,2025-12-31,10-Q,2026-02-05,685825000,568079000,221131000,202975000,36457000,166518000,1.39,269745000,2341000,57867000,25298000,17260000,,200034000,209736000,1172706000,,25000000,6427263000,3842419000,119989000,
PTC,857005,Information Technology,2026-02-03,10-Q,2026-02-05,,,,,,,,,,,,,,,,,,,,,,118996116
PTC,857005,Information Technology,2026-03-31,10-Q,2026-05-07,774303000,660685000,295802000,746799000,156076000,590723000,4.98,,,68599000,,15328000,,,439112000,1172972000,,25000000,6537260000,3859873000,118553000,
PTC,857005,Information Technology,2026-05-04,10-Q,2026-05-07,,,,,,,,,,,,,,,,,,,,,,115505791
PTC,857005,Information Technology,2026-06-30,10-Q,2026-07-31,600049000,490465000,166506000,152440000,33660000,118780000,1.03,,,59382000,,15771000,,,351454000,1398241000,,25074000,6513577000,3469743000,114978000,
PTC,857005,Information Technology,2026-07-29,10-Q,2026-07-31,,,,,,,,,,,,,,,,,,,,,,108506261
PWR,1050915,Industrials,2025-03-31,10-Q,2026-04-30,,834037000,239081000,188849000,39880000,144258000,0.96,243198000,132762000,38151000,98114000,,15464000,118568000,520561000,,,,19134546000,7456660000,150964000,
PWR,1050915,Industrials,2025-04-28,10-Q,2025-05-01,,,,,,,,,,,,,,,,,,,,,,148198715
PWR,1050915,Industrials,2025-06-30,10-Q,2026-07-30,,1007574000,370282000,318623000,85100000,229250000,1.52,,,,,,,16000000,509460000,,,,19891264000,7857602000,150923000,
PWR,1050915,Industrials,2025-07-28,10-Q,2025-07-31,,,,,,,,,,,,,,,,,,,,,,149005943
PWR,1050915,Industrials,2025-09-30,10-Q,2025-10-30,,1216434000,517217000,462444000,119605000,339420000,2.24,,,,,,,,610387000,,,,22743766000,8395778000,151496000,
PWR,1050915,Industrials,2025-10-27,10-Q,2025-10-30,,,,,,,,,,,,,,,,,,,,,,149115887
PWR,1050915,Industrials,2025-12-31,10-K (Q4 derived: FY − 9M YTD),2026-02-19,,1217036000,484929000,419589000,103003000,315450000,2.08,1127565000,193594000,52826000,110824000,,15029000,0,439508000,,,763898000,24926901000,8938249000,163000,
PWR,1050915,Industrials,2026-02-16,10-K,2026-02-19,,,,,,,,,,,,,,,,,,,,,,149619428
PWR,1050915,Industrials,2026-03-31,10-Q,2026-04-30,,1107329000,338779000,256356000,24925000,220625000,1.45,391744000,220093000,62634000,113294000,,17161000,0,364761000,,,,25746618000,9044569000,152086000,
PWR,1050915,Industrials,2026-04-27,10-Q,2026-04-30,,,,,,,,,,,,,,,,,,,,,,150060149
PWR,1050915,Industrials,2026-06-30,10-Q,2026-07-30,,1545178000,694834000,617163000,157584000,451381000,2.96,,,,,,,,506431000,,,674312000,28291820000,9637942000,152439000,
PWR,1050915,Industrials,2026-07-27,10-Q,2026-07-30,,,,,,,,,,,,,,,,,,,,,,150343393
PYPL,1633917,Financials,2024-12-31,10-K (Q4 derived: FY − 9M YTD),2026-02-03,8366000000,,1441000000,,289000000,1121000000,1.1,2394000000,203000000,283000000,249000000,,,1269000000,6662000000,,9879000000,,78725000000,20417000000,-9000000,
PYPL,1633917,Financials,2025-01-29,10-K,2025-02-04,,,,,,,,,,,,,,,,,,,,,,989242452
PYPL,1633917,Financials,2025-03-31,10-Q,2026-05-05,7791000000,,1530000000,,316000000,1287000000,1.29,1160000000,196000000,249000000,245000000,,0,1500000000,7569000000,,11417000000,,81274000000,20254000000,999000000,
PYPL,1633917,Financials,2025-04-23,10-Q,2025-04-29,,,,,,,,,,,,,,,,,,,,,,972532829
PYPL,1633917,Financials,2025-06-30,10-Q,2025-07-29,8288000000,,1504000000,,268000000,1261000000,1.29,,,,,,,,6688000000,,11296000000,,79777000000,20201000000,977000000,
PYPL,1633917,Financials,2025-07-23,10-Q,2025-07-29,,,,,,,,,,,,,,,,,,,,,,955378405
PYPL,1633917,Financials,2025-09-30,10-Q,2025-10-28,8417000000,,1520000000,,285000000,1248000000,1.3,,,,,,,,8995000000,,11276000000,,79801000000,20198000000,960000000,
PYPL,1633917,Financials,2025-10-22,10-Q,2025-10-28,,,,,,,,,,,,,,,,,,,,,,935651953
PYPL,1633917,Financials,2025-12-31,10-K (Q4 derived: FY − 9M YTD),2026-02-03,8676000000,,1511000000,,190000000,1437000000,1.5300000000000002,2384000000,194000000,210000000,234000000,,,1501000000,8049000000,,9987000000,,80173000000,20256000000,-10000000,
PYPL,1633917,Financials,2026-01-28,10-K,2026-02-03,,,,,,,,,,,,,,,,,,,,,,920664542
PYPL,1633917,Financials,2026-03-31,10-Q,2026-05-05,8353000000,,1488000000,,280000000,1113000000,1.21,1134000000,231000000,259000000,238000000,,130000000,1500000000,6977000000,10876000000,9409000000,,80546000000,20024000000,920000000,
PYPL,1633917,Financials,2026-04-29,10-Q,2026-05-05,,,,,,,,,,,,,,,,,,,,,,882105493
Q,2058873,Information Technology,2024-09-30,10-Q,2025-11-18,1148000000,,,250000000,43000000,199000000,0.95,,,,102000000,0,,,,,,,,,209000000,
Q,2058873,Information Technology,2024-12-31,10-K (Q4 derived: FY − 9M YTD),2026-02-26,1101000000,,,253000000,32000000,,1.0100000000000002,286000000,66000000,3000000,97000000,0,,,166000000,,,0,12273000000,10644000000,400000,
Q,2058873,Information Technology,2025-03-31,10-Q,2026-05-12,1118000000,,,246000000,47000000,,0.92,207000000,104000000,4000000,94000000,0,0,0,,,,,,,209400000,
Q,2058873,Information Technology,2025-06-30,10-Q,2026-08-04,1170000000,,,255000000,57000000,,0.9,,,,92000000,0,,,,,,,,,209400000,
Q,2058873,Information Technology,2025-09-30,10-Q,2025-11-18,1276000000,,,272000000,49000000,211000000,1.01,,,,94000000,14000000,,,128000000,,,,12512000000,9123000000,209000000,
Q,2058873,Information Technology,2025-11-14,10-Q,2025-11-18,,,,,,,,,,,,,,,,,,,,,,209463194
Q,2058873,Information Technology,2025-12-31,10-K (Q4 derived: FY − 9M YTD),2026-02-26,1190000000,,,189000000,80000000,,0.46999999999999975,491000000,71000000,8000000,96000000,51000000,,,915000000,4100000000,,24000000,14070000000,7095000000,800000,
Q,2058873,Information Technology,2026-02-24,10-K,2026-02-26,,,,,,,,,,,,,,,,,,,,,,209658907
Q,2058873,Information Technology,2026-03-31,10-Q,2026-05-12,1315000000,,,218000000,56000000,,0.72,135000000,122000000,10000000,98000000,61000000,17000000,25000000,857000000,,,23000000,14063000000,7186000000,210300000,
Q,2058873,Information Technology,2026-05-08,10-Q,2026-05-12,,,,,,,,,,,,,,,,,,,,,,209339207
Q,2058873,Information Technology,2026-06-30,10-Q,2026-08-04,1429000000,,,199000000,63000000,,0.59,,,,97000000,61000000,,,961000000,,,23000000,14331000000,7261000000,210200000,
Q,2058873,Information Technology,2026-07-31,10-Q,2026-08-04,,,,,,,,,,,,,,,,,,,,,,209208543
QCOM,804328,Information Technology,2025-03-30,10-Q,2026-04-29,10979000000,,3120000000,3105000000,293000000,2812000000,2.52,,,,,163000000,,,7203000000,13258000000,,,55372000000,,1115000000,
QCOM,804328,Information Technology,2025-04-28,10-Q,2025-04-30,,,,,,,,,,,,,,,,,,,,,,1098000000
QCOM,804328,Information Technology,2025-06-29,10-Q,2026-07-29,10365000000,,2762000000,2952000000,286000000,2666000000,2.43,,,,,168000000,,,5448000000,14788000000,,,54862000000,,1099000000,
QCOM,804328,Information Technology,2025-07-28,10-Q,2025-07-30,,,,,,,,,,,,,,,,,,,,,,1079000000
QCOM,804328,Information Technology,2025-09-28,10-K (Q4 derived: FY − 9M YTD),2025-11-05,11271000000,,2918000000,2971000000,6088000000,-3117000000,-2.7800000000000002,3996000000,407000000,663000000,371000000,171000000,,2444000000,5520000000,14811000000,14811000000,0,50143000000,,-7000000,
QCOM,804328,Information Technology,2025-11-03,10-K,2025-11-05,,,,,,,,,,,,,,,,,,,,,,1071000000
QCOM,804328,Information Technology,2025-12-28,10-Q,2026-02-04,12252000000,,3366000000,3547000000,543000000,3004000000,2.78,4965000000,549000000,888000000,393000000,169000000,,2650000000,7205000000,14817000000,,,53034000000,,1079000000,
QCOM,804328,Information Technology,2026-02-02,10-Q,2026-02-04,,,,,,,,,,,,,,,,,,,,,,1067000000
QCOM,804328,Information Technology,2026-03-29,10-Q,2026-04-29,10599000000,,2309000000,2232000000,-5138000000,7370000000,6.88,,,,,171000000,,,5435000000,14772000000,,,57136000000,,1072000000,
QCOM,804328,Information Technology,2026-04-27,10-Q,2026-04-29,,,,,,,,,,,,,,,,,,,,,,1054000000
QCOM,804328,Information Technology,2026-06-28,10-Q,2026-07-29,9947000000,,1626000000,2462000000,460000000,2002000000,1.87,,,,,178000000,,,4533000000,12781000000,,1991000000,57367000000,,1069000000,
QCOM,804328,Information Technology,2026-07-27,10-Q,2026-07-29,,,,,,,,,,,,,,,,,,,,,,1050000000
RCL,884887,Consumer Discretionary,2025-03-31,10-Q,2026-04-30,,,945000000,751000000,16000000,730000000,2.7,1627000000,428000000,53000000,412000000,,148000000,241000000,386000000,,,,37452000000,7960000000,276000000,
RCL,884887,Consumer Discretionary,2025-04-25,10-Q,2025-04-29,,,,,,,,,,,,,,,,,,,,,,271560372
RCL,884887,Consumer Discretionary,2025-06-30,10-Q,2026-07-28,,,1329000000,1232000000,17000000,1210000000,4.41,,,,417000000,,,,735000000,,,,38542000000,9169000000,275000000,
RCL,884887,Consumer Discretionary,2025-07-25,10-Q,2025-07-29,,,,,,,,,,,,,,,,,,,,,,271627660
RCL,884887,Consumer Discretionary,2025-09-30,10-Q,2025-10-28,,,1702000000,,,1575000000,5.74,,,,435000000,,,,432000000,,,,40109000000,10092000000,274000000,
RCL,884887,Consumer Discretionary,2025-10-24,10-Q,2025-10-28,,,,,,,,,,,,,,,,,,,,,,272712972
RCL,884887,Consumer Discretionary,2025-12-31,10-K (Q4 derived: FY − 9M YTD),2026-02-11,,,933000000,,,754000000,2.7799999999999994,1623000000,1507000000,39000000,453000000,,272000000,504000000,825000000,,,,41619000000,10037000000,-1000000,
RCL,884887,Consumer Discretionary,2026-02-09,10-K,2026-02-11,,,,,,,,,,,,,,,,,,,,,,270528303
RCL,884887,Consumer Discretionary,2026-03-31,10-Q,2026-04-30,,,1162000000,976000000,26000000,941000000,3.48,1834000000,500000000,38000000,461000000,,270000000,836000000,512000000,,,,41990000000,9810000000,271000000,
RCL,884887,Consumer Discretionary,2026-04-27,10-Q,2026-04-30,,,,,,,,,,,,,,,,,,,,,,268194978
RCL,884887,Consumer Discretionary,2026-06-30,10-Q,2026-07-28,,,1307000000,1150000000,14000000,1128000000,4.2,,,,464000000,,,,875000000,,,,44644000000,10236000000,268000000,
RCL,884887,Consumer Discretionary,2026-07-24,10-Q,2026-07-28,,,,,,,,,,,,,,,,,,,,,,267452084
RDDT,1713445,Communication Services,2023-09-30,10-Q,2024-10-30,207508000,,-19585000,-6938000,445000,-7383000,-0.13,-7703000,3936000,9392000,3288000,,,,434314000,,,,,-455236000,58855589,
RDDT,1713445,Communication Services,2023-12-31,10-K (Q4 derived: FY − 9M YTD),2026-02-06,249750000,,3015000,19476000,942000,18534000,0.33000000000000007,-17433000,4602000,15623000,3755000,,,,401176000,,,,1596467000,-412922000,642542,
RDDT,1713445,Communication Services,2024-03-31,10-Q,2025-05-02,242963000,,-589255000,-574701000,365000,-575066000,-8.19,32064000,2851000,577508000,3743000,,,,968515000,,,,2015896000,1838300000,70240492,
RDDT,1713445,Communication Services,2024-06-30,10-Q,2025-08-01,281184000,,-31039000,-10315000,-216000,-10099000,-0.06,28385000,1202000,64266000,3770000,,,,467952000,,,,2076362000,1893835000,164382736,
RDDT,1713445,Communication Services,2024-09-30,10-Q,2025-10-31,348351000,,6854000,29822000,-31000,29853000,0.16,71622000,1353000,74758000,3969000,,,,515895000,,,,2171708000,1977608000,192322916,
RDDT,1713445,Communication Services,2024-12-31,10-K (Q4 derived: FY − 9M YTD),2026-02-06,427707000,,52872000,69987000,-1049000,71036000,0.79,89997000,842000,85114000,4161000,,,,562092000,,,,2336595000,2130749000,10748497,
RDDT,1713445,Communication Services,2025-03-31,10-Q,2026-05-01,392361000,,3903000,24437000,-1721000,26158000,0.13,127578000,979000,85414000,3963000,,,0,635727000,,,,2437024000,2217121000,201275223,
RDDT,1713445,Communication Services,2025-06-30,10-Q,2026-07-31,499627000,,67711000,88858000,-439000,89297000,0.45,111331000,505000,89070000,3934000,,,0,734060000,,,,2632202000,2386980000,199522433,
RDDT,1713445,Communication Services,2025-09-30,10-Q,2025-10-31,584911000,,138542000,160577000,-2086000,162663000,0.8,185159000,2058000,83518000,3900000,,,,911653000,,,,2876376000,2610663000,202727809,
RDDT,1713445,Communication Services,2025-12-31,10-K (Q4 derived: FY − 9M YTD),2026-02-06,725607000,,231828000,254818000,3215000,251603000,1.2400000000000002,266807000,3164000,85178000,4151000,,,,953569000,,,,3239173000,2929038000,448884,
RDDT,1713445,Communication Services,2026-03-31,10-Q,2026-05-01,663411000,,182912000,205728000,1747000,203981000,1.01,312253000,1090000,68336000,4210000,,,4999000,1374348000,,,,3484283000,3179716000,202524173,
RDDT,1713445,Communication Services,2026-06-30,10-Q,2026-07-31,804905000,,231716000,256835000,3987000,252848000,1.25,261876000,1134000,100952000,4258000,,,234591000,1486838000,,,,3636605000,3285700000,202029721,
REG,910606,Real Estate,2024-12-31,10-K (Q4 derived: FY − 9M YTD),2026-02-13,372536000,,264878000,76146000,,86477000,,191385000,,4675000,95206000,,121366000,0,,4408700000,,,12391961000,6724146000,,
REG,910606,Real Estate,2025-02-11,10-K,2025-02-14,,,,,,,,,,,,,,,,,,,,,,181365237
REG,910606,Real Estate,2025-03-31,10-Q,2026-05-04,380912000,,273538000,97358000,,109587000,,161031000,,4966000,96774000,,127684000,,,4641240000,,,12560070000,6699578000,,
REG,910606,Real Estate,2025-04-30,10-Q,2025-05-02,,,,,,,,,,,,,,,,,,,,,,181529289
REG,910606,Real Estate,2025-06-30,10-Q,2025-08-04,380848000,,280933000,94590000,,106021000,,,,,,,,,,4799182000,,,12730474000,6677872000,,
REG,910606,Real Estate,2025-07-30,10-Q,2025-08-04,,,,,,,,,,,,,,,,,,,,,,181553314
REG,910606,Real Estate,2025-09-30,10-Q,2025-11-05,387570000,,281868000,97493000,,109373000,,,,,,,,,,4915954000,,,13058979000,6797034000,,
REG,910606,Real Estate,2025-11-03,10-Q,2025-11-05,,,,,,,,,,,,,,,,,,,,,,182900978
REG,910606,Real Estate,2025-12-31,10-K (Q4 derived: FY − 9M YTD),2026-02-13,404194000,,287102000,118011000,,202479000,,203948000,,4642000,105936000,,128297000,,,4739301000,,,13001283000,6906890000,,
REG,910606,Real Estate,2026-02-10,10-K,2026-02-13,,,,,,,,,,,,,,,,,,,,,,182906561
REG,910606,Real Estate,2026-03-31,10-Q,2026-05-04,412453000,,296394000,110418000,,128549000,,152729000,,5279000,106422000,,275915000,,,5003934000,,,13046484000,6892835000,,
REG,910606,Real Estate,2026-04-30,10-Q,2026-05-04,,,,,,,,,,,,,,,,,,,,,,183096790
REGN,872589,Health Care,2023-09-30,10-Q,2024-10-31,,,1111000000,1110800000,103000000,1007800000,8.89,,,,,17800000,,,2152300000,,1982600000,,32163300000,24904400000,113400000,
REGN,872589,Health Care,2023-12-31,10-K (Q4 derived: FY − 9M YTD),2026-02-04,,,972900000,1147600000,-12000000,1159600000,10.200000000000003,1089700000,251400000,240400000,113000000,18300000,,289000000,2730000000,,1982900000,,33080200000,25973100000,0,
REGN,872589,Health Care,2024-03-31,10-Q,2025-04-29,,,751400000,700700000,-21300000,722000000,6.27,1512500000,133900000,230100000,114100000,16100000,0,291300000,2602000000,,1983300000,,34369600000,26991100000,115100000,
REGN,872589,Health Care,2024-06-30,10-Q,2025-08-01,,,1069600000,1628100000,195800000,1432300000,12.41,,,,,,,,1920700000,,1983600000,,36086800000,28205800000,115400000,
REGN,872589,Health Care,2024-09-30,10-Q,2025-10-28,,,1179500000,1493000000,152400000,1340600000,11.54,,,,,,,,2011800000,,1984000000,,37441900000,29325900000,116200000,
REGN,872589,Health Care,2024-12-31,10-K (Q4 derived: FY − 9M YTD),2026-02-04,,,990200000,958100000,40400000,917700000,8.110000000000003,1262800000,199600000,304400000,126400000,,0,973000000,2488200000,,1984400000,,37759400000,29353600000,-500000,
REGN,872589,Health Care,2025-03-31,10-Q,2026-04-29,,,591700000,905000000,96300000,808700000,7.27,1045100000,229300000,255700000,126900000,,93800000,1041400000,3090200000,,1984800000,,37545200000,29387600000,111200000,
REGN,872589,Health Care,2025-06-30,10-Q,2026-07-30,,,1079500000,1518700000,127100000,1391600000,12.81,,,,,,,,1995800000,,1985100000,,38219200000,29938900000,108600000,
REGN,872589,Health Care,2025-09-30,10-Q,2025-10-28,,,1026800000,1763300000,303300000,1460000000,13.62,,,,,,,,2506400000,,1985500000,,40169400000,30957800000,107200000,
REGN,872589,Health Care,2025-12-31,10-K (Q4 derived: FY − 9M YTD),2026-02-04,,,879900000,1043700000,199100000,844600000,7.869999999999997,1170700000,248700000,249300000,145000000,,92700000,671700000,3118100000,,1985900000,,40558700000,31256900000,-300000,
REGN,872589,Health Care,2026-03-31,10-Q,2026-04-29,,,642900000,831200000,104000000,727200000,6.75,1078900000,230600000,257400000,123200000,,97800000,794300000,2962600000,,1986200000,,40868800000,31423600000,107700000,
REGN,872589,Health Care,2026-06-30,10-Q,2026-07-30,,,1293500000,1527800000,230900000,1296900000,12.23,,,,,,,,2455800000,,1986600000,,41730600000,31711400000,106000000,
RF,1281761,Financials,2025-02-20,10-K,2025-02-21,,,,,,,,,,,,,,,,,,,,,,905465071
RF,1281761,Financials,2025-03-31,10-Q,2026-05-07,,,,621000000,131000000,490000000,0.51,1066000000,,,22000000,,227000000,242000000,,6019000000,,,159846000000,18530000000,910000000,898930154
RF,1281761,Financials,2025-06-30,10-Q,2026-08-06,,,,706000000,143000000,563000000,0.59,,,,,,,,,5279000000,,,159206000000,18666000000,900000000,
RF,1281761,Financials,2025-08-04,10-Q,2025-08-05,,,,,,,,,,,,,,,,,,,,,,892308354
RF,1281761,Financials,2025-09-30,10-Q,2025-11-04,,,,708000000,139000000,569000000,0.61,,,,,,,,,4785000000,,,159940000000,19049000000,894000000,
RF,1281761,Financials,2025-11-03,10-Q,2025-11-04,,,,,,,,,,,,,,,,,,,,,,876876496
RF,1281761,Financials,2025-12-31,10-K (Q4 derived: FY − 9M YTD),2026-02-24,,,,708000000,174000000,534000000,0.5799999999999998,-319000000,,,22000000,,235000000,430000000,,4134000000,,,158814000000,19043000000,-6000000,
RF,1281761,Financials,2026-02-23,10-K,2026-02-24,,,,,,,,,,,,,,,,,,,,,,863506691
RF,1281761,Financials,2026-03-31,10-Q,2026-05-07,,,,714000000,155000000,559000000,0.62,867000000,,,23000000,,230000000,401000000,,3137000000,,,160741000000,18779000000,868000000,
RF,1281761,Financials,2026-05-06,10-Q,2026-05-07,,,,,,,,,,,,,,,,,,,,,,853379538
RF,1281761,Financials,2026-06-30,10-Q,2026-08-06,,,,718000000,148000000,570000000,0.64,,,,,,,,,4628000000,,,161299000000,18840000000,857000000,
RF,1281761,Financials,2026-08-05,10-Q,2026-08-06,,,,,,,,,,,,,,,,,,,,,,851929506
RJF,720005,Financials,2025-03-31,10-Q,2026-05-06,3845000000,,,671000000,176000000,495000000,2.36,,,,,,,,9662000000,,,,83132000000,12212000000,208700000,
RJF,720005,Financials,2025-05-05,10-Q,2025-05-07,,,,,,,,,,,,,,,,,,,,,,201754538
RJF,720005,Financials,2025-06-30,10-Q,2026-08-05,3842000000,,,563000000,127000000,436000000,2.12,,,,,,,,9195000000,,,,84815000000,12259000000,205500000,
RJF,720005,Financials,2025-08-04,10-Q,2025-08-06,,,,,,,,,,,,,,,,,,,,,,199383976
RJF,720005,Financials,2025-09-30,10-K (Q4 derived: FY − 9M YTD),2025-11-25,4190000000,,,,127000000,604000000,2.950000000000001,796000000,44000000,55000000,,,,,11389000000,,,,88230000000,12503000000,-1000000,
RJF,720005,Financials,2025-11-21,10-K,2025-11-25,,,,,,,,,,,,,,,,,,,,,,196673933
RJF,720005,Financials,2025-12-31,10-Q,2026-02-06,4176000000,,,,165000000,563000000,2.79,-10000000,46000000,79000000,,,,,9890000000,,,,88760000000,12570000000,201400000,
RJF,720005,Financials,2026-02-04,10-Q,2026-02-06,,,,,,,,,,,,,,,,,,,,,,197091037
RJF,720005,Financials,2026-03-31,10-Q,2026-05-06,4262000000,,,,191000000,544000000,2.72,,,,,,,,11219000000,,,,91944000000,12567000000,199200000,
RJF,720005,Financials,2026-05-04,10-Q,2026-05-06,,,,,,,,,,,,,,,,,,,,,,194883034
RJF,720005,Financials,2026-06-30,10-Q,2026-08-05,4362000000,,,,155000000,595000000,3.01,,,,,,,,9977000000,,,,94237000000,12699000000,197200000,
RJF,720005,Financials,2026-08-03,10-Q,2026-08-05,,,,,,,,,,,,,,,,,,,,,,192361711
RL,1037038,Consumer Discretionary,2023-09-30,10-Q,2024-11-07,1633000000,1070100000,164500000,165500000,18600000,146900000,2.19,,,,58500000,10000000,,,1381800000,,1139500000,,6723100000,2369200000,67200000,
RL,1037038,Consumer Discretionary,2023-12-30,10-Q,2025-02-06,1934000000,1286000000,317700000,329800000,53200000,276600000,4.19,,,,56200000,10600000,,,1803600000,,1140000000,,7004500000,2571900000,66000000,
RL,1037038,Consumer Discretionary,2024-03-30,10-K (Q4 derived: FY − 9M YTD),2026-05-21,1567900000,1043700000,107800000,111500000,20800000,90700000,1.4000000000000004,121000000,39900000,24200000,56000000,11600000,47900000,120900000,1662200000,,1140500000,0,6602600000,2450300000,-400000,
RL,1037038,Consumer Discretionary,2024-06-29,10-Q,2025-08-07,1512200000,1065800000,208500000,216600000,48000000,168600000,2.61,277300000,33400000,24300000,54400000,10900000,47500000,201200000,1586900000,,1141100000,,6641000000,2367000000,64600000,
RL,1037038,Consumer Discretionary,2024-09-28,10-Q,2025-11-06,1726000000,1155700000,178900000,188100000,40200000,147900000,2.31,,41700000,,55900000,11400000,,,1355000000,,742200000,399300000,6800000000,2442300000,63900000,
RL,1037038,Consumer Discretionary,2024-12-28,10-Q,2026-02-05,2143500000,1466100000,389700000,383700000,86300000,297400000,4.66,,61200000,,54300000,11600000,,,1940200000,,742600000,399500000,7080900000,2539200000,63800000,
RL,1037038,Consumer Discretionary,2025-03-29,10-K (Q4 derived: FY − 9M YTD),2026-05-21,1697300000,1165300000,155000000,162300000,33300000,129000000,2.039999999999999,122200000,79900000,23200000,55000000,10200000,51000000,76300000,1922500000,,742900000,399700000,7047300000,2588500000,-100000,
RL,1037038,Consumer Discretionary,2025-06-28,10-Q,2026-08-06,1719100000,1242300000,273600000,278000000,57600000,220400000,3.52,176100000,187300000,22400000,55500000,11500000,50700000,323300000,2090200000,,1237200000,399800000,7751700000,2515300000,62500000,
RL,1037038,Consumer Discretionary,2025-09-27,10-Q,2025-11-06,2010700000,1366400000,245700000,242800000,35300000,207500000,3.32,,93800000,,57000000,15900000,,,1443000000,,1237700000,0,7347700000,2582200000,62400000,
RL,1037038,Consumer Discretionary,2025-12-27,10-Q,2026-02-05,2406000000,1681700000,471300000,463800000,102200000,361600000,5.82,,75600000,,59700000,13300000,,,2031900000,,1238300000,0,7813800000,2888400000,62200000,
RL,1037038,Consumer Discretionary,2026-03-28,10-K (Q4 derived: FY − 9M YTD),2026-05-21,1978700000,1378800000,188600000,193100000,41500000,151600000,2.4499999999999993,145300000,,24300000,60800000,13500000,55200000,150400000,1988000000,,1238900000,0,7739500000,2841400000,-100000,
RL,1037038,Consumer Discretionary,2026-06-27,10-Q,2026-08-06,1959800000,1444200000,342400000,342200000,80000000,262200000,4.28,339300000,53400000,26000000,58900000,13000000,54800000,325100000,1719000000,,1239400000,,7658800000,2721600000,61300000,
RMD,943819,Health Care,2025-03-31,10-Q,2026-05-01,,766409000,426268000,417693000,52652000,365041000,2.48,,,,43675000,,,,932711000,663126000,,,7566822000,5546133000,147220000,
RMD,943819,Health Care,2025-04-21,10-Q,2025-04-24,,,,,,,,,,,,,,,,,,,,,,146627399
RMD,943819,Health Care,2025-06-30,10-K (Q4 derived: FY − 9M YTD),2026-08-13,,820068000,454540000,458053000,78348000,379705000,2.58,538766000,30585000,24751000,63628000,,77590000,100008000,1209450000,658392000,,,8174391000,5967859000,-92000,
RMD,943819,Health Care,2025-08-04,10-K,2025-08-08,,,,,,,,,,,,,,,,,,,,,,146414839
RMD,943819,Health Care,2025-09-30,10-Q,2025-10-31,,820820000,446537000,446793000,98257000,348536000,2.37,457321000,42965000,21160000,47698000,,87750000,150010000,1383848000,408661000,,,8308352000,6121264000,146899000,
RMD,943819,Health Care,2025-10-27,10-Q,2025-10-31,,,,,,,,,,,,,,,,,,,,,,145966294
RMD,943819,Health Care,2025-12-31,10-Q,2026-01-30,,878724000,491660000,496148000,103555000,392593000,2.68,,,,49885000,,,,1417069000,403923000,,,8503370000,6320879000,146372000,
RMD,943819,Health Care,2026-01-26,10-Q,2026-01-30,,,,,,,,,,,,,,,,,,,,,,145678401
RMD,943819,Health Care,2026-03-31,10-Q,2026-05-01,,890979000,499810000,502312000,103580000,398732000,2.74,,,,58981000,,,,1660513000,404168000,,,8784285000,6491911000,145723000,
RMD,943819,Health Care,2026-04-27,10-Q,2026-05-01,,,,,,,,,,,,,,,,,,,,,,145056384
RMD,943819,Health Care,2026-06-30,10-K (Q4 derived: FY − 9M YTD),2026-08-13,,861219000,448712000,474164000,90732000,383432000,2.6399999999999997,454631000,51127000,27458000,44778000,,87090000,200000000,1469234000,399415000,,,8965950000,6585393000,-315000,
RMD,943819,Health Care,2026-08-10,10-K,2026-08-13,,,,,,,,,,,,,,,,,,,,,,144252306
ROK,1024478,Industrials,2024-03-31,10-Q,2025-05-07,,833000000,,310000000,45000000,266000000,2.31,,,,,39200000,,,470300000,,2584500000,309400000,11367300000,3543600000,114800000,114003176
ROK,1024478,Industrials,2024-06-30,10-Q,2025-08-06,,795000000,,255000000,24000000,232000000,2.02,,,,,,,,406700000,,2559300000,308000000,11188600000,3325700000,114200000,113467383
ROK,1024478,Industrials,2024-09-30,10-K (Q4 derived: FY − 9M YTD),2025-11-12,,1428000000,,275000000,36000000,240000000,2.089999999999999,432000000,,25000000,,,142000000,118000000,471000000,,2561000000,307000000,11232000000,3498000000,-200000,
ROK,1024478,Industrials,2024-10-31,10-K,2024-11-12,,,,,,,,,,,,,,,,,,,,,,112896809
ROK,1024478,Industrials,2024-12-31,10-Q,2026-02-05,,878000000,321000000,213000000,35000000,184000000,1.61,364000000,71000000,23000000,78000000,,149000000,100000000,471000000,,2564000000,306000000,10944000000,3385000000,113500000,113072948
ROK,1024478,Industrials,2025-03-31,10-Q,2026-05-05,,972000000,408000000,299000000,51000000,252000000,2.22,,,,81000000,,,,450000000,,2568000000,4000000,10993000000,3439000000,113300000,112716471
ROK,1024478,Industrials,2025-06-30,10-Q,2026-08-04,,1046000000,454000000,342000000,49000000,295000000,2.6,,,,81000000,,,,495000000,,2617000000,2000000,11193000000,3463000000,113000000,112434397
ROK,1024478,Industrials,2025-09-30,10-K (Q4 derived: FY − 9M YTD),2025-11-12,,1120000000,520000000,63000000,33000000,138000000,1.2400000000000002,454000000,,20000000,85000000,,147000000,69000000,468000000,,2614000000,2000000,11219000000,3654000000,-100000,
ROK,1024478,Industrials,2025-10-31,10-K,2025-11-12,,,,,,,,,,,,,,,,,,,,,,112273567
ROK,1024478,Industrials,2025-12-31,10-Q,2026-02-05,,1016000000,435000000,342000000,40000000,305000000,2.69,234000000,64000000,21000000,79000000,,156000000,153000000,444000000,,2574000000,64000000,11230000000,3746000000,112900000,112357908
ROK,1024478,Industrials,2026-03-31,10-Q,2026-05-05,,1125000000,530000000,440000000,89000000,350000000,3.1,,,,79000000,,,,423000000,,2571000000,2000000,11256000000,3522000000,112600000,111273953
ROK,1024478,Industrials,2026-06-30,10-Q,2026-08-04,,1144000000,550000000,470000000,62000000,408000000,3.65,,,,79000000,,,,479000000,,2570000000,2000000,11091000000,3494000000,111600000,111048676
ROL,84839,Industrials,2025-03-31,10-Q,2026-04-23,,,142648000,137544000,32296000,105248000,0.22,146892000,6781000,8799000,,5796000,79910000,14671000,201177000,485451000,,,2948558000,1355752000,484434000,
ROL,84839,Industrials,2025-04-14,10-Q,2025-04-24,,,,,,,,,,,,,,,,,,,,,,484646456
ROL,84839,Industrials,2025-06-30,10-Q,2026-07-23,,,198333000,191245000,49756000,141489000,0.29,,,,,7380000,79500000,0,123035000,485278000,,,3180040000,1443871000,484674000,
ROL,84839,Industrials,2025-07-14,10-Q,2025-07-24,,,,,,,,,,,,,,,,,,,,,,484640003
ROL,84839,Industrials,2025-09-30,10-Q,2025-10-30,,,225021000,217429000,53902000,163527000,0.34,,,,,7942000,80100000,,127357000,485659000,,,3219660000,1532048000,484670000,
ROL,84839,Industrials,2025-10-20,10-Q,2025-10-30,,,,,,,,,,,,,,,,,,,,,,484628814
ROL,84839,Industrials,2025-12-31,10-K (Q4 derived: FY − 9M YTD),2026-02-12,,,160066000,154708000,38267000,116441000,0.2400000000000001,164744000,5726000,9843000,,7440000,88451000,198282000,100004000,486147000,,,3140523000,1374321000,-451000,
ROL,84839,Industrials,2026-01-31,10-K,2026-02-12,,,,,,,,,,,,,,,,,,,,,,481092221
ROL,84839,Industrials,2026-03-31,10-Q,2026-04-23,,,145486000,137098000,29260000,107838000,0.22,118367000,7139000,10822000,,8851000,87849000,22350000,116543000,486627000,,,3160234000,1381688000,481398000,
ROL,84839,Industrials,2026-04-13,10-Q,2026-04-23,,,,,,,,,,,,,,,,,,,,,,481463663
ROL,84839,Industrials,2026-06-30,10-Q,2026-07-23,,,201359000,189754000,45844000,143910000,0.3,,,,,9391000,,20000000,109085000,487107000,,,3354932000,1429597000,481389000,
ROL,84839,Industrials,2026-07-13,10-Q,2026-07-23,,,,,,,,,,,,,,,,,,,,,,481145404
ROP,882835,Information Technology,2025-03-31,10-Q,2026-05-01,1882800000,1293700000,525800000,418000000,86900000,331100000,3.06,528700000,,38800000,,,88600000,0,372800000,,6457000000,999400000,31418800000,19223600000,108200000,
ROP,882835,Information Technology,2025-04-25,10-Q,2025-05-02,,,,,,,,,,,,,,,,,,,,,,107515397
ROP,882835,Information Technology,2025-06-30,10-Q,2026-07-31,1943600000,1345400000,548300000,485300000,107000000,378300000,3.49,,,,,,,,242400000,,7859200000,999800000,33220400000,19633900000,108400000,
ROP,882835,Information Technology,2025-07-25,10-Q,2025-08-01,,,,,,,,,,,,,,,,,,,,,,107613824
ROP,882835,Information Technology,2025-09-30,10-Q,2025-10-31,2017500000,1403000000,573000000,498200000,99700000,398500000,3.68,,,,,,,,320000000,,9154100000,300000000,34584400000,19992800000,108400000,
ROP,882835,Information Technology,2025-10-24,10-Q,2025-10-31,,,,,,,,,,,,,,,,,,,,,,107637430
ROP,882835,Information Technology,2025-12-31,10-K (Q4 derived: FY − 9M YTD),2026-02-24,2058600000,1429900000,588300000,534600000,106200000,428400000,3.969999999999999,738000000,,37600000,,,89000000,,297400000,9301000000,8595800000,705200000,34577000000,19881500000,-100000,
ROP,882835,Information Technology,2026-02-20,10-K,2026-02-24,,,,,,,,,,,,,,,,,,,,,,102927515
ROP,882835,Information Technology,2026-03-31,10-Q,2026-05-01,2095300000,1453800000,569600000,635000000,126100000,508900000,4.87,592100000,,52600000,,,97400000,1500100000,382900000,,9748400000,715600000,34550800000,18818000000,104600000,
ROP,882835,Information Technology,2026-04-30,10-Q,2026-05-01,,,,,,,,,,,,,,,,,,,,,,100917359
ROP,882835,Information Technology,2026-06-30,10-Q,2026-07-31,2108900000,1470200000,584700000,1308000000,139500000,1168500000,11.62,,,,,,,,364900000,,10601100000,718300000,35169500000,18700300000,100600000,
ROP,882835,Information Technology,2026-07-28,10-Q,2026-07-31,,,,,,,,,,,,,,,,,,,,,,98900874
ROST,745732,Consumer Discretionary,2025-05-03,10-Q,2026-06-02,4984971000,,606470000,640879000,161630000,479249000,1.47,409715000,207378000,39296000,115938000,,133300000,262521000,3783413000,1515709000,1016897000,498812000,14304616000,5576078000,327005000,
ROST,745732,Consumer Discretionary,2025-05-16,10-Q,2025-06-11,,,,,,,,,,,,,,,,,,,,,,327070521
ROST,745732,Consumer Discretionary,2025-08-02,10-Q,2026-09-01,5529152000,,638274000,670620000,162625000,507995000,1.56,,,43943000,126399000,,,,3847016000,1516340000,1017218000,499122000,14495519000,5732569000,324796000,
ROST,745732,Consumer Discretionary,2025-08-15,10-Q,2025-09-10,,,,,,,,,,,,,,,,,,,,,,325226266
ROST,745732,Consumer Discretionary,2025-11-01,10-Q,2025-12-10,5600946000,,648498000,682398000,170463000,511935000,1.58,,,44943000,132187000,,,,4061173000,1516972000,1017540000,499432000,15414966000,5884002000,323297000,
ROST,745732,Consumer Discretionary,2025-11-14,10-Q,2025-12-10,,,,,,,,,,,,,,,,,,,,,,323444928
ROST,745732,Consumer Discretionary,2026-01-31,10-K (Q4 derived: FY − 9M YTD),2026-03-31,6635490000,,814115000,848260000,202395000,645865000,2.0,1121718000,200909000,47172000,134867000,,130891000,262500000,4594392000,1517606000,1017863000,499743000,15548737000,6187443000,-638000,
ROST,745732,Consumer Discretionary,2026-03-09,10-K,2026-03-31,,,,,,,,,,,,,,,,,,,,,,322356795
ROST,745732,Consumer Discretionary,2026-05-02,10-Q,2026-06-02,6010476000,,804026000,837475000,187511000,649964000,2.02,836009000,208954000,59120000,132599000,,143559000,318750000,4130980000,1018187000,776843000,241344000,15554572000,6305003000,321231000,
ROST,745732,Consumer Discretionary,2026-05-15,10-Q,2026-06-02,,,,,,,,,,,,,,,,,,,,,,320781076
ROST,745732,Consumer Discretionary,2026-08-01,10-Q,2026-09-01,6264886000,,1103618000,1134762000,283463000,851299000,2.66,,,47257000,140191000,,,,4288124000,1018512000,777053000,241459000,15982280000,6743184000,319450000,
ROST,745732,Consumer Discretionary,2026-08-14,10-Q,2026-09-01,,,,,,,,,,,,,,,,,,,,,,319453110
RSG,1060391,Industrials,2025-03-31,10-Q,2026-05-08,4593000000,,804000000,665000000,170000000,494996000,1.58,1025000000,459000000,13000000,434000000,,181000000,55000000,83000000,,,421000000,33103000000,11663000000,313277000,
RSG,1060391,Industrials,2025-04-17,10-Q,2025-04-25,,,,,,,,,,,,,,,,,,,,,,312497013
RSG,1060391,Industrials,2025-06-30,10-Q,2026-08-07,4882000000,,861000000,720000000,170000000,549905000,1.75,,,,463000000,,,,122000000,,,421000000,33397000000,12050000000,313365000,
RSG,1060391,Industrials,2025-07-22,10-Q,2025-07-30,,,,,,,,,,,,,,,,,,,,,,312215820
RSG,1060391,Industrials,2025-09-30,10-Q,2025-10-31,4827000000,,836000000,645000000,95000000,549672000,1.76,,,,459000000,,,,84000000,,,921000000,33789000000,11871000000,312011000,
RSG,1060391,Industrials,2025-10-23,10-Q,2025-10-31,,,,,,,,,,,,,,,,,,,,,,309563599
RSG,1060391,Industrials,2025-12-31,10-K (Q4 derived: FY − 9M YTD),2026-02-18,4727000000,,800000000,564000000,20000000,544676000,1.75,981000000,577000000,,458000000,,194000000,271000000,76000000,13710000000,,596000000,34366000000,11968000000,-716000,
RSG,1060391,Industrials,2026-02-10,10-K,2026-02-18,,,,,,,,,,,,,,,,,,,,,,308804970
RSG,1060391,Industrials,2026-03-31,10-Q,2026-05-08,4699000000,,830000000,656000000,131000000,525259000,1.7,1227000000,476000000,,461000000,,193000000,292000000,118000000,,,547000000,34600000000,11980000000,309273000,
RSG,1060391,Industrials,2026-04-30,10-Q,2026-05-08,,,,,,,,,,,,,,,,,,,,,,307664087
RSG,1060391,Industrials,2026-06-30,10-Q,2026-08-07,5076000000,,901000000,699000000,133000000,566077000,1.84,,,,488000000,,,,107000000,,,548000000,35159000000,12032000000,307630000,
RSG,1060391,Industrials,2026-07-30,10-Q,2026-08-07,,,,,,,,,,,,,,,,,,,,,,306212978
RTX,101829,Industrials,2023-12-31,10-K (Q4 derived: FY − 9M YTD),2025-02-03,19927000000,,1777000000,1735000000,262000000,1426000000,1.02,4711000000,805000000,106000000,,488000000,767000000,10283000000,6587000000,43638000000,,1283000000,161869000000,59798000000,-30500000,
RTX,101829,Industrials,2024-01-31,10-K,2024-02-05,,,,,,,,,,,,,,,,,,,,,,1326826896
RTX,101829,Industrials,2024-03-31,10-Q,2024-04-23,19305000000,,1870000000,1851000000,108000000,1709000000,1.28,342000000,467000000,112000000,,405000000,769000000,56000000,5607000000,,,344000000,160187000000,60485000000,1337300000,1329506013
RTX,101829,Industrials,2024-06-30,10-Q,2024-07-25,19721000000,,529000000,428000000,253000000,111000000,0.08,,,,,475000000,,,6011000000,,,1617000000,161169000000,58985000000,1342100000,1330239366
RTX,101829,Industrials,2024-09-30,10-Q,2024-10-22,20089000000,,2028000000,1906000000,371000000,1472000000,1.09,,,,,496000000,,,6682000000,,,3113000000,164822000000,61114000000,1346200000,1331016397
RTX,101829,Industrials,2024-12-31,10-K (Q4 derived: FY − 9M YTD),2025-02-03,21623000000,,2111000000,2009000000,449000000,1482000000,1.0999999999999996,1561000000,1069000000,109000000,,486000000,802000000,50000000,5578000000,41078000000,,2352000000,162861000000,60156000000,1800000,1332122758
RTX,101829,Industrials,2025-03-31,10-Q,2026-04-21,,,2035000000,1958000000,333000000,1535000000,1.14,1305000000,513000000,111000000,,,840000000,50000000,5157000000,,,2844000000,164864000000,61516000000,1351800000,1335953770
RTX,101829,Industrials,2025-06-30,10-Q,2026-07-23,,,2146000000,2040000000,315000000,1657000000,1.22,,,,,,,,4782000000,,,2084000000,167139000000,62398000000,1354000000,1338541827
RTX,101829,Industrials,2025-09-30,10-Q,2025-10-21,,,2523000000,2438000000,432000000,1918000000,1.41,,,,,,,,5966000000,,,584000000,168672000000,64514000000,1358400000,1340771942
RTX,101829,Industrials,2025-12-31,10-K (Q4 derived: FY − 9M YTD),2026-02-06,,,2596000000,2297000000,584000000,1622000000,1.19,4165000000,970000000,182000000,,,914000000,0,7435000000,,,3412000000,171079000000,65245000000,1700000,1342287676
RTX,101829,Industrials,2026-03-31,10-Q,2026-04-21,,,2555000000,2520000000,363000000,2059000000,1.51,1855000000,546000000,132000000,,,915000000,0,6818000000,,,4213000000,170431000000,66280000000,1364600000,1346683428
RTX,101829,Industrials,2026-06-30,10-Q,2026-07-23,,,2811000000,2742000000,493000000,2139000000,1.57,,,,,,,,8305000000,,,5296000000,173972000000,66377000000,1365000000,1347758144
RVTY,31791,Health Care,2025-03-30,10-Q,2026-05-12,,,72230000,52382000,10713000,42237000,0.35,128155000,15982000,7731000,97422000,,8433000,153594000,1137620000,,3168384000,242000,12360724000,7637130000,120233000,
RVTY,31791,Health Care,2025-05-02,10-Q,2025-05-06,,,,,,,,,,,,,,,,,,,,,,117869660
RVTY,31791,Health Care,2025-06-29,10-Q,2026-08-11,,,90760000,68650000,13428000,53948000,0.46,,,,,,,,991849000,,3214324000,230000,12362789000,7556168000,117538000,
RVTY,31791,Health Care,2025-08-01,10-Q,2025-08-05,,,,,,,,,,,,,,,,,,,,,,116072580
RVTY,31791,Health Care,2025-09-28,10-Q,2025-11-04,,,81896000,55685000,8464000,46652000,0.4,,,,,,,,931386000,,2630693000,583844000,12138952000,7375896000,115463000,
RVTY,31791,Health Care,2025-10-31,10-Q,2025-11-04,,,,,,,,,,,,,,,,,,,,,,113375621
RVTY,31791,Health Care,2025-12-28,10-K (Q4 derived: FY − 9M YTD),2026-02-24,,,111749000,91560000,-4211000,98364000,0.8599999999999999,181960000,20171000,-4071000,103079000,,7955000,168285000,919860000,,2631236000,588828000,12168411000,7250360000,-1140000,
RVTY,31791,Health Care,2026-02-20,10-K,2026-02-24,,,,,,,,,,,,,,,,,,,,,,111799374
RVTY,31791,Health Care,2026-04-05,10-Q,2026-05-12,,,75886000,49992000,9099000,40718000,0.36,115230000,19775000,8715000,105056000,,7840000,86496000,860320000,,2632072000,575831000,11996590000,7182739000,111876000,
RVTY,31791,Health Care,2026-05-08,10-Q,2026-05-12,,,,,,,,,,,,,,,,,,,,,,111559773
RVTY,31791,Health Care,2026-07-05,10-Q,2026-08-11,,,89316000,63531000,10050000,51820000,0.47,,,,,,,,1022943000,,2633094000,572156000,12045834000,7228758000,111629000,
RVTY,31791,Health Care,2026-08-06,10-Q,2026-08-11,,,,,,,,,,,,,,,,,,,,,,111586401
SBAC,1034054,Real Estate,2025-03-31,10-Q,2026-05-05,664248000,510582000,334910000,259925000,42019000,220732000,2.04,301175000,46173000,15713000,65048000,,122275000,,636447000,12426174000,11654372000,771802000,10442917000,-4970703000,108140000,
SBAC,1034054,Real Estate,2025-04-23,10-Q,2025-05-01,,,,,,,,,,,,,,,,,,,,,,107451771
SBAC,1034054,Real Estate,2025-06-30,10-Q,2026-08-06,698981000,526885000,334781000,260753000,35059000,225794000,2.09,,,,69964000,,,,275275000,12511545000,11739364000,772181000,10766387000,-4938895000,107797000,
SBAC,1034054,Real Estate,2025-07-30,10-Q,2025-08-07,,,,,,,,,,,,,,,,,,,,,,107379013
SBAC,1034054,Real Estate,2025-09-30,10-K,2026-02-27,732327000,542538000,374169000,289083000,48652000,236816000,2.2,,,,76883000,,,,430306000,12705481000,11932919000,772562000,11260239000,-4933983000,107559000,
SBAC,1034054,Real Estate,2025-10-29,10-Q,2025-11-06,,,,,,,,,,,,,,,,,,,,,,106546867
SBAC,1034054,Real Estate,2025-12-31,10-K,2026-02-27,719583000,544163000,298926000,432277000,61852000,370290000,3.47,304025000,62728000,19182000,80390000,,118232000,216274000,264568000,12900268000,10964466000,1935802000,11575012000,-4853519000,-298000,
SBAC,1034054,Real Estate,2026-02-17,10-K,2026-02-27,,,,,,,,,,,,,,,,,,,,,,105788592
SBAC,1034054,Real Estate,2026-03-31,10-Q,2026-05-05,703438000,532102000,342848000,236014000,51112000,184830000,1.74,255085000,48397000,18936000,81316000,,135195000,,269064000,12959731000,10276200000,2683531000,11720844000,-4751645000,106111000,
SBAC,1034054,Real Estate,2026-04-22,10-Q,2026-05-05,,,,,,,,,,,,,,,,,,,,,,106063017
SBAC,1034054,Real Estate,2026-06-30,10-Q,2026-08-06,715274000,539272000,351861000,232465000,35995000,198777000,1.87,,,,81371000,,,,327051000,12729222000,9150666000,3578556000,11742320000,-4629854000,106264000,
SBAC,1034054,Real Estate,2026-07-28,10-Q,2026-08-06,,,,,,,,,,,,,,,,,,,,,,106088110
SBUX,829224,Consumer Discretionary,2025-03-30,10-Q,2026-04-28,8761600000,,601000000,502100000,118000000,384200000,0.34,,,,,127300000,,,,15571800000,13324000000,2247800000,31633100000,-7622500000,1140000000,
SBUX,829224,Consumer Discretionary,2025-04-23,10-Q,2025-04-29,,,,,,,,,,,,,,,,,,,,,,1136400000
SBUX,829224,Consumer Discretionary,2025-06-29,10-Q,2026-07-29,9456000000,,935600000,818900000,260400000,558300000,0.49,,,,,142300000,,,,17319100000,14570900000,2748200000,33649200000,-7686000000,1139800000,
SBUX,829224,Consumer Discretionary,2025-07-23,10-Q,2025-07-29,,,,,,,,,,,,,,,,,,,,,,1136700000
SBUX,829224,Consumer Discretionary,2025-09-28,10-K (Q4 derived: FY − 9M YTD),2025-11-14,9569000000,,278200000,163900000,30700000,133200000,0.11999999999999988,1381800000,456000000,74000000,456000000,145800000,693300000,0,,16074800000,14575900000,1498900000,32019700000,-8096600000,400000,
SBUX,829224,Consumer Discretionary,2025-11-07,10-K,2025-11-14,,,,,,,,,,,,,,,,,,,,,,1137100000
SBUX,829224,Consumer Discretionary,2025-12-28,10-Q,2026-01-28,9915100000,,890800000,764800000,471600000,293300000,0.26,1597700000,323700000,126100000,431900000,139000000,705100000,,,16080400000,14580900000,1499500000,32228300000,-8388700000,1141900000,
SBUX,829224,Consumer Discretionary,2026-01-22,10-Q,2026-01-28,,,,,,,,,,,,,,,,,,,,,,1139300000
SBUX,829224,Consumer Discretionary,2026-03-29,10-Q,2026-04-28,9531500000,,828100000,728100000,217300000,510900000,0.45,,,,,137000000,,,,15081900000,13084200000,1997700000,30557500000,-8465100000,1143200000,
SBUX,829224,Consumer Discretionary,2026-04-22,10-Q,2026-04-28,,,,,,,,,,,,,,,,,,,,,,1139700000
SBUX,829224,Consumer Discretionary,2026-06-28,10-Q,2026-07-29,9322700000,,980400000,1419300000,374400000,1045300000,0.91,,,,,134600000,,,,13278600000,11780200000,1498400000,28294700000,-7674300000,1143800000,
SBUX,829224,Consumer Discretionary,2026-07-23,10-Q,2026-07-29,,,,,,,,,,,,,,,,,,,,,,1140000000
SCHW,316709,Financials,2025-03-31,10-Q,2026-05-08,5599000000,,,2455000000,546000000,1909000000,0.99,6359000000,117000000,126000000,,,595000000,1500000000,35009000000,,,,462903000000,49511000000,1822000000,
SCHW,316709,Financials,2025-04-30,10-Q,2025-05-09,,,,,,,,,,,,,,,,,,,,,,1816970383
SCHW,316709,Financials,2025-06-30,10-Q,2026-08-07,5851000000,,,2803000000,677000000,2126000000,1.08,,,,,,,,32195000000,,,,458936000000,49451000000,1822000000,
SCHW,316709,Financials,2025-07-31,10-Q,2025-08-08,,,,,,,,,,,,,,,,,,,,,,1815219300
SCHW,316709,Financials,2025-09-30,10-Q,2025-11-07,6135000000,,,3021000000,663000000,2358000000,1.26,,,,,,,,30572000000,,,,465255000000,49384000000,1811000000,
SCHW,316709,Financials,2025-10-31,10-Q,2025-11-07,,,,,,,,,,,,,,,,,,,,,,1776936770
SCHW,316709,Financials,2025-12-31,10-K (Q4 derived: FY − 9M YTD),2026-02-25,6336000000,,,3180000000,721000000,2459000000,1.3200000000000003,-763000000,158000000,58000000,,,564000000,,46030000000,,,,490995000000,49425000000,-11000000,
SCHW,316709,Financials,2026-01-30,10-K,2026-02-25,,,,,,,,,,,,,,,,,,,,,,1752210425
SCHW,316709,Financials,2026-03-31,10-Q,2026-05-08,6482000000,,,3188000000,709000000,2479000000,1.37,7342000000,140000000,138000000,,,632000000,2378000000,44975000000,,,,493319000000,49234000000,1752000000,
SCHW,316709,Financials,2026-04-30,10-Q,2026-05-08,,,,,,,,,,,,,,,,,,,,,,1739135507
SCHW,316709,Financials,2026-06-30,10-Q,2026-08-07,7072000000,,,3669000000,869000000,2800000000,1.54,,,,,,,,40580000000,,,,517266000000,50147000000,1739000000,
SCHW,316709,Financials,2026-07-31,10-Q,2026-08-07,,,,,,,,,,,,,,,,,,,,,,1729335714
SHW,89800,Materials,2024-03-31,10-Q,2025-04-29,,2531000000,884300000,640000000,134800000,505200000,1.97,-58900000,,24600000,71100000,103000000,182500000,,179900000,9478600000,8129500000,1349100000,23428100000,3503700000,255800000,253549049
SHW,89800,Materials,2024-06-30,10-Q,2025-07-24,,3063400000,1413000000,1173400000,283500000,889900000,3.5,,,,71800000,110800000,,,200000000,8980500000,8130800000,849700000,23734000000,3751800000,254200000,252257630
SHW,89800,Materials,2024-09-30,10-Q,2025-10-28,,3027500000,1321100000,1022800000,216600000,806200000,3.18,,,,74400000,103400000,,,238200000,9224200000,8175300000,1048900000,23968300000,4156100000,253900000,251853291
SHW,89800,Materials,2024-12-31,10-K (Q4 derived: FY − 9M YTD),2026-02-19,,2573200000,,615600000,135500000,480100000,1.9000000000000004,934500000,,55500000,80100000,,179800000,,210400000,9226000000,8176800000,1049200000,23632600000,4051200000,-500000,
SHW,89800,Materials,2025-01-31,10-K,2025-02-20,,,,,,,,,,,,,,,,,,,,,,251364135
SHW,89800,Materials,2025-03-31,10-Q,2026-04-28,,2559100000,,653000000,149100000,503900000,2,-61100000,,26600000,79900000,,200400000,,199800000,8977900000,7827100000,1150800000,24636100000,4130100000,252500000,250600582
SHW,89800,Materials,2025-06-30,10-Q,2026-07-28,,3118300000,,985700000,231000000,754700000,3,,,,79300000,,,,269800000,8979600000,7828900000,1150700000,25363600000,4400900000,251300000,249333316
SHW,89800,Materials,2025-09-30,10-Q,2025-10-28,,3125500000,,1060500000,227400000,833100000,3.35,,,,82800000,,,,241500000,9668600000,9318100000,350500000,26206400000,4425300000,249000000,247893513
SHW,89800,Materials,2025-12-31,10-K (Q4 derived: FY − 9M YTD),2026-02-19,,2712600000,,639000000,162200000,476800000,1.92,1092500000,,32000000,98300000,,195800000,,207200000,9670800000,9320700000,350100000,25901700000,4598300000,-500000,
SHW,89800,Materials,2026-01-31,10-K,2026-02-19,,,,,,,,,,,,,,,,,,,,,,247774767
SHW,89800,Materials,2026-03-31,10-Q,2026-04-28,,2780500000,,679800000,145100000,534700000,2.15,139100000,,29500000,98300000,,197100000,,216900000,9323200000,9323100000,100000,26378700000,4431100000,248100000,246635621
SHW,89800,Materials,2026-06-30,10-Q,2026-07-28,,3338000000,,1112500000,268900000,843600000,3.43,,,,98500000,,,,293500000,9825700000,8327300000,1498400000,26951400000,3854700000,246000000,242758151
SJM,91419,Consumer Staples,2025-04-30,10-K (Q4 derived: FY − 9M YTD),2026-06-09,2143800000,823300000,-599100000,-697100000,31900000,-729000000,-6.8500000000000005,393900000,95000000,4700000,69800000,,114500000,200000,,7036800000,7036800000,0,17563300000,6082600000,,
SJM,91419,Consumer Staples,2025-06-11,10-K,2025-06-18,,,,,,,,,,,,,,,,,,,,,,106508017
SJM,91419,Consumer Staples,2025-07-31,10-Q,2026-08-26,2113300000,474700000,45600000,-56500000,-12600000,-43900000,-0.41,-10600000,84300000,9000000,85000000,,114400000,4600000,,7038300000,7038300000,,17741900000,5925900000,,
SJM,91419,Consumer Staples,2025-08-20,10-Q,2025-08-27,,,,,,,,,,,,,,,,,,,,,,106685160
SJM,91419,Consumer Staples,2025-10-31,10-Q,2025-11-25,2330100000,869900000,418500000,318400000,77100000,241300000,2.26,,,,,,,,,7039800000,7039800000,,17628300000,6060200000,,
SJM,91419,Consumer Staples,2025-11-18,10-Q,2025-11-25,,,,,,,,,,,,,,,,,,,,,,106694327
SJM,91419,Consumer Staples,2026-01-31,10-Q,2026-02-26,2339400000,827800000,-548400000,-651900000,72300000,-724200000,-6.79,,,,,,,,,6841300000,6841300000,,16265700000,5236100000,,
SJM,91419,Consumer Staples,2026-02-19,10-Q,2026-02-26,,,,,,,,,,,,,,,,,,,,,,106648319
SJM,91419,Consumer Staples,2026-04-30,10-K (Q4 derived: FY − 9M YTD),2026-06-09,2268100000,862100000,444500000,327600000,-60500000,388100000,3.6400000000000006,579200000,95300000,3200000,74500000,,116800000,400000,,6542800000,6392800000,150000000,16219400000,5543800000,,
SJM,91419,Consumer Staples,2026-06-02,10-K,2026-06-09,,,,,,,,,,,,,,,,,,,,,,106662133
SJM,91419,Consumer Staples,2026-07-31,10-Q,2026-08-26,2219300000,979600000,511600000,427900000,103600000,324300000,3.03,425700000,88400000,12200000,69600000,,116800000,5700000,,6544300000,6394300000,150000000,16203200000,5750800000,,
SJM,91419,Consumer Staples,2026-08-19,10-Q,2026-08-26,,,,,,,,,,,,,,,,,,,,,,106823183
SLB,87347,Energy,2023-09-30,10-Q,2023-10-25,,,1683000000,1395000000,259000000,1123000000,0.78,,,,,129000000,,,,,11147000000,,45813000000,19386000000,1442000000,1423420641
SLB,87347,Energy,2023-12-31,10-K (Q4 derived: FY − 9M YTD),2024-01-24,,,1868000000,1433000000,285000000,1112000000,0.77,3022000000,594000000,75000000,609000000,130000000,356000000,,,,10842000000,,47957000000,20189000000,1000000,1427394843
SLB,87347,Energy,2024-03-31,10-Q,2024-04-24,,,1649000000,1357000000,259000000,1068000000,0.74,327000000,399000000,100000000,600000000,113000000,357000000,,,,10740000000,,47856000000,20736000000,1447000000,1429337724
SLB,87347,Energy,2024-06-30,10-Q,2025-07-24,,,,1421000000,276000000,1112000000,0.77,,,,631000000,132000000,,,,,12156000000,,49373000000,21071000000,1443000000,1419841229
SLB,87347,Energy,2024-09-30,10-Q,2025-10-22,,,,1507000000,289000000,1186000000,0.83,,,,640000000,136000000,,,,,11864000000,,49775000000,21511000000,1432000000,1412154298
SLB,87347,Energy,2024-12-31,10-K (Q4 derived: FY − 9M YTD),2026-01-23,,,,1387000000,269000000,1095000000,0.77,2390000000,609000000,72000000,648000000,131000000,389000000,,,,11023000000,,48935000000,21130000000,-5000000,1400850420
SLB,87347,Energy,2025-03-31,10-Q,2026-04-29,,,,1063000000,234000000,797000000,0.58,660000000,398000000,91000000,640000000,147000000,386000000,,,,10527000000,,49002000000,19515000000,1380000000,1360161654
SLB,87347,Energy,2025-06-30,10-Q,2026-07-29,,,,1285000000,237000000,1014000000,0.74,,,,633000000,142000000,,,,,10891000000,,48769000000,20302000000,1366000000,1351248823
SLB,87347,Energy,2025-09-30,10-Q,2025-10-22,,,,1000000000,226000000,739000000,0.5,,,,638000000,142000000,,,,,10843000000,,55093000000,25635000000,1488000000,1493923635
SLB,87347,Energy,2025-12-31,10-K (Q4 derived: FY − 9M YTD),2026-01-23,,,,943000000,143000000,824000000,0.55,3005000000,516000000,75000000,732000000,126000000,426000000,,,,9742000000,,54868000000,26109000000,23000000,1495331485
SLB,87347,Energy,2026-03-31,10-Q,2026-04-29,,,,956000000,195000000,752000000,0.5,487000000,343000000,101000000,685000000,116000000,426000000,,,,9670000000,,54526000000,26177000000,1515000000,1495057661
SLB,87347,Energy,2026-06-30,10-Q,2026-07-29,,,,1019000000,204000000,786000000,0.52,,,,712000000,128000000,,,,,11140000000,,55532000000,26074000000,1506000000,1484143231
SMCI,1375365,Information Technology,2025-03-31,10-Q,2026-05-11,,440218000,146780000,115065000,5843000,108777000,0.17,,,,10900000,,,,2536101000,,,,10738525000,6379319000,621809000,
SMCI,1375365,Information Technology,2025-04-30,10-Q,2025-05-12,,,,,,,,,,,,,,,,,,,,,,596817646
SMCI,1375365,Information Technology,2025-06-30,10-K (Q4 derived: FY − 9M YTD),2026-08-31,,544102000,228391000,222725000,19307000,195154000,0.30999999999999983,863613000,22678000,83612000,11600000,,,,5169911000,,,,14018429000,6301693000,3130000,
SMCI,1375365,Information Technology,2025-07-31,10-K,2025-08-28,,,,,,,,,,,,,,,,,,,,,,594273308
SMCI,1375365,Information Technology,2025-09-30,10-Q,2025-11-07,,467373000,182256000,208552000,40161000,168285000,0.26,-917523000,32270000,89139000,12100000,,,,4196867000,,,,14386037000,6523390000,663235000,
SMCI,1375365,Information Technology,2025-10-31,10-Q,2025-11-07,,,,,,,,,,,,,,,,,,,,,,596971133
SMCI,1375365,Information Technology,2025-12-31,10-Q,2026-02-06,,798567000,474298000,500207000,99151000,400564000,0.6,,,,12800000,,,,4091083000,,,,28001610000,6992015000,693989000,
SMCI,1375365,Information Technology,2026-01-31,10-Q,2026-02-06,,,,,,,,,,,,,,,,,,,,,,598989428
SMCI,1375365,Information Technology,2026-03-31,10-Q,2026-05-11,,1018680000,625868000,610969000,126887000,483387000,0.72,,,,13500000,,,,1290324000,,,,23452029000,7575430000,692189000,
SMCI,1375365,Information Technology,2026-04-30,10-Q,2026-05-11,,,,,,,,,,,,,,,,,,,,,,601418482
SMCI,1375365,Information Technology,2026-06-30,10-K (Q4 derived: FY − 9M YTD),2026-08-31,,1942631000,1488064000,1469536000,290130000,1178217000,1.6699999999999997,746961000,28230000,106557000,14600000,,,,7521474000,,,,29945467000,14479452000,23750000,
SMCI,1375365,Information Technology,2026-07-31,10-K,2026-08-31,,,,,,,,,,,,,,,,,,,,,,656965384
SNA,91440,Industrials,2025-03-29,10-Q,2026-04-23,1243200000,,313400000,315400000,68700000,240500000,4.51,298500000,22900000,4500000,,,112200000,87200000,1434900000,,1185700000,,8069000000,5520800000,53283272,
SNA,91440,Industrials,2025-04-11,10-Q,2025-04-17,,,,,,,,,,,,,,,,,,,,,,52291024
SNA,91440,Industrials,2025-06-28,10-Q,2026-07-23,1281100000,,327300000,329300000,72500000,250300000,4.72,,,8500000,,,,,1458300000,1203700000,1186000000,,8201800000,5715500000,53010633,
SNA,91440,Industrials,2025-07-11,10-Q,2025-07-17,,,,,,,,,,,,,,,,,,,,,,52163371
SNA,91440,Industrials,2025-09-27,10-Q,2025-10-16,1291900000,,347400000,349300000,77500000,265400000,5.02,,,8700000,,,,,1534100000,1207500000,1186200000,,8355600000,5819000000,52883833,
SNA,91440,Industrials,2025-10-10,10-Q,2025-10-16,,,,,,,,,,,,,,,,,,,,,,52007557
SNA,91440,Industrials,2026-01-03,10-K (Q4 derived: FY − 9M YTD),2026-02-12,1339900000,,339600000,341900000,74900000,260700000,4.950000000000001,268100000,13500000,7200000,,,126700000,80400000,1624500000,1202600000,1186400000,0,8412300000,5931800000,-59246,
SNA,91440,Industrials,2026-02-06,10-K,2026-02-12,,,,,,,,,,,,,,,,,,,,,,51913121
SNA,91440,Industrials,2026-04-04,10-Q,2026-04-23,1308300000,,318800000,323200000,69700000,247000000,4.69,368700000,21200000,6800000,,,126800000,99900000,1753300000,1203100000,886900000,299700000,8516400000,5958100000,52701388,
SNA,91440,Industrials,2026-04-17,10-Q,2026-04-23,,,,,,,,,,,,,,,,,,,,,,51801916
SNA,91440,Industrials,2026-07-04,10-Q,2026-07-23,1334800000,,336400000,339200000,73000000,260600000,4.96,,,9400000,,,,,1644700000,1204000000,887000000,,8640900000,6041300000,52522211,
SNA,91440,Industrials,2026-07-17,10-Q,2026-07-23,,,,,,,,,,,,,,,,,,,,,,51727124
SNDK,2023554,Information Technology,2025-03-28,10-Q,2026-05-01,1695000000,382000000,-1881000000,-1901000000,32000000,-1933000000,-13.33,,,,,16000000,,,1507000000,1947000000,1927000000,20000000,12960000000,9161000000,145000000,
SNDK,2023554,Information Technology,2025-05-05,10-Q,2025-05-12,,,,,,,,,,,,,,,,,,,,,,145299218
SNDK,2023554,Information Technology,2025-06-27,10-K (Q4 derived: FY − 9M YTD),2026-08-17,1901000000,498000000,18000000,-1479000000,162000000,-23000000,-0.16000000000000014,94000000,45000000,49000000,36000000,41000000,,,1481000000,1849000000,1829000000,20000000,12985000000,9216000000,0,
SNDK,2023554,Information Technology,2025-08-13,10-K,2025-08-21,,,,,,,,,,,,,,,,,,,,,,145805548
SNDK,2023554,Information Technology,2025-10-03,10-Q,2025-11-07,2308000000,687000000,176000000,124000000,12000000,112000000,0.75,488000000,50000000,53000000,36000000,40000000,,,1442000000,1351000000,1331000000,20000000,12749000000,9381000000,149000000,
SNDK,2023554,Information Technology,2025-10-31,10-Q,2025-11-07,,,,,,,,,,,,,,,,,,,,,,146553179
SNDK,2023554,Information Technology,2026-01-02,10-Q,2026-01-30,3025000000,1541000000,1065000000,937000000,134000000,803000000,5.15,,,,,25000000,,,1539000000,603000000,583000000,20000000,12998000000,10213000000,156000000,
SNDK,2023554,Information Technology,2026-01-23,10-Q,2026-01-30,,,,,,,,,,,,,,,,,,,,,,147567249
SNDK,2023554,Information Technology,2026-04-03,10-Q,2026-05-01,5950000000,4662000000,4111000000,4107000000,492000000,3615000000,23.03,,,,,6000000,,,3735000000,0,0,0,17075000000,13777000000,157000000,
SNDK,2023554,Information Technology,2026-04-24,10-Q,2026-05-01,,,,,,,,,,,,,,,,,,,,,,148089758
SNDK,2023554,Information Technology,2026-07-03,10-K (Q4 derived: FY − 9M YTD),2026-08-17,8965000000,7582000000,7037000000,7849000000,946000000,6903000000,44.34,7126000000,43000000,67000000,37000000,2000000,,,4762000000,0,0,0,22507000000,15736000000,1000000,
SNDK,2023554,Information Technology,2026-08-07,10-K,2026-08-17,,,,,,,,,,,,,,,,,,,,,,146419001
SNPS,883241,Information Technology,2025-04-30,10-Q,2026-05-27,,1285919000,376426000,396191000,47181000,345332000,2.21,,,,,,,,14119095000,10050643000,10027681000,22962000,23756517000,9915718000,156088000,
SNPS,883241,Information Technology,2025-05-23,10-Q,2025-05-28,,,,,,,,,,,,,,,,,,,,,,155160938
SNPS,883241,Information Technology,2025-07-31,10-Q,2026-08-26,,1359173000,165269000,189310000,-52967000,242509000,1.5,,,,,,,,2526475000,14340133000,14318016000,22117000,48230256000,27614531000,161682000,
SNPS,883241,Information Technology,2025-09-05,10-Q,2025-09-09,,,,,,,,,,,,,,,,,,,,,,185748673
SNPS,883241,Information Technology,2025-10-31,10-K (Q4 derived: FY − 9M YTD),2025-12-22,,1600197000,121393000,516524000,68071000,448696000,2.4499999999999993,639738000,34546000,237385000,449123000,,,0,2888030000,13484515000,13462398000,22117000,48224461000,28327602000,7480000,
SNPS,883241,Information Technology,2025-12-15,10-K,2025-12-22,,,,,,,,,,,,,,,,,,,,,,191318206
SNPS,883241,Information Technology,2026-01-31,10-Q,2026-02-25,,1771416000,203046000,79053000,14337000,64958000,0.34,856832000,35320000,258724000,450688000,,,,2129572000,10044210000,10022093000,22117000,47237928000,30548827000,190762000,
SNPS,883241,Information Technology,2026-02-23,10-Q,2026-02-25,,,,,,,,,,,,,,,,,,,,,,191562027
SNPS,883241,Information Technology,2026-04-30,10-Q,2026-05-27,,1646135000,120426000,19276000,2408000,17105000,0.09,,,,,,,,2412472000,10035962000,10013845000,22117000,46889027000,30478131000,192144000,
SNPS,883241,Information Technology,2026-05-22,10-Q,2026-05-27,,,,,,,,,,,,,,,,,,,,,,191479325
SNPS,883241,Information Technology,2026-07-31,10-Q,2026-08-26,,1797434000,357491000,683922000,138216000,545800000,2.84,,,,,,,,3606286000,10037360000,9017113000,1020247000,47726263000,31152539000,192319000,
SNPS,883241,Information Technology,2026-08-24,10-Q,2026-08-26,,,,,,,,,,,,,,,,,,,,,,191636646
SO,92122,Utilities,2024-01-31,10-K,2024-02-15,,,,,,,,,,,,,,,,,,,,,,1091015113
SO,92122,Utilities,2024-03-31,10-Q,2025-05-01,6646000000,,1703000000,1294000000,223000000,,1.03,1311000000,1770000000,,1261000000,665000000,733000000,,713000000,59361000000,,1964000000,140120000000,,1100000000,1093426111
SO,92122,Utilities,2024-06-30,10-Q,2025-07-31,6463000000,,1939000000,1478000000,290000000,1203000000,1.09,,,,,694000000,,,1152000000,59883000000,,2800000000,141937000000,,1102000000,1094565737
SO,92122,Utilities,2024-09-30,10-Q,2025-10-30,7274000000,,2368000000,1912000000,377000000,1535000000,1.39,,,,,692000000,,,1018000000,61254000000,,1642000000,143956000000,,1103000000,1095684180
SO,92122,Utilities,2024-12-31,10-K (Q4 derived: FY − 9M YTD),2026-02-19,6341000000,,1058000000,545000000,79000000,534000000,0.4800000000000004,2173000000,2749000000,,1350000000,693000000,734000000,,1070000000,58768000000,,4718000000,145180000000,33208000000,0,
SO,92122,Utilities,2025-01-31,10-K,2025-02-20,,,,,,,,,,,,,,,,,,,,,,1096802197
SO,92122,Utilities,2025-03-31,10-Q,2026-04-30,7775000000,,2010000000,1550000000,280000000,1334000000,1.21,1250000000,2437000000,,1411000000,714000000,736000000,,2327000000,62939000000,,5168000000,148109000000,,1105000000,1099055064
SO,92122,Utilities,2025-06-30,10-Q,2025-07-31,6973000000,,1764000000,1142000000,289000000,880000000,0.79,,,,,874000000,,,1264000000,62983000000,,5365000000,148853000000,,1108000000,1100047407
SO,92122,Utilities,2025-09-30,10-Q,2025-10-30,7823000000,,2594000000,2111000000,404000000,1711000000,1.54,,,,,755000000,,,3341000000,64621000000,,7541000000,153248000000,,1110000000,1101104843
SO,92122,Utilities,2025-12-31,10-K (Q4 derived: FY − 9M YTD),2026-02-19,6981000000,,917000000,196000000,-145000000,416000000,0.3799999999999999,2597000000,4285000000,,1605000000,895000000,761000000,,1639000000,65649000000,,6220000000,155720000000,36016000000,1000000,
SO,92122,Utilities,2026-01-31,10-K,2026-02-19,,,,,,,,,,,,,,,,,,,,,,1119391291
SO,92122,Utilities,2026-03-31,10-Q,2026-04-30,8397000000,,2018000000,1566000000,228000000,1356000000,1.2,1226000000,2944000000,,1580000000,778000000,776000000,,981000000,67148000000,,5701000000,157031000000,,1128000000,1127301098
SOLV,1964738,Health Care,2025-03-31,10-Q,2026-05-05,2070000000,1114000000,152000000,38000000,-99000000,137000000,0.78,29000000,109000000,49000000,129000000,,,0,534000000,7913000000,7813000000,100000000,14527000000,3262000000,174800000,
SOLV,1964738,Health Care,2025-04-30,10-Q,2025-05-09,,,,,,,,,,,,,,,,,,,,,,173012922
SOLV,1964738,Health Care,2025-06-30,10-Q,2026-08-05,2161000000,1175000000,214000000,103000000,13000000,90000000,0.51,,,,,,,,492000000,7815000000,7815000000,0,15074000000,3645000000,175200000,
SOLV,1964738,Health Care,2025-07-31,10-Q,2025-08-08,,,,,,,,,,,,,,,,,,,,,,173387798
SOLV,1964738,Health Care,2025-09-30,10-Q,2025-11-06,2096000000,1135000000,1690000000,1514000000,248000000,1266000000,7.22,,,,,,,,1642000000,5137000000,5137000000,0,13973000000,4986000000,175400000,
SOLV,1964738,Health Care,2025-10-31,10-Q,2025-11-06,,,,,,,,,,,,,,,,,,,,,,173447557
SOLV,1964738,Health Care,2025-12-31,10-K (Q4 derived: FY − 9M YTD),2026-02-27,1998000000,1027000000,124000000,58000000,-5000000,63000000,0.3500000000000014,95000000,63000000,37000000,117000000,,,,878000000,5035000000,5035000000,0,14294000000,5049000000,200000,
SOLV,1964738,Health Care,2026-02-18,10-K,2026-02-27,,,,,,,,,,,,,,,,,,,,,,173493005
SOLV,1964738,Health Care,2026-03-31,10-Q,2026-05-05,2007000000,1097000000,81000000,16000000,3000000,13000000,0.07,-189000000,84000000,51000000,135000000,,,67000000,561000000,,4575000000,,14097000000,4969000000,175500000,
SOLV,1964738,Health Care,2026-04-30,10-Q,2026-05-05,,,,,,,,,,,,,,,,,,,,,,173174712
SOLV,1964738,Health Care,2026-06-30,10-Q,2026-08-05,2209000000,1286000000,181000000,108000000,15000000,92000000,0.53,,,,,,,,403000000,,4573000000,,14243000000,4800000000,173300000,
SOLV,1964738,Health Care,2026-07-31,10-Q,2026-08-05,,,,,,,,,,,,,,,,,,,,,,170223729
SPG,1063761,Real Estate,2023-09-30,10-K,2025-02-21,1410948000,,694234000,,,680762000,1.82,,,,315259000,212210000,,,769031000,24916760000,,,32964602000,2952734000,327158743,
SPG,1063761,Real Estate,2023-12-31,10-K,2025-02-21,1527438000,,792139000,,,859496000,2.29,1036754000,178289000,,320256000,224923000,,34978000,1168991000,26033423000,,,34283495000,3022834000,325933832,
SPG,1063761,Real Estate,2024-03-31,10-K,2026-02-25,1442590000,,735180000,,,841155000,2.25,773103000,162974000,,307369000,230623000,,,1251105000,25519340000,,,33696691000,3106105000,325911525,
SPG,1063761,Real Estate,2024-06-30,10-K,2026-02-25,1458266000,,754101000,,,569435000,1.51,,,,310016000,221338000,,,1234433000,25287745000,,,33376971000,2944586000,326038544,
SPG,1063761,Real Estate,2024-09-30,10-K,2026-02-25,1480710000,,767769000,,,546671000,1.46,,,,320365000,226424000,,,2170102000,25417558000,,,33275918000,2713136000,326157686,
SPG,1063761,Real Estate,2024-12-31,10-K,2026-02-25,1582232000,,835746000,,,771760000,2.04,1085549000,217870000,,327591000,227415000,,,1400345000,24264495000,,,32405691000,2941925000,326278138,
SPG,1063761,Real Estate,2025-03-31,10-Q,2026-05-11,1473012000,,727616000,,,477860000,1.27,827218000,230201000,,328051000,226995000,,,1380008000,24753200000,,,32501143000,2605575000,326313432,
SPG,1063761,Real Estate,2025-06-30,10-Q,2026-08-10,1498459000,,744197000,,,643681000,1.7,,,,339058000,232724000,,,1231437000,25401250000,,,33295602000,2451508000,326487253,
SPG,1063761,Real Estate,2025-09-30,10-K,2026-02-25,1601572000,,812914000,,,702696000,1.86,,,,338639000,242790000,,,1552577000,25789055000,,,33602187000,2349611000,326485607,
SPG,1063761,Real Estate,2025-12-31,10-K,2026-02-25,1791462000,,890669000,,,3539882000,9.35,1203741000,254898000,,420675000,272326000,,,823147000,28430175000,,,40606466000,5208268000,326180391,
SPG,1063761,Real Estate,2026-03-31,10-Q,2026-05-11,1757093000,,762163000,,,568535000,1.48,833378000,208396000,,458898000,275662000,,175284000,542955000,28247682000,,,39639081000,4858757000,324961423,
SPG,1063761,Real Estate,2026-06-30,10-Q,2026-08-10,1790598000,,824098000,,,574130000,1.49,,,,459876000,281164000,,,1019091000,28699607000,,,39709266000,4434416000,324018022,
SPGI,64040,Financials,2024-10-18,10-Q,2024-10-25,,,,,,,,,,,,,,,,,,,,,,310300000
SPGI,64040,Financials,2024-12-31,10-K (Q4 derived: FY − 9M YTD),2026-02-11,,,1309000000,1254000000,287000000,880000000,2.8499999999999996,1740000000,,70000000,,,280000000,1300000000,1666000000,11398000000,11394000000,4000000,60221000000,33159000000,-1000000,
SPGI,64040,Financials,2025-03-31,10-Q,2026-04-28,,,1578000000,1496000000,325000000,1090000000,3.54,953000000,,47000000,,78000000,295000000,650000000,1469000000,11391000000,11388000000,3000000,59889000000,33371000000,307700000,
SPGI,64040,Financials,2025-04-25,10-Q,2025-04-29,,,,,,,,,,,,,,,,,,,,,,306700000
SPGI,64040,Financials,2025-06-30,10-Q,2025-08-01,,,1551000000,1502000000,342000000,1072000000,3.5,,,,,,,,1847000000,11388000000,11385000000,3000000,60395000000,33390000000,306100000,
SPGI,64040,Financials,2025-07-25,10-Q,2025-08-01,,,,,,,,,,,,,,,,,,,,,,305300000
SPGI,64040,Financials,2025-09-30,10-Q,2025-10-30,,,1675000000,1598000000,333000000,1176000000,3.86,,,,,,,,1672000000,11385000000,11382000000,3000000,59749000000,33133000000,304500000,
SPGI,64040,Financials,2025-10-24,10-Q,2025-10-30,,,,,,,,,,,,,,,,,,,,,,302800000
SPGI,64040,Financials,2025-12-31,10-K (Q4 derived: FY − 9M YTD),2026-02-11,,,1674000000,1631000000,407000000,1134000000,3.76,1748000000,,69000000,,,290000000,2500000000,1745000000,13088000000,12370000000,718000000,61200000000,31127000000,-1000000,
SPGI,64040,Financials,2026-01-30,10-K,2026-02-11,,,,,,,,,,,,,,,,,,,,,,298800000
SPGI,64040,Financials,2026-03-31,10-Q,2026-04-28,,,2002000000,1908000000,404000000,1395000000,4.69,1037000000,,39000000,,,288000000,1000000000,1810000000,13318000000,10621000000,2697000000,60792000000,31173000000,297600000,
SPGI,64040,Financials,2026-04-24,10-Q,2026-04-28,,,,,,,,,,,,,,,,,,,,,,296000000
SRE,1032208,Utilities,2024-12-31,10-K (Q4 derived: FY − 9M YTD),2026-02-26,3758000000,,,1074000000,282000000,676000000,1.04,1365000000,,23000000,,,378000000,2000000,1565000000,31558000000,,2274000000,96155000000,31222000000,1377000,
SRE,1032208,Utilities,2025-02-19,10-K,2025-02-25,,,,,,,,,,,,,,,,,,,,,,651457249
SRE,1032208,Utilities,2025-03-31,10-Q,2026-05-07,,,,792000000,57000000,917000000,1.39,1482000000,,-2000000,,,380000000,57000000,1739000000,33286000000,,2331000000,99010000000,31643000000,653018000,
SRE,1032208,Utilities,2025-05-05,10-Q,2025-05-08,,,,,,,,,,,,,,,,,,,,,,652170380
SRE,1032208,Utilities,2025-06-30,10-Q,2025-08-07,,,,467000000,172000000,473000000,0.71,,,,,,,,155000000,34936000000,,1372000000,99907000000,31697000000,653224000,
SRE,1032208,Utilities,2025-08-04,10-Q,2025-08-07,,,,,,,,,,,,,,,,,,,,,,652472426
SRE,1032208,Utilities,2025-09-30,10-Q,2025-11-05,,,,293000000,482000000,95000000,0.12,,,,,,,,5000000,28985000000,,1875000000,106919000000,31152000000,654009000,
SRE,1032208,Utilities,2025-10-31,10-Q,2025-11-05,,,,,,,,,,,,,,,,,,,,,,652681521
SRE,1032208,Utilities,2025-12-31,10-K (Q4 derived: FY − 9M YTD),2026-02-26,,,,237000000,-10000000,352000000,0.54,1189000000,,39000000,,,408000000,0,29000000,28979000000,,1876000000,110878000000,31594000000,406000,
SRE,1032208,Utilities,2026-02-19,10-K,2026-02-26,,,,,,,,,,,,,,,,,,,,,,653284140
SRE,1032208,Utilities,2026-03-31,10-Q,2026-05-07,,,,996000000,65000000,1037000000,1.58,1809000000,,25000000,,,409000000,20000000,794000000,30847000000,,1878000000,113518000000,32239000000,655488000,
SRE,1032208,Utilities,2026-05-04,10-Q,2026-05-07,,,,,,,,,,,,,,,,,,,,,,653690046
STE,1757898,Health Care,2025-03-31,10-K (Q4 derived: FY − 9M YTD),2026-05-29,1480500000,641200000,216100000,197300000,50500000,145600000,1.4699999999999998,260800000,70900000,9800000,122300000,,56000000,200000,171700000,1918700000,1918700000,,10146800000,6603400000,-100000,
STE,1757898,Health Care,2025-05-27,10-K,2025-05-29,,,,,,,,,,,,,,,,,,,,,,98372310
STE,1757898,Health Care,2025-06-30,10-Q,2026-08-07,1391100000,628000000,246000000,231900000,53900000,177400000,1.79,420000000,93600000,11900000,119400000,,56200000,10600000,279700000,1903100000,1903100000,,10405000000,6957000000,98800000,
STE,1757898,Health Care,2025-08-04,10-Q,2025-08-07,,,,,,,,,,,,,,,,,,,,,,98490606
STE,1757898,Health Care,2025-09-30,10-Q,2025-11-06,1460300000,645900000,265800000,253100000,60600000,191900000,1.94,,,,,,,,319200000,1897300000,1897300000,,10410700000,7009100000,98800000,
STE,1757898,Health Care,2025-11-03,10-Q,2025-11-06,,,,,,,,,,,,,,,,,,,,,,98147009
STE,1757898,Health Care,2025-12-31,10-Q,2026-02-06,1496200000,655500000,273200000,257800000,63500000,192900000,1.96,,,,,,,,423700000,1898400000,1898400000,,10591400000,7154500000,98600000,
STE,1757898,Health Care,2026-02-02,10-Q,2026-02-06,,,,,,,,,,,,,,,,,,,,,,98075025
STE,1757898,Health Care,2026-03-31,10-K (Q4 derived: FY − 9M YTD),2026-05-29,1588400000,697100000,316800000,304500000,84200000,220200000,2.2399999999999993,335400000,90200000,12900000,123400000,,61800000,74300000,439600000,1812800000,1812800000,,10737200000,7183600000,-100000,
STE,1757898,Health Care,2026-05-27,10-K,2026-05-29,,,,,,,,,,,,,,,,,,,,,,97602485
STE,1757898,Health Care,2026-06-30,10-Q,2026-08-07,1492700000,684200000,285800000,273500000,72500000,200100000,,367100000,87500000,12800000,123800000,,61400000,115500000,482300000,1650200000,1650200000,,10736100000,7206700000,97900000,
STE,1757898,Health Care,2026-08-04,10-Q,2026-08-07,,,,,,,,,,,,,,,,,,,,,,97500110
STLD,1022671,Materials,2025-03-31,10-Q,2026-04-27,,486544000,275144000,280654000,62975000,217151000,1.44,152603000,305506000,17040000,133756000,,69514000,250138000,1186917000,4200000000,3777132000,418947000,15930428000,8824710000,150809000,
STLD,1022671,Materials,2025-05-08,10-Q,2025-05-12,,,,,,,,,,,,,,,,,,,,,,148453876
STLD,1022671,Materials,2025-06-30,10-Q,2026-07-28,,618468000,382855000,387866000,86675000,298726000,2.01,301611000,288331000,14063000,132865000,,74690000,200048000,458048000,3800000000,3779559000,1460000,15548638000,8864052000,148960000,
STLD,1022671,Materials,2025-08-06,10-Q,2025-08-11,,,,,,,,,,,,,,,,,,,,,,147204589
STLD,1022671,Materials,2025-09-30,10-Q,2025-10-24,,757880000,507757000,513846000,109920000,403685000,2.74,722608000,165692000,14238000,138487000,,73894000,210388000,770356000,3800000000,3781026000,1429000,15965030000,8995142000,147600000,
STLD,1022671,Materials,2025-10-22,10-Q,2025-10-24,,,,,,,,,,,,,,,,,,,,,,146034859
STLD,1022671,Materials,2025-12-31,10-K (Q4 derived: FY − 9M YTD),2026-02-27,,529291000,310230000,310605000,46090000,266033000,1.8200000000000003,272712000,188496000,23642000,146282000,,73078000,240296000,769878000,4200000000,4176508000,34655000,16419780000,8957182000,-719000,
STLD,1022671,Materials,2026-02-25,10-K,2026-02-27,,,,,,,,,,,,,,,,,,,,,,144882401
STLD,1022671,Materials,2026-03-31,10-Q,2026-04-27,,763223000,538004000,513213000,113108000,403436000,2.78,148316000,137979000,17451000,159280000,,72470000,115087000,556527000,4200000000,4178669000,22124000,16720219000,9164858000,145321000,
STLD,1022671,Materials,2026-04-22,10-Q,2026-04-27,,,,,,,,,,,,,,,,,,,,,,144212781
STLD,1022671,Materials,2026-06-30,10-Q,2026-07-28,,958974000,700479000,683464000,152679000,534087000,3.69,427936000,123842000,14162000,173922000,,76555000,200288000,567708000,4200000000,4180810000,1332000,17113399000,9419532000,144591000,
STLD,1022671,Materials,2026-07-23,10-Q,2026-07-28,,,,,,,,,,,,,,,,,,,,,,143328088
STT,93751,Financials,2025-03-31,10-Q,2026-04-29,3284000000,,,822000000,178000000,644000000,2.04,2396000000,226000000,,,,266000000,100000000,4658000000,,,,372693000000,26692000000,292716000,
STT,93751,Financials,2025-04-29,10-Q,2025-05-01,,,,,,,,,,,,,,,,,,,,,,285181612
STT,93751,Financials,2025-06-30,10-Q,2026-07-30,3448000000,,,889000000,196000000,693000000,2.17,,,,,,,,4020000000,,,,376717000000,27307000000,290490000,
STT,93751,Financials,2025-07-29,10-Q,2025-07-31,,,,,,,,,,,,,,,,,,,,,,283695342
STT,93751,Financials,2025-09-30,10-Q,2025-10-30,3545000000,,,1102000000,241000000,861000000,2.78,,,,,,,,4756000000,,,,371070000000,27642000000,288163000,
STT,93751,Financials,2025-10-28,10-Q,2025-10-30,,,,,,,,,,,,,,,,,,,,,,279312436
STT,93751,Financials,2025-12-31,10-K (Q4 derived: FY − 9M YTD),2026-02-19,3667000000,,,918000000,171000000,747000000,2.42,10042000000,267000000,,,,296000000,400000000,4433000000,,,,366047000000,27841000000,-1420000,
STT,93751,Financials,2026-01-30,10-K,2026-02-19,,,,,,,,,,,,,,,,,,,,,,278728211
STT,93751,Financials,2026-03-31,10-Q,2026-04-29,3796000000,,,969000000,205000000,764000000,2.49,-12143000000,270000000,,,,293000000,400000000,6518000000,,,,392165000000,27742000000,282874000,
STT,93751,Financials,2026-04-27,10-Q,2026-04-29,,,,,,,,,,,,,,,,,,,,,,276767033
STT,93751,Financials,2026-06-30,10-Q,2026-07-30,4048000000,,,1389000000,305000000,1084000000,3.65,,,,,,,,4290000000,,,,418381000000,28268000000,281062000,
STT,93751,Financials,2026-07-28,10-Q,2026-07-30,,,,,,,,,,,,,,,,,,,,,,274701765
STX,1137789,Information Technology,2025-03-28,10-Q,2026-04-29,,,431000000,355000000,15000000,340000000,1.57,,,,,,,,814000000,,5146000000,0,7564000000,-829000000,216000000,
STX,1137789,Information Technology,2025-04-29,10-Q,2025-05-02,,,,,,,,,,,,,,,,,,,,,,212217463
STX,1137789,Information Technology,2025-06-27,10-K (Q4 derived: FY − 9M YTD),2026-08-04,,,568000000,492000000,4000000,488000000,2.25,508000000,83000000,59000000,61000000,,153000000,0,891000000,,4995000000,0,8023000000,-453000000,0,
STX,1137789,Information Technology,2025-07-29,10-K,2025-08-01,,,,,,,,,,,,,,,,,,,,,,212677178
STX,1137789,Information Technology,2025-10-03,10-Q,2025-10-31,,,694000000,614000000,65000000,549000000,2.43,532000000,105000000,52000000,72000000,,153000000,29000000,1112000000,,3498000000,1496000000,8442000000,-63000000,226000000,
STX,1137789,Information Technology,2025-10-28,10-Q,2025-10-31,,,,,,,,,,,,,,,,,,,,,,213558113
STX,1137789,Information Technology,2026-01-02,10-Q,2026-01-30,,,843000000,707000000,114000000,593000000,2.6,,,,,,,,1046000000,,3501000000,998000000,8708000000,459000000,228000000,
STX,1137789,Information Technology,2026-01-27,10-Q,2026-01-30,,,,,,,,,,,,,,,,,,,,,,218073067
STX,1137789,Information Technology,2026-04-03,10-Q,2026-04-29,,,998000000,864000000,116000000,748000000,3.27,,,,,,,,1146000000,,3465000000,398000000,8892000000,1095000000,229000000,
STX,1137789,Information Technology,2026-04-27,10-Q,2026-04-29,,,,,,,,,,,,,,,,,,,,,,224228992
STX,1137789,Information Technology,2026-07-03,10-K (Q4 derived: FY − 9M YTD),2026-08-04,,,1559000000,1505000000,211000000,1294000000,5.610000000000001,1305000000,187000000,54000000,70000000,,166000000,117000000,1704000000,,3380000000,185000000,9972000000,2167000000,1000000,
STX,1137789,Information Technology,2026-07-31,10-K,2026-08-04,,,,,,,,,,,,,,,,,,,,,,226644518
STZ,16918,Consumer Staples,2023-08-31,10-Q,2024-10-03,2836800000,1449900000,978700000,847900000,147200000,690000000,,,305000000,,108700000,,,,83300000,11239100000,10680800000,558300000,24930000000,9390800000,,
STZ,16918,Consumer Staples,2023-11-30,10-Q,2025-01-10,2470900000,1270600000,796900000,650900000,130000000,509100000,,,,,108400000,,,,78700000,11239600000,10282300000,957300000,25057400000,9471000000,,
STZ,16918,Consumer Staples,2024-02-29,10-K,2025-04-23,2139200000,1039200000,629400000,492600000,88200000,392400000,,433200000,357200000,14100000,106400000,,162700000,0,152400000,11637900000,10681100000,956800000,25691700000,9743100000,,
STZ,16918,Consumer Staples,2024-05-31,10-Q,2025-07-02,2661800000,1403800000,941600000,920800000,28000000,877000000,,690500000,375300000,17300000,111900000,,185300000,200000000,73800000,11089100000,10682900000,406200000,26060100000,10251800000,,
STZ,16918,Consumer Staples,2024-08-31,10-Q,2025-10-07,2918900000,1511800000,-1229400000,-1334600000,-152200000,-1199000000,,,,,109600000,,,,64600000,11088300000,10683600000,404700000,23079100000,7870800000,,
STZ,16918,Consumer Staples,2024-11-30,10-Q,2026-01-08,2463800000,1284300000,793000000,673600000,44500000,615900000,,,,,119300000,,,,73700000,10689000000,10185700000,503300000,22806200000,7817800000,,
STZ,16918,Consumer Staples,2025-02-28,10-K,2026-04-22,2164200000,1114700000,-150300000,-342600000,28000000,-375300000,,594700000,282600000,11500000,106200000,,180500000,455700000,68100000,10691000000,9289000000,1402000000,21652300000,6882000000,,
STZ,16918,Consumer Staples,2025-05-31,10-Q,2026-07-01,2515000000,1266600000,713800000,611400000,87600000,516100000,,637200000,192800000,10400000,105500000,,182200000,306100000,73900000,11189500000,9786500000,1403000000,22262700000,7265500000,,
STZ,16918,Consumer Staples,2025-08-31,10-Q,2025-10-07,2481000000,1310000000,874000000,782900000,296800000,466000000,,,,,103100000,,,,72000000,10292400000,9788300000,504100000,21419400000,7500400000,,
STZ,16918,Consumer Staples,2025-11-30,10-Q,2026-01-08,2222800000,1183200000,692000000,632300000,110100000,502800000,,,,,99300000,,,,152400000,10289100000,10285100000,4000000,21683400000,7710800000,,
STZ,16918,Consumer Staples,2026-02-28,10-K,2026-04-22,1920200000,951700000,441600000,351200000,126500000,201800000,,562800000,218900000,19700000,112100000,,176900000,100000000,102400000,10296500000,9692900000,603600000,21900500000,8082400000,,
STZ,16918,Consumer Staples,2026-05-31,10-Q,2026-07-01,2432700000,1320600000,845300000,760000000,88100000,653800000,,661800000,177200000,15000000,97900000,,178700000,223800000,96600000,10197500000,9094900000,1102600000,22108700000,8255600000,,
SW,2005951,Materials,2025-03-31,10-Q,2026-05-01,7656000000,1577000000,553000000,390000000,8000000,384000000,0.73,235000000,477000000,43000000,603000000,195000000,225000000,0,797000000,,,1300000000,44649000000,17864000000,526000000,
SW,2005951,Materials,2025-05-06,10-Q,2025-05-09,,,,,,,,,,,,,,,,,,,,,,522012629
SW,2005951,Materials,2025-06-30,10-Q,2026-07-31,7940000000,1515000000,251000000,58000000,84000000,-28000000,-0.05,,,,613000000,208000000,,,778000000,,,1034000000,45746000000,18297000000,522000000,
SW,2005951,Materials,2025-07-31,10-Q,2025-08-07,,,,,,,,,,,,,,,,,,,,,,522125044
SW,2005951,Materials,2025-09-30,10-Q,2025-11-07,8003000000,1569000000,526000000,336000000,91000000,246000000,0.47,,,,659000000,204000000,,,851000000,,,798000000,45569000000,18433000000,526000000,
SW,2005951,Materials,2025-10-31,10-Q,2025-11-07,,,,,,,,,,,,,,,,,,,,,,522186327
SW,2005951,Materials,2025-12-31,10-K (Q4 derived: FY − 9M YTD),2026-02-27,7580000000,1382000000,389000000,175000000,77000000,97000000,0.19000000000000017,1195000000,583000000,25000000,675000000,233000000,225000000,0,892000000,13223000000,,346000000,45157000000,18327000000,1000000,
SW,2005951,Materials,2026-02-20,10-K,2026-02-27,,,,,,,,,,,,,,,,,,,,,,524253735
SW,2005951,Materials,2026-03-31,10-Q,2026-05-01,7712000000,1268000000,253000000,84000000,21000000,65000000,0.12,204000000,624000000,28000000,728000000,198000000,237000000,,674000000,,,980000000,45170000000,18058000000,526000000,
SW,2005951,Materials,2026-04-24,10-Q,2026-05-01,,,,,,,,,,,,,,,,,,,,,,524464078
SW,2005951,Materials,2026-06-30,10-Q,2026-07-31,8031000000,1399000000,309000000,128000000,40000000,89000000,0.17,,,,678000000,208000000,,,677000000,,,931000000,45201000000,18036000000,526000000,
SW,2005951,Materials,2026-07-24,10-Q,2026-07-31,,,,,,,,,,,,,,,,,,,,,,524522908
SWK,93556,Industrials,2025-03-29,10-Q,2026-04-29,3744600000,,,127600000,37200000,90400000,0.6,-420000000,65000000,36400000,91100000,126400000,124500000,11700000,344800000,5604600000,4755200000,849400000,22496200000,8841600000,151699000,
SWK,93556,Industrials,2025-04-24,10-Q,2025-04-30,,,,,,,,,,,,,,,,,,,,,,154712529
SWK,93556,Industrials,2025-06-28,10-Q,2026-07-29,3945200000,,,26700000,-75200000,101900000,0.67,214300000,79600000,28000000,92700000,129100000,124000000,800000,311800000,5607400000,4757800000,849600000,22492600000,9063000000,151728000,
SWK,93556,Industrials,2025-07-24,10-Q,2025-07-29,,,,,,,,,,,,,,,,,,,,,,154792247
SWK,93556,Industrials,2025-09-27,10-Q,2025-11-04,3756000000,,,35600000,-15800000,51400000,0.34,221200000,65900000,18400000,92900000,129100000,125800000,2200000,268300000,5257600000,4702800000,554800000,21753900000,8977300000,151958000,
SWK,93556,Industrials,2025-10-28,10-Q,2025-11-04,,,,,,,,,,,,,,,,,,,,,,154884964
SWK,93556,Industrials,2026-01-03,10-K (Q4 derived: FY − 9M YTD),2026-02-24,3684600000,,,228000000,69800000,158200000,1.0399999999999998,955700000,72800000,11300000,88900000,131700000,126300000,5400000,280100000,5258100000,4703300000,554800000,21243700000,9054600000,78000,
SWK,93556,Industrials,2026-02-16,10-K,2026-02-24,,,,,,,,,,,,,,,,,,,,,,155079468
SWK,93556,Industrials,2026-04-04,10-Q,2026-04-29,3846400000,,,84800000,25200000,59600000,0.39,-388800000,58500000,28200000,84400000,113100000,126000000,15300000,333700000,4758200000,4704000000,54200000,21599800000,8976700000,152389000,
SWK,93556,Industrials,2026-04-24,10-Q,2026-04-29,,,,,,,,,,,,,,,,,,,,,,155455564
SWK,93556,Industrials,2026-07-04,10-Q,2026-07-29,3960700000,,,499000000,147700000,351300000,2.33,763100000,64900000,24400000,101800000,96400000,124300000,252100000,592400000,4757900000,4704200000,53700000,20093500000,8958800000,150648000,
SWK,93556,Industrials,2026-07-24,10-Q,2026-07-29,,,,,,,,,,,,,,,,,,,,,,151016641
SWKS,4127,Information Technology,2025-05-02,10-Q,2025-05-07,,,,,,,,,,,,,,,,,,,,,,150129146
SWKS,4127,Information Technology,2025-06-27,10-Q,2026-07-28,965000000,401000000,110600000,112000000,7000000,105000000,0.7,,,,,6600000,103900000,,1185900000,496200000,,499200000,7714600000,5652500000,150300000,
SWKS,4127,Information Technology,2025-07-31,10-Q,2025-08-05,,,,,,,,,,,,,,,,,,,,,,148427568
SWKS,4127,Information Technology,2025-10-03,10-K (Q4 derived: FY − 9M YTD),2025-11-07,1100200000,447500000,111000000,122000000,-19400000,141400000,0.94,200000000,56000000,63500000,72400000,6900000,105600000,0,1161300000,496400000,,499400000,7917000000,5757100000,-1800000,
SWKS,4127,Information Technology,2025-10-30,10-K,2025-11-07,,,,,,,,,,,,,,,,,,,,,,148679767
SWKS,4127,Information Technology,2026-01-02,10-Q,2026-02-05,1035400000,427200000,103800000,109700000,30500000,79200000,0.53,395500000,56500000,57700000,72900000,6300000,106400000,,1550400000,496600000,,499600000,7867900000,5758900000,150500000,
SWKS,4127,Information Technology,2026-01-26,10-K/A,2026-01-30,,,,,,,,,,,,,,,,,,,,,,149935620
SWKS,4127,Information Technology,2026-02-03,10-Q,2026-02-05,,,,,,,,,,,,,,,,,,,,,,150373612
SWKS,4127,Information Technology,2026-04-03,10-Q,2026-05-05,943700000,385300000,42100000,45400000,9800000,35600000,0.24,,,,,7500000,106800000,,1413300000,496700000,,499900000,7896000000,5765700000,150600000,
SWKS,4127,Information Technology,2026-04-30,10-Q,2026-05-05,,,,,,,,,,,,,,,,,,,,,,150405963
SWKS,4127,Information Technology,2026-07-03,10-Q,2026-07-28,934800000,375000000,48500000,48800000,14900000,33900000,0.22,,,,,5900000,106900000,,790000000,496900000,,0,7425000000,5738300000,151400000,
SWKS,4127,Information Technology,2026-07-23,10-Q,2026-07-28,,,,,,,,,,,,,,,,,,,,,,150472782
SYF,1601712,Financials,2025-03-31,10-Q,2026-04-23,,,,984000000,227000000,757000000,1.89,2200000000,,,125000000,,97000000,605000000,21629000000,17009000000,,,122026000000,16581000000,389400000,
SYF,1601712,Financials,2025-04-18,10-Q,2025-04-24,,,,,,,,,,,,,,,,,,,,,,380650709
SYF,1601712,Financials,2025-06-30,10-Q,2026-07-23,,,,1256000000,289000000,967000000,2.5,,,,,,,,19457000000,16009000000,,,120505000000,16952000000,379100000,
SYF,1601712,Financials,2025-07-18,10-Q,2025-07-23,,,,,,,,,,,,,,,,,,,,,,372057548
SYF,1601712,Financials,2025-09-30,10-Q,2025-10-22,,,,1429000000,352000000,1077000000,2.86,,,,,,,,16245000000,14431000000,,,116984000000,17065000000,369900000,
SYF,1601712,Financials,2025-10-17,10-Q,2025-10-22,,,,,,,,,,,,,,,,,,,,,,360171098
SYF,1601712,Financials,2025-12-31,10-K (Q4 derived: FY − 9M YTD),2026-02-06,,,,952000000,201000000,751000000,2.0599999999999996,2454000000,,,139000000,,106000000,962000000,14973000000,15182000000,,,119095000000,16766000000,-5500000,
SYF,1601712,Financials,2026-01-30,10-K,2026-02-06,,,,,,,,,,,,,,,,,,,,,,347596279
SYF,1601712,Financials,2026-03-31,10-Q,2026-04-23,,,,1047000000,242000000,805000000,2.27,2183000000,,,143000000,,104000000,900000000,20559000000,16428000000,,,121501000000,16477000000,346000000,
SYF,1601712,Financials,2026-04-17,10-Q,2026-04-23,,,,,,,,,,,,,,,,,,,,,,336951336
SYF,1601712,Financials,2026-06-30,10-Q,2026-07-23,,,,1186000000,301000000,885000000,2.59,,,,,,,,16193000000,16432000000,,,121930000000,16897000000,334100000,
SYF,1601712,Financials,2026-07-17,10-Q,2026-07-23,,,,,,,,,,,,,,,,,,,,,,325370840
SYK,310764,Health Care,2024-03-31,10-K,2026-02-11,5243000000,3333000000,972000000,923000000,135000000,788000000,2.05,204000000,167000000,87000000,355000000,,304000000,,2330000000,,10807000000,2058000000,39402000000,,385100000,380949778
SYK,310764,Health Care,2024-06-30,10-K,2026-02-11,5422000000,3416000000,1051000000,998000000,173000000,825000000,2.14,,,,354000000,96000000,,,1874000000,,10127000000,2095000000,39130000000,,385400000,381075364
SYK,310764,Health Care,2024-09-30,10-K,2026-02-11,5494000000,3517000000,1085000000,1043000000,209000000,834000000,2.16,,,,371000000,98000000,,,3850000000,,13325000000,2159000000,43833000000,,385600000,381215773
SYK,310764,Health Care,2024-12-31,10-K,2026-02-11,6436000000,4174000000,581000000,528000000,-18000000,546000000,1.41,1931000000,266000000,45000000,346000000,104000000,305000000,,3652000000,,12188000000,1409000000,42971000000,,200000,
SYK,310764,Health Care,2025-01-31,10-K,2025-02-12,,,,,,,,,,,,,,,,,,,,,,381579123
SYK,310764,Health Care,2025-03-31,10-Q,2026-05-11,5866000000,3744000000,837000000,764000000,110000000,654000000,1.69,250000000,123000000,84000000,361000000,132000000,320000000,,2320000000,,14383000000,2398000000,46006000000,,386400000,382164865
SYK,310764,Health Care,2025-06-30,10-Q,2026-07-31,6022000000,3841000000,1113000000,1016000000,132000000,884000000,2.29,,,,387000000,159000000,,,2375000000,,14829000000,1751000000,46331000000,,386400000,382307298
SYK,310764,Health Care,2025-09-30,10-K,2026-02-11,6057000000,3852000000,1135000000,1029000000,170000000,859000000,2.22,,,,404000000,157000000,,,3256000000,,14845000000,1750000000,47057000000,,386700000,382423648
SYK,310764,Health Care,2025-12-31,10-K,2026-02-11,7171000000,4628000000,1804000000,1705000000,856000000,849000000,2.2,2143000000,268000000,48000000,416000000,129000000,321000000,,4011000000,,14859000000,1000000000,47844000000,,0,
SYK,310764,Health Care,2026-01-31,10-K,2026-02-11,,,,,,,,,,,,,,,,,,,,,,382688675
SYK,310764,Health Care,2026-03-31,10-Q,2026-05-11,6020000000,3810000000,936000000,850000000,105000000,745000000,1.93,581000000,166000000,87000000,397000000,142000000,337000000,,2878000000,,14224000000,499000000,46291000000,,386500000,383360762
SYK,310764,Health Care,2026-06-30,10-Q,2026-07-31,6589000000,4498000000,1659000000,1564000000,288000000,1276000000,3.3,,,,404000000,136000000,,,3391000000,,14192000000,750000000,47930000000,,386000000,383573046
SYY,96021,Consumer Staples,2025-03-29,10-Q,2026-04-29,19598000000,3581000000,681000000,523000000,122000000,401000000,0.82,,199000000,,,,,,1527000000,,,,26347000000,1922000000,489331460,
SYY,96021,Consumer Staples,2025-04-11,10-Q,2025-04-30,,,,,,,,,,,,,,,,,,,,,,484751681
SYY,96021,Consumer Staples,2025-06-28,10-K (Q4 derived: FY − 9M YTD),2026-08-21,21138000000,3986000000,888000000,716000000,185000000,531000000,1.0899999999999999,1193000000,374000000,19000000,,,248000000,550000000,1071000000,,,,26774000000,1830000000,-2148111,
SYY,96021,Consumer Staples,2025-08-05,10-K,2025-08-22,,,,,,,,,,,,,,,,,,,,,,478212357
SYY,96021,Consumer Staples,2025-09-27,10-Q,2025-10-29,21148000000,3901000000,800000000,600000000,124000000,476000000,0.99,86000000,160000000,31000000,,,259000000,0,844000000,,,,27044000000,2067000000,480365666,
SYY,96021,Consumer Staples,2025-10-10,10-Q,2025-10-29,,,,,,,,,,,,,,,,,,,,,,478861056
SYY,96021,Consumer Staples,2025-12-27,10-Q,2026-01-28,20762000000,3792000000,692000000,510000000,121000000,389000000,0.81,,140000000,,,,,,1222000000,,,,27181000000,2283000000,480662627,
SYY,96021,Consumer Staples,2026-01-09,10-Q,2026-01-28,,,,,,,,,,,,,,,,,,,,,,478930649
SYY,96021,Consumer Staples,2026-03-28,10-Q,2026-04-29,20519000000,3812000000,619000000,445000000,105000000,340000000,0.71,,161000000,,,,,,1900000000,,,,27983000000,2297000000,481188586,
SYY,96021,Consumer Staples,2026-04-10,10-Q,2026-04-29,,,,,,,,,,,,,,,,,,,,,,478182608
SYY,96021,Consumer Staples,2026-06-27,10-K (Q4 derived: FY − 9M YTD),2026-08-21,22124000000,4134000000,983000000,720000000,169000000,551000000,1.1500000000000004,1175000000,239000000,23000000,,,259000000,0,1786000000,,,,28397000000,2666000000,-126723,
SYY,96021,Consumer Staples,2026-08-04,10-K,2026-08-21,,,,,,,,,,,,,,,,,,,,,,479096016
T,732717,Communication Services,2025-03-31,10-Q,2026-04-27,30626000000,,5754000000,5991000000,1299000000,4351000000,0.61,9049000000,,,5190000000,,2091000000,218000000,6885000000,,,,397467000000,119858000000,7223000000,
T,732717,Communication Services,2025-04-24,10-Q,2025-04-29,,,,,,,,,,,,,,,,,,,,,,7195602178
T,732717,Communication Services,2025-06-30,10-Q,2026-07-22,30847000000,,6501000000,6098000000,1237000000,4500000000,0.62,,,,5251000000,,,,10499000000,,,,405491000000,121394000000,7219000000,
T,732717,Communication Services,2025-07-21,10-Q,2025-07-24,,,,,,,,,,,,,,,,,,,,,,7150385480
T,732717,Communication Services,2025-09-30,10-Q,2025-10-31,30709000000,,6119000000,10653000000,976000000,9314000000,1.29,,,,5317000000,,,,20272000000,,,,423213000000,126755000000,7169000000,
T,732717,Communication Services,2025-10-21,10-Q,2025-10-31,,,,,,,,,,,,,,,,,,,,,,7089449495
T,732717,Communication Services,2025-12-31,10-K (Q4 derived: FY − 9M YTD),2026-02-09,33466000000,,5788000000,4265000000,109000000,3788000000,0.5300000000000002,11320000000,,,5128000000,,2012000000,1831000000,18234000000,134718000000,,,420198000000,126491000000,-24000000,
T,732717,Communication Services,2026-01-28,10-K,2026-02-09,,,,,,,,,,,,,,,,,,,,,,7000577201
T,732717,Communication Services,2026-03-31,10-Q,2026-04-27,31506000000,,6658000000,5398000000,1179000000,3829000000,0.54,,,,4966000000,,1997000000,2475000000,11964000000,,,,421188000000,125619000000,7027000000,
T,732717,Communication Services,2026-04-22,10-Q,2026-04-27,,,,,,,,,,,,,,,,,,,,,,6948338835
T,732717,Communication Services,2026-06-30,10-Q,2026-07-22,31558000000,,7038000000,5822000000,784000000,4627000000,0.66,,,,4966000000,,,,17570000000,,,,428359000000,126434000000,6946000000,
T,732717,Communication Services,2026-07-16,10-Q,2026-07-22,,,,,,,,,,,,,,,,,,,,,,6852385650
TAP,24545,Consumer Staples,2023-06-30,10-Q,2024-08-06,,1218900000,488500000,441100000,95000000,342400000,,,,,,,,,960900000,6577000000,6191900000,385100000,26789600000,13030800000,217800000,
TAP,24545,Consumer Staples,2023-09-30,10-Q,2024-11-08,,1346200000,592200000,544000000,112400000,430700000,,,,,,,,,801700000,6153500000,5301100000,852400000,26568400000,13246000000,217600000,
TAP,24545,Consumer Staples,2023-12-31,10-K (Q4 derived: FY − 9M YTD),2026-02-18,,1033000000,199300000,165500000,60000000,103300000,,474500000,177400000,10800000,174200000,,88000000,144900000,868900000,6202400000,5312100000,890300000,26375100000,13196000000,-300000,
TAP,24545,Consumer Staples,2024-03-31,10-Q,2025-05-08,,963500000,314300000,265400000,55500000,207800000,0.97,25400000,214700000,12800000,169000000,,96800000,113600000,458400000,6184100000,5312200000,871900000,26072300000,13120100000,214200000,
TAP,24545,Consumer Staples,2024-06-30,10-Q,2025-08-05,,1329900000,599600000,559900000,134600000,427000000,2.03,,177500000,,167700000,,,,1647300000,7028200000,6161500000,866700000,27394200000,13179600000,210800000,
TAP,24545,Consumer Staples,2024-09-30,10-Q,2025-11-04,,1202500000,451200000,331400000,102600000,199800000,0.96,,170800000,,175400000,,,,1021700000,6213300000,6203000000,10300000,26635300000,13345300000,208000000,
TAP,24545,Consumer Staples,2024-12-31,10-K (Q4 derived: FY − 9M YTD),2026-02-18,,1037500000,388100000,346300000,52600000,287800000,1.3899999999999997,494500000,111100000,8500000,247300000,,89800000,206000000,969300000,6126200000,6113900000,12300000,26064300000,13092400000,-1100000,
TAP,24545,Consumer Staples,2025-03-31,10-Q,2025-05-08,,850900000,186300000,156300000,33200000,121000000,0.59,-90700000,237300000,11900000,180300000,,99200000,59600000,412700000,6166200000,6154600000,11600000,25930500000,13090300000,204000000,
TAP,24545,Consumer Staples,2025-06-30,10-Q,2026-08-06,,1281900000,583600000,554900000,130600000,428700000,2.13,,163300000,,170100000,,,,613800000,6268700000,6257000000,11700000,26826700000,13440700000,201200000,
TAP,24545,Consumer Staples,2025-09-30,10-Q,2025-11-04,,1173500000,-3431100000,-3495500000,-558600000,-2927600000,-14.79,,133100000,,179800000,,,,950200000,6255400000,3884800000,2370600000,22873400000,10325100000,197900000,
TAP,24545,Consumer Staples,2025-12-31,10-K (Q4 derived: FY − 9M YTD),2026-02-18,,968300000,324300000,266300000,57000000,238300000,1.1199999999999992,540700000,182900000,7800000,181100000,,90600000,315100000,896500000,6260100000,3865400000,2394700000,22738400000,10230300000,-1300000,
TAP,24545,Consumer Staples,2026-06-30,10-Q,2026-08-06,,1063300000,331900000,283100000,61500000,231700000,1.23,,,,192000000,,,,2128100000,7681800000,5672500000,2009300000,24359000000,10119500000,187700000,
TDG,1260221,Industrials,2025-03-29,10-Q,2026-05-05,2150000000,1274000000,991000000,622000000,143000000,479000000,8.24,,,,89000000,378000000,,,2426000000,24400000000,,94000000,21905000000,-5671000000,58100000,
TDG,1260221,Industrials,2025-04-30,10-Q,2025-05-06,,,,,,,,,,,,,,,,,,,,,,56167085
TDG,1260221,Industrials,2025-06-28,10-Q,2026-08-04,2237000000,1332000000,1039000000,635000000,142000000,492000000,8.47,,,,91000000,397000000,,,2792000000,24362000000,,94000000,22700000000,-5004000000,58100000,
TDG,1260221,Industrials,2025-07-31,10-Q,2025-08-05,,,,,,,,,,,,,,,,,,,,,,56350285
TDG,1260221,Industrials,2025-09-30,10-K (Q4 derived: FY − 9M YTD),2025-11-12,2437000000,1470000000,1161000000,753000000,144000000,610000000,7.77,507000000,66000000,28000000,96000000,,,0,2808000000,29291000000,,124000000,22909000000,-9686000000,0,
TDG,1260221,Industrials,2025-10-31,10-K,2025-11-12,,,,,,,,,,,,,,,,,,,,,,56318584
TDG,1260221,Industrials,2025-12-27,10-Q,2026-02-03,2285000000,1352000000,1042000000,572000000,127000000,445000000,6.62,832000000,60000000,27000000,100000000,475000000,,106000000,2528000000,29322000000,,125000000,23757000000,-9270000000,58200000,
TDG,1260221,Industrials,2026-01-30,10-Q,2026-02-03,,,,,,,,,,,,,,,,,,,,,,56473563
TDG,1260221,Industrials,2026-03-28,10-Q,2026-05-05,2544000000,1511000000,1178000000,700000000,164000000,535000000,9.2,,,,105000000,484000000,,,3884000000,31279000000,,129000000,25442000000,-9402000000,58200000,
TDG,1260221,Industrials,2026-04-30,10-Q,2026-05-05,,,,,,,,,,,,,,,,,,,,,,55933583
TDG,1260221,Industrials,2026-06-27,10-Q,2026-08-04,2741000000,1628000000,1227000000,713000000,173000000,539000000,9.39,,,,118000000,514000000,,,2773000000,32760000000,,139000000,26754000000,-9809000000,57400000,
TDG,1260221,Industrials,2026-07-31,10-Q,2026-08-04,,,,,,,,,,,,,,,,,,,,,,55276525
TDY,1094285,Information Technology,2025-03-30,10-Q,2026-04-24,,,259300000,238900000,50100000,188600000,3.99,242600000,18000000,8900000,80700000,,,,461500000,2964800000,2964600000,200000,15048500000,9925200000,47300000,
TDY,1094285,Information Technology,2025-04-16,10-Q,2025-04-28,,,,,,,,,,,,,,,,,,,,,,46859346
TDY,1094285,Information Technology,2025-06-29,10-Q,2026-07-24,,,278200000,260600000,50200000,209900000,4.43,,,11300000,,,,,310900000,2617400000,2167200000,450200000,15135200000,10376900000,47400000,
TDY,1094285,Information Technology,2025-07-16,10-Q,2025-07-28,,,,,,,,,,,,,,,,,,,,,,46888498
TDY,1094285,Information Technology,2025-09-28,10-Q,2025-10-24,,,282800000,273800000,52900000,220700000,4.65,,,10500000,,,,,528600000,2533400000,2083200000,450200000,15368700000,10560800000,47500000,
TDY,1094285,Information Technology,2025-10-15,10-Q,2025-10-24,,,,,,,,,,,,,,,,,,,,,,46950987
TDY,1094285,Information Technology,2025-12-28,10-K (Q4 derived: FY − 9M YTD),2026-02-20,,,329500000,321200000,45600000,275600000,5.8199999999999985,379000000,39800000,,84600000,,,400000000,352400000,2475400000,2025300000,450100000,15285300000,10513900000,0,
TDY,1094285,Information Technology,2026-02-11,10-K,2026-02-20,,,,,,,,,,,,,,,,,,,,,,46305311
TDY,1094285,Information Technology,2026-03-29,10-Q,2026-04-24,,,294200000,278700000,51900000,226800000,4.85,234000000,29700000,5600000,87200000,,,,521400000,2476300000,2026200000,450100000,15493000000,10704400000,46800000,
TDY,1094285,Information Technology,2026-04-15,10-Q,2026-04-24,,,,,,,,,,,,,,,,,,,,,,46329138
TDY,1094285,Information Technology,2026-06-28,10-Q,2026-07-24,,,333200000,321300000,69600000,251700000,5.37,,,13900000,,,,,340100000,2027000000,2026900000,100000,15280400000,10918500000,46900000,
TDY,1094285,Information Technology,2026-07-15,10-Q,2026-07-24,,,,,,,,,,,,,,,,,,,,,,46355673
TECH,842023,Health Care,2025-03-31,10-Q,2026-05-06,316181000,214556000,38708000,38274000,15686000,22588000,0.14,,,,,,,,140670000,330000000,,,2644259000,2018025000,158944000,
TECH,842023,Health Care,2025-05-01,10-Q,2025-05-08,,,,,,,,,,,,,,,,,,,,,,156767295
TECH,842023,Health Care,2025-06-30,10-K (Q4 derived: FY − 9M YTD),2026-08-24,316964000,198812000,-23860000,-22859000,-5181000,-17678000,-0.10999999999999993,98201000,4890000,4550000,27111000,,12387000,100057000,162186000,346000000,,,2557868000,1918808000,-945000,
TECH,842023,Health Care,2025-08-18,10-K,2025-08-22,,,,,,,,,,,,,,,,,,,,,,155549587
TECH,842023,Health Care,2025-09-30,10-Q,2025-11-05,286555000,188112000,47658000,47991000,9806000,38185000,0.24,27585000,5363000,11682000,24340000,,12444000,24000,144962000,300000000,,,2526148000,,156362000,
TECH,842023,Health Care,2025-10-30,10-Q,2025-11-05,,,,,,,,,,,,,,,,,,,,,,155812701
TECH,842023,Health Care,2025-12-31,10-Q,2026-02-04,295877000,191277000,54461000,50784000,12775000,38009000,0.24,,,,,,,,172879000,260000000,,,2522699000,2010989000,156999000,
TECH,842023,Health Care,2026-01-29,10-Q,2026-02-04,,,,,,,,,,,,,,,,,,,,,,156453292
TECH,842023,Health Care,2026-03-31,10-Q,2026-05-06,311415000,208288000,75495000,71225000,20178000,51047000,0.32,,,,,,,,209819000,200000000,,,2550601000,2085304000,157403000,
TECH,842023,Health Care,2026-04-29,10-Q,2026-05-06,,,,,,,,,,,,,,,,,,,,,,156568751
TECH,842023,Health Care,2026-06-30,10-K (Q4 derived: FY − 9M YTD),2026-08-24,321192000,211394000,74276000,70680000,16059000,,0.34999999999999987,95416000,8480000,5230000,24141000,,12484000,41651000,264712000,200000000,,,2586726000,2108221000,66000,
TECH,842023,Health Care,2026-08-17,10-K,2026-08-24,,,,,,,,,,,,,,,,,,,,,,156818238
TEL,1385157,Information Technology,2025-03-28,10-Q,2026-04-24,4143000000,1459000000,748000000,755000000,742000000,13000000,0.04,,,,,,,,2554000000,,3263000000,,23656000000,,300000000,
TEL,1385157,Information Technology,2025-04-22,10-Q,2025-04-28,,,,,,,,,,,,,,,,,,,,,,296546513
TEL,1385157,Information Technology,2025-06-27,10-Q,2026-07-24,4534000000,1600000000,857000000,846000000,208000000,638000000,2.14,,,,,,,,672000000,,4846000000,,24866000000,,298000000,
TEL,1385157,Information Technology,2025-07-18,10-Q,2025-07-25,,,,,,,,,,,,,,,,,,,,,,295481491
TEL,1385157,Information Technology,2025-09-26,10-K (Q4 derived: FY − 9M YTD),2025-11-10,4749000000,1660000000,916000000,897000000,233000000,663000000,2.23,1421000000,271000000,44000000,244000000,,209000000,437000000,1255000000,,4842000000,,25081000000,,-1000000,
TEL,1385157,Information Technology,2025-11-06,10-K,2025-11-10,,,,,,,,,,,,,,,,,,,,,,294189246
TEL,1385157,Information Technology,2025-12-26,10-Q,2026-01-23,4669000000,1739000000,963000000,961000000,210000000,750000000,2.53,865000000,258000000,50000000,259000000,,209000000,405000000,1251000000,,4856000000,,25552000000,,297000000,
TEL,1385157,Information Technology,2026-01-16,10-Q,2026-01-23,,,,,,,,,,,,,,,,,,,,,,293434273
TEL,1385157,Information Technology,2026-03-27,10-Q,2026-04-24,4744000000,1745000000,954000000,942000000,87000000,855000000,2.9,,,,,,,,1110000000,,5553000000,,25679000000,,295000000,
TEL,1385157,Information Technology,2026-04-20,10-Q,2026-04-24,,,,,,,,,,,,,,,,,,,,,,291895799
TEL,1385157,Information Technology,2026-06-26,10-Q,2026-07-24,5160000000,1835000000,981000000,971000000,223000000,748000000,2.55,,,,,,,,1239000000,,5530000000,,26070000000,,293000000,
TEL,1385157,Information Technology,2026-07-20,10-Q,2026-07-24,,,,,,,,,,,,,,,,,,,,,,289513228
TER,97210,Information Technology,2025-03-30,10-Q,2026-05-01,685680000,415336000,120803000,119024000,14544000,98896000,0.61,161637000,64021000,15204000,30302000,795000,19406000,157475000,475632000,,,,3705837000,2797499000,161996000,
TER,97210,Information Technology,2025-04-28,10-Q,2025-05-02,,,,,,,,,,,,,,,,,,,,,,160420287
TER,97210,Information Technology,2025-06-29,10-Q,2026-07-31,651797000,373012000,90743000,96559000,12260000,78372000,0.49,,,,31389000,805000,19200000,,339252000,,,,3761862000,2837301000,160135000,
TER,97210,Information Technology,2025-07-28,10-Q,2025-08-01,,,,,,,,,,,,,,,,,,,,,,159073532
TER,97210,Information Technology,2025-09-28,10-Q,2025-10-30,769210000,449306000,145303000,148100000,23344000,119558000,0.75,,,,30516000,1309000,,,272700000,,,,3963731000,2717275000,159097000,
TER,97210,Information Technology,2025-10-27,10-Q,2025-10-30,,,,,,,,,,,,,,,,,,,,,,156608303
TER,97210,Information Technology,2025-12-31,10-K (Q4 derived: FY − 9M YTD),2026-02-19,1083337000,619690000,293201000,289576000,29151000,257220000,1.62,281639000,62888000,16438000,35774000,3937000,18739000,183437000,293751000,,,,4183599000,2795752000,-690000,
TER,97210,Information Technology,2026-02-16,10-K,2026-02-19,,,,,,,,,,,,,,,,,,,,,,156555950
TER,97210,Information Technology,2026-03-29,10-Q,2026-05-01,1282494000,780949000,473002000,465676000,62157000,398908000,2.53,265124000,64733000,21902000,32655000,3151000,20362000,5518000,241944000,,,,4433827000,3143816000,157636000,
TER,97210,Information Technology,2026-04-27,10-Q,2026-05-01,,,,,,,,,,,,,,,,,,,,,,156542162
TER,97210,Information Technology,2026-06-28,10-Q,2026-07-31,1328990000,794618000,437810000,443619000,66788000,374533000,2.38,,,,33650000,2964000,,,349538000,,,,4925617000,3437162000,157693000,
TER,97210,Information Technology,2026-07-27,10-Q,2026-07-31,,,,,,,,,,,,,,,,,,,,,,156340750
TFC,92230,Financials,2024-06-30,10-Q,2025-07-31,,,,-5230000000,-1324000000,,0.62,,,,,2824000000,,,,34616000000,,,519853000000,,1338149000,
TFC,92230,Financials,2024-07-31,10-Q,2024-08-08,,,,,,,,,,,,,,,,,,,,,,1339143439
TFC,92230,Financials,2024-09-30,10-Q,2025-10-30,,,,1710000000,271000000,,0.99,,,,,,,,,36770000000,,,523434000000,,1349129000,1327520624
TFC,92230,Financials,2024-12-31,10-K (Q4 derived: FY − 9M YTD),2026-02-24,,,,1554000000,265000000,,0.9199999999999999,775000000,,,,,685000000,500000000,,34956000000,,,531176000000,63679000000,-4725000,
TFC,92230,Financials,2025-01-31,10-K,2025-02-25,,,,,,,,,,,,,,,,,,,,,,1305350706
TFC,92230,Financials,2025-03-31,10-Q,2026-05-01,,,,1535000000,274000000,,0.87,746000000,,,,,679000000,500000000,,32030000000,,,535899000000,,1324339000,1309538961
TFC,92230,Financials,2025-06-30,10-Q,2026-07-31,,,,1513000000,273000000,,0.9,,,,,,,,,44427000000,,,543833000000,,1305005000,1289435167
TFC,92230,Financials,2025-09-30,10-Q,2025-10-30,,,,1737000000,285000000,,1.04,,,,,,,,,41729000000,,,543851000000,,1296666000,1279246311
TFC,92230,Financials,2025-12-31,10-K (Q4 derived: FY − 9M YTD),2026-02-24,,,,1564000000,210000000,,1.0,2582000000,,,,,658000000,750000000,,41963000000,,,547538000000,65189000000,-5976000,
TFC,92230,Financials,2026-01-31,10-K,2026-02-24,,,,,,,,,,,,,,,,,,,,,,1249168322
TFC,92230,Financials,2026-03-31,10-Q,2026-05-01,,,,1690000000,209000000,,1.09,679000000,,,,,645000000,1134000000,,41622000000,,,548975000000,64214000000,1266572000,1245879275
TFC,92230,Financials,2026-06-30,10-Q,2026-07-31,,,,1815000000,262000000,,1.23,,,,,,,,,42976000000,,,556023000000,64095000000,1239040000,1221626188
TGT,27419,Consumer Staples,2025-05-03,10-Q,2026-05-29,,,1472000000,1382000000,346000000,1036000000,2.27,275000000,790000000,69000000,787000000,,510000000,250000000,,,,,56185000000,14947000000,456500000,
TGT,27419,Consumer Staples,2025-05-23,10-Q,2025-05-30,,,,,,,,,,,,,,,,,,,,,,454365901
TGT,27419,Consumer Staples,2025-08-02,10-Q,2026-08-28,,,1317000000,1218000000,283000000,935000000,2.05,,,,,,,,,,,,57851000000,15420000000,455600000,
TGT,27419,Consumer Staples,2025-08-22,10-Q,2025-08-29,,,,,,,,,,,,,,,,,,,,,,454399148
TGT,27419,Consumer Staples,2025-11-01,10-Q,2025-11-26,,,948000000,859000000,170000000,689000000,1.51,,,,,,,,,,,,59991000000,15501000000,455100000,
TGT,27419,Consumer Staples,2025-11-19,10-Q,2025-11-26,,,,,,,,,,,,,,,,,,,,,,452806418
TGT,27419,Consumer Staples,2026-01-31,10-K (Q4 derived: FY − 9M YTD),2026-03-11,,,1380000000,1308000000,263000000,1046000000,2.290000000000001,3077000000,885000000,84000000,803000000,,516000000,0,,14398000000,,,59490000000,16165000000,-100000,
TGT,27419,Consumer Staples,2026-03-04,10-K,2026-03-11,,,,,,,,,,,,,,,,,,,,,,452855589
TGT,27419,Consumer Staples,2026-05-02,10-Q,2026-05-29,,,1135000000,1033000000,252000000,781000000,1.71,716000000,1035000000,54000000,813000000,,516000000,0,,,,,58010000000,16395000000,455800000,
TGT,27419,Consumer Staples,2026-05-22,10-Q,2026-05-29,,,,,,,,,,,,,,,,,,,,,,454191112
TGT,27419,Consumer Staples,2026-08-01,10-Q,2026-08-28,,,2560000000,2459000000,582000000,1877000000,4.11,,,,,,,,,,,,61235000000,17843000000,456600000,
TGT,27419,Consumer Staples,2026-08-21,10-Q,2026-08-28,,,,,,,,,,,,,,,,,,,,,,454296736
TJX,109198,Consumer Discretionary,2025-05-03,10-Q,2026-05-29,,,,1346000000,310000000,1036000000,0.92,394000000,497000000,33000000,296000000,,424000000,613000000,4255000000,,2867000000,0,31858000000,8503000000,1132000000,
TJX,109198,Consumer Discretionary,2025-05-23,10-Q,2025-05-30,,,,,,,,,,,,,,,,,,,,,,1115615624
TJX,109198,Consumer Discretionary,2025-08-02,10-Q,2026-08-28,,,,1647000000,404000000,1243000000,1.1,,,,308000000,,,,4639000000,,2867000000,0,32885000000,8866000000,1128000000,
TJX,109198,Consumer Discretionary,2025-08-22,10-Q,2025-08-29,,,,,,,,,,,,,,,,,,,,,,1112938750
TJX,109198,Consumer Discretionary,2025-11-01,10-Q,2025-12-02,,,,1916000000,474000000,1442000000,1.28,,,,316000000,,,,4640000000,,1870000000,999000000,35188000000,9359000000,1126000000,
TJX,109198,Consumer Discretionary,2025-11-21,10-Q,2025-12-02,,,,,,,,,,,,,,,,,,,,,,1110467095
TJX,109198,Consumer Discretionary,2026-01-31,10-K (Q4 derived: FY − 9M YTD),2026-03-31,,,,2390000000,617000000,1773000000,1.5700000000000003,3157000000,468000000,83000000,327000000,,471000000,784000000,6230000000,2878000000,1870000000,999000000,35767000000,10190000000,-1000000,
TJX,109198,Consumer Discretionary,2026-03-20,10-K,2026-03-31,,,,,,,,,,,,,,,,,,,,,,1106810654
TJX,109198,Consumer Discretionary,2026-05-02,10-Q,2026-05-29,,,,1721000000,389000000,1332000000,1.19,1119000000,662000000,42000000,336000000,,474000000,604000000,5580000000,,1871000000,999000000,36158000000,10403000000,1120000000,
TJX,109198,Consumer Discretionary,2026-05-22,10-Q,2026-05-29,,,,,,,,,,,,,,,,,,,,,,1104704446
TJX,109198,Consumer Discretionary,2026-08-01,10-Q,2026-08-28,,,,2018000000,498000000,1520000000,1.36,,,,340000000,,,,6004000000,,1871000000,1000000000,37115000000,10651000000,1117000000,
TJX,109198,Consumer Discretionary,2026-08-21,10-Q,2026-08-28,,,,,,,,,,,,,,,,,,,,,,1099974061
TKO,1973266,Communication Services,2023-09-30,10-Q,2024-11-06,449058000,,93837000,,11156000,-21886000,-0.26,,,24558000,,60636000,,,188592000,2746113000,2719463000,26650000,12736453000,4164954000,83161406,
TKO,1973266,Communication Services,2023-12-31,10-K (Q4 derived: FY − 9M YTD),2026-02-25,2163823000,,-8007000,,15541000,-13341000,-0.16999999999999998,18504000,,28370000,162151000,57166000,,,235839000,2736315000,2713948000,22367000,12690739000,4108980000,-353387,
TKO,1973266,Communication Services,2024-03-31,10-K,2026-02-25,1222448000,,-173580000,,-5731000,-103840000,-1.26,44873000,,32180000,122069000,61177000,,,245812000,2730682000,2708361000,22321000,12722266000,4034777000,82351654,
TKO,1973266,Communication Services,2024-06-30,10-K,2026-02-25,1193191000,,114856000,,6609000,59107000,0.72,,,26812000,,62979000,,,277532000,2725067000,2702820000,22247000,12719812000,3991620000,81851388,
TKO,1973266,Communication Services,2024-09-30,10-K,2026-02-25,1540683000,,34633000,,2865000,23136000,0.28,,,22219000,,59433000,,,457410000,2719498000,2697327000,22171000,12770403000,4044561000,171601095,
TKO,1973266,Communication Services,2024-12-31,10-K,2026-02-25,927919000,,55037000,,33512000,31005000,0.28,56113000,,22255000,102065000,52203000,,0,619787000,2762282000,2735305000,26977000,15111782000,4091023000,90475319,
TKO,1973266,Communication Services,2025-03-31,10-Q,2026-05-06,1268800000,,237364000,,21182000,58408000,0.69,162824000,,30271000,100535000,44765000,31058000,,470860000,2755526000,2728516000,27010000,15010070000,4162000000,181520718,
TKO,1973266,Communication Services,2025-06-30,10-Q,2026-08-03,1308442000,,368305000,,46472000,98365000,1.17,,,32996000,,48207000,,,535061000,2749314000,2722300000,27014000,15341705000,4265329000,199279343,
TKO,1973266,Communication Services,2025-09-30,10-K,2026-02-25,1119914000,,171963000,,12771000,41005000,0.47,,,19898000,,50842000,,,861410000,3737459000,3701067000,36392000,15546959000,3821025000,199061830,
TKO,1973266,Communication Services,2025-12-31,10-K,2026-02-25,1037995000,,57383000,,-6654000,-2375000,-0.08,309905000,,34423000,155927000,58910000,60647000,40697000,831100000,3762124000,3724063000,38061000,15495821000,3737381000,642905,
TKO,1973266,Communication Services,2026-03-31,10-Q,2026-05-06,1596876000,,338479000,,33982000,89351000,1.12,694541000,,39586000,143802000,60565000,58466000,838310000,788891000,4639920000,4594033000,45887000,16022802000,3375962000,194631394,
TKO,1973266,Communication Services,2026-06-30,10-Q,2026-08-03,1547078000,,429806000,,53235000,101575000,1.34,,,,,70619000,,,592485000,4629225000,4583724000,45501000,16263718000,3395932000,75870706,
TMO,97745,Health Care,2024-03-30,10-Q,2025-05-02,,,1663000000,,281000000,,3.46,1251000000,347000000,70000000,,363000000,135000000,3000000000,5499000000,35393000000,,4451000000,97095000000,45516000000,384000000,381716323
TMO,97745,Health Care,2024-06-29,10-Q,2025-08-01,,,1820000000,,128000000,1548000000,4.04,,,,,,,,7073000000,35197000000,,5121000000,98496000000,47432000000,383000000,381995566
TMO,97745,Health Care,2024-09-28,10-Q,2025-10-31,,,1838000000,,99000000,1630000000,4.25,,,,,,,,4645000000,35113000000,,4116000000,100364000000,48992000000,384000000,382500265
TMO,97745,Health Care,2024-12-31,10-K (Q4 derived: FY − 9M YTD),2026-02-26,,,2016000000,,150000000,1830000000,4.780000000000001,3290000000,480000000,79000000,,,149000000,1000000000,4009000000,31072000000,,2214000000,97321000000,49584000000,0,
TMO,97745,Health Care,2025-02-01,10-K,2025-02-20,,,,,,,,,,,,,,,,,,,,,,377261182
TMO,97745,Health Care,2025-03-29,10-Q,2026-05-01,,,1716000000,,95000000,1507000000,3.98,723000000,362000000,75000000,,,149000000,2000000000,4134000000,33989000000,,2819000000,99041000000,49390000000,379000000,377493912
TMO,97745,Health Care,2025-06-28,10-Q,2026-07-31,,,1834000000,,92000000,1617000000,4.28,,,,,,,,4576000000,35033000000,,2214000000,101230000000,50512000000,378000000,377612121
TMO,97745,Health Care,2025-09-27,10-Q,2025-10-31,,,1941000000,,207000000,1616000000,4.27,,,,,,,,1982000000,35484000000,,3823000000,103020000000,51018000000,378000000,375708059
TMO,97745,Health Care,2025-12-31,10-K (Q4 derived: FY − 9M YTD),2026-02-26,,,2255000000,,153000000,1964000000,5.209999999999999,3457000000,465000000,84000000,,,162000000,37000000,9852000000,39172000000,,3533000000,110343000000,53407000000,0,
TMO,97745,Health Care,2026-01-31,10-K,2026-02-26,,,,,,,,,,,,,,,,,,,,,,371484244
TMO,97745,Health Care,2026-03-28,10-Q,2026-05-01,,,1863000000,,70000000,1651000000,4.43,1192000000,376000000,83000000,,,162000000,3000000000,3254000000,42947000000,,3090000000,113281000000,51934000000,373000000,371621465
TMO,97745,Health Care,2026-06-27,10-Q,2026-07-31,,,2087000000,,167000000,1736000000,4.68,,,,,,,,4064000000,42284000000,,3368000000,113174000000,52679000000,371000000,369747286
TMUS,1283699,Communication Services,2025-03-31,10-Q,2026-04-28,,,4800000000,3838000000,885000000,2953000000,2.58,6847000000,2451000000,186000000,3198000000,,1003000000,2494000000,12003000000,,,,214633000000,61105000000,1144655297,
TMUS,1283699,Communication Services,2025-04-17,10-Q,2025-04-24,,,,,,,,,,,,,,,,,,,,,,1135445108
TMUS,1283699,Communication Services,2025-06-30,10-Q,2026-07-23,,,5213000000,4280000000,1058000000,3222000000,2.84,6992000000,2396000000,200000000,3146000000,,996000000,2555000000,10259000000,,,,212643000000,61107000000,1134846966,
TMUS,1283699,Communication Services,2025-07-18,10-Q,2025-07-23,,,,,,,,,,,,,,,,,,,,,,1125419038
TMUS,1283699,Communication Services,2025-09-30,10-Q,2025-10-23,,,4530000000,3528000000,814000000,2714000000,2.41,7457000000,2639000000,227000000,3408000000,,987000000,2479000000,3310000000,,,,217180000000,60477000000,1126627708,
TMUS,1283699,Communication Services,2025-10-17,10-Q,2025-10-23,,,,,,,,,,,,,,,,,,,,,,1118506626
TMUS,1283699,Communication Services,2025-12-31,10-K (Q4 derived: FY − 9M YTD),2026-02-11,,,3736000000,2635000000,532000000,2103000000,1.9000000000000004,6654000000,2469000000,216000000,3756000000,,1135000000,2446000000,5598000000,86282000000,81147000000,,219237000000,59203000000,-5844270,
TMUS,1283699,Communication Services,2026-02-06,10-K,2026-02-11,,,,,,,,,,,,,,,,,,,,,,1101862739
TMUS,1283699,Communication Services,2026-03-31,10-Q,2026-04-28,,,4497000000,3334000000,830000000,2504000000,2.27,7222000000,2623000000,209000000,3817000000,,1120000000,4826000000,3520000000,,,,214667000000,55879000000,1102053246,
TMUS,1283699,Communication Services,2026-04-24,10-Q,2026-04-28,,,,,,,,,,,,,,,,,,,,,,1082204717
TMUS,1283699,Communication Services,2026-06-30,10-Q,2026-07-23,,,5490000000,4328000000,1089000000,3239000000,2.99,7500000000,2703000000,214000000,3434000000,,1101000000,2320000000,2825000000,,,,213553000000,56265000000,1082409636,
TMUS,1283699,Communication Services,2026-07-17,10-Q,2026-07-23,,,,,,,,,,,,,,,,,,,,,,1072671613
TPL,1811074,Energy,2025-03-31,10-Q,2026-05-06,195983000,,150073000,154394000,33742000,120652000,1.75,156726000,,4397000,11941000,0,37434000,100000,460379000,,,,1353292000,1206257000,69017541,
TPL,1811074,Energy,2025-04-30,10-Q,2025-05-07,,,,,,,,,,,,,,,,,,,,,,22987326
TPL,1811074,Energy,2025-06-30,10-Q,2026-08-05,187543000,,143751000,148991000,32851000,116140000,1.68,,,,13699000,0,,,543930000,,,,1404664000,1288944000,69040740,
TPL,1811074,Energy,2025-07-31,10-Q,2025-08-06,,,,,,,,,,,,,,,,,,,,,,22987326
TPL,1811074,Energy,2025-09-30,10-Q,2025-11-05,203085000,,149091000,155179000,33941000,121238000,5.27,,,,14963000,,,,531808000,,,,1524914000,1367964000,23010258,
TPL,1811074,Energy,2025-10-31,10-Q,2025-11-05,,,,,,,,,,,,,,,,,,,,,,22979410
TPL,1811074,Energy,2025-12-31,10-K (Q4 derived: FY − 9M YTD),2026-02-18,211579000,,149246000,151765000,28419000,123346000,-8.59,113672000,,3756000,21930000,,36767000,0,144809000,,,,1623278000,1458907000,46019210,
TPL,1811074,Energy,2026-02-09,10-K,2026-02-18,,,,,,,,,,,,,,,,,,,,,,68941554
TPL,1811074,Energy,2026-03-31,10-Q,2026-05-06,236818000,,182328000,183564000,40662000,142902000,2.07,162008000,,5063000,14043000,992000,41796000,0,247571000,,,,1751453000,1555946000,69009942,
TPL,1811074,Energy,2026-04-30,10-Q,2026-05-06,,,,,,,,,,,,,,,,,,,,,,68974429
TPL,1811074,Energy,2026-06-30,10-Q,2026-08-05,246059000,,191817000,193698000,39768000,153930000,2.23,,,,16639000,973000,,,248612000,,,,1859474000,1672398000,69034580,
TPL,1811074,Energy,2026-07-31,10-Q,2026-08-05,,,,,,,,,,,,,,,,,,,,,,68974683
TPR,1116132,Consumer Discretionary,2025-03-29,10-Q,2026-05-07,,1205800000,253700000,239100000,35800000,203300000,0.95,,,,,32800000,,,1037700000,2377100000,2396600000,319900000,7306200000,1493800000,213900000,
TPR,1116132,Consumer Discretionary,2025-04-25,10-Q,2025-05-08,,,,,,,,,,,,,,,,,,,,,,207690147
TPR,1116132,Consumer Discretionary,2025-06-28,10-K (Q4 derived: FY − 9M YTD),2026-08-13,,1315100000,-583500000,-594000000,-76900000,-517100000,-2.3000000000000003,446800000,35300000,22200000,43100000,29400000,,53400000,1100000000,2377900000,2396600000,16700000,6580500000,857800000,-2300000,
TPR,1116132,Consumer Discretionary,2025-08-01,10-K,2025-08-14,,,,,,,,,,,,,,,,,,,,,,208123628
TPR,1116132,Consumer Discretionary,2025-09-27,10-Q,2025-11-06,,1300500000,328200000,318700000,43900000,274800000,1.28,112600000,32400000,22400000,37200000,30100000,,698200000,719500000,2378600000,2396600000,256800000,6363300000,399500000,215500000,
TPR,1116132,Consumer Discretionary,2025-10-24,10-Q,2025-11-06,,,,,,,,,,,,,,,,,,,,,,204649752
TPR,1116132,Consumer Discretionary,2025-12-27,10-Q,2026-02-05,,1888400000,716400000,697100000,135800000,561300000,2.68,,,,,30900000,,,1053300000,2379300000,2396600000,17100000,6531000000,551200000,209800000,
TPR,1116132,Consumer Discretionary,2026-01-23,10-Q,2026-02-05,,,,,,,,,,,,,,,,,,,,,,202464223
TPR,1116132,Consumer Discretionary,2026-03-28,10-Q,2026-05-07,,1476500000,427500000,416000000,72200000,343800000,1.65,,,,,29300000,,,1046500000,2377100000,2396600000,0,6466700000,682400000,208300000,
TPR,1116132,Consumer Discretionary,2026-04-24,10-Q,2026-05-07,,,,,,,,,,,,,,,,,,,,,,202044714
TPR,1116132,Consumer Discretionary,2026-06-27,10-K (Q4 derived: FY − 9M YTD),2026-08-13,,1563600000,442300000,428800000,81000000,347800000,1.6899999999999995,522200000,53200000,25500000,45200000,29000000,,302700000,974700000,2379000000,2396600000,0,6691700000,692100000,-1100000,
TPR,1116132,Consumer Discretionary,2026-07-31,10-K,2026-08-13,,,,,,,,,,,,,,,,,,,,,,199391678
TRGP,1389170,Energy,2025-03-31,10-Q,2026-05-07,4561500000,,543300000,352000000,72200000,270500000,0.91,954400000,792200000,17600000,367600000,,,,151400000,16208700000,,,22800300000,2451500000,218700000,
TRGP,1389170,Energy,2025-04-30,10-Q,2025-05-01,,,,,,,,,,,,,,,,,,,,,,216931859
TRGP,1389170,Energy,2025-06-30,10-Q,2026-08-06,4260100000,,1033600000,821300000,184100000,629100000,2.87,,,,373700000,,,,113100000,16850500000,,,23512800000,2588100000,217300000,
TRGP,1389170,Energy,2025-07-31,10-Q,2025-08-07,,,,,,,,,,,,,,,,,,,,,,215191852
TRGP,1389170,Energy,2025-09-30,10-Q,2025-11-05,4151200000,,836900000,620900000,134300000,478400000,2.2,,,,383500000,,,,124100000,17431300000,,,24174800000,2706800000,216000000,
TRGP,1389170,Energy,2025-10-31,10-Q,2025-11-05,,,,,,,,,,,,,,,,,,,,,,214658564
TRGP,1389170,Energy,2025-12-31,10-K (Q4 derived: FY − 9M YTD),2026-02-19,4055500000,,917400000,692200000,139100000,545000000,2.51,1505500000,963200000,17300000,390500000,,,,166100000,17432500000,,,25218400000,3067900000,-400000,
TRGP,1389170,Energy,2026-02-13,10-K,2026-02-19,,,,,,,,,,,,,,,,,,,,,,214951798
TRGP,1389170,Energy,2026-03-31,10-Q,2026-05-07,4094700000,,846900000,611300000,123900000,479600000,2.21,739500000,899500000,23200000,426000000,,,,100100000,19131800000,,,27107300000,3136500000,215500000,
TRGP,1389170,Energy,2026-05-01,10-Q,2026-05-07,,,,,,,,,,,,,,,,,,,,,,214643903
TRGP,1389170,Energy,2026-06-30,10-Q,2026-08-06,4440100000,,1234500000,1004900000,227200000,764600000,3.54,,,,453100000,,,,132300000,19578000000,,,28515100000,3656500000,215200000,
TRGP,1389170,Energy,2026-07-31,10-Q,2026-08-06,,,,,,,,,,,,,,,,,,,,,,214431021
TRMB,864749,Information Technology,2025-04-18,10-K,2025-04-25,,,,,,,,,,,,,,,,,,,,,,238583485
TRMB,864749,Information Technology,2025-05-07,10-Q,2025-05-12,,,,,,,,,,,,,,,,,,,,,,238586919
TRMB,864749,Information Technology,2025-07-04,10-Q,2026-08-12,,597900000,127800000,113300000,24100000,89200000,0.37,,,,,,,,265900000,,1441400000,,9099200000,5688100000,239600000,
TRMB,864749,Information Technology,2025-08-01,10-Q,2025-08-06,,,,,,,,,,,,,,,,,,,,,,237969093
TRMB,864749,Information Technology,2025-10-03,10-Q,2025-11-05,,621100000,150500000,125100000,13600000,111500000,0.46,,,,,,,,232700000,1391800000,1391800000,,9019600000,5790000000,240400000,
TRMB,864749,Information Technology,2025-10-31,10-Q,2025-11-05,,,,,,,,,,,,,,,,,,,,,,237920962
TRMB,864749,Information Technology,2026-01-02,10-K (Q4 derived: FY − 9M YTD),2026-02-25,,698100000,216200000,184600000,28000000,156600000,0.6599999999999999,160300000,5600000,35400000,50600000,,,136000000,253400000,1392200000,1392200000,,9312000000,5836200000,-500000,
TRMB,864749,Information Technology,2026-02-20,10-K,2026-02-25,,,,,,,,,,,,,,,,,,,,,,233929408
TRMB,864749,Information Technology,2026-04-03,10-Q,2026-05-06,,646300000,144000000,131300000,32400000,98900000,0.42,274700000,6100000,41800000,49900000,,,322800000,234100000,,1402500000,,8991000000,5637200000,236900000,
TRMB,864749,Information Technology,2026-05-01,10-Q,2026-05-06,,,,,,,,,,,,,,,,,,,,,,233111519
TRMB,864749,Information Technology,2026-07-03,10-Q,2026-08-12,,674900000,132000000,-444800000,26900000,-471700000,-2.02,,,,,,,,214400000,,1442900000,,8540800000,5110800000,233000000,
TRMB,864749,Information Technology,2026-08-07,10-Q,2026-08-12,,,,,,,,,,,,,,,,,,,,,,233179848
TROW,1113169,Financials,2025-03-31,10-Q,2026-04-30,,,596300000,667000000,161900000,490500000,2.15,632900000,82000000,50300000,,,,215200000,2836700000,,,,13993700000,10394700000,222600000,
TROW,1113169,Financials,2025-04-30,10-Q,2025-05-02,,,,,,,,,,,,,,,,,,,,,,220316088
TROW,1113169,Financials,2025-06-30,10-Q,2026-07-31,,,478300000,713800000,157700000,505200000,2.24,,,,,,,,3058900000,,,,14342200000,10560500000,220400000,
TROW,1113169,Financials,2025-07-30,10-Q,2025-08-01,,,,,,,,,,,,,,,,,,,,,,219715241
TROW,1113169,Financials,2025-09-30,10-Q,2025-10-31,,,643200000,881600000,195100000,646100000,2.87,,,,,,,,3634800000,,,,14730400000,10814500000,219700000,
TROW,1113169,Financials,2025-10-29,10-Q,2025-10-31,,,,,,,,,,,,,,,,,,,,,,218237000
TROW,1113169,Financials,2025-12-31,10-K (Q4 derived: FY − 9M YTD),2026-02-13,,,471000000,613100000,152500000,445300000,1.9900000000000002,-18700000,66700000,82700000,,,,139100000,3378200000,,,,14341800000,10860100000,-600000,
TROW,1113169,Financials,2026-02-11,10-K,2026-02-13,,,,,,,,,,,,,,,,,,,,,,218072901
TROW,1113169,Financials,2026-03-31,10-Q,2026-04-30,,,680500000,632200000,148100000,498200000,2.23,824300000,62000000,49100000,,,,333500000,3729800000,,,,14393000000,10777600000,217600000,
TROW,1113169,Financials,2026-04-28,10-Q,2026-04-30,,,,,,,,,,,,,,,,,,,,,,214266606
TROW,1113169,Financials,2026-06-30,10-Q,2026-07-31,,,540500000,909600000,214200000,632000000,2.88,,,,,,,,3234300000,,,,15357200000,11002500000,214200000,
TROW,1113169,Financials,2026-07-29,10-Q,2026-07-31,,,,,,,,,,,,,,,,,,,,,,213315850
TRV,86312,Financials,2025-03-31,10-Q,2026-04-16,11810000000,,,468000000,73000000,395000000,1.7,1360000000,,83000000,188000000,99000000,240000000,250000000,724000000,,,,135977000000,28191000000,230400000,
TRV,86312,Financials,2025-04-11,10-Q,2025-04-16,,,,,,,,,,,,,,,,,,,,,,226568786
TRV,86312,Financials,2025-06-30,10-Q,2026-07-17,12116000000,,,1881000000,372000000,1509000000,6.53,,,57000000,,99000000,,,659000000,,,,138873000000,29518000000,229300000,
TRV,86312,Financials,2025-07-11,10-Q,2025-07-17,,,,,,,,,,,,,,,,,,,,,,225133841
TRV,86312,Financials,2025-09-30,10-Q,2025-10-16,12470000000,,,2344000000,456000000,1888000000,8.24,,,59000000,,111000000,,,729000000,,,,143678000000,31609000000,227500000,
TRV,86312,Financials,2025-10-10,10-Q,2025-10-16,,,,,,,,,,,,,,,,,,,,,,223063417
TRV,86312,Financials,2025-12-31,10-K (Q4 derived: FY − 9M YTD),2026-02-12,12432000000,,,3103000000,607000000,2496000000,10.98,2685000000,,57000000,162000000,116000000,242000000,1635000000,842000000,,,,143708000000,32894000000,-1300000,
TRV,86312,Financials,2026-02-05,10-K,2026-02-12,,,,,,,,,,,,,,,,,,,,,,216237902
TRV,86312,Financials,2026-03-31,10-Q,2026-04-16,11924000000,,,2119000000,408000000,1711000000,7.78,2198000000,,87000000,193000000,116000000,237000000,1785000000,615000000,,,,142309000000,31986000000,218400000,
TRV,86312,Financials,2026-04-09,10-Q,2026-04-16,,,,,,,,,,,,,,,,,,,,,,212644693
TRV,86312,Financials,2026-06-30,10-Q,2026-07-17,12153000000,,,2767000000,559000000,2208000000,10.26,,,61000000,,113000000,,,621000000,,,,143580000000,33121000000,213600000,
TRV,86312,Financials,2026-07-10,10-Q,2026-07-17,,,,,,,,,,,,,,,,,,,,,,208575022
TSCO,916365,Consumer Discretionary,2025-03-29,10-Q,2026-05-07,3466952000,1255422000,249137000,229496000,50127000,179369000,0.34,216775000,141280000,13226000,120079000,,122401000,95082000,231717000,,2082721000,,10385317000,2238540000,534099000,
TSCO,916365,Consumer Discretionary,2025-04-26,10-Q,2025-05-08,,,,,,,,,,,,,,,,,,,,,,530202933
TSCO,916365,Consumer Discretionary,2025-06-28,10-Q,2026-08-06,4439729000,1639974000,577812000,559829000,129786000,430043000,0.81,,,12700000,122099000,,121979000,72822000,225810000,,1673472000,,10558795000,2490309000,532205000,
TSCO,916365,Consumer Discretionary,2025-07-26,10-Q,2025-08-07,,,,,,,,,,,,,,,,,,,,,,529951669
TSCO,916365,Consumer Discretionary,2025-09-27,10-Q,2025-11-06,3719044000,1389232000,342709000,328042000,68774000,259268000,0.49,,,15300000,,,121864000,,184639000,,1744223000,,10876602000,2573185000,532143000,
TSCO,916365,Consumer Discretionary,2025-10-25,10-Q,2025-11-06,,,,,,,,,,,,,,,,,,,,,,528403595
TSCO,916365,Consumer Discretionary,2025-12-27,10-K (Q4 derived: FY − 9M YTD),2026-02-19,3898320000,1369879000,297731000,280878000,53471000,1096087000,0.43000000000000016,324834000,265557000,15773000,,,121425000,117251000,194109000,150000000,1764974000,,10933679000,2581293000,-638000,
TSCO,916365,Consumer Discretionary,2026-01-24,10-K,2026-02-19,,,,,,,,,,,,,,,,,,,,,,526351286
TSCO,916365,Consumer Discretionary,2026-03-28,10-Q,2026-05-07,3592046000,1301185000,233431000,214323000,49799000,164524000,0.31,91120000,202610000,17631000,,,126381000,118019000,224269000,,2125726000,,11662097000,2513749000,528136000,
TSCO,916365,Consumer Discretionary,2026-04-25,10-Q,2026-05-07,,,,,,,,,,,,,,,,,,,,,,524449616
TSCO,916365,Consumer Discretionary,2026-06-27,10-Q,2026-08-06,4541314000,1682609000,467115000,450012000,89297000,360715000,0.69,,,,,,,,231588000,,2153826000,,12161821000,2631565000,524615000,
TSCO,916365,Consumer Discretionary,2026-07-25,10-Q,2026-08-06,,,,,,,,,,,,,,,,,,,,,,521040137
TSLA,1318605,Consumer Discretionary,2025-03-31,10-Q,2026-04-23,19335000000,3153000000,399000000,589000000,169000000,409000000,0.12,2156000000,1492000000,573000000,,,,,16352000000,5080000000,,,125111000000,74653000000,3521000000,
TSLA,1318605,Consumer Discretionary,2025-04-16,10-Q,2025-04-23,,,,,,,,,,,,,,,,,,,,,,3220956211
TSLA,1318605,Consumer Discretionary,2025-06-30,10-Q,2026-07-23,22496000000,3878000000,923000000,1549000000,359000000,1172000000,0.33,,,,,,,,15587000000,4994000000,,,128567000000,77314000000,3519000000,
TSLA,1318605,Consumer Discretionary,2025-07-17,10-Q,2025-07-24,,,,,,,,,,,,,,,,,,,,,,3225448889
TSLA,1318605,Consumer Discretionary,2025-09-30,10-Q,2025-10-23,28095000000,5054000000,1624000000,1959000000,570000000,1373000000,0.39,,,,,,,,18289000000,5609000000,,,133735000000,79970000000,3526000000,
TSLA,1318605,Consumer Discretionary,2025-10-16,10-Q,2025-10-23,,,,,,,,,,,,,,,,,,,,,,3325819167
TSLA,1318605,Consumer Discretionary,2025-12-31,10-K (Q4 derived: FY − 9M YTD),2026-01-29,24901000000,5009000000,1409000000,1181000000,325000000,840000000,0.2400000000000001,3813000000,2393000000,954000000,,,,,16513000000,6584000000,,,137806000000,82137000000,5000000,
TSLA,1318605,Consumer Discretionary,2026-01-23,10-K/A,2026-04-30,,,,,,,,,,,,,,,,,,,,,,3752431984
TSLA,1318605,Consumer Discretionary,2026-03-31,10-Q,2026-04-23,22387000000,4720000000,941000000,748000000,257000000,477000000,0.13,3937000000,2493000000,1030000000,,,,,16603000000,7645000000,,,143724000000,84116000000,3538000000,
TSLA,1318605,Consumer Discretionary,2026-04-16,10-Q,2026-04-23,,,,,,,,,,,,,,,,,,,,,,3755723871
TSLA,1318605,Consumer Discretionary,2026-06-30,10-Q,2026-07-23,28236000000,4751000000,398000000,1329000000,201000000,1114000000,0.32,,,,,,,,15219000000,7721000000,,,148524000000,86858000000,3540000000,
TSLA,1318605,Consumer Discretionary,2026-07-16,10-Q,2026-07-23,,,,,,,,,,,,,,,,,,,,,,3949547394
TSN,100493,Consumer Staples,2023-09-30,10-K (Q4 derived: FY − 9M YTD),2025-11-10,13348000000,459000000,-463000000,-556000000,-113000000,-450000000,-1.31,323000000,375000000,,386000000,,167000000,,573000000,9506000000,,1895000000,36251000000,18133000000,-1000000,
TSN,100493,Consumer Staples,2023-12-30,10-Q,2025-02-03,13319000000,823000000,231000000,161000000,47000000,107000000,0.3,1300000000,354000000,,373000000,105000000,171000000,,1484000000,9678000000,,1308000000,36746000000,18150000000,355000000,
TSN,100493,Consumer Staples,2024-03-30,10-Q,2025-05-05,13072000000,866000000,312000000,203000000,55000000,145000000,0.41,,,,,111000000,,,2182000000,10960000000,,1315000000,37465000000,18089000000,355000000,
TSN,100493,Consumer Staples,2024-06-29,10-Q,2025-08-04,13353000000,878000000,341000000,253000000,57000000,191000000,0.54,,,,,,,,2569000000,11021000000,,1320000000,37732000000,18076000000,356000000,
TSN,100493,Consumer Staples,2024-09-28,10-K (Q4 derived: FY − 9M YTD),2025-11-10,13565000000,1060000000,525000000,475000000,111000000,357000000,1.0,617000000,248000000,,306000000,,171000000,,1717000000,9787000000,,74000000,37100000000,18390000000,1000000,
TSN,100493,Consumer Staples,2024-12-28,10-Q,2026-02-02,13623000000,1095000000,580000000,478000000,112000000,359000000,1.01,1031000000,271000000,,348000000,,175000000,,2292000000,9806000000,,95000000,37310000000,18503000000,357000000,
TSN,100493,Consumer Staples,2025-03-29,10-Q,2026-05-04,13074000000,600000000,100000000,30000000,16000000,7000000,0.02,,,,,,,,992000000,9068000000,,896000000,36280000000,18400000000,357000000,
TSN,100493,Consumer Staples,2025-06-28,10-Q,2026-08-03,13884000000,1141000000,260000000,193000000,124000000,61000000,0.17,,,,,,,,1547000000,9065000000,,886000000,36464000000,18338000000,357000000,
TSN,100493,Consumer Staples,2025-09-27,10-K (Q4 derived: FY − 9M YTD),2025-11-10,13860000000,726000000,158000000,68000000,10000000,47000000,0.13000000000000012,535000000,287000000,,321000000,,173000000,,1229000000,8830000000,,909000000,36658000000,18085000000,0,
TSN,100493,Consumer Staples,2025-12-27,10-Q,2026-02-02,14313000000,808000000,302000000,127000000,37000000,85000000,0.24,942000000,252000000,,376000000,,177000000,,1278000000,8362000000,,909000000,36019000000,18023000000,354000000,
TSN,100493,Consumer Staples,2026-03-28,10-Q,2026-05-04,13653000000,962000000,435000000,359000000,95000000,260000000,0.73,,,,,,,,500000000,8083000000,,141000000,35165000000,18098000000,354000000,
TSN,100493,Consumer Staples,2026-06-27,10-Q,2026-08-03,13868000000,921000000,362000000,266000000,80000000,182000000,0.52,,,,,,,,740000000,8006000000,,1427000000,35612000000,18079000000,355000000,
TT,1466258,Industrials,2025-03-31,10-Q,2026-04-30,,,818900000,752900000,134900000,604900000,2.67,339500000,118900000,22200000,,58100000,209900000,477500000,,,3919600000,,20117400000,7491000000,226400000,
TT,1466258,Industrials,2025-04-25,10-Q,2025-04-30,,,,,,,,,,,,,,,,,,,,,,223018007
TT,1466258,Industrials,2025-06-30,10-Q,2026-07-30,,,1164200000,1092700000,216700000,874800000,3.89,,,,,57400000,,,,,3920400000,,20990500000,7834200000,225100000,
TT,1466258,Industrials,2025-07-25,10-Q,2025-07-30,,,,,,,,,,,,,,,,,,,,,,222515359
TT,1466258,Industrials,2025-09-30,10-Q,2025-10-30,,,1165300000,1091700000,231500000,847600000,3.78,,,,,55600000,,,,,3921200000,,21373800000,8326300000,224400000,
TT,1466258,Industrials,2025-10-24,10-Q,2025-10-30,,,,,,,,,,,,,,,,,,,,,,221739004
TT,1466258,Industrials,2025-12-31,10-K (Q4 derived: FY − 9M YTD),2026-02-05,,,819000000,741300000,122800000,591300000,2.6500000000000004,1158900000,,19300000,,55600000,208200000,231300000,1763300000,4615100000,3922100000,,21420700000,8579200000,-400000,
TT,1466258,Industrials,2026-01-30,10-K,2026-02-05,,,,,,,,,,,,,,,,,,,,,,221331905
TT,1466258,Industrials,2026-03-31,10-Q,2026-04-30,,,776100000,,136300000,584400000,2.62,626200000,79700000,26800000,,55600000,231500000,287300000,,,3922900000,,22754800000,8590900000,223100000,
TT,1466258,Industrials,2026-04-24,10-Q,2026-04-30,,,,,,,,,,,,,,,,,,,,,,221055477
TT,1466258,Industrials,2026-06-30,10-Q,2026-07-30,,,1224300000,,218200000,925700000,4.16,,,,,53100000,,,,,3923700000,,23925600000,8622900000,222500000,
TT,1466258,Industrials,2026-07-24,10-Q,2026-07-30,,,,,,,,,,,,,,,,,,,,,,220023177
TTD,1671933,Communication Services,2023-09-30,10-Q,2024-11-07,493266000,,37677000,57000000,17648000,39352000,0.08,,,,,,,,1071764000,,,,4520432000,2155526000,501880000,
TTD,1671933,Communication Services,2023-12-31,10-K (Q4 derived: FY − 9M YTD),2026-02-27,605797000,,144438000,160676000,63353000,97323000,0.19999999999999998,91120000,25196000,121435000,20529000,,,219913000,895129000,,,,4888687000,2164219000,-166000,
TTD,1671933,Communication Services,2024-03-31,10-Q,2025-05-08,491253000,,28657000,46033000,14373000,31660000,0.06,185472000,7224000,110620000,21742000,,,125280000,918200000,,,,4663797000,2166555000,498192000,
TTD,1671933,Communication Services,2024-06-30,10-Q,2025-08-07,584550000,,94720000,112492000,27463000,85029000,0.17,,,,,,,,1009363000,,,,5159922000,2405406000,500040000,
TTD,1671933,Communication Services,2024-09-30,10-Q,2025-11-06,628016000,,108481000,127178000,33020000,94158000,0.19,,,,,,,,1221475000,,,,5505325000,2625750000,502563000,
TTD,1671933,Communication Services,2024-12-31,10-K (Q4 derived: FY − 9M YTD),2026-02-27,741012000,,195309000,221599000,39370000,182229000,0.36000000000000004,199401000,20190000,129229000,24112000,,,57356000,1369463000,,,,6111951000,2949145000,1651000,
TTD,1671933,Communication Services,2025-03-31,10-Q,2026-05-07,616021000,,54452000,75769000,25091000,50678000,0.1,291433000,59113000,128253000,23985000,,,386250000,1118545000,,,,5705441000,2716684000,502944000,
TTD,1671933,Communication Services,2025-06-30,10-Q,2026-08-06,694039000,,116777000,133201000,43072000,90129000,0.18,,,,,,,,896387000,,,,5957809000,2695833000,495776000,
TTD,1671933,Communication Services,2025-09-30,10-Q,2025-11-06,739433000,,161219000,179519000,63972000,115547000,0.23,,,,,,,,653134000,,,,5940401000,2600786000,492984000,
TTD,1671933,Communication Services,2025-12-31,10-K (Q4 derived: FY − 9M YTD),2026-02-27,846791000,,256873000,270266000,83316000,186950000,0.38,311589000,26323000,112173000,31960000,,,422882000,658175000,,,,6153220000,2484391000,-3647000,
TTD,1671933,Communication Services,2026-03-31,10-Q,2026-05-07,688857000,,66647000,78958000,38961000,39997000,0.08,391805000,112741000,109046000,31431000,,,163514000,878377000,,,,5734384000,2453486000,476883000,
TTD,1671933,Communication Services,2026-06-30,10-Q,2026-08-06,715057000,,101577000,113091000,48697000,64394000,0.14,,,,,,,,1122979000,,,,5764446000,2574352000,469948000,
TTWO,946581,Communication Services,2025-03-31,10-K (Q4 derived: FY − 9M YTD),2026-05-22,1582500000,803300000,-3776900000,-3801900000,-75700000,-3726200000,-21.27,279000000,54100000,79600000,87800000,40800000,,,1456100000,,2512600000,,9180700000,2137700000,,
TTWO,946581,Communication Services,2025-05-05,10-K,2025-05-20,,,,,,,,,,,,,,,,,,,,,,177424908
TTWO,946581,Communication Services,2025-06-30,10-Q,2026-08-07,1503800000,945000000,21600000,-13800000,-1900000,-11900000,-0.07,-44700000,25100000,40700000,50400000,36500000,,,2025000000,,2516100000,,9684200000,3480900000,,
TTWO,946581,Communication Services,2025-07-28,10-Q,2025-08-07,,,,,,,,,,,,,,,,,,,,,,184470212
TTWO,946581,Communication Services,2025-09-30,10-Q,2025-11-07,1773800000,980500000,-98000000,-115500000,18400000,-133900000,-0.73,,,,48800000,35400000,,,1869100000,,2517300000,,10080300000,3431900000,,
TTWO,946581,Communication Services,2025-10-27,10-Q,2025-11-07,,,,,,,,,,,,,,,,,,,,,,184778832
TTWO,946581,Communication Services,2025-12-31,10-Q,2026-02-04,1699000000,945500000,-38700000,-55800000,37100000,-92900000,-0.5,,,,49100000,35700000,,,2160000000,,2487000000,,10010500000,3495600000,,
TTWO,946581,Communication Services,2026-01-26,10-Q,2026-02-04,,,,,,,,,,,,,,,,,,,,,,185175456
TTWO,946581,Communication Services,2026-03-31,10-K (Q4 derived: FY − 9M YTD),2026-05-22,1679800000,938700000,10900000,-12700000,46800000,-59500000,-0.32000000000000006,235400000,36800000,78400000,50200000,35300000,,,1545500000,,2488000000,,9383200000,3510900000,,
TTWO,946581,Communication Services,2026-05-11,10-K,2026-05-22,,,,,,,,,,,,,,,,,,,,,,185666663
TTWO,946581,Communication Services,2026-06-30,10-Q,2026-08-07,1533900000,882500000,-35500000,-49300000,-15200000,-34100000,-0.18,-168800000,25000000,86000000,48200000,28800000,,,1364900000,,1889800000,,9064200000,3608400000,,
TTWO,946581,Communication Services,2026-07-27,10-Q,2026-08-07,,,,,,,,,,,,,,,,,,,,,,186980443
TXN,97476,Information Technology,2025-03-31,10-Q,2026-04-24,4069000000,2313000000,1324000000,1276000000,97000000,1179000000,1.28,849000000,1123000000,116000000,424000000,128000000,1238000000,653000000,2763000000,12848000000,12848000000,0,33757000000,16406000000,916000000,
TXN,97476,Information Technology,2025-04-15,10-Q,2025-04-24,,,,,,,,,,,,,,,,,,,,,,908472079
TXN,97476,Information Technology,2025-06-30,10-Q,2026-07-24,4448000000,2575000000,1563000000,1478000000,183000000,1295000000,1.41,,,,,133000000,,,3044000000,14043000000,14043000000,0,34933000000,16403000000,912000000,
TXN,97476,Information Technology,2025-07-22,10-Q,2025-07-29,,,,,,,,,,,,,,,,,,,,,,909137169
TXN,97476,Information Technology,2025-09-30,10-Q,2025-10-23,4742000000,2723000000,1663000000,1584000000,220000000,1364000000,1.48,,,,,141000000,,,3311000000,14046000000,13546000000,500000000,35004000000,16627000000,914000000,
TXN,97476,Information Technology,2025-10-14,10-Q,2025-10-23,,,,,,,,,,,,,,,,,,,,,,908623020
TXN,97476,Information Technology,2025-12-31,10-K (Q4 derived: FY − 9M YTD),2026-02-06,4423000000,2472000000,1473000000,1372000000,209000000,1163000000,1.2700000000000005,2254000000,925000000,81000000,537000000,141000000,1290000000,403000000,3225000000,14048000000,13548000000,500000000,34585000000,16273000000,-1000000,
TXN,97476,Information Technology,2026-01-27,10-K,2026-02-06,,,,,,,,,,,,,,,,,,,,,,907550774
TXN,97476,Information Technology,2026-03-31,10-Q,2026-04-24,4825000000,2799000000,1808000000,1714000000,169000000,1545000000,1.68,1520000000,676000000,109000000,541000000,141000000,1291000000,158000000,3549000000,14050000000,12901000000,1149000000,34393000000,16778000000,914000000,
TXN,97476,Information Technology,2026-04-15,10-Q,2026-04-24,,,,,,,,,,,,,,,,,,,,,,910092791
TXN,97476,Information Technology,2026-06-30,10-Q,2026-07-24,5463000000,3352000000,2310000000,2238000000,258000000,1980000000,2.14,,,,,141000000,,,3660000000,14052000000,12903000000,1149000000,35882000000,18007000000,920000000,
TXN,97476,Information Technology,2026-07-15,10-Q,2026-07-24,,,,,,,,,,,,,,,,,,,,,,913247686
TXT,217346,Industrials,2025-03-29,10-Q,2026-04-30,3306000000,,,241000000,34000000,207000000,1.13,-124000000,56000000,34000000,92000000,,3000000,215000000,,,,,16942000000,7275000000,183668000,
TXT,217346,Industrials,2025-04-11,10-Q,2025-04-24,,,,,,,,,,,,,,,,,,,,,,180538799
TXT,217346,Industrials,2025-06-28,10-Q,2026-07-28,3716000000,,,301000000,56000000,245000000,1.35,,78000000,,100000000,,,,,,,,17076000000,7433000000,181091000,
TXT,217346,Industrials,2025-07-11,10-Q,2025-07-24,,,,,,,,,,,,,,,,,,,,,,178205295
TXT,217346,Industrials,2025-09-27,10-Q,2025-10-23,3602000000,,,316000000,81000000,234000000,,,76000000,,97000000,,,,,,,,17381000000,7493000000,179150000,
TXT,217346,Industrials,2025-10-10,10-Q,2025-10-23,,,,,,,,,,,,,,,,,,,,,,176224064
TXT,217346,Industrials,2026-01-03,10-K (Q4 derived: FY − 9M YTD),2026-02-11,4175000000,,,279000000,43000000,235000000,,700000000,173000000,,112000000,,7000000,187000000,,,,,18129000000,7875000000,-1045000,
TXT,217346,Industrials,2026-02-07,10-K,2026-02-11,,,,,,,,,,,,,,,,,,,,,,174162437
TXT,217346,Industrials,2026-04-04,10-Q,2026-04-30,3695000000,,,267000000,47000000,220000000,1.25,-117000000,133000000,40000000,96000000,,3000000,168000000,,,,,18141000000,8002000000,176177000,
TXT,217346,Industrials,2026-04-17,10-Q,2026-04-30,,,,,,,,,,,,,,,,,,,,,,173888981
TXT,217346,Industrials,2026-07-04,10-Q,2026-07-28,3827000000,,,304000000,56000000,248000000,1.42,,,,94000000,,,,,,,,18134000000,8054000000,175006000,
TXT,217346,Industrials,2026-07-17,10-Q,2026-07-28,,,,,,,,,,,,,,,,,,,,,,171986917
TYL,860731,Information Technology,2025-03-31,10-Q,2026-04-29,,267081000,89173000,95290000,14238000,81052000,1.84,56158000,2335000,37660000,34621000,,,0,705729000,598366000,,,5192134000,3512704000,43943000,
TYL,860731,Information Technology,2025-04-21,10-Q,2025-04-25,,,,,,,,,,,,,,,,,,,,,,43123546
TYL,860731,Information Technology,2025-06-30,10-Q,2026-07-29,,273184000,95596000,102513000,17886000,84627000,1.93,,,,34322000,,,,787447000,598798000,,,5425755000,3634667000,43929000,
TYL,860731,Information Technology,2025-07-28,10-Q,2025-07-30,,,,,,,,,,,,,,,,,,,,,,43261810
TYL,860731,Information Technology,2025-09-30,10-Q,2025-10-29,,281452000,97932000,107552000,23159000,84393000,1.93,,,,34988000,,,,834101000,599231000,,,5457369000,3602767000,43834000,
TYL,860731,Information Technology,2025-10-27,10-Q,2025-10-29,,,,,,,,,,,,,,,,,,,,,,43027728
TYL,860731,Information Technology,2025-12-31,10-K (Q4 derived: FY − 9M YTD),2026-02-18,,261983000,74975000,84963000,19432000,65531000,1.5,243883000,4317000,38645000,34427000,,,0,1015400000,599663000,,,5638908000,3702789000,-67000,
TYL,860731,Information Technology,2026-02-16,10-K,2026-02-18,,,,,,,,,,,,,,,,,,,,,,42985340
TYL,860731,Information Technology,2026-03-31,10-Q,2026-04-29,,296434000,99812000,106422000,25242000,81180000,1.88,107262000,3237000,37159000,38949000,,,250063000,316010000,,,,4798619000,3558233000,43147000,
TYL,860731,Information Technology,2026-04-27,10-Q,2026-04-29,,,,,,,,,,,,,,,,,,,,,,42167455
TYL,860731,Information Technology,2026-06-30,10-Q,2026-07-29,,307057000,95095000,120631000,27119000,93512000,2.23,,,,35812000,,,,895353000,,,,5813576000,3037231000,41854000,
TYL,860731,Information Technology,2026-07-27,10-Q,2026-07-29,,,,,,,,,,,,,,,,,,,,,,40952274
UAL,100517,Industrials,2025-03-31,10-Q,2026-04-22,,,607000000,478000000,91000000,387000000,1.16,3710000000,1233000000,,727000000,,,349000000,9370000000,,,,76111000000,12616000000,333000000,
UAL,100517,Industrials,2025-04-10,10-Q,2025-04-16,,,,,,,,,,,,,,,,,,,,,,326600570
UAL,100517,Industrials,2025-06-30,10-Q,2026-07-16,,,1325000000,1248000000,275000000,973000000,2.97,,,,733000000,,,,9354000000,,,,77163000000,13373000000,327200000,
UAL,100517,Industrials,2025-07-10,10-Q,2025-07-17,,,,,,,,,,,,,,,,,,,,,,323732094
UAL,100517,Industrials,2025-09-30,10-Q,2025-10-16,,,1395000000,1255000000,306000000,949000000,2.9,,,,730000000,,,,6730000000,,,,76313000000,14309000000,326900000,
UAL,100517,Industrials,2025-10-09,10-Q,2025-10-16,,,,,,,,,,,,,,,,,,,,,,323737989
UAL,100517,Industrials,2025-12-31,10-K (Q4 derived: FY − 9M YTD),2026-02-12,,,1385000000,1325000000,281000000,1044000000,3.1799999999999997,1286000000,1890000000,,748000000,,,27000000,5942000000,,17170000000,4096000000,76448000000,15282000000,-500000,
UAL,100517,Industrials,2026-02-05,10-K,2026-02-12,,,,,,,,,,,,,,,,,,,,,,323430419
UAL,100517,Industrials,2026-03-31,10-Q,2026-04-22,,,997000000,870000000,172000000,699000000,2.14,4799000000,1672000000,,756000000,,,27000000,7869000000,,,,80941000000,15876000000,326800000,
UAL,100517,Industrials,2026-04-16,10-Q,2026-04-22,,,,,,,,,,,,,,,,,,,,,,324569728
UAL,100517,Industrials,2026-06-30,10-Q,2026-07-16,,,1096000000,1026000000,221000000,805000000,2.46,,,,762000000,,,,10166000000,,,,84569000000,16697000000,326600000,
UAL,100517,Industrials,2026-07-09,10-Q,2026-07-16,,,,,,,,,,,,,,,,,,,,,,324583772
UBER,1543151,Industrials,2025-03-31,10-Q,2026-05-06,11533000000,,1228000000,1385000000,-402000000,1776000000,0.83,2324000000,74000000,435000000,171000000,,,1785000000,5132000000,,8350000000,1150000000,52822000000,21975000000,2122618000,
UBER,1543151,Industrials,2025-05-05,10-Q,2025-05-07,,,,,,,,,,,,,,,,,,,,,,2091168098
UBER,1543151,Industrials,2025-06-30,10-Q,2026-08-05,12651000000,,1450000000,1504000000,142000000,1355000000,0.63,,,,175000000,,,,6438000000,,9578000000,1150000000,55982000000,22598000000,2125628000,
UBER,1543151,Industrials,2025-08-04,10-Q,2025-08-06,,,,,,,,,,,,,,,,,,,,,,2085418676
UBER,1543151,Industrials,2025-09-30,10-Q,2025-11-04,13467000000,,1113000000,2620000000,-4046000000,6626000000,3.11,,,,188000000,,,,8432000000,,10615000000,1150000000,63344000000,28134000000,2124391000,
UBER,1543151,Industrials,2025-10-30,10-Q,2025-11-04,,,,,,,,,,,,,,,,,,,,,,2077830381
UBER,1543151,Industrials,2025-12-31,10-K (Q4 derived: FY − 9M YTD),2026-02-13,14366000000,,1774000000,291000000,-40000000,296000000,0.16000000000000014,2883000000,75000000,451000000,185000000,,,1912000000,7105000000,10521000000,10521000000,0,61802000000,27041000000,-4604000,
UBER,1543151,Industrials,2026-02-10,10-K,2026-02-13,,,,,,,,,,,,,,,,,,,,,,2058115983
UBER,1543151,Industrials,2026-03-31,10-Q,2026-05-06,13203000000,,1923000000,496000000,194000000,263000000,0.13,2351000000,65000000,473000000,184000000,,,3011000000,5558000000,,10514000000,,59885000000,24751000000,2071391000,
UBER,1543151,Industrials,2026-05-01,10-Q,2026-05-06,,,,,,,,,,,,,,,,,,,,,,2035599013
UBER,1543151,Industrials,2026-06-30,10-Q,2026-08-05,14191000000,,1890000000,3277000000,840000000,2394000000,1.17,,,,188000000,,,,4870000000,12723000000,10726000000,,65801000000,27316000000,2050225000,
UBER,1543151,Industrials,2026-07-31,10-Q,2026-08-05,,,,,,,,,,,,,,,,,,,,,,2042560121
UDR,74208,Real Estate,2024-12-31,10-K (Q4 derived: FY − 9M YTD),2026-02-17,422728000,,66288000,-5211000,312000,-5044000,-0.020000000000000018,240536000,,6768000,171827000,,140219000,,1326000,5826965000,,,10897586000,3443205000,361000,
UDR,74208,Real Estate,2025-02-14,10-K,2025-02-18,,,,,,,,,,,,,,,,,,,,,,331133359
UDR,74208,Real Estate,2025-03-31,10-Q,2026-04-30,421948000,,122195000,82229000,158000,76720000,0.23,156216000,,7498000,168461000,,140729000,,1250000,5811209000,,,10745412000,3331044000,331717000,
UDR,74208,Real Estate,2025-04-28,10-Q,2025-05-01,,,,,,,,,,,,,,,,,,,,,,331295838
UDR,74208,Real Estate,2025-06-30,10-Q,2025-07-31,425399000,,77389000,40487000,258000,37673000,0.11,,,,,,,,1532000,5775583000,,,10647085000,3324816000,331715000,
UDR,74208,Real Estate,2025-07-28,10-Q,2025-07-31,,,,,,,,,,,,,,,,,,,,,,331347194
UDR,74208,Real Estate,2025-09-30,10-Q,2025-10-30,431864000,,76356000,43512000,382000,40409000,0.12,,,,,,,25000000,1194000,5834169000,,,10601912000,3274966000,331241000,
UDR,74208,Real Estate,2025-10-27,10-Q,2025-10-30,,,,,,,,,,,,,,,,,,,,,,330485820
UDR,74208,Real Estate,2025-12-31,10-K (Q4 derived: FY − 9M YTD),2026-02-17,433106000,,277666000,238322000,37000,222902000,0.6699999999999999,261407000,,7147000,168061000,,142231000,92812000,1222000,5821369000,,,10605674000,3288462000,-390000,
UDR,74208,Real Estate,2026-02-11,10-K,2026-02-17,,,,,,,,,,,,,,,,,,,,,,328571965
UDR,74208,Real Estate,2026-03-31,10-Q,2026-04-30,425849000,,229805000,203359000,455000,189831000,0.57,128743000,,9568000,164603000,,141267000,100000000,1300000,5663316000,,,10333774000,3285680000,330294000,
UDR,74208,Real Estate,2026-04-27,10-Q,2026-04-30,,,,,,,,,,,,,,,,,,,,,,324915653
UHS,352915,Health Care,2023-09-30,10-Q,2024-11-08,3562774000,,285357000,220507000,52499000,166989000,2.4,,,,,53378000,,,80768000,4900000000,4796074000,126555000,13873470000,6064915000,69624000,
UHS,352915,Health Care,2023-12-31,10-K (Q4 derived: FY − 9M YTD),2026-02-25,3703546000,,331196000,281123000,61501000,216378000,3.1400000000000006,452431000,206390000,22018000,,53589000,13516000,162024000,119439000,4912469000,4785783000,126686000,13967602000,6149001000,-525000,
UHS,352915,Health Care,2024-03-31,10-Q,2025-05-08,3843582000,,388762000,336086000,70264000,261834000,3.82,396406000,208539000,19630000,,52826000,13601000,142084000,112093000,4900000000,4734328000,127477000,14046132000,6256697000,68482000,
UHS,352915,Health Care,2024-06-30,10-Q,2025-08-08,3907604000,,436398000,382006000,87676000,289152000,4.26,,,,,48899000,,,128786000,4500000000,4416731000,127508000,14071428000,6485372000,67920000,
UHS,352915,Health Care,2024-09-30,10-Q,2025-11-07,3963027000,,384165000,341533000,75623000,258714000,3.8,,,,,44660000,,,106077000,4700000000,4618060000,38351000,14353848000,6605696000,68108000,
UHS,352915,Health Care,2024-12-31,10-K (Q4 derived: FY − 9M YTD),2026-02-25,4113722000,,472489000,438311000,101264000,332397000,4.9399999999999995,658437000,245945000,26622000,,39724000,13044000,250166000,125983000,4504541000,4464482000,40059000,14469749000,6666207000,-274000,
UHS,352915,Health Care,2025-03-31,10-Q,2026-05-07,4099720000,,454825000,420428000,98800000,316680000,4.8,360048000,239026000,21595000,,40056000,13534000,223385000,126753000,4600000000,4609272000,40410000,14875430000,6785604000,66037000,
UHS,352915,Health Care,2025-06-30,10-Q,2026-08-07,4283816000,,500270000,473385000,110773000,353218000,5.43,,,,,35364000,,,137595000,4600000000,4542000000,40897000,14985577000,7030048000,64991000,
UHS,352915,Health Care,2025-09-30,10-Q,2025-11-07,4495245000,,521688000,496886000,117781000,372957000,5.86,,,,,38431000,,,112895000,4700000000,3950934000,740186000,15343924000,7169693000,63663000,
UHS,352915,Health Care,2025-12-31,10-K (Q4 derived: FY − 9M YTD),2026-02-25,4486048000,,517232000,581442000,133605000,445941000,7.030000000000001,574693000,281220000,25102000,,42217000,12365000,352010000,137797000,4800000000,4004393000,748158000,15527593000,7275792000,-435000,
UHS,352915,Health Care,2026-03-31,10-Q,2026-05-07,4495182000,,502860000,469116000,110438000,348682000,5.65,401628000,217157000,22504000,,37133000,12974000,163849000,119028000,4700000000,3952118000,756240000,15681142000,7464857000,61668000,
UHS,352915,Health Care,2026-06-30,10-Q,2026-08-07,4638012000,,516675000,479126000,114536000,358447000,5.98,,,,,39912000,,,138800000,4900000000,4079937000,771910000,15935486000,7513812000,59910000,
ULTA,1403568,Consumer Discretionary,2025-05-03,10-Q,2026-06-02,2848367000,1114219000,401777000,,99644000,305052000,6.7,220021000,79031000,,72033000,,,369786000,454629000,,,,5986689000,2430303000,45508000,
ULTA,1403568,Consumer Discretionary,2025-05-23,10-Q,2025-05-29,,,,,,,,,,,,,,,,,,,,,,44945605
ULTA,1403568,Consumer Discretionary,2025-08-02,10-Q,2026-08-27,2788469000,1091696000,344854000,,84795000,260875000,5.78,,,,71165000,,,,242745000,,,,6630648000,2603860000,45112000,
ULTA,1403568,Consumer Discretionary,2025-08-25,10-Q,2025-08-28,,,,,,,,,,,,,,,,,,,,,,44838364
ULTA,1403568,Consumer Discretionary,2025-11-01,10-Q,2025-12-04,2857623000,1155665000,309419000,,73436000,230875000,5.14,,,,75787000,,,,204921000,,,,7012292000,2633014000,44895000,
ULTA,1403568,Consumer Discretionary,2025-12-01,10-Q,2025-12-04,,,,,,,,,,,,,,,,,,,,,,44362172
ULTA,1403568,Consumer Discretionary,2026-01-31,10-K (Q4 derived: FY − 9M YTD),2026-03-26,3898361000,1483644000,476942000,,115994000,356677000,7.990000000000002,1180596000,191567000,,81787000,,,197428000,424243000,,,,6999294000,2803451000,-160000,
ULTA,1403568,Consumer Discretionary,2026-03-23,10-K,2026-03-26,,,,,,,,,,,,,,,,,,,,,,43736630
ULTA,1403568,Consumer Discretionary,2026-05-02,10-Q,2026-06-02,3163857000,1267620000,448256000,,106860000,340469000,7.74,261894000,58276000,,81399000,,,545304000,166300000,,,,6895245000,2580955000,43964000,
ULTA,1403568,Consumer Discretionary,2026-05-28,10-Q,2026-06-02,,,,,,,,,,,,,,,,,,,,,,42989311
ULTA,1403568,Consumer Discretionary,2026-08-01,10-Q,2026-08-27,3035676000,1186952000,379641000,,91878000,282006000,6.55,,,,81325000,,,,158451000,,,,6963950000,2643741000,43062000,
ULTA,1403568,Consumer Discretionary,2026-08-24,10-Q,2026-08-27,,,,,,,,,,,,,,,,,,,,,,42757471
UNH,731766,Health Care,2025-03-31,10-Q,2026-05-05,109575000000,,9119000000,8106000000,1632000000,6292000000,6.85,5456000000,898000000,375000000,1061000000,998000000,1912000000,3000000000,30717000000,,71285000000,,309790000000,,918000000,
UNH,731766,Health Care,2025-04-30,10-Q,2025-05-07,,,,,,,,,,,,,,,,,,,,,,907140441
UNH,731766,Health Care,2025-06-30,10-Q,2026-08-10,111616000000,,5150000000,4082000000,510000000,3406000000,3.74,,,,1084000000,1027000000,,,28596000000,,73495000000,,308573000000,,910000000,
UNH,731766,Health Care,2025-07-31,10-Q,2025-08-11,,,,,,,,,,,,,,,,,,,,,,905673625
UNH,731766,Health Care,2025-09-30,10-Q,2025-10-28,113161000000,,4315000000,3229000000,686000000,2348000000,2.59,,,,1099000000,1003000000,,,27210000000,,72399000000,,315269000000,,908000000,
UNH,731766,Health Care,2025-10-24,10-Q,2025-10-28,,,,,,,,,,,,,,,,,,,,,,905838620
UNH,731766,Health Care,2025-12-31,10-K (Q4 derived: FY − 9M YTD),2026-03-02,113215000000,,380000000,-720000000,-938000000,10000000,0.019999999999999574,1108000000,948000000,176000000,1117000000,974000000,2002000000,0,24365000000,,72320000000,,309581000000,,-1000000,
UNH,731766,Health Care,2026-02-20,10-K,2026-03-02,,,,,,,,,,,,,,,,,,,,,,907675839
UNH,731766,Health Care,2026-03-31,10-Q,2026-05-05,111721000000,,8990000000,7963000000,1482000000,6280000000,6.9,8912000000,763000000,348000000,1029000000,955000000,2005000000,0,28001000000,,71440000000,,312644000000,,910000000,
UNH,731766,Health Care,2026-04-30,10-Q,2026-05-05,,,,,,,,,,,,,,,,,,,,,,908144404
UNH,731766,Health Care,2026-06-30,10-Q,2026-08-10,112032000000,,7991000000,6968000000,1298000000,5484000000,6.04,,,,1040000000,962000000,,,28585000000,,69501000000,,309727000000,,906000000,
UNH,731766,Health Care,2026-07-31,10-Q,2026-08-10,,,,,,,,,,,,,,,,,,,,,,897594847
UNP,100885,Industrials,2025-03-31,10-Q,2026-04-23,,,2371000000,2127000000,501000000,1626000000,2.7,2210000000,906000000,,610000000,,,1420000000,1411000000,,,2227000000,68492000000,16039000000,601900000,
UNP,100885,Industrials,2025-04-17,10-Q,2025-04-24,,,,,,,,,,,,,,,,,,,,,,597475610
UNP,100885,Industrials,2025-06-30,10-Q,2026-07-23,,,2525000000,2313000000,437000000,1876000000,3.15,,,,613000000,,,,1060000000,,,2522000000,68576000000,16258000000,594800000,
UNP,100885,Industrials,2025-07-18,10-Q,2025-07-24,,,,,,,,,,,,,,,,,,,,,,593043666
UNP,100885,Industrials,2025-09-30,10-Q,2025-10-23,,,2549000000,2318000000,530000000,1788000000,3.01,,,,618000000,,,,808000000,,,1521000000,68647000000,17304000000,593200000,
UNP,100885,Industrials,2025-10-17,10-Q,2025-10-23,,,,,,,,,,,,,,,,,,,,,,593160889
UNP,100885,Industrials,2025-12-31,10-K (Q4 derived: FY − 9M YTD),2026-02-06,,,2401000000,2408000000,560000000,1848000000,3.110000000000001,2225000000,999000000,,624000000,,,0,1266000000,31814000000,,1520000000,69698000000,18467000000,-800000,
UNP,100885,Industrials,2026-01-30,10-K,2026-02-06,,,,,,,,,,,,,,,,,,,,,,593391460
UNP,100885,Industrials,2026-03-31,10-Q,2026-04-23,,,2458000000,2229000000,528000000,1701000000,2.87,2440000000,937000000,,633000000,,,0,735000000,,,867000000,69644000000,19418000000,593600000,
UNP,100885,Industrials,2026-04-17,10-Q,2026-04-23,,,,,,,,,,,,,,,,,,,,,,593713213
UNP,100885,Industrials,2026-06-30,10-Q,2026-07-23,,,2763000000,2555000000,562000000,1993000000,3.36,,,,638000000,,,,1614000000,,,1288000000,71211000000,20673000000,594000000,
UNP,100885,Industrials,2026-07-17,10-Q,2026-07-23,,,,,,,,,,,,,,,,,,,,,,594075498
UPS,1090727,Industrials,2023-09-30,10-Q,2024-11-06,,,1343000000,1268000000,141000000,1127000000,1.31,,,21000000,,199000000,,,4311000000,,,,70281000000,19168000000,858000000,
UPS,1090727,Industrials,2023-12-31,10-K (Q4 derived: FY − 9M YTD),2026-02-17,,,2477000000,2063000000,458000000,1605000000,1.88,2411000000,2049000000,34000000,,207000000,1338000000,0,3206000000,21998000000,,,70857000000,17306000000,-1000000,
UPS,1090727,Industrials,2024-03-31,10-Q,2025-05-07,,,1613000000,1536000000,423000000,1113000000,1.3,3316000000,1035000000,-27000000,,195000000,1348000000,0,4281000000,,,,67628000000,16909000000,857000000,
UPS,1090727,Industrials,2024-06-30,10-Q,2025-08-06,,,1944000000,1869000000,460000000,1409000000,1.65,,,30000000,,,,,6319000000,,,,69418000000,17030000000,857000000,
UPS,1090727,Industrials,2024-09-30,10-Q,2025-11-05,,,1985000000,1910000000,371000000,1539000000,1.8,,,-24000000,,,,,5855000000,,,,68263000000,16857000000,855000000,
UPS,1090727,Industrials,2024-12-31,10-K (Q4 derived: FY − 9M YTD),2026-02-17,,,2926000000,2127000000,406000000,1721000000,2.01,3315000000,1098000000,45000000,,,1350000000,0,6112000000,21030000000,,,70070000000,16718000000,0,
UPS,1090727,Industrials,2025-03-31,10-Q,2026-05-06,,,1666000000,1523000000,336000000,1187000000,1.4,2318000000,876000000,21000000,743000000,,1348000000,1000000000,4802000000,,,,68466000000,15660000000,850000000,
UPS,1090727,Industrials,2025-06-30,10-Q,2026-08-05,,,1822000000,1662000000,379000000,1283000000,1.51,,,-5000000,,,,1000000000,6194000000,,,,70923000000,15750000000,847000000,
UPS,1090727,Industrials,2025-09-30,10-Q,2025-11-05,,,1804000000,1607000000,296000000,,1.55,,,25000000,,,,,6764000000,,,,71392000000,15823000000,848000000,
UPS,1090727,Industrials,2025-12-31,10-K (Q4 derived: FY − 9M YTD),2026-02-17,,,2575000000,2372000000,581000000,1791000000,2.0999999999999996,3302000000,716000000,32000000,,,1353000000,0,5887000000,23585000000,,,73090000000,16227000000,1000000,
UPS,1090727,Industrials,2026-03-31,10-Q,2026-05-06,,,1267000000,1124000000,260000000,864000000,1.02,2224000000,1031000000,24000000,791000000,,1352000000,0,5802000000,,,,71809000000,15763000000,850000000,
UPS,1090727,Industrials,2026-06-30,10-Q,2026-08-05,,,930000000,761000000,157000000,604000000,0.71,,,34000000,,,,,4653000000,,,,71267000000,15067000000,851000000,
URI,1067701,Industrials,2024-12-31,10-K,2026-01-28,4095000000,1638000000,1087000000,909000000,220000000,689000000,10.47,1048000000,,33000000,,,108000000,403000000,457000000,13472000000,,1178000000,28163000000,8622000000,-200000,
URI,1067701,Industrials,2025-01-27,10-K,2025-01-29,,,,,,,,,,,,,,,,,,,,,,65307098
URI,1067701,Industrials,2025-03-31,10-Q,2026-04-22,3719000000,1356000000,804000000,688000000,170000000,518000000,7.91,1425000000,,36000000,,,118000000,289000000,542000000,,,1420000000,28050000000,8789000000,65435000,
URI,1067701,Industrials,2025-04-21,10-Q,2025-04-23,,,,,,,,,,,,,,,,,,,,,,64999035
URI,1067701,Industrials,2025-06-30,10-K,2026-01-28,3943000000,1533000000,1003000000,839000000,217000000,622000000,9.59,,,,,,,,548000000,,,1287000000,29206000000,9035000000,64947000,
URI,1067701,Industrials,2025-07-21,10-Q,2025-07-23,,,,,,,,,,,,,,,,,,,,,,64341222
URI,1067701,Industrials,2025-09-30,10-K,2026-01-28,4229000000,1665000000,1114000000,937000000,236000000,701000000,10.91,,,,,,,,512000000,,,1548000000,30065000000,9000000000,64276000,
URI,1067701,Industrials,2025-10-20,10-Q,2025-10-22,,,,,,,,,,,,,,,,,,,,,,63630147
URI,1067701,Industrials,2025-12-31,10-K,2026-01-28,4208000000,1590000000,1052000000,874000000,221000000,653000000,10.27,1256000000,,32000000,,,114000000,631000000,459000000,14302000000,,1577000000,29866000000,8968000000,-285000,
URI,1067701,Industrials,2026-01-26,10-K,2026-01-28,,,,,,,,,,,,,,,,,,,,,,62998147
URI,1067701,Industrials,2026-03-31,10-Q,2026-04-22,3985000000,1469000000,869000000,701000000,170000000,531000000,8.43,1514000000,,36000000,,,125000000,421000000,156000000,,,1623000000,29888000000,8968000000,63026000,
URI,1067701,Industrials,2026-04-20,10-Q,2026-04-22,,,,,,,,,,,,,,,,,,,,,,62646557
USB,36104,Financials,2025-03-31,10-Q,2026-05-04,6958000000,,,2159000000,443000000,1709000000,1.03,-308000000,,,,,787000000,160000000,,,,,676489000000,60096000000,1560000000,
USB,36104,Financials,2025-04-30,10-Q,2025-05-06,,,,,,,,,,,,,,,,,,,,,,1558027583
USB,36104,Financials,2025-06-30,10-Q,2026-08-06,7004000000,,,2293000000,472000000,1815000000,1.11,,,,,,,,,,,,686370000000,61438000000,1559000000,
USB,36104,Financials,2025-07-31,10-Q,2025-08-07,,,,,,,,,,,,,,,,,,,,,,1556189453
USB,36104,Financials,2025-09-30,10-Q,2025-11-05,7329000000,,,2532000000,524000000,2001000000,1.22,,,,,,,,,,,,695357000000,63340000000,1557000000,
USB,36104,Financials,2025-10-31,10-Q,2025-11-05,,,,,,,,,,,,,,,,,,,,,,1554434067
USB,36104,Financials,2025-12-31,10-K (Q4 derived: FY − 9M YTD),2026-02-23,7365000000,,,2533000000,482000000,2045000000,1.27,2836000000,,,,,813000000,122000000,,,,,692345000000,65193000000,-1000000,
USB,36104,Financials,2026-01-31,10-K,2026-02-23,,,,,,,,,,,,,,,,,,,,,,1553695799
USB,36104,Financials,2026-03-31,10-Q,2026-05-04,7288000000,,,2419000000,469000000,1945000000,1.18,1340000000,,,,,816000000,276000000,,,,,700998000000,65786000000,1555000000,
USB,36104,Financials,2026-04-30,10-Q,2026-05-04,,,,,,,,,,,,,,,,,,,,,,1552299745
USB,36104,Financials,2026-06-30,10-Q,2026-08-06,7712000000,,,2720000000,537000000,2177000000,1.35,,,,,,,,,,,,725918000000,67432000000,1555000000,
USB,36104,Financials,2026-07-31,10-Q,2026-08-06,,,,,,,,,,,,,,,,,,,,,,1558051446
V,1403161,Financials,2023-06-30,10-Q,2024-07-24,,,5024000000,5146000000,990000000,4156000000,,,,,235000000,,,,15590000000,,20560000000,0,89234000000,,,
V,1403161,Financials,2023-09-30,10-K (Q4 derived: FY − 9M YTD),2025-11-06,,,5550000000,5636000000,955000000,4681000000,,6927000000,305000000,174000000,247000000,,928000000,3751000000,16286000000,,20463000000,0,90499000000,,,
V,1403161,Financials,2023-12-31,10-Q,2025-01-31,,,5954000000,6042000000,1152000000,4890000000,,3614000000,267000000,209000000,247000000,,1060000000,3580000000,13591000000,,20703000000,0,91409000000,,,
V,1403161,Financials,2024-03-31,10-Q,2025-04-30,,,5354000000,5513000000,850000000,4663000000,,,,,249000000,,,,12993000000,,20603000000,0,92399000000,,,
V,1403161,Financials,2024-06-30,10-Q,2025-07-30,,,5938000000,5989000000,1117000000,4872000000,,,,,264000000,,,,12947000000,,20602000000,0,91040000000,,,
V,1403161,Financials,2024-09-30,10-K (Q4 derived: FY − 9M YTD),2025-11-06,,,6349000000,6372000000,1054000000,5318000000,,6664000000,309000000,188000000,274000000,,1041000000,5848000000,11975000000,,20836000000,0,94511000000,,,
V,1403161,Financials,2024-12-31,10-Q,2026-01-30,,,6234000000,6200000000,1081000000,5119000000,,5396000000,345000000,224000000,282000000,,1170000000,4011000000,12367000000,,16680000000,3929000000,91888000000,,,
V,1403161,Financials,2025-03-31,10-Q,2026-04-29,,,5435000000,5438000000,861000000,4577000000,,,,,305000000,,,,11734000000,,16814000000,3948000000,92853000000,,,
V,1403161,Financials,2025-06-30,10-Q,2025-07-30,,,6177000000,6333000000,1061000000,5272000000,,,,,317000000,,,,17092000000,,19590000000,5548000000,100024000000,,,
V,1403161,Financials,2025-09-30,10-K (Q4 derived: FY − 9M YTD),2025-11-06,,,6148000000,6223000000,1133000000,5090000000,,6238000000,389000000,191000000,316000000,,1146000000,4927000000,17164000000,,19602000000,5569000000,99627000000,,,
V,1403161,Financials,2025-12-31,10-Q,2026-01-30,,,6737000000,6726000000,873000000,5853000000,,6780000000,378000000,231000000,326000000,,1293000000,3725000000,14756000000,,19588000000,1589000000,96814000000,,,
V,1403161,Financials,2026-03-31,10-Q,2026-04-29,,,7234000000,7174000000,1153000000,6021000000,,,,,333000000,,,,12404000000,,22417000000,1559000000,95049000000,,,
VEEV,1393052,Health Care,2025-04-30,10-Q,2026-06-05,,585219000,233732000,298821000,70631000,228190000,1.37,877158000,,112210000,,,,0,1964982000,,,,7765077000,6211098000,166229000,
VEEV,1393052,Health Care,2025-05-29,10-Q,2025-06-02,,,,,,,,,,,,,,,,,,,,,,163412273
VEEV,1393052,Health Care,2025-07-31,10-Q,2026-08-27,,593828000,195908000,265364000,65055000,200309000,1.19,,,,,,,,1930431000,,,,7999427000,6638539000,167685000,
VEEV,1393052,Health Care,2025-08-28,10-Q,2025-08-29,,,,,,,,,,,,,,,,,,,,,,163908013
VEEV,1393052,Health Care,2025-10-31,10-Q,2025-11-21,,611771000,240853000,312786000,76583000,236203000,1.4,,,,,,,,1660137000,,,,8097151000,7040631000,168935000,
VEEV,1393052,Health Care,2025-11-19,10-Q,2025-11-21,,,,,,,,,,,,,,,,,,,,,,164381855
VEEV,1393052,Health Care,2026-01-31,10-K (Q4 derived: FY − 9M YTD),2026-03-20,,622474000,245876000,317537000,73333000,244204000,1.4800000000000004,106847000,,118259000,,,,,1421233000,,,,8979343000,7214752000,-958000,
VEEV,1393052,Health Care,2026-03-17,10-K,2026-03-20,,,,,,,,,,,,,,,,,,,,,,163330933
VEEV,1393052,Health Care,2026-04-30,10-Q,2026-06-05,,662024000,273112000,347530000,86594000,260936000,1.57,1127116000,,119259000,,,,226947000,1896580000,,,,9129558000,7304354000,165989000,
VEEV,1393052,Health Care,2026-06-01,10-Q,2026-06-05,,,,,,,,,,,,,,,,,,,,,,162443291
VEEV,1393052,Health Care,2026-07-31,10-Q,2026-08-27,,695951000,275018000,349530000,76101000,273429000,1.66,,,,,,,,1812012000,,,,9060223000,7431449000,165057000,
VEEV,1393052,Health Care,2026-08-25,10-Q,2026-08-27,,,,,,,,,,,,,,,,,,,,,,161908850
VICI,1705696,Real Estate,2025-03-31,10-Q,2026-04-29,984204000,,,549809000,-2456000,543607000,0.51,591859000,,2904000,996000,,459026000,,334317000,16847001000,,,45526064000,26609169000,1056432790,
VICI,1705696,Real Estate,2025-04-29,10-Q,2025-04-30,,,,,,,,,,,,,,,,,,,,,,1056707123
VICI,1705696,Real Estate,2025-06-30,10-Q,2026-07-29,1001334000,,,883932000,5564000,865079000,0.82,,,,741000,,,,232983000,16922273000,,,46054023000,27024451000,1057270580,
VICI,1705696,Real Estate,2025-07-29,10-Q,2025-07-30,,,,,,,,,,,,,,,,,,,,,,1066369778
VICI,1705696,Real Estate,2025-09-30,10-Q,2025-10-30,1007488000,,,777505000,3885000,762040000,0.71,,,,937000,,,,507503000,16762660000,,,46535840000,27673589000,1068369218,
VICI,1705696,Real Estate,2025-10-29,10-Q,2025-10-30,,,,,,,,,,,,,,,,,,,,,,1068811371
VICI,1705696,Real Estate,2025-12-31,10-K (Q4 derived: FY − 9M YTD),2026-02-25,1013090000,,,609733000,-4558000,604767000,0.56,691944000,,4437000,963000,,480740000,,563479000,16773241000,,,46724168000,27797640000,1961023,
VICI,1705696,Real Estate,2026-02-24,10-K,2026-02-25,,,,,,,,,,,,,,,,,,,,,,1068737299
VICI,1705696,Real Estate,2026-03-31,10-Q,2026-04-29,1018521000,,,889928000,3974000,872390000,0.82,631864000,,4125000,967000,,481431000,,480206000,16787100000,,,47089674000,28188653000,1068527584,
VICI,1705696,Real Estate,2026-04-28,10-Q,2026-04-29,,,,,,,,,,,,,,,,,,,,,,1069030187
VICI,1705696,Real Estate,2026-06-30,10-Q,2026-07-29,1058505000,,,534850000,-461000,526521000,0.48,,,,998000,,,,288063000,16931155000,,,48271220000,29170749000,1090236611,
VICI,1705696,Real Estate,2026-07-28,10-Q,2026-07-29,,,,,,,,,,,,,,,,,,,,,,1101077562
VLO,1035002,Energy,2025-03-31,10-Q,2026-04-30,30258000000,,-900000000,-917000000,-265000000,-595000000,-1.9,952000000,,,,137000000,356000000,274000000,4634000000,,,542000000,59177000000,23490000000,314000000,
VLO,1035002,Energy,2025-04-17,10-Q,2025-04-24,,,,,,,,,,,,,,,,,,,,,,313206121
VLO,1035002,Energy,2025-06-30,10-Q,2026-07-30,29889000000,,997000000,942000000,279000000,714000000,2.28,,,,,141000000,,,4537000000,,,382000000,59433000000,24078000000,312000000,
VLO,1035002,Energy,2025-07-18,10-Q,2025-07-24,,,,,,,,,,,,,,,,,,,,,,310651744
VLO,1035002,Energy,2025-09-30,10-Q,2025-10-23,32168000000,,1509000000,1456000000,390000000,1095000000,3.53,,,,,139000000,,,4764000000,,,894000000,58615000000,23754000000,309000000,
VLO,1035002,Energy,2025-10-17,10-Q,2025-10-23,,,,,,,,,,,,,,,,,,,,,,305009539
VLO,1035002,Energy,2025-12-31,10-K (Q4 derived: FY − 9M YTD),2026-02-25,30372000000,,1575000000,1524000000,355000000,1134000000,3.68,2057000000,,,,139000000,344000000,1064000000,4688000000,8261000000,,949000000,57988000000,23725000000,-3000000,
VLO,1035002,Energy,2026-02-20,10-K,2026-02-25,,,,,,,,,,,,,,,,,,,,,,299026226
VLO,1035002,Energy,2026-03-31,10-Q,2026-04-30,32381000000,,1731000000,1723000000,401000000,1263000000,4.22,1390000000,,,,140000000,359000000,573000000,5733000000,,,1026000000,62142000000,23870000000,298000000,
VLO,1035002,Energy,2026-04-24,10-Q,2026-04-30,,,,,,,,,,,,,,,,,,,,,,296932782
VLO,1035002,Energy,2026-06-30,10-Q,2026-07-30,44476000000,,5196000000,5167000000,1094000000,3720000000,12.62,,,,,145000000,,,7874000000,,,927000000,64663000000,25001000000,294000000,
VLO,1035002,Energy,2026-07-24,10-Q,2026-07-30,,,,,,,,,,,,,,,,,,,,,,287927461
VLTO,1967680,Industrials,2024-12-31,10-K (Q4 derived: FY − 9M YTD),2026-02-20,1345000000,801000000,308000000,280000000,53000000,227000000,0.9099999999999997,285000000,22000000,13000000,20000000,,22000000,,1101000000,2599000000,2599000000,0,6406000000,2038000000,200000,
VLTO,1967680,Industrials,2025-02-14,10-K,2025-02-25,,,,,,,,,,,,,,,,,,,,,,247550644
VLTO,1967680,Industrials,2025-04-04,10-Q,2026-04-29,1332000000,805000000,322000000,289000000,64000000,225000000,0.9,157000000,15000000,16000000,19000000,,27000000,0,1239000000,2630000000,2630000000,,6645000000,2302000000,250100000,
VLTO,1967680,Industrials,2025-04-22,10-Q,2025-04-30,,,,,,,,,,,,,,,,,,,,,,247861167
VLTO,1967680,Industrials,2025-07-04,10-Q,2025-07-28,1371000000,822000000,313000000,285000000,63000000,222000000,0.89,,,,19000000,,,,1559000000,2672000000,2672000000,,7171000000,2653000000,249900000,
VLTO,1967680,Industrials,2025-07-22,10-Q,2025-07-28,,,,,,,,,,,,,,,,,,,,,,248160850
VLTO,1967680,Industrials,2025-10-03,10-Q,2025-10-29,1404000000,844000000,326000000,306000000,67000000,239000000,0.95,,,,20000000,,,,1775000000,2672000000,1972000000,700000000,7429000000,2847000000,250600000,
VLTO,1967680,Industrials,2025-10-22,10-Q,2025-10-29,,,,,,,,,,,,,,,,,,,,,,248297345
VLTO,1967680,Industrials,2025-12-31,10-K (Q4 derived: FY − 9M YTD),2026-02-20,1396000000,828000000,316000000,293000000,39000000,254000000,1.0199999999999996,311000000,20000000,13000000,20000000,,27000000,,2031000000,2673000000,1973000000,700000000,7693000000,3105000000,100000,
VLTO,1967680,Industrials,2026-02-13,10-K,2026-02-20,,,,,,,,,,,,,,,,,,,,,,247843360
VLTO,1967680,Industrials,2026-04-03,10-Q,2026-04-29,1422000000,854000000,338000000,321000000,67000000,254000000,1.02,182000000,12000000,16000000,24000000,,32000000,300000000,1431000000,2662000000,1962000000,700000000,7653000000,3005000000,249200000,
VLTO,1967680,Industrials,2026-04-21,10-Q,2026-04-29,,,,,,,,,,,,,,,,,,,,,,245599266
VMC,1396009,Materials,2024-12-31,10-K (Q4 derived: FY − 9M YTD),2026-02-19,,537200000,401000000,339000000,42900000,293700000,2.1999999999999993,440100000,162500000,13500000,163800000,,60800000,0,559700000,5307400000,4906900000,400500000,17104800000,8118600000,0,
VMC,1396009,Materials,2025-02-13,10-K,2025-02-20,,,,,,,,,,,,,,,,,,,,,,132109660
VMC,1396009,Materials,2025-03-31,10-Q,2026-04-29,,365300000,226400000,164100000,33800000,128900000,0.97,251500000,168000000,13900000,186400000,,66000000,38100000,181300000,4908400000,4907900000,500000,16712100000,8134100000,133000000,
VMC,1396009,Materials,2025-04-22,10-Q,2025-04-30,,,,,,,,,,,,,,,,,,,,,,132103516
VMC,1396009,Materials,2025-06-30,10-Q,2025-07-31,,625200000,471000000,414200000,91300000,320900000,2.42,,,,185500000,,,,347400000,4359700000,4359200000,500000,16974700000,8406900000,132900000,
VMC,1396009,Materials,2025-07-22,10-Q,2025-07-31,,,,,,,,,,,,,,,,,,,,,,132124158
VMC,1396009,Materials,2025-09-30,10-Q,2025-10-30,,697200000,543200000,488600000,112400000,374900000,2.82,,,,191400000,,,,191300000,4360800000,4360400000,400000,16978500000,8734200000,132900000,
VMC,1396009,Materials,2025-10-21,10-Q,2025-10-30,,,,,,,,,,,,,,,,,,,,,,132130905
VMC,1396009,Materials,2025-12-31,10-K (Q4 derived: FY − 9M YTD),2026-02-19,,486900000,378900000,323200000,70100000,252000000,1.8999999999999995,543000000,184800000,13200000,185300000,,64400000,400300000,183300000,4362100000,4361700000,400000,16700400000,8525100000,-200000,
VMC,1396009,Materials,2026-02-11,10-K,2026-02-19,,,,,,,,,,,,,,,,,,,,,,130580384
VMC,1396009,Materials,2026-03-31,10-Q,2026-04-29,,422700000,265400000,212900000,45900000,165500000,1.26,241100000,176500000,15500000,170300000,,67900000,149500000,140200000,4363000000,4363000000,0,16672900000,8451300000,131200000,
VMC,1396009,Materials,2026-04-21,10-Q,2026-04-29,,,,,,,,,,,,,,,,,,,,,,129754885
VMRK,906107,Real Estate,2025-03-31,10-Q,2026-04-30,,,,271698000,422000,256592000,0.67,425525000,,10370000,256746000,,256401000,,39849000,,,,20562185000,11047330000,391179000,
VMRK,906107,Real Estate,2025-04-24,10-Q,2025-04-30,,,,,,,,,,,,,,,,,,,,,,379943670
VMRK,906107,Real Estate,2025-06-30,10-Q,2026-07-30,,,,204199000,407000,192356000,0.5,,,,240889000,,,,31276000,,,,21027514000,11008221000,391498000,
VMRK,906107,Real Estate,2025-07-31,10-Q,2025-08-06,,,,,,,,,,,,,,,,,,,,,,381898057
VMRK,906107,Real Estate,2025-09-30,10-Q,2025-10-30,,,,301246000,395000,289051000,0.76,,,,254657000,,,,93092000,,,,21065063000,11084949000,390966000,
VMRK,906107,Real Estate,2025-10-24,10-Q,2025-10-30,,,,,,,,,,,,,,,,,,,,,,380474721
VMRK,906107,Real Estate,2025-12-31,10-K (Q4 derived: FY − 9M YTD),2026-02-13,,,,395386000,361000,382090000,1.01,387032000,,5243000,258108000,,263678000,186433000,55904000,8241242000,,,20746023000,11041499000,-716000,
VMRK,906107,Real Estate,2026-02-06,10-K,2026-02-13,,,,,,,,,,,,,,,,,,,,,,377547108
VMRK,906107,Real Estate,2026-03-31,10-Q,2026-04-30,,,,95565000,422000,90079000,0.24,400515000,,9600000,247496000,,261921000,219385000,34677000,,,,20517153000,10670923000,385108000,
VMRK,906107,Real Estate,2026-04-24,10-Q,2026-04-30,,,,,,,,,,,,,,,,,,,,,,374671735
VMRK,906107,Real Estate,2026-06-30,10-Q,2026-07-30,,,,120469000,411000,114135000,0.3,,,,246379000,,,,36405000,,,,20275577000,10514980000,383878000,
VMRK,906107,Real Estate,2026-07-24,10-Q,2026-07-30,,,,,,,,,,,,,,,,,,,,,,374944409
VRSK,1442145,Industrials,2024-12-31,10-K (Q4 derived: FY − 9M YTD),2026-02-18,,,316300000,275100000,71600000,210400000,1.4900000000000002,255400000,55400000,10700000,59100000,,,315000000,291200000,3091300000,,,4264700000,100100000,-417150,
VRSK,1442145,Industrials,2025-02-21,10-K,2025-02-26,,,,,,,,,,,,,,,,,,,,,,140276165
VRSK,1442145,Industrials,2025-03-31,10-Q,2026-04-29,,,330100000,296400000,64100000,232300000,1.65,444700000,53700000,15600000,67400000,,,170100000,1112100000,,,,5122100000,123000000,140939555,
VRSK,1442145,Industrials,2025-05-02,10-Q,2025-05-07,,,,,,,,,,,,,,,,,,,,,,139884077
VRSK,1442145,Industrials,2025-06-30,10-Q,2025-07-30,,,354300000,327900000,74600000,253300000,1.81,244500000,55800000,14100000,66000000,,,100000000,628700000,,,,4794900000,311700000,140339539,
VRSK,1442145,Industrials,2025-07-25,10-Q,2025-07-30,,,,,,,,,,,,,,,,,,,,,,139714971
VRSK,1442145,Industrials,2025-09-30,10-Q,2025-10-29,,,345900000,302100000,76600000,225500000,1.61,403500000,67400000,12100000,64000000,,,100100000,2107900000,,,,6241900000,376700000,139941935,
VRSK,1442145,Industrials,2025-10-24,10-Q,2025-10-29,,,,,,,,,,,,,,,,,,,,,,139372570
VRSK,1442145,Industrials,2025-12-31,10-K (Q4 derived: FY − 9M YTD),2026-02-18,,,313600000,244900000,47700000,197200000,1.4200000000000008,343300000,67200000,12400000,61800000,,,223800000,2178200000,4773500000,,,6195500000,309000000,-324237,
VRSK,1442145,Industrials,2026-02-13,10-K,2026-02-18,,,,,,,,,,,,,,,,,,,,,,137941888
VRSK,1442145,Industrials,2026-03-31,10-Q,2026-04-29,,,352200000,308500000,74300000,234200000,1.73,390400000,64000000,18400000,69900000,,,1401800000,524500000,,,,4598400000,-1167700000,135222570,
VRSK,1442145,Industrials,2026-04-24,10-Q,2026-04-29,,,,,,,,,,,,,,,,,,,,,,131021840
VRSN,1014473,Information Technology,2025-03-31,10-Q,2026-04-23,402300000,,271200000,258400000,59100000,199300000,,291300000,5800000,17500000,,20300000,,241700000,575400000,,,,1447700000,-1977000000,94800000,
VRSN,1014473,Information Technology,2025-04-18,10-Q,2025-04-24,,,,,,,,,,,,,,,,,,,,,,93900000
VRSN,1014473,Information Technology,2025-06-30,10-Q,2026-07-23,409900000,,280700000,267300000,59900000,207400000,,,,15900000,,18900000,,166800000,314300000,,,,1407800000,-1993800000,94000000,
VRSN,1014473,Information Technology,2025-07-18,10-Q,2025-07-24,,,,,,,,,,,,,,,,,,,,,,93400000
VRSN,1014473,Information Technology,2025-09-30,10-Q,2025-10-23,419100000,,284300000,271700000,58900000,212800000,,,,18400000,,18900000,,218700000,235400000,,,,1403700000,-2050500000,93600000,
VRSN,1014473,Information Technology,2025-10-17,10-Q,2025-10-23,,,,,,,,,,,,,,,,,,,,,,92700000
VRSN,1014473,Information Technology,2025-12-31,10-K (Q4 derived: FY − 9M YTD),2026-02-05,425300000,,284800000,271100000,64900000,,,289600000,4500000,17900000,,18900000,,254400000,307900000,,,,1325900000,-2154200000,-300000,
VRSN,1014473,Information Technology,2026-01-30,10-K,2026-02-05,,,,,,,,,,,,,,,,,,,,,,91700000
VRSN,1014473,Information Technology,2026-03-31,10-Q,2026-04-23,428900000,,293600000,279400000,64900000,214500000,,272400000,7200000,19100000,,18900000,,225400000,476700000,,,,1297200000,-2213400000,91800000,
VRSN,1014473,Information Technology,2026-04-17,10-Q,2026-04-23,,,,,,,,,,,,,,,,,,,,,,91000000
VRSN,1014473,Information Technology,2026-06-30,10-Q,2026-07-23,434600000,,296300000,281600000,65100000,216500000,,,,19400000,,19200000,,201400000,840900000,,,,1802800000,-2254100000,91100000,
VRSN,1014473,Information Technology,2026-07-17,10-Q,2026-07-23,,,,,,,,,,,,,,,,,,,,,,90300000
VRT,1674101,Industrials,2025-03-31,10-Q,2026-04-22,,,290700000,265400000,100900000,164500000,0.42,303300000,36500000,11200000,71600000,25300000,14200000,0,1467300000,2925100000,2904100000,21000000,9451100000,2666400000,390109650,
VRT,1674101,Industrials,2025-04-21,10-Q,2025-04-23,,,,,,,,,,,,,,,,,,,,,,381105178
VRT,1674101,Industrials,2025-06-30,10-Q,2026-07-29,,,442400000,421100000,96900000,324200000,0.83,,45000000,,73300000,21300000,,,1640800000,2921500000,2900500000,21000000,10406200000,3125400000,389846827,
VRT,1674101,Industrials,2025-07-28,10-Q,2025-07-30,,,,,,,,,,,,,,,,,,,,,,381866664
VRT,1674101,Industrials,2025-09-30,10-Q,2025-10-22,,,516700000,492200000,93700000,398500000,1.02,,45200000,,75400000,22800000,,,1396000000,2918500000,2897600000,20900000,10816300000,3508700000,390928669,
VRT,1674101,Industrials,2025-10-20,10-Q,2025-10-22,,,,,,,,,,,,,,,,,,,,,,382338313
VRT,1674101,Industrials,2025-12-31,10-K (Q4 derived: FY − 9M YTD),2026-02-13,,,579900000,563200000,117600000,445600000,1.1400000000000001,978900000,93300000,7200000,88300000,16700000,24000000,0,1728400000,2913000000,2892100000,20900000,12212400000,3941300000,394922,
VRT,1674101,Industrials,2026-02-09,10-K,2026-02-13,,,,,,,,,,,,,,,,,,,,,,382598464
VRT,1674101,Industrials,2026-03-31,10-Q,2026-04-22,,,440100000,438300000,48200000,390100000,0.99,766800000,112600000,17000000,107700000,-4400000,23900000,,2150600000,2922200000,2922200000,0,13400100000,4244900000,392128170,
VRT,1674101,Industrials,2026-04-20,10-Q,2026-04-22,,,,,,,,,,,,,,,,,,,,,,384108816
VRT,1674101,Industrials,2026-06-30,10-Q,2026-07-29,,,637900000,620000000,122200000,497800000,1.27,,,,115800000,17400000,,,2810600000,2939800000,2939800000,0,15900900000,4757600000,392746991,
VRT,1674101,Industrials,2026-07-27,10-Q,2026-07-29,,,,,,,,,,,,,,,,,,,,,,384988173
VRTX,875320,Health Care,2025-03-31,10-Q,2026-05-05,,,630100000,730400000,84100000,646300000,2.49,818900000,40700000,166100000,48400000,,,426100000,4674700000,,,,22880500000,16496300000,259500000,
VRTX,875320,Health Care,2025-04-30,10-Q,2025-05-06,,,,,,,,,,,,,,,,,,,,,,256797187
VRTX,875320,Health Care,2025-06-30,10-Q,2026-08-04,,,1151100000,1283000000,250100000,1032900000,3.99,,,,51700000,,,,4972200000,,,,24036700000,17175400000,258900000,
VRTX,875320,Health Care,2025-07-31,10-Q,2025-08-05,,,,,,,,,,,,,,,,,,,,,,256390651
VRTX,875320,Health Care,2025-09-30,10-Q,2025-11-04,,,1186200000,1298800000,215900000,1082900000,4.2,,,,54000000,,,,4939600000,,,,24862300000,17318800000,257600000,
VRTX,875320,Health Care,2025-10-31,10-Q,2025-11-04,,,,,,,,,,,,,,,,,,,,,,253718831
VRTX,875320,Health Care,2025-12-31,10-K (Q4 derived: FY − 9M YTD),2026-02-13,,,1205900000,1331000000,139900000,1191100000,4.640000000000001,498000000,149400000,157600000,55700000,,,128400000,5084800000,,,,25643000000,18665800000,-600000,
VRTX,875320,Health Care,2026-02-06,10-K,2026-02-13,,,,,,,,,,,,,,,,,,,,,,254034190
VRTX,875320,Health Care,2026-03-31,10-Q,2026-05-05,,,1138100000,1252900000,221500000,1031400000,4.02,1428100000,133400000,166400000,55900000,,,336900000,5492900000,,,,26484400000,19361900000,256300000,
VRTX,875320,Health Care,2026-04-30,10-Q,2026-05-05,,,,,,,,,,,,,,,,,,,,,,253805417
VRTX,875320,Health Care,2026-06-30,10-Q,2026-08-04,,,1246900000,1391800000,292000000,1099800000,4.31,,,,56500000,,,,6143500000,,,,27423300000,20247900000,255200000,
VRTX,875320,Health Care,2026-07-31,10-Q,2026-08-04,,,,,,,,,,,,,,,,,,,,,,253460924
VST,1692819,Utilities,2025-03-31,10-Q,2026-05-08,3933000000,,-120000000,-444000000,-176000000,-268000000,-0.93,599000000,768000000,21000000,522000000,,83000000,337000000,561000000,16305000000,,882000000,38228000000,4825000000,339799989,
VST,1692819,Utilities,2025-05-02,10-Q,2025-05-08,,,,,,,,,,,,,,,,,,,,,,339331954
VST,1692819,Utilities,2025-06-30,10-Q,2026-08-10,4250000000,,515000000,403000000,76000000,327000000,0.81,,,,541000000,,,,458000000,15770000000,,230000000,38146000000,4823000000,345505188,
VST,1692819,Utilities,2025-08-01,10-Q,2025-08-08,,,,,,,,,,,,,,,,,,,,,,338820324
VST,1692819,Utilities,2025-09-30,10-Q,2025-11-07,4971000000,,1037000000,856000000,204000000,652000000,1.75,,,,460000000,,,,602000000,15988000000,,231000000,38020000000,5210000000,345035160,
VST,1692819,Utilities,2025-10-31,10-Q,2025-11-07,,,,,,,,,,,,,,,,,,,,,,338825490
VST,1692819,Utilities,2025-12-31,10-K (Q4 derived: FY − 9M YTD),2026-02-27,4584000000,,474000000,308000000,75000000,233000000,0.5400000000000003,1432000000,836000000,31000000,463000000,,77000000,252000000,785000000,17043000000,,1201000000,41550000000,5097000000,-647550,
VST,1692819,Utilities,2026-02-18,10-K,2026-02-27,,,,,,,,,,,,,,,,,,,,,,336954256
VST,1692819,Utilities,2026-03-31,10-Q,2026-05-08,5640000000,,1499000000,1212000000,183000000,1029000000,2.87,1199000000,883000000,32000000,484000000,,77000000,372000000,634000000,19163000000,,1899000000,41308000000,5597000000,341856774,
VST,1692819,Utilities,2026-05-01,10-Q,2026-05-08,,,,,,,,,,,,,,,,,,,,,,337182468
VST,1692819,Utilities,2026-06-30,10-Q,2026-08-10,4017000000,,553000000,427000000,122000000,305000000,0.76,,,,445000000,,,,435000000,19595000000,,1876000000,42603000000,5482000000,339230976,
VST,1692819,Utilities,2026-08-03,10-Q,2026-08-10,,,,,,,,,,,,,,,,,,,,,,335635195
VTR,740260,Real Estate,2025-03-31,10-Q,2026-04-28,1358074000,,,40941000,-10557000,,0.1,321144000,,18827000,321525000,149356000,199025000,,182335000,,,,26032295000,11469557000,446424000,
VTR,740260,Real Estate,2025-04-28,10-Q,2025-05-01,,,,,,,,,,,,,,,,,,,,,,451298340
VTR,740260,Real Estate,2025-06-30,10-Q,2026-07-30,1420893000,,,42658000,3874000,,0.15,,,,347719000,150298000,,,614200000,,,,26474929000,11529388000,459088000,
VTR,740260,Real Estate,2025-07-28,10-Q,2025-07-31,,,,,,,,,,,,,,,,,,,,,,454471192
VTR,740260,Real Estate,2025-09-30,10-Q,2025-10-30,1488996000,,,44436000,-6345000,,0.14,,,,357173000,158124000,,,188617000,,,,26925704000,12361924000,463415000,
VTR,740260,Real Estate,2025-10-27,10-Q,2025-10-30,,,,,,,,,,,,,,,,,,,,,,469732824
VTR,740260,Real Estate,2025-12-31,10-K (Q4 derived: FY − 9M YTD),2026-02-06,1566017000,,,76286000,-1122000,,0.14,471663000,,6318000,352723000,154468000,225684000,,741067000,13011016000,,,27591945000,12527253000,6223000,
VTR,740260,Real Estate,2026-02-03,10-K,2026-02-06,,,,,,,,,,,,,,,,,,,,,,474965224
VTR,740260,Real Estate,2026-03-31,10-Q,2026-04-28,1656944000,,,35413000,-15937000,,0.11,394607000,,24842000,382468000,156142000,230188000,,183613000,,,,27686545000,13124964000,486715000,
VTR,740260,Real Estate,2026-04-24,10-Q,2026-04-28,,,,,,,,,,,,,,,,,,,,,,486169723
VTR,740260,Real Estate,2026-06-30,10-Q,2026-07-30,1729614000,,,54240000,-25618000,,0.14,,,,407711000,160034000,,,198956000,,,,29655896000,14649399000,497724000,
VTR,740260,Real Estate,2026-07-28,10-Q,2026-07-30,,,,,,,,,,,,,,,,,,,,,,512946359
VTRS,1792044,Health Care,2025-04-23,10-K/A,2025-04-30,,,,,,,,,,,,,,,,,,,,,,1185856452
VTRS,1792044,Health Care,2025-05-05,10-Q,2025-05-08,,,,,,,,,,,,,,,,,,,,,,1173681964
VTRS,1792044,Health Care,2025-06-30,10-Q,2026-08-06,3582100000,1332900000,233000000,-217100000,-212500000,,0,,,,,116600000,,175000000,566400000,,12791600000,1680700000,38411500000,,1173000000,
VTRS,1792044,Health Care,2025-08-04,10-Q,2025-08-07,,,,,,,,,,,,,,,,,,,,,,1165872127
VTRS,1792044,Health Care,2025-09-30,10-Q,2025-11-06,3759900000,1371500000,178800000,-7900000,120300000,,-0.11,,,,,119600000,,67900000,975300000,,12487600000,1951900000,37920400000,,1164600000,
VTRS,1792044,Health Care,2025-11-03,10-Q,2025-11-06,,,,,,,,,,,,,,,,,,,,,,1151769872
VTRS,1792044,Health Care,2025-12-31,10-K (Q4 derived: FY − 9M YTD),2026-02-26,3703600000,1147900000,-192700000,-343000000,-2900000,,-0.2999999999999998,815800000,196500000,49400000,766800000,119600000,,85100000,1322400000,,12480600000,1933300000,37193100000,,,
VTRS,1792044,Health Care,2026-02-23,10-K,2026-02-26,,,,,,,,,,,,,,,,,,,,,,1151392922
VTRS,1792044,Health Care,2026-03-31,10-Q,2026-05-07,3517000000,1157200000,-79700000,-247300000,-423700000,,0.15,388300000,39900000,48200000,676100000,120100000,,0,1804200000,,12413500000,1931100000,36834600000,,1175300000,
VTRS,1792044,Health Care,2026-05-04,10-Q,2026-05-07,,,,,,,,,,,,,,,,,,,,,,1164552654
VTRS,1792044,Health Care,2026-06-30,10-Q,2026-08-06,3756800000,1456500000,6300000,-64000000,54800000,,-0.1,,,,,120700000,,,886500000,,11612400000,1738900000,35044600000,,1163300000,
VTRS,1792044,Health Care,2026-08-03,10-Q,2026-08-06,,,,,,,,,,,,,,,,,,,,,,1148590864
VZ,732712,Communication Services,2024-03-31,10-Q,2025-04-25,32981000000,,7521000000,6075000000,1353000000,4602000000,1.09,7084000000,,,4445000000,1635000000,2796000000,,2365000000,,,15594000000,380158000000,95726000000,4219000000,4209254894
VZ,732712,Communication Services,2024-06-30,10-Q,2025-07-25,32796000000,,7818000000,6034000000,1332000000,4593000000,1.09,,,,4483000000,1698000000,,,2432000000,,,23255000000,379146000000,97539000000,4221000000,4209519996
VZ,732712,Communication Services,2024-09-30,10-Q,2025-10-29,33330000000,,5926000000,4302000000,891000000,3306000000,0.78,,,,4458000000,,,,4987000000,,,21763000000,381164000000,97668000000,4225000000,4209626270
VZ,732712,Communication Services,2024-12-31,10-K (Q4 derived: FY − 9M YTD),2026-02-17,35681000000,,7421000000,6568000000,1454000000,5005000000,1.1799999999999997,10432000000,,,4506000000,,2850000000,,4194000000,,,22633000000,384711000000,100575000000,2000000,
VZ,732712,Communication Services,2025-01-31,10-K,2025-02-12,,,,,,,,,,,,,,,,,,,,,,4209703958
VZ,732712,Communication Services,2025-03-31,10-Q,2026-05-01,33485000000,,7978000000,6473000000,1490000000,4879000000,1.15,7782000000,,,4577000000,,2856000000,0,2257000000,,,22629000000,380364000000,102037000000,4226000000,4216254914
VZ,732712,Communication Services,2025-06-30,10-Q,2026-07-31,34504000000,,8172000000,6609000000,1488000000,5003000000,1.18,,,,4635000000,,,,3435000000,,,22067000000,383285000000,104361000000,4228000000,4216324808
VZ,732712,Communication Services,2025-09-30,10-Q,2025-10-29,33821000000,,8105000000,6527000000,1471000000,4950000000,1.17,,,,4618000000,,,,7706000000,,,20146000000,388331000000,106345000000,4233000000,4216425489
VZ,732712,Communication Services,2025-12-31,10-K (Q4 derived: FY − 9M YTD),2026-02-17,36381000000,,5004000000,3063000000,615000000,2342000000,0.5499999999999998,9114000000,,,4519000000,,2912000000,,19048000000,,,18618000000,404258000000,105741000000,2000000,
VZ,732712,Communication Services,2026-01-30,10-K,2026-02-17,,,,,,,,,,,,,,,,,,,,,,4217684168
VZ,732712,Communication Services,2026-03-31,10-Q,2026-05-01,34440000000,,8242000000,6784000000,1638000000,5045000000,1.2,7984000000,,,4892000000,,2910000000,2500000000,8366000000,,,28229000000,417882000000,104622000000,4210000000,4175558910
VZ,732712,Communication Services,2026-06-30,10-Q,2026-07-31,34253000000,,7179000000,5274000000,1325000000,3835000000,0.92,,,,5008000000,,,,1752000000,,,21783000000,410186000000,105196000000,4171000000,4154775202
WAB,943452,Industrials,2025-03-31,10-Q,2026-04-22,,900000000,474000000,426000000,99000000,322000000,1.88,191000000,44000000,17000000,120000000,,43000000,98000000,,4007000000,3503000000,504000000,19096000000,10368000000,171300000,
WAB,943452,Industrials,2025-04-18,10-Q,2025-04-23,,,,,,,,,,,,,,,,,,,,,,171126330
WAB,943452,Industrials,2025-06-30,10-Q,2026-07-22,,938000000,472000000,450000000,111000000,336000000,1.96,,,,117000000,,,,,4784000000,4784000000,0,20391000000,10801000000,171200000,
WAB,943452,Industrials,2025-07-21,10-Q,2025-07-24,,,,,,,,,,,,,,,,,,,,,,170953177
WAB,943452,Industrials,2025-09-30,10-Q,2025-10-22,,1002000000,491000000,425000000,112000000,310000000,1.81,,,,128000000,,,,,5285000000,5034000000,251000000,21527000000,11048000000,171100000,
WAB,943452,Industrials,2025-10-17,10-Q,2025-10-22,,,,,,,,,,,,,,,,,,,,,,170957186
WAB,943452,Industrials,2025-12-31,10-K (Q4 derived: FY − 9M YTD),2026-02-13,,966000000,356000000,291000000,87000000,202000000,1.1900000000000004,992000000,122000000,22000000,136000000,,43000000,75000000,,5541000000,4291000000,1250000000,22069000000,11142000000,-100000,
WAB,943452,Industrials,2026-02-09,10-K,2026-02-13,,,,,,,,,,,,,,,,,,,,,,170517190
WAB,943452,Industrials,2026-03-31,10-Q,2026-04-22,,1061000000,517000000,469000000,106000000,362000000,2.12,199000000,46000000,22000000,139000000,,53000000,242000000,,6538000000,4708000000,1830000000,23196000000,11103000000,170700000,
WAB,943452,Industrials,2026-04-17,10-Q,2026-04-22,,,,,,,,,,,,,,,,,,,,,,169677346
WAB,943452,Industrials,2026-06-30,10-Q,2026-07-22,,1161000000,600000000,518000000,122000000,395000000,2.33,,,,143000000,,,,,6571000000,4915000000,1656000000,23128000000,11214000000,169600000,
WAB,943452,Industrials,2026-07-17,10-Q,2026-07-22,,,,,,,,,,,,,,,,,,,,,,168910851
WAT,1000697,Health Care,2025-06-28,10-Q,2026-08-11,771000000,,188000000,178000000,31000000,147000000,2.47,,,,,15000000,,,367215000,,1196966000,,4718075000,2160000000,59656000000,
WAT,1000697,Health Care,2025-06-30,10-K,2026-02-23,,,188213000,177690000,30579000,,2.47,,,,,14354000,,,,,,,,,59656000,
WAT,1000697,Health Care,2025-08-01,10-Q,2025-08-04,,,,,,,,,,,,,,,,,,,,,,59524130
WAT,1000697,Health Care,2025-09-27,10-Q,2025-11-04,,,192114000,170119000,21196000,148923000,2.5,,,,,26637000,,,459118000,,947206000,,4862564000,2330693000,59622000,
WAT,1000697,Health Care,2025-09-30,10-K,2026-02-23,,,192114000,170119000,21196000,,2.5,,,,,26637000,,,,,,,,,59622000,
WAT,1000697,Health Care,2025-10-31,10-Q,2025-11-04,,,,,,,,,,,,,,,,,,,,,,59534740
WAT,1000697,Health Care,2025-12-31,10-K,2026-02-23,,,270516000,264181000,38967000,225214000,3.77,164553000,,14502000,21933000,14287000,,144000,588000000,1410000000,947000000,,5077000000,2562000000,59763000,
WAT,1000697,Health Care,2026-02-19,10-K,2026-02-23,,,,,,,,,,,,,,,,,,,,,,98101871
WAT,1000697,Health Care,2026-04-04,10-Q,2026-05-12,1267000000,,-47000000,-88000000,-16000000,-72000000,-0.87,-3000000,39000000,20000000,36000000,48000000,,12000000,462000000,,4855000000,,24531000000,15292000000,82139000000,
WAT,1000697,Health Care,2026-05-06,10-Q,2026-05-12,,,,,,,,,,,,,,,,,,,,,,98185855
WAT,1000697,Health Care,2026-07-04,10-Q,2026-08-11,1645000000,,-86000000,-141000000,-5000000,-136000000,-1.39,,,,,60000000,,,539000000,,4886000000,,24751000000,15195000000,98204000000,
WAT,1000697,Health Care,2026-08-07,10-Q,2026-08-11,,,,,,,,,,,,,,,,,,,,,,98248111
WBD,1437107,Communication Services,2025-03-31,10-Q,2026-05-06,,,-37000000,-434000000,15000000,-453000000,-0.18,553000000,251000000,123000000,1547000000,,,,3868000000,37426000000,,2779000000,101679000000,33836000000,2462000000,
WBD,1437107,Communication Services,2025-04-25,10-Q,2025-05-08,,,,,,,,,,,,,,,,,,,,,,2474075003
WBD,1437107,Communication Services,2025-06-30,10-Q,2026-08-06,,,-185000000,2454000000,866000000,1580000000,0.63,,,,,,,,4888000000,34632000000,,221000000,101727000000,36049000000,2499000000,
WBD,1437107,Communication Services,2025-07-25,10-Q,2025-08-07,,,,,,,,,,,,,,,,,,,,,,2475772282
WBD,1437107,Communication Services,2025-09-30,10-Q,2025-11-06,,,611000000,27000000,170000000,-148000000,-0.06,,,,,,,,4294000000,33521000000,,139000000,100519000000,36018000000,2479000000,
WBD,1437107,Communication Services,2025-10-23,10-Q,2025-11-06,,,,,,,,,,,,,,,,,,,,,,2477974509
WBD,1437107,Communication Services,2025-12-31,10-K (Q4 derived: FY − 9M YTD),2026-02-27,,,349000000,-408000000,-161000000,-252000000,-0.10000000000000003,1804000000,421000000,229000000,1315000000,,,,4566000000,32567000000,,139000000,100085000000,35919000000,20000000,
WBD,1437107,Communication Services,2026-02-12,10-K,2026-02-27,,,,,,,,,,,,,,,,,,,,,,2479929515
WBD,1437107,Communication Services,2026-03-31,10-Q,2026-05-06,,,-2469000000,-3120000000,-214000000,-2916000000,-1.17,-208000000,268000000,152000000,1226000000,,,,3264000000,32466000000,,1493000000,97837000000,32578000000,2492000000,
WBD,1437107,Communication Services,2026-04-23,10-Q,2026-05-06,,,,,,,,,,,,,,,,,,,,,,2507136702
WBD,1437107,Communication Services,2026-06-30,10-Q,2026-08-06,,,237000000,-271000000,-433000000,149000000,0.06,,,,,,,,3369000000,32023000000,,1493000000,97248000000,32838000000,2575000000,
WBD,1437107,Communication Services,2026-07-23,10-Q,2026-08-06,,,,,,,,,,,,,,,,,,,,,,2510703314
WDAY,1327811,Information Technology,2023-10-31,10-Q,2024-12-05,,,88000000,129000000,15000000,114000000,0.43,451000000,60000000,349000000,,28535000,,145000000,1564000000,2978800000,2978800000,,13925933000,6625000000,266377000,
WDAY,1327811,Information Technology,2024-01-31,10-K (Q4 derived: FY − 9M YTD),2026-03-06,,,79000000,138000000,-1050000000,1188000000,4.48,996000000,49000000,345000000,,28383000,,140000000,2012000000,2980000000,2980000000,,16452000000,8082000000,1198000,
WDAY,1327811,Information Technology,2024-04-30,10-Q,2025-05-23,,,64000000,123000000,16000000,107000000,0.4,372000000,81000000,385000000,,29000000,,128000000,1752000000,2981000000,2981000000,,15941000000,8163000000,270298000,
WDAY,1327811,Information Technology,2024-07-31,10-Q,2025-08-22,,,111000000,168000000,36000000,132000000,0.49,571000000,55000000,370000000,,,,312000000,1635000000,,2982000000,,16234000000,8345000000,267949000,
WDAY,1327811,Information Technology,2024-10-31,10-Q,2025-11-26,,,165000000,227000000,34000000,193000000,0.72,406000000,47000000,368000000,,,,158000000,1311000000,,2983000000,,16424000000,8624000000,268549000,
WDAY,1327811,Information Technology,2025-01-31,10-K (Q4 derived: FY − 9M YTD),2026-03-06,,,75000000,120000000,26000000,94000000,0.33999999999999986,1112000000,86000000,397000000,,,,103000000,1543000000,,2984000000,,17977000000,9034000000,269000,
WDAY,1327811,Information Technology,2025-04-30,10-Q,2026-05-22,,,39000000,103000000,35000000,68000000,0.25,457000000,36000000,459000000,,,,290000000,972000000,,2985000000,,17212000000,8919000000,270296000,
WDAY,1327811,Information Technology,2025-07-31,10-Q,2026-08-27,,,248000000,304000000,76000000,228000000,0.84,,,,,,,,1264000000,,2985000000,,17961000000,9172000000,270180000,
WDAY,1327811,Information Technology,2025-10-31,10-Q,2025-11-26,,,259000000,338000000,86000000,252000000,0.94,,,,,,,,2609000000,,2986000000,,17751000000,8879000000,268629000,
WDAY,1327811,Information Technology,2026-01-31,10-K (Q4 derived: FY − 9M YTD),2026-03-06,,,174000000,264000000,119000000,145000000,0.56,1278000000,60000000,399000000,,,,1504000000,1501000000,2987000000,2987000000,0,18074000000,7805000000,-1583000,
WDAY,1327811,Information Technology,2026-04-30,10-Q,2026-05-22,,,338000000,355000000,133000000,222000000,0.87,696000000,80000000,409000000,,,,1587000000,559000000,2988000000,1990000000,998000000,16091000000,6683000000,254313000,
WDAY,1327811,Information Technology,2026-07-31,10-Q,2026-08-27,,,313000000,327000000,-305000000,632000000,2.57,,,,,,,,661000000,2989000000,1990000000,999000000,15857000000,6460000000,246307000,
WDC,106040,Information Technology,2025-03-28,10-Q,2026-05-01,2294000000,912000000,760000000,74000000,-698000000,520000000,1.42,,,,,,,,3477000000,7333000000,4907000000,2426000000,16368000000,5177000000,358000000,
WDC,106040,Information Technology,2025-04-25,10-Q,2025-05-02,,,,,,,,,,,,,,,,,,,,,,348878365
WDC,106040,Information Technology,2025-06-27,10-K,2025-08-14,2605000000,1067000000,680000000,347000000,95000000,282000000,0.75,746000000,71000000,45000000,86000000,,44000000,149000000,2114000000,4711000000,2485000000,2226000000,14002000000,5311000000,1000000,
WDC,106040,Information Technology,2025-07-23,10-K,2025-08-14,,,,,,,,,,,,,,,,,,,,,,346922126
WDC,106040,Information Technology,2025-10-03,10-Q,2025-10-31,2818000000,1227000000,792000000,1337000000,155000000,1182000000,3.07,672000000,73000000,53000000,,,34000000,553000000,2048000000,4683000000,2457000000,2226000000,14359000000,5888000000,376000000,
WDC,106040,Information Technology,2025-10-23,10-Q,2025-10-31,,,,,,,,,,,,,,,,,,,,,,341899281
WDC,106040,Information Technology,2026-01-02,10-Q,2026-01-30,3017000000,1380000000,908000000,1962000000,120000000,1842000000,4.73,,,,,,,,1975000000,4655000000,2429000000,2226000000,15611000000,7111000000,381000000,
WDC,106040,Information Technology,2026-01-22,10-Q,2026-01-30,,,,,,,,,,,,,,,,,,,,,,339037922
WDC,106040,Information Technology,2026-04-03,10-Q,2026-05-01,3337000000,1676000000,1190000000,3359000000,154000000,3205000000,8.2,,,,,,,,2050000000,1581000000,0,1581000000,15045000000,9680000000,387000000,
WDC,106040,Information Technology,2026-04-23,10-Q,2026-05-01,,,,,,,,,,,,,,,,,,,,,,344682131
WDC,106040,Information Technology,2026-07-03,10-K (Q4 derived: FY − 9M YTD),2026-08-14,3747000000,2028000000,1563000000,3247000000,52000000,3195000000,8.23,1389000000,108000000,45000000,99000000,,54000000,672000000,1579000000,1052000000,0,1052000000,13861000000,8864000000,2000000,
WDC,106040,Information Technology,2026-08-07,10-K,2026-08-14,,,,,,,,,,,,,,,,,,,,,,360540944
WEC,783325,Utilities,2024-03-31,10-Q,2025-05-07,2680200000,,813400000,710300000,87700000,,,863600000,444500000,,333400000,192000000,263500000,2000000,38900000,,,,43927200000,,315900000,315822587
WEC,783325,Utilities,2024-06-30,10-Q,2025-08-01,1772000000,,364800000,251600000,41600000,,,,,,336600000,200600000,,,224000000,,,1157400000,44582200000,,316200000,316079401
WEC,783325,Utilities,2024-09-30,10-Q,2025-10-31,1863500000,,383700000,270200000,31600000,,,,,,340500000,204200000,,,322500000,,,1823700000,45196500000,,316500000,316354446
WEC,783325,Utilities,2024-12-31,10-K (Q4 derived: FY − 9M YTD),2026-02-20,2284200000,,590900000,514200000,61100000,,,581800000,,,344000000,,265000000,0,9800000,18907100000,17178100000,1729000000,47363200000,,300000,
WEC,783325,Utilities,2025-01-31,10-K,2025-02-21,,,,,,,,,,,,,,,,,,,,,,317752123
WEC,783325,Utilities,2025-03-31,10-Q,2026-05-07,3149500000,,937500000,786200000,60700000,,,1162600000,701100000,,359900000,223000000,283600000,1300000,82200000,,16161800000,2729900000,48232100000,,319300000,319133501
WEC,783325,Utilities,2025-06-30,10-Q,2026-08-04,2009500000,,404900000,262500000,19500000,,,,,,368900000,220800000,,,23000000,,17110400000,2250400000,48524300000,,322200000,321866395
WEC,783325,Utilities,2025-09-30,10-Q,2025-10-31,2104000000,,449600000,304600000,34400000,,,,,,373400000,223600000,,,51100000,,17663300000,1901400000,49808900000,,325600000,325294252
WEC,783325,Utilities,2025-12-31,10-K (Q4 derived: FY − 9M YTD),2026-02-20,2537100000,,452900000,320200000,3400000,,,424600000,,,376300000,,290400000,0,27600000,20017500000,18498100000,1519400000,51518300000,,1400000,
WEC,783325,Utilities,2026-01-31,10-K,2026-02-20,,,,,,,,,,,,,,,,,,,,,,325531361
WEC,783325,Utilities,2026-03-31,10-Q,2026-05-07,3434200000,,980000000,859200000,53100000,,,1218400000,817900000,,379800000,228500000,310100000,,45600000,,19381800000,520400000,51734000000,,328300000,325725678
WEC,783325,Utilities,2026-06-30,10-Q,2026-08-04,2062100000,,432800000,328000000,27000000,,,,,,384900000,228900000,,,50000000,,19216300000,1413500000,52750400000,,328900000,325849383
WELL,766704,Real Estate,2024-12-31,10-K (Q4 derived: FY − 9M YTD),2026-02-12,2250830000,,,109243000,114000,,0.18000000000000016,559212000,318794000,13513000,,,418464000,,3506586000,15500257000,,,51044308000,31956208000,8559000,
WELL,766704,Real Estate,2025-02-07,10-K,2025-02-12,,,,,,,,,,,,,,,,,,,,,,641308062
WELL,766704,Real Estate,2025-03-31,10-Q,2026-04-29,2423087000,,,198707000,-5519000,,0.4,598958000,240350000,17505000,,,431041000,,3501851000,15723857000,,,53293614000,33956759000,653795000,
WELL,766704,Real Estate,2025-04-25,10-Q,2025-04-29,,,,,,,,,,,,,,,,,,,,,,653951575
WELL,766704,Real Estate,2025-06-30,10-Q,2025-07-29,2548244000,,,298213000,1053000,,0.45,,,,,,,,4409740000,15971103000,,,55833495000,35900526000,668140000,
WELL,766704,Real Estate,2025-07-25,10-Q,2025-07-29,,,,,,,,,,,,,,,,,,,,,,668825942
WELL,766704,Real Estate,2025-09-30,10-Q,2025-10-28,2685692000,,,293106000,2335000,,0.41,,,,,,,,6806507000,16852362000,,,59504802000,38756818000,685399000,
WELL,766704,Real Estate,2025-10-24,10-Q,2025-10-28,,,,,,,,,,,,,,,,,,,,,,686328043
WELL,766704,Real Estate,2025-12-31,10-K (Q4 derived: FY − 9M YTD),2026-02-12,3181011000,,,,-4985000,,0.1299999999999999,654329000,313975000,1508384000,,,509708000,,5033678000,19197302000,,,67303047000,42129498000,10303000,
WELL,766704,Real Estate,2026-02-06,10-K,2026-02-12,,,,,,,,,,,,,,,,,,,,,,697752530
WELL,766704,Real Estate,2026-03-31,10-Q,2026-04-29,3351926000,,,345243000,11633000,,1.02,670011000,269832000,18830000,,,520347000,,4703775000,17933568000,,,67220556000,43793675000,726255000,
WELL,766704,Real Estate,2026-04-24,10-Q,2026-04-29,,,,,,,,,,,,,,,,,,,,,,705914450
WFC,72971,Financials,2025-03-31,10-Q,2026-04-29,,,,5326000000,522000000,4894000000,1.39,-11037000000,,,,,1318000000,3500000000,176178000000,173660000000,,,1950311000000,181090000000,3321600000,
WFC,72971,Financials,2025-04-17,10-Q,2025-04-29,,,,,,,,,,,,,,,,,,,,,,3254182446
WFC,72971,Financials,2025-06-30,10-Q,2026-07-28,,,,6438000000,916000000,5494000000,1.6,,,,,,,,193133000000,176237000000,,,1981269000000,181111000000,3267000000,
WFC,72971,Financials,2025-07-23,10-Q,2025-08-05,,,,,,,,,,,,,,,,,,,,,,3203441209
WFC,72971,Financials,2025-09-30,10-Q,2025-10-31,,,,6909000000,1300000000,5589000000,1.66,,,,,,,,172516000000,177773000000,,,2062926000000,181154000000,3223500000,
WFC,72971,Financials,2025-10-22,10-Q,2025-10-31,,,,,,,,,,,,,,,,,,,,,,3139084542
WFC,72971,Financials,2025-12-31,10-K (Q4 derived: FY − 9M YTD),2026-02-24,,,,6526000000,1103000000,5361000000,1.62,4121000000,,,,,1398000000,5000000000,172593000000,174712000000,,,2148631000000,181117000000,-28000000,
WFC,72971,Financials,2026-02-13,10-K,2026-02-24,,,,,,,,,,,,,,,,,,,,,,3085635641
WFC,72971,Financials,2026-03-31,10-Q,2026-04-29,,,,5981000000,691000000,5253000000,1.6,9143000000,,,,,1387000000,4000000000,173273000000,183941000000,,,2205752000000,178396000000,3117700000,
WFC,72971,Financials,2026-04-17,10-Q,2026-04-29,,,,,,,,,,,,,,,,,,,,,,3060189494
WFC,72971,Financials,2026-06-30,10-Q,2026-07-28,,,,8047000000,1402000000,6407000000,2,,,,,,,,201461000000,182139000000,,,2282201000000,180190000000,3074600000,
WFC,72971,Financials,2026-07-17,10-Q,2026-07-28,,,,,,,,,,,,,,,,,,,,,,3023999336
WM,823768,Industrials,2025-03-31,10-Q,2026-04-29,,,1013000000,788000000,151000000,637000000,1.58,1208000000,,51000000,691000000,,336000000,,216000000,23837000000,,954000000,44486000000,8650000000,403900000,
WM,823768,Industrials,2025-04-25,10-Q,2025-04-29,,,,,,,,,,,,,,,,,,,,,,402407976
WM,823768,Industrials,2025-06-30,10-Q,2026-07-29,,,1151000000,928000000,201000000,726000000,1.8,,,,708000000,,,,440000000,24020000000,,964000000,45722000000,9201000000,404300000,
WM,823768,Industrials,2025-07-25,10-Q,2025-07-29,,,,,,,,,,,,,,,,,,,,,,402830315
WM,823768,Industrials,2025-09-30,10-Q,2025-10-28,,,989000000,775000000,172000000,603000000,1.49,,,,729000000,,,,175000000,23362000000,,880000000,45608000000,9519000000,404300000,
WM,823768,Industrials,2025-10-24,10-Q,2025-10-28,,,,,,,,,,,,,,,,,,,,,,402867051
WM,823768,Industrials,2025-12-31,10-K (Q4 derived: FY − 9M YTD),2026-02-09,,,1155000000,935000000,193000000,742000000,1.83,1698000000,,34000000,770000000,,333000000,,201000000,22907000000,,711000000,45835000000,9990000000,200000,
WM,823768,Industrials,2026-02-05,10-K,2026-02-09,,,,,,,,,,,,,,,,,,,,,,403335781
WM,823768,Industrials,2026-03-31,10-Q,2026-04-29,,,1113000000,891000000,168000000,723000000,1.79,1501000000,,52000000,735000000,,385000000,344000000,158000000,22891000000,,641000000,45700000000,10021000000,404400000,
WM,823768,Industrials,2026-04-24,10-Q,2026-04-29,,,,,,,,,,,,,,,,,,,,,,401575752
WM,823768,Industrials,2026-06-30,10-Q,2026-07-29,,,1253000000,1024000000,238000000,785000000,1.95,,,,,,,,557000000,23356000000,,1075000000,46441000000,9925000000,402400000,
WM,823768,Industrials,2026-07-24,10-Q,2026-07-29,,,,,,,,,,,,,,,,,,,,,,399715184
WMB,107263,Energy,2025-03-31,10-Q,2026-05-04,3048000000,,1094000000,922000000,193000000,691000000,0.56,1433000000,1012000000,30000000,585000000,,610000000,,,,,,54924000000,12487000000,1225000000,
WMB,107263,Energy,2025-05-01,10-Q,2025-05-05,,,,,,,,,,,,,,,,,,,,,,1221006379
WMB,107263,Energy,2025-06-30,10-Q,2026-08-03,2781000000,,945000000,757000000,174000000,546000000,0.45,,,,605000000,,,,,,,,56141000000,12438000000,1224000000,
WMB,107263,Energy,2025-07-31,10-Q,2025-08-04,,,,,,,,,,,,,,,,,,,,,,1221177427
WMB,107263,Energy,2025-09-30,10-Q,2025-11-03,2923000000,,1109000000,929000000,246000000,647000000,0.53,,,,564000000,,,,,,,,55736000000,12520000000,1225000000,
WMB,107263,Energy,2025-10-30,10-Q,2025-11-03,,,,,,,,,,,,,,,,,,,,,,1221218867
WMB,107263,Energy,2025-12-31,10-K (Q4 derived: FY − 9M YTD),2026-02-24,3198000000,,1048000000,1017000000,244000000,734000000,0.6000000000000001,1576000000,1955000000,23000000,593000000,,610000000,,,,,,58573000000,12807000000,1000000,
WMB,107263,Energy,2026-02-19,10-K,2026-02-24,,,,,,,,,,,,,,,,,,,,,,1221563111
WMB,107263,Energy,2026-03-31,10-Q,2026-05-04,3030000000,,1321000000,1156000000,244000000,865000000,0.7,1603000000,1359000000,22000000,584000000,,642000000,,,,,,59569000000,12992000000,1226000000,
WMB,107263,Energy,2026-04-30,10-Q,2026-05-04,,,,,,,,,,,,,,,,,,,,,,1222998265
WMB,107263,Energy,2026-06-30,10-Q,2026-08-03,3053000000,,1182000000,1136000000,260000000,827000000,0.68,,,,592000000,,,,,,,,60610000000,13190000000,1225000000,
WMB,107263,Energy,2026-07-30,10-Q,2026-08-03,,,,,,,,,,,,,,,,,,,,,,1223167472
WMT,104169,Consumer Staples,2025-04-30,10-Q,2026-05-29,165609000000,,7135000000,5994000000,1355000000,4487000000,0.56,5411000000,4986000000,,,519000000,1880000000,4555000000,9311000000,,36520000000,4085000000,262372000000,83793000000,8051000000,
WMT,104169,Consumer Staples,2025-06-04,10-Q,2025-06-06,,,,,,,,,,,,,,,,,,,,,,7980418164
WMT,104169,Consumer Staples,2025-07-31,10-Q,2026-08-28,177402000000,,7286000000,9319000000,2168000000,7026000000,0.88,,,,,651000000,,,9431000000,,35640000000,4011000000,270837000000,90110000000,8016000000,
WMT,104169,Consumer Staples,2025-08-27,10-Q,2025-08-29,,,,,,,,,,,,,,,,,,,,,,7972851122
WMT,104169,Consumer Staples,2025-10-31,10-Q,2025-12-03,179496000000,,6696000000,8186000000,2098000000,6143000000,0.77,,,,,563000000,,,10582000000,,34445000000,3523000000,288655000000,96094000000,8011000000,
WMT,104169,Consumer Staples,2025-12-02,10-Q,2025-12-03,,,,,,,,,,,,,,,,,,,,,,7970166964
WMT,104169,Consumer Staples,2026-01-31,10-K (Q4 derived: FY − 9M YTD),2026-03-13,190656000000,,8708000000,5970000000,1578000000,4237000000,0.5299999999999998,14113000000,8015000000,,,585000000,1877000000,1080000000,10727000000,38166000000,34624000000,3542000000,284668000000,99617000000,-4000000,
WMT,104169,Consumer Staples,2026-03-11,10-K,2026-03-13,,,,,,,,,,,,,,,,,,,,,,7972402501
WMT,104169,Consumer Staples,2026-04-30,10-Q,2026-05-29,177751000000,,7493000000,7148000000,1658000000,5330000000,0.67,4738000000,6684000000,,,574000000,1972000000,2080000000,10729000000,,36887000000,3896000000,289607000000,94330000000,7999000000,
WMT,104169,Consumer Staples,2026-05-27,10-Q,2026-05-29,,,,,,,,,,,,,,,,,,,,,,7958079155
WMT,104169,Consumer Staples,2026-07-31,10-Q,2026-08-28,187937000000,,9383000000,8012000000,1483000000,6366000000,0.8,,,,,137000000,,,11529000000,,36462000000,3470000000,293914000000,98238000000,7978000000,
WMT,104169,Consumer Staples,2026-08-26,10-Q,2026-08-28,,,,,,,,,,,,,,,,,,,,,,7933746241
WRB,11544,Financials,2025-03-31,10-Q,2026-05-01,3547399000,,,538606000,121257000,417571000,1.04,743817000,,12423000,,31727000,30338000,49202000,1720209000,,,,41345792000,8914039000,399825000,
WRB,11544,Financials,2025-04-28,10-Q,2025-05-02,,,,,,,,,,,,,,,,,,,,,,379355841
WRB,11544,Financials,2025-06-30,10-Q,2026-07-31,3670808000,,,521863000,121155000,401288000,1,,,,,31777000,,,1984529000,,,,42658057000,9294537000,400368000,
WRB,11544,Financials,2025-07-29,10-Q,2025-08-04,,,,,,,,,,,,,,,,,,,,,,379292773
WRB,11544,Financials,2025-09-30,10-Q,2025-11-03,3768236000,,,648110000,136141000,511032000,1.28,,,,,31760000,,,2404019000,,,,43715217000,9798892000,400204000,
WRB,11544,Financials,2025-10-28,10-Q,2025-11-03,,,,,,,,,,,,,,,,,,,,,,380021174
WRB,11544,Financials,2025-12-31,10-K (Q4 derived: FY − 9M YTD),2026-02-27,3721413000,,,571964000,117213000,449511000,1.1300000000000003,995132000,,13902000,,31627000,411904000,196392000,2539938000,,,,43926843000,9700818000,-445000,
WRB,11544,Financials,2026-02-23,10-K,2026-02-27,,,,,,,,,,,,,,,,,,,,,,374490856
WRB,11544,Financials,2026-03-31,10-Q,2026-05-01,3690334000,,,616098000,100523000,515216000,1.31,667857000,,13234000,,31709000,33704000,302432000,2280934000,,,,44315553000,9739550000,394779000,
WRB,11544,Financials,2026-04-27,10-Q,2026-05-01,,,,,,,,,,,,,,,,,,,,,,372276732
WRB,11544,Financials,2026-06-30,10-Q,2026-07-31,3716119000,,,575198000,122892000,452261000,1.15,,,,,31728000,,,2606530000,,,,45677113000,9833239000,391804000,
WRB,11544,Financials,2026-07-27,10-Q,2026-07-31,,,,,,,,,,,,,,,,,,,,,,371227529
WSM,719955,Consumer Discretionary,2025-05-04,10-Q,2026-05-22,1730113000,765809000,290713000,300246000,68983000,231263000,1.85,118949000,58250000,20390000,56404000,,74667000,89971000,1047181000,,,,5157315000,2161276000,124789000,
WSM,719955,Consumer Discretionary,2025-05-25,10-Q,2025-05-28,,,,,,,,,,,,,,,,,,,,,,122998061
WSM,719955,Consumer Discretionary,2025-08-03,10-Q,2026-08-28,1836760000,864623000,328059000,337139000,89577000,247562000,2,,,,,,,199100000,985823000,,,,5228368000,2149696000,123595000,
WSM,719955,Consumer Discretionary,2025-08-24,10-Q,2025-08-29,,,,,,,,,,,,,,,,,,,,,,121790333
WSM,719955,Consumer Discretionary,2025-11-02,10-Q,2025-11-25,1882814000,867733000,319143000,328928000,87336000,241592000,1.96,,,,,,,266600000,884663000,,,,5311381000,2067958000,123273000,
WSM,719955,Consumer Discretionary,2025-11-23,10-Q,2025-11-25,,,,,,,,,,,,,,,,,,,,,,119380711
WSM,719955,Consumer Discretionary,2026-02-01,10-K (Q4 derived: FY − 9M YTD),2026-03-26,2357129000,1104886000,477807000,486247000,118227000,368020000,3.0199999999999996,596924000,80933000,29370000,60773000,,79855000,298259000,1019801000,,,,5411912000,2082559000,-722000,
WSM,719955,Consumer Discretionary,2026-03-22,10-K,2026-03-26,,,,,,,,,,,,,,,,,,,,,,119016049
WSM,719955,Consumer Discretionary,2026-05-03,10-Q,2026-05-22,1805456000,793426000,291688000,298595000,67233000,231362000,1.93,156323000,57685000,29540000,56116000,,85580000,287805000,651601000,,,,5059548000,1869804000,119894000,
WSM,719955,Consumer Discretionary,2026-05-17,10-Q,2026-05-22,,,,,,,,,,,,,,,,,,,,,,117746611
WSM,719955,Consumer Discretionary,2026-08-02,10-Q,2026-08-28,1959757000,1011948000,448795000,461207000,123098000,338109000,2.84,,,,,,,,1028936000,,,,5506306000,2140914000,118892000,
WSM,719955,Consumer Discretionary,2026-08-23,10-Q,2026-08-28,,,,,,,,,,,,,,,,,,,,,,117779173
WST,105770,Health Care,2025-03-31,10-Q,2026-04-23,,231900000,107000000,110500000,24100000,89800000,1.23,129400000,71300000,1300000,40000000,,15200000,133500000,404200000,202600000,202600000,0,3618200000,2683100000,73000000,
WST,105770,Health Care,2025-04-21,10-Q,2025-04-24,,,,,,,,,,,,,,,,,,,,,,71845364
WST,105770,Health Care,2025-06-30,10-Q,2026-07-23,,273900000,153700000,157000000,30200000,131800000,1.82,,,,41400000,,,,509700000,202600000,202600000,0,3952800000,2929100000,72500000,
WST,105770,Health Care,2025-07-21,10-Q,2025-07-24,,,,,,,,,,,,,,,,,,,,,,71907325
WST,105770,Health Care,2025-09-30,10-Q,2025-10-23,,294300000,167600000,171900000,34000000,140000000,1.92,,,,43000000,,,,628500000,202700000,202700000,0,4105800000,3051500000,72600000,
WST,105770,Health Care,2025-10-20,10-Q,2025-10-23,,,,,,,,,,,,,,,,,,,,,,71943412
WST,105770,Health Care,2025-12-31,10-K (Q4 derived: FY − 9M YTD),2026-02-17,,303900000,156600000,161500000,33300000,132100000,1.8200000000000003,251100000,76100000,6700000,47000000,,15800000,0,791300000,202800000,202800000,0,4270000000,3176000000,0,
WST,105770,Health Care,2026-01-29,10-K,2026-02-17,,,,,,,,,,,,,,,,,,,,,,72021491
WST,105770,Health Care,2026-03-31,10-Q,2026-04-23,,296400000,177100000,180100000,44700000,138800000,1.92,89900000,42700000,6600000,45200000,,15800000,297600000,521400000,202800000,202800000,0,4109800000,2990400000,72400000,
WST,105770,Health Care,2026-04-20,10-Q,2026-04-23,,,,,,,,,,,,,,,,,,,,,,70647595
WST,105770,Health Care,2026-06-30,10-Q,2026-07-23,,329200000,179100000,180100000,32200000,154000000,2.15,,,,46200000,,,,435800000,202900000,202900000,0,4076400000,2990200000,71300000,
WST,105770,Health Care,2026-07-20,10-Q,2026-07-23,,,,,,,,,,,,,,,,,,,,,,70375762
WTW,1140536,Financials,2025-03-31,10-Q,2026-04-30,2223000000,,432000000,303000000,65000000,235000000,2.33,-35000000,,37000000,,65000000,88000000,200000000,1507000000,,4761000000,549000000,28064000000,8133000000,101000000,
WTW,1140536,Financials,2025-04-21,10-Q,2025-04-24,,,,,,,,,,,,,,,,,,,,,,99149791
WTW,1140536,Financials,2025-06-30,10-Q,2026-07-30,2261000000,,368000000,313000000,-21000000,331000000,3.32,,,,,64000000,,,1963000000,,4762000000,549000000,28478000000,8100000000,100000000,
WTW,1140536,Financials,2025-07-30,10-Q,2025-08-01,,,,,,,,,,,,,,,,,,,,,,97547991
WTW,1140536,Financials,2025-09-30,10-Q,2025-10-30,2288000000,,418000000,390000000,77000000,304000000,3.11,,,,,65000000,,,1895000000,,4763000000,550000000,27439000000,7735000000,98000000,
WTW,1140536,Financials,2025-10-28,10-Q,2025-10-30,,,,,,,,,,,,,,,,,,,,,,95748613
WTW,1140536,Financials,2025-12-31,10-K (Q4 derived: FY − 9M YTD),2026-02-25,2936000000,,1016000000,947000000,197000000,735000000,7.520000000000001,771000000,,49000000,,66000000,89000000,350000000,3132000000,9685000000,5756000000,550000000,29530000000,7976000000,-1000000,
WTW,1140536,Financials,2026-02-20,10-K,2026-02-25,,,,,,,,,,,,,,,,,,,,,,94545903
WTW,1140536,Financials,2026-03-31,10-Q,2026-04-30,2412000000,,448000000,376000000,70000000,297000000,3.1,-10000000,,42000000,,77000000,88000000,300000000,1855000000,,6304000000,0,29637000000,7977000000,96000000,
WTW,1140536,Financials,2026-04-27,10-Q,2026-04-30,,,,,,,,,,,,,,,,,,,,,,94447976
WTW,1140536,Financials,2026-06-30,10-Q,2026-07-30,2466000000,,364000000,292000000,57000000,229000000,2.43,,,,,78000000,,,1627000000,,5781000000,749000000,30559000000,7688000000,94000000,
WTW,1140536,Financials,2026-07-27,10-Q,2026-07-30,,,,,,,,,,,,,,,,,,,,,,92871937
WY,106535,Real Estate,2025-03-31,10-Q,2026-05-01,1763000000,335000000,179000000,99000000,16000000,83000000,0.11,70000000,,11000000,125000000,66000000,152000000,25000000,560000000,,5017000000,,16520000000,9645000000,726566000,
WY,106535,Real Estate,2025-04-21,10-Q,2025-04-25,,,,,,,,,,,,,,,,,,,,,,725273000
WY,106535,Real Estate,2025-06-30,10-Q,2026-07-31,1884000000,325000000,178000000,99000000,12000000,87000000,0.12,,,,125000000,66000000,,,592000000,,4268000000,,16478000000,9524000000,723927000,
WY,106535,Real Estate,2025-07-21,10-Q,2025-07-25,,,,,,,,,,,,,,,,,,,,,,721511000
WY,106535,Real Estate,2025-09-30,10-Q,2025-10-31,1717000000,204000000,123000000,39000000,-41000000,80000000,0.11,,,,130000000,71000000,,,401000000,,4948000000,,16668000000,9438000000,722012000,
WY,106535,Real Estate,2025-10-27,10-Q,2025-10-31,,,,,,,,,,,,,,,,,,,,,,720861000
WY,106535,Real Estate,2025-12-31,10-K (Q4 derived: FY − 9M YTD),2026-02-13,1541000000,161000000,251000000,23000000,-51000000,74000000,0.10000000000000003,-114000000,,11000000,129000000,70000000,152000000,10000000,464000000,5572000000,5050000000,522000000,16613000000,9426000000,-584000,
WY,106535,Real Estate,2026-02-03,10-K,2026-02-13,,,,,,,,,,,,,,,,,,,,,,720665000
WY,106535,Real Estate,2026-03-31,10-Q,2026-05-01,1727000000,318000000,247000000,171000000,15000000,156000000,0.22,52000000,,13000000,124000000,66000000,151000000,10000000,299000000,,5052000000,,16401000000,9439000000,721671000,
WY,106535,Real Estate,2026-04-27,10-Q,2026-05-01,,,,,,,,,,,,,,,,,,,,,,721043000
WY,106535,Real Estate,2026-06-30,10-Q,2026-07-31,1867000000,311000000,223000000,147000000,-15000000,162000000,0.23,,,,127000000,66000000,,,527000000,,5303000000,,16513000000,9456000000,721901000,
WY,106535,Real Estate,2026-07-27,10-Q,2026-07-31,,,,,,,,,,,,,,,,,,,,,,720736000
WYNN,1174922,Consumer Discretionary,2025-03-31,10-Q,2026-05-07,,,268589000,92427000,11022000,72747000,0.69,133774000,159931000,19400000,155421000,,26793000,212048000,2070086000,10553099000,9513157000,1039942000,12724044000,-360678000,105730000,
WYNN,1174922,Consumer Discretionary,2025-04-30,10-Q,2025-05-06,,,,,,,,,,,,,,,,,,,,,,104554301
WYNN,1174922,Consumer Discretionary,2025-06-30,10-Q,2026-08-06,,,264600000,87549000,10588000,66218000,0.64,,,28837000,152907000,,,,1984752000,10544792000,9545693000,999099000,12689027000,-441540000,103780000,
WYNN,1174922,Consumer Discretionary,2025-07-30,10-Q,2025-08-07,,,,,,,,,,,,,,,,,,,,,,103976531
WYNN,1174922,Consumer Discretionary,2025-09-30,10-Q,2025-11-06,,,310489000,189563000,61136000,88341000,0.85,,,22664000,152828000,,,,1486291000,10568191000,10563486000,4705000,12802172000,-370042000,103636000,
WYNN,1174922,Consumer Discretionary,2025-10-31,10-Q,2025-11-06,,,,,,,,,,,,,,,,,,,,,,103974479
WYNN,1174922,Consumer Discretionary,2025-12-31,10-K (Q4 derived: FY − 9M YTD),2026-03-02,,,274706000,144601000,22259000,100028000,0.96,478016000,171248000,21026000,159477000,,25801000,448000,1463442000,10546812000,10537402000,9410000,13108117000,-275492000,-130000,
WYNN,1174922,Consumer Discretionary,2026-02-18,10-K,2026-03-02,,,,,,,,,,,,,,,,,,,,,,104283291
WYNN,1174922,Consumer Discretionary,2026-03-31,10-Q,2026-05-07,,,282604000,160670000,10132000,120454000,1.04,153455000,179064000,25738000,160527000,,26879000,70047000,1187644000,10524505000,9976664000,547841000,12905298000,-211822000,103800000,
WYNN,1174922,Consumer Discretionary,2026-04-30,10-Q,2026-05-07,,,,,,,,,,,,,,,,,,,,,,103786729
WYNN,1174922,Consumer Discretionary,2026-06-30,10-Q,2026-08-06,,,297588000,198726000,16154000,140062000,1.32,,,16902000,165421000,,,,1573353000,10724660000,9295695000,1428965000,13159235000,-169451000,102983000,
WYNN,1174922,Consumer Discretionary,2026-07-31,10-Q,2026-08-06,,,,,,,,,,,,,,,,,,,,,,102973891
XEL,72903,Utilities,2025-03-31,10-Q,2026-04-30,,,677000000,422000000,-61000000,483000000,0.84,1028000000,,9000000,,332000000,306000000,,1123000000,30499000000,,,72749000000,19804000000,577000000,
XEL,72903,Utilities,2025-04-17,10-Q,2025-04-24,,,,,,,,,,,,,,,,,,,,,,576760613
XEL,72903,Utilities,2025-06-30,10-Q,2026-07-30,,,577000000,384000000,-60000000,444000000,0.75,,,,,349000000,,,1454000000,31350000000,,,75337000000,20961000000,588000000,
XEL,72903,Utilities,2025-07-29,10-Q,2025-07-31,,,,,,,,,,,,,,,,,,,,,,591426177
XEL,72903,Utilities,2025-09-30,10-Q,2025-10-30,,,749000000,532000000,8000000,524000000,0.88,,,,,384000000,,,1052000000,32035000000,,,79154000000,21181000000,595000000,
XEL,72903,Utilities,2025-10-28,10-Q,2025-10-30,,,,,,,,,,,,,,,,,,,,,,591539773
XEL,72903,Utilities,2025-12-31,10-K (Q4 derived: FY − 9M YTD),2026-02-25,,,580000000,435000000,-132000000,567000000,0.9499999999999997,209000000,,8000000,,403000000,328000000,,274000000,32333000000,,,81371000000,23609000000,2000000,
XEL,72903,Utilities,2026-02-19,10-K,2026-02-25,,,,,,,,,,,,,,,,,,,,,,623876813
XEL,72903,Utilities,2026-03-31,10-Q,2026-04-30,,,754000000,509000000,-47000000,556000000,0.89,1697000000,,11000000,,412000000,347000000,,1760000000,35553000000,,,84828000000,23806000000,626000000,
XEL,72903,Utilities,2026-04-28,10-Q,2026-04-30,,,,,,,,,,,,,,,,,,,,,,624269560
XEL,72903,Utilities,2026-06-30,10-Q,2026-07-30,,,706000000,526000000,-60000000,586000000,0.93,,,,,443000000,,,2010000000,36947000000,,,87165000000,24057000000,627000000,
XEL,72903,Utilities,2026-07-28,10-Q,2026-07-30,,,,,,,,,,,,,,,,,,,,,,624634306
XOM,2115436,Energy,2025-06-30,10-Q,2026-08-03,81506000000,,,10705000000,3351000000,7082000000,1.64,,,,6101000000,145000000,,,,,,,,,,
XOM,2115436,Energy,2025-12-31,10-Q,2026-08-03,,,,,,,,,,,,,,,10681000000,34241000000,,9296000000,448980000000,259386000000,,
XOM,2115436,Energy,2026-06-30,10-Q,2026-08-03,116017000000,,,19424000000,4543000000,14525000000,3.48,,,,8689000000,227000000,,,10588000000,32229000000,,10139000000,464482000000,259380000000,,4111911960
XYL,1524472,Industrials,2025-03-31,10-Q,2026-04-28,2069000000,768000000,231000000,217000000,50000000,169000000,0.69,33000000,71000000,12000000,,,98000000,13000000,1059000000,2029000000,1974000000,,16559000000,10816000000,243780000,
XYL,1524472,Industrials,2025-04-25,10-Q,2025-04-29,,,,,,,,,,,,,,,,,,,,,,243351011
XYL,1524472,Industrials,2025-06-30,10-Q,2026-07-28,2301000000,892000000,305000000,299000000,75000000,226000000,0.93,,,13000000,,,,,1170000000,2009000000,1928000000,,17191000000,11074000000,243859000,
XYL,1524472,Industrials,2025-07-25,10-Q,2025-07-31,,,,,,,,,,,,,,,,,,,,,,243409688
XYL,1524472,Industrials,2025-09-30,10-Q,2025-10-28,2268000000,883000000,334000000,297000000,71000000,227000000,0.93,,,12000000,,,,,1191000000,1975000000,1913000000,,17295000000,11207000000,244091000,
XYL,1524472,Industrials,2025-10-24,10-Q,2025-10-28,,,,,,,,,,,,,,,,,,,,,,243469063
XYL,1524472,Industrials,2025-12-31,10-K (Q4 derived: FY − 9M YTD),2026-02-25,2397000000,932000000,353000000,,35000000,335000000,1.37,543000000,83000000,16000000,,,98000000,1000000,1479000000,1954000000,1408000000,,17634000000,11480000000,84000,
XYL,1524472,Industrials,2026-02-20,10-K,2026-02-25,,,,,,,,,,,,,,,,,,,,,,243141405
XYL,1524472,Industrials,2026-03-31,10-Q,2026-04-28,2125000000,803000000,244000000,244000000,55000000,193000000,0.79,108000000,90000000,13000000,,,106000000,563000000,808000000,1950000000,1407000000,,16954000000,10972000000,243360000,
XYL,1524472,Industrials,2026-04-24,10-Q,2026-04-28,,,,,,,,,,,,,,,,,,,,,,237693493
XYL,1524472,Industrials,2026-06-30,10-Q,2026-07-28,2336000000,963000000,390000000,364000000,103000000,263000000,1.11,,,12000000,,,,,1276000000,2947000000,2395000000,,17342000000,10421000000,236574000,
XYL,1524472,Industrials,2026-07-24,10-Q,2026-07-28,,,,,,,,,,,,,,,,,,,,,,233486812
XYZ,1512673,Financials,2023-09-30,10-Q,2024-11-07,5617493000,1898449000,-9908000,-12405000,81139000,-88738000,-0.15,,,,,,,,5112293000,,,,32554898000,17812660000,611276000,
XYZ,1512673,Financials,2023-12-31,10-K (Q4 derived: FY − 9M YTD),2026-02-26,5773042000,2025752000,-130652000,22084000,-59886000,102236000,0.16999999999999998,-797923000,51694000,331583000,105324000,,,156812000,4996465000,4120091000,,,33031308000,18695256000,7257000,
XYZ,1512673,Financials,2024-03-31,10-Q,2025-05-01,5957128000,2094473000,249743000,506312000,35492000,472005000,0.74,489395000,31998000,311168000,97640000,,,252095000,5753436000,4122653000,,,35612830000,18970801000,637360000,
XYZ,1512673,Financials,2024-06-30,10-Q,2025-08-07,6155563000,2233480000,306562000,248901000,59029000,195268000,0.31,,,,,,,,7799093000,6098981000,,,37546600000,19301996000,634221000,
XYZ,1512673,Financials,2024-09-30,10-Q,2025-11-06,5975801000,2249685000,323009000,324147000,43011000,283754000,0.45,,,,,,,,8299804000,6102189000,,,36355435000,19920914000,632760000,
XYZ,1512673,Financials,2024-12-31,10-K (Q4 derived: FY − 9M YTD),2026-02-26,6032561000,2311398000,13013000,277794000,-1300000000,1946020000,3.0599999999999996,13800000,26993000,316934000,88878000,,,183160000,8075247000,6105436000,,,36777595000,21267932000,971000,
XYZ,1512673,Financials,2025-03-31,10-Q,2026-05-07,5771796000,2289603000,329302000,227050000,38328000,189872000,0.3,133336000,31882000,315236000,88948000,,,445298000,7088831000,5108385000,,,36395567000,21469194000,635342000,
XYZ,1512673,Financials,2025-06-30,10-Q,2026-08-05,6054457000,2536530000,484293000,659382000,121048000,538458000,0.87,,,,,,,,6384224000,5110866000,,,36858391000,22157136000,618928000,
XYZ,1512673,Financials,2025-09-30,10-Q,2025-11-06,6114952000,2661570000,409440000,601526000,139928000,461544000,0.74,,,,,,,,8335934000,7285500000,,,39182823000,22507398000,621658000,
XYZ,1512673,Financials,2025-12-31,10-K (Q4 derived: FY − 9M YTD),2026-02-26,6252478000,2872226000,485371000,201953000,86397000,115762000,0.19000000000000017,621000000,41200000,293523000,96065000,,,790132000,6564092000,7289018000,,,39549887000,22204278000,-2418000,
XYZ,1512673,Financials,2026-03-31,10-Q,2026-05-07,6056847000,2909239000,-171990000,-392577000,-83982000,-308681000,-0.52,965595000,30574000,338700000,95977000,,,635988000,6858357000,7292520000,,,39986081000,21715338000,597586000,
XYZ,1512673,Financials,2026-06-30,10-Q,2026-08-05,6617687000,3166081000,446870000,301476000,214407000,88517000,0.15,,,,,,,,6427331000,5720569000,,,39156667000,22047075000,608847000,
YUM,1041061,Consumer Discretionary,2025-03-31,10-Q,2026-05-06,1787000000,,548000000,429000000,176000000,253000000,0.9,404000000,71000000,21000000,45000000,,198000000,229000000,607000000,,,32000000,6659000000,-7804000000,282000000,
YUM,1041061,Consumer Discretionary,2025-05-01,10-Q,2025-05-07,,,,,,,,,,,,,,,,,,,,,,277964501
YUM,1041061,Consumer Discretionary,2025-06-30,10-Q,2026-08-05,1933000000,,622000000,499000000,125000000,374000000,1.33,,,,44000000,,,,677000000,,,974000000,6917000000,-7680000000,281000000,
YUM,1041061,Consumer Discretionary,2025-08-01,10-Q,2025-08-07,,,,,,,,,,,,,,,,,,,,,,277535696
YUM,1041061,Consumer Discretionary,2025-09-30,10-Q,2025-11-07,1979000000,,666000000,541000000,144000000,397000000,1.41,,,,50000000,,,,1045000000,,,36000000,7193000000,-7505000000,281000000,
YUM,1041061,Consumer Discretionary,2025-10-31,10-Q,2025-11-07,,,,,,,,,,,,,,,,,,,,,,277652829
YUM,1041061,Consumer Discretionary,2025-12-31,10-K (Q4 derived: FY − 9M YTD),2026-02-20,2515000000,,738000000,607000000,72000000,535000000,1.9099999999999997,617000000,135000000,16000000,67000000,,197000000,178000000,709000000,,,39000000,8197000000,-7325000000,0,
YUM,1041061,Consumer Discretionary,2026-02-17,10-K,2026-02-20,,,,,,,,,,,,,,,,,,,,,,276430130
YUM,1041061,Consumer Discretionary,2026-03-31,10-Q,2026-05-06,2059000000,,644000000,516000000,84000000,432000000,1.55,416000000,75000000,24000000,60000000,,207000000,185000000,689000000,,,1751000000,8211000000,-7283000000,279000000,
YUM,1041061,Consumer Discretionary,2026-05-01,10-Q,2026-05-06,,,,,,,,,,,,,,,,,,,,,,275621202
YUM,1041061,Consumer Discretionary,2026-06-30,10-Q,2026-08-05,2169000000,,655000000,533000000,-320000000,853000000,3.08,,,,60000000,,,,674000000,,,2823000000,8682000000,-7107000000,277000000,
YUM,1041061,Consumer Discretionary,2026-07-30,10-Q,2026-08-05,,,,,,,,,,,,,,,,,,,,,,272901085
ZBH,1136869,Health Care,2025-03-31,10-Q,2026-05-01,1909100000,,292300000,229000000,46500000,182000000,0.91,382800000,44600000,19600000,254400000,,47800000,229800000,1384500000,,6576300000,600000000,22183900000,12395100000,199700000,
ZBH,1136869,Health Care,2025-04-24,10-Q,2025-05-05,,,,,,,,,,,,,,,,,,,,,,197847894
ZBH,1136869,Health Care,2025-06-30,10-Q,2026-08-05,2077300000,,300000000,224600000,71200000,152800000,0.77,,,,,,,,556900000,,6752500000,820000000,22865100000,12525000000,198300000,
ZBH,1136869,Health Care,2025-07-31,10-Q,2025-08-07,,,,,,,,,,,,,,,,,,,,,,198095984
ZBH,1136869,Health Care,2025-09-30,10-Q,2025-11-05,2001400000,,351300000,279200000,48000000,230900000,1.16,,,,,,,,1292700000,,7512600000,600000000,23488000000,12756500000,198800000,
ZBH,1136869,Health Care,2025-10-31,10-Q,2025-11-05,,,,,,,,,,,,,,,,,,,,,,198181555
ZBH,1136869,Health Care,2025-12-31,10-K (Q4 derived: FY − 9M YTD),2026-02-20,2243800000,,154500000,98000000,-39900000,139300000,0.71,517400000,74800000,24100000,284000000,,47500000,250000000,591900000,,6932000000,587100000,23091700000,12697700000,-300000,
ZBH,1136869,Health Care,2026-02-10,10-K,2026-02-20,,,,,,,,,,,,,,,,,,,,,,195652004
ZBH,1136869,Health Care,2026-03-31,10-Q,2026-05-01,2086700000,,373200000,301300000,63000000,238100000,1.22,359400000,36300000,24200000,270000000,,46900000,250100000,424200000,,6295100000,1175900000,22721600000,12673300000,195800000,
ZBH,1136869,Health Care,2026-04-23,10-Q,2026-05-01,,,,,,,,,,,,,,,,,,,,,,193462482
ZBH,1136869,Health Care,2026-06-30,10-Q,2026-08-05,2177000000,,326100000,255100000,55500000,198300000,1.03,,,,,,,,410000000,,6277500000,1201500000,22797800000,12623900000,192800000,
ZBH,1136869,Health Care,2026-07-30,10-Q,2026-08-05,,,,,,,,,,,,,,,,,,,,,,190737689
ZBRA,877212,Information Technology,2025-03-29,10-Q,2026-05-12,1308000000,645000000,195000000,165000000,29000000,136000000,2.62,178000000,20000000,51000000,41000000,,,125000000,879000000,2183000000,2103000000,69000000,7899000000,3626000000,51806550,
ZBRA,877212,Information Technology,2025-04-22,10-Q,2025-04-29,,,,,,,,,,,,,,,,,,,,,,50854327
ZBRA,877212,Information Technology,2025-06-28,10-Q,2026-08-04,1293000000,616000000,183000000,138000000,26000000,112000000,2.19,,,,,,,,872000000,2183000000,2128000000,44000000,7938000000,3617000000,51282273,
ZBRA,877212,Information Technology,2025-07-29,10-Q,2025-08-05,,,,,,,,,,,,,,,,,,,,,,50845151
ZBRA,877212,Information Technology,2025-09-27,10-Q,2025-10-28,1320000000,634000000,183000000,159000000,58000000,101000000,1.97,,,,,,,,1053000000,2183000000,2107000000,66000000,8067000000,3747000000,51171119,
ZBRA,877212,Information Technology,2025-10-21,10-Q,2025-10-28,,,,,,,,,,,,,,,,,,,,,,50660242
ZBRA,877212,Information Technology,2025-12-31,10-K (Q4 derived: FY − 9M YTD),2026-02-12,1475000000,698000000,139000000,98000000,28000000,70000000,1.3999999999999995,357000000,30000000,33000000,59000000,,,303000000,125000000,,2361000000,141000000,8502000000,3588000000,-217137,
ZBRA,877212,Information Technology,2026-02-05,10-K,2026-02-12,,,,,,,,,,,,,,,,,,,,,,49191704
ZBRA,877212,Information Technology,2026-04-04,10-Q,2026-05-12,1495000000,742000000,215000000,167000000,32000000,135000000,2.72,176000000,13000000,58000000,56000000,,,300000000,114000000,2660000000,2387000000,264000000,8332000000,3470000000,49428337,
ZBRA,877212,Information Technology,2026-05-05,10-Q,2026-05-12,,,,,,,,,,,,,,,,,,,,,,47633392
ZBRA,877212,Information Technology,2026-07-04,10-Q,2026-08-04,1557000000,825000000,321000000,285000000,52000000,233000000,4.85,,,,,,,,157000000,2776000000,493000000,2275000000,8637000000,3435000000,48129265,
ZBRA,877212,Information Technology,2026-07-28,10-Q,2026-08-04,,,,,,,,,,,,,,,,,,,,,,47310660
ZTS,1555280,Health Care,2025-03-31,10-Q,2026-05-07,2198000000,,,773000000,171000000,602000000,1.34,515000000,178000000,17000000,119000000,54000000,,443000000,1721000000,6650000000,5227000000,1350000000,14098000000,4655000000,448000000,
ZTS,1555280,Health Care,2025-05-02,10-Q,2025-05-06,,,,,,,,,,,,,,,,,,,,,,445208053
ZTS,1555280,Health Care,2025-06-30,10-Q,2026-08-06,2474000000,,,912000000,186000000,726000000,1.63,,,,124000000,53000000,,,1435000000,6650000000,5231000000,1350000000,14479000000,4977000000,445500000,
ZTS,1555280,Health Care,2025-08-01,10-Q,2025-08-05,,,,,,,,,,,,,,,,,,,,,,443183472
ZTS,1555280,Health Care,2025-09-30,10-Q,2025-11-04,2400000000,,,887000000,166000000,721000000,1.63,,,,124000000,58000000,,,2084000000,7150000000,7069000000,0,15159000000,5398000000,443200000,
ZTS,1555280,Health Care,2025-10-31,10-Q,2025-11-04,,,,,,,,,,,,,,,,,,,,,,440693214
ZTS,1555280,Health Care,2025-12-31,10-K (Q4 derived: FY − 9M YTD),2026-02-12,2387000000,,,761000000,158000000,603000000,1.3699999999999992,893000000,161000000,22000000,121000000,57000000,,2060000000,2450000000,9150000000,9042000000,0,15490000000,3415000000,-1765000,
ZTS,1555280,Health Care,2026-02-06,10-K,2026-02-12,,,,,,,,,,,,,,,,,,,,,,422127709
ZTS,1555280,Health Care,2026-03-31,10-Q,2026-05-07,2262000000,,,758000000,157000000,601000000,1.42,401000000,110000000,25000000,119000000,62000000,,606000000,1941000000,9150000000,9045000000,,15154000000,3233000000,422400000,
ZTS,1555280,Health Care,2026-05-01,10-Q,2026-05-07,,,,,,,,,,,,,,,,,,,,,,419228118
ZTS,1555280,Health Care,2026-06-30,10-Q,2026-08-06,2468000000,,,866000000,175000000,691000000,1.65,,,,119000000,61000000,,,1476000000,9150000000,9048000000,,15077000000,3148000000,417700000,
ZTS,1555280,Health Care,2026-07-31,10-Q,2026-08-06,,,,,,,,,,,,,,,,,,,,,,413223602
