ticker,cik,sector,fiscal_year,period_end,filed,revenue,gross_profit,operating_income,pretax_income,income_tax,net_income,eps_diluted,operating_cash_flow,capex,stock_comp,d_and_a,interest_expense,dividends_paid,buybacks,cash,total_debt,lt_debt_noncurrent,debt_current,total_assets,total_equity,shares_diluted,shares_outstanding
A,1090872,Health Care,2018,2018-10-31,2020-12-18,,,904000000,,630000000,,0.97,1087000000,177000000,70000000,210000000,75000000,191000000,422000000,2247000000,1792000000,1799000000,,8541000000,4567000000,325000000,318533054
A,1090872,Health Care,2019,2019-10-31,2021-12-17,,,941000000,919000000,-152000000,,3.37,1021000000,155000000,72000000,238000000,74000000,206000000,723000000,1382000000,1786000000,1791000000,,9452000000,4748000000,318000000,310183415
A,1090872,Health Care,2020,2020-10-31,2022-12-21,,,846000000,842000000,123000000,719000000,2.3,921000000,119000000,83000000,308000000,78000000,222000000,469000000,1441000000,2284000000,2284000000,,9627000000,4873000000,312000000,306849526
A,1090872,Health Care,2021,2021-10-31,2023-12-20,,,1347000000,1360000000,150000000,1210000000,3.94,1485000000,188000000,110000000,321000000,81000000,236000000,788000000,1484000000,2729000000,2729000000,,10705000000,5389000000,307000000,302000797
A,1090872,Health Care,2022,2022-10-31,2024-12-20,,,1618000000,1504000000,250000000,1254000000,4.18,1312000000,291000000,125000000,317000000,84000000,250000000,1139000000,1053000000,2733000000,,,10532000000,5305000000,300000000,296072040
A,1090872,Health Care,2023,2023-10-31,2025-12-22,,,1350000000,1339000000,99000000,1240000000,4.19,1772000000,298000000,111000000,271000000,95000000,265000000,575000000,1590000000,2735000000,,,10763000000,5845000000,296000000,293004102
A,1090872,Health Care,2024,2024-10-31,2025-12-22,,,1488000000,1521000000,232000000,1289000000,4.43,1751000000,378000000,129000000,257000000,96000000,274000000,1150000000,1329000000,3345000000,,,11846000000,5898000000,291000000,285595302
A,1090872,Health Care,2025,2025-10-31,2025-12-22,,,1479000000,1435000000,132000000,1303000000,4.57,1559000000,407000000,128000000,288000000,112000000,282000000,425000000,1789000000,3050000000,,,12727000000,6741000000,285000000,283498871
AAPL,320193,Information Technology,2018,2018-09-29,2018-11-05,265595000000,101839000000,70898000000,72903000000,13372000000,59531000000,2.98,77434000000,13313000000,5340000000,10903000000,3240000000,,72738000000,25913000000,,93735000000,8784000000,365725000000,107147000000,20000435000,4745398000
AAPL,320193,Information Technology,2019,2019-09-28,2021-10-29,,98392000000,63930000000,65737000000,10481000000,55256000000,2.97,69391000000,10495000000,6068000000,12547000000,3576000000,,66897000000,48844000000,,91807000000,10260000000,338516000000,90488000000,18595651000,4443265000
AAPL,320193,Information Technology,2020,2020-09-26,2022-10-28,,104956000000,66288000000,67091000000,9680000000,57411000000,3.28,80674000000,7309000000,6829000000,11056000000,2873000000,,72358000000,38016000000,,98667000000,8773000000,323888000000,65339000000,17528214000,17001802000
AAPL,320193,Information Technology,2021,2021-09-25,2023-11-03,,152836000000,108949000000,109207000000,14527000000,94680000000,5.61,104038000000,11085000000,7906000000,11284000000,2645000000,,85971000000,34940000000,118700000000,109106000000,9613000000,351002000000,63090000000,16864919000,16406397000
AAPL,320193,Information Technology,2022,2022-09-24,2024-11-01,,170782000000,119437000000,119103000000,19300000000,99803000000,6.11,122151000000,10708000000,9038000000,11104000000,2931000000,,89402000000,23646000000,110087000000,98959000000,11128000000,352755000000,50672000000,16325819000,15908118000
AAPL,320193,Information Technology,2023,2023-09-30,2025-10-31,,169148000000,114301000000,113736000000,16741000000,96995000000,6.13,110543000000,10959000000,10833000000,11519000000,3933000000,,77550000000,29965000000,105103000000,95281000000,9822000000,352583000000,62146000000,15812547000,15552752000
AAPL,320193,Information Technology,2024,2024-09-28,2025-10-31,,180683000000,123216000000,123485000000,29749000000,93736000000,6.08,118254000000,9447000000,11688000000,11445000000,,,94949000000,29943000000,96662000000,85750000000,10912000000,364980000000,56950000000,15408095000,15115823000
AAPL,320193,Information Technology,2025,2025-09-27,2025-10-31,,195201000000,133050000000,132729000000,20719000000,112010000000,7.46,111482000000,12715000000,12863000000,11698000000,,,90711000000,35934000000,90678000000,78328000000,12350000000,359241000000,73733000000,15004697000,14776353000
ABBV,1551152,Health Care,2019,2019-12-31,2022-02-18,33266000000,,12983000000,8426000000,544000000,7882000000,5.28,13324000000,552000000,430000000,464000000,1784000000,6366000000,629000000,39924000000,67233000000,,3753000000,89115000000,-8172000000,1484000000,1475083514
ABBV,1551152,Health Care,2020,2020-12-31,2023-02-17,45804000000,,11363000000,3398000000,-1224000000,4616000000,2.72,17588000000,798000000,753000000,666000000,2454000000,7716000000,978000000,8449000000,84948000000,,8468000000,150565000000,13076000000,1673000000,1479156683
ABBV,1551152,Health Care,2021,2021-12-31,2024-02-20,56197000000,,17924000000,12989000000,1440000000,11542000000,6.45,22777000000,787000000,692000000,803000000,2423000000,9261000000,934000000,9746000000,75962000000,,12481000000,146529000000,15408000000,1777000000,1765881690
ABBV,1551152,Health Care,2022,2022-12-31,2025-02-14,58054000000,,18117000000,13477000000,1632000000,11836000000,6.63,24943000000,695000000,671000000,778000000,2230000000,10043000000,1487000000,9201000000,63128000000,,4135000000,138805000000,17254000000,1778000000,1768753829
ABBV,1551152,Health Care,2023,2023-12-31,2026-02-20,54318000000,,12757000000,6250000000,1377000000,4863000000,2.72,22839000000,777000000,747000000,752000000,2224000000,10539000000,1972000000,12814000000,59245000000,,7191000000,134711000000,10360000000,1773000000,1769399971
ABBV,1551152,Health Care,2024,2024-12-31,2026-02-20,56334000000,,9137000000,3716000000,-570000000,4278000000,2.39,18806000000,974000000,911000000,764000000,2808000000,11025000000,1708000000,5524000000,66841000000,,6804000000,135161000000,3325000000,1773000000,1766473359
ABBV,1551152,Health Care,2025,2025-12-31,2026-02-20,61160000000,,15075000000,6597000000,2364000000,4226000000,2.36,19030000000,1214000000,955000000,762000000,2893000000,11657000000,980000000,5229000000,64503000000,,6056000000,133960000000,-3270000000,1773000000,1765354859
ABBV,1551152,Health Care,2026,2026-02-10,2026-02-20,,,,,,,,,,,,,,,,,,,,,,1768169012
ABNB,1559720,Consumer Discretionary,2018,2018-12-31,2022-02-25,,,,,,,,,,,,,,,,,,,,-517308000,,
ABNB,1559720,Consumer Discretionary,2019,2019-12-31,2022-02-25,4805239000,,-501543000,-411703000,262636000,-674339000,,222727000,125452000,97547000,57200000,,,,2013547000,,,,,-808000000,260556000,
ABNB,1559720,Consumer Discretionary,2020,2020-12-31,2023-02-17,3378000000,,-3590000000,-4682000000,-97000000,-4585000000,,-740000000,37000000,3003000000,67200000,,,0,5480557000,,1815562000,10000000,10491499000,2901000000,284000000,
ABNB,1559720,Consumer Discretionary,2021,2021-12-31,2024-02-16,5992000000,,429000000,-300000000,52000000,-352000000,,2313000000,25000000,899000000,85600000,,,0,6067000000,2000000000,1983000000,0,13708000000,4775000000,616000000,
ABNB,1559720,Consumer Discretionary,2022,2022-12-31,2025-02-13,8399000000,,1802000000,1989000000,96000000,1893000000,,3430000000,25000000,930000000,42600000,,,1500000000,7378000000,,1987000000,,16038000000,5560000000,680000000,
ABNB,1559720,Consumer Discretionary,2023,2023-12-31,2026-02-12,9917000000,,1518000000,2102000000,-2690000000,4792000000,,3884000000,,1120000000,,,,2252000000,6874000000,,1991000000,,20645000000,8165000000,662000000,
ABNB,1559720,Consumer Discretionary,2024,2024-12-31,2026-02-12,11102000000,,2553000000,3331000000,683000000,2648000000,,4518000000,,1407000000,,,,3430000000,6864000000,,1995000000,0,20959000000,8412000000,645000000,
ABNB,1559720,Consumer Discretionary,2025,2025-12-31,2026-02-12,12241000000,,2544000000,3137000000,626000000,2511000000,,4646000000,,1592000000,,,,3789000000,6560000000,,0,1999000000,22208000000,8199000000,623000000,
ABT,1800,Health Care,2019,2019-12-31,2022-02-18,31904000000,,4532000000,4077000000,390000000,3687000000,2.06,6136000000,1638000000,519000000,1078000000,670000000,2270000000,718000000,3860000000,17938000000,16661000000,1277000000,67887000000,31088000000,1781000000,1756470269
ABT,1800,Health Care,2020,2020-12-31,2023-02-17,34608000000,,5357000000,4968000000,497000000,4495000000,2.5,7901000000,2177000000,546000000,1195000000,546000000,2560000000,403000000,6838000000,18534000000,18527000000,7000000,72548000000,32784000000,1786000000,1763433243
ABT,1800,Health Care,2021,2021-12-31,2024-02-16,43075000000,,8425000000,8211000000,1140000000,7071000000,3.94,10533000000,1885000000,640000000,1491000000,533000000,3202000000,2299000000,9799000000,18050000000,17296000000,754000000,75196000000,35802000000,1789000000,1771529358
ABT,1800,Health Care,2022,2022-12-31,2025-02-21,43653000000,,8362000000,8306000000,1373000000,6933000000,3.91,9581000000,1777000000,685000000,1254000000,558000000,3309000000,3795000000,9882000000,16773000000,14522000000,2251000000,74438000000,36686000000,1764000000,1763482267
ABT,1800,Health Care,2023,2023-12-31,2026-02-20,40109000000,,6478000000,6664000000,941000000,5723000000,3.26,7261000000,2202000000,644000000,1277000000,637000000,3556000000,1227000000,6896000000,14679000000,13599000000,1080000000,73214000000,38603000000,1749000000,1737946233
ABT,1800,Health Care,2024,2024-12-31,2026-02-20,41950000000,,6825000000,7013000000,-6389000000,13402000000,7.64,8558000000,2207000000,673000000,1340000000,,3836000000,1295000000,7616000000,14125000000,12625000000,1500000000,81414000000,47664000000,1748000000,1735184289
ABT,1800,Health Care,2025,2025-12-31,2026-02-20,44328000000,,8053000000,8466000000,1942000000,6524000000,3.72,9566000000,2171000000,664000000,1434000000,,4116000000,893000000,8522000000,12929000000,9896000000,3033000000,86713000000,52130000000,1748000000,1734323411
ABT,1800,Health Care,2026,2026-01-31,2026-02-20,,,,,,,,,,,,,,,,,,,,,,1737682887
ACGL,947484,Financials,2019,2019-12-31,2022-02-25,6925967000,,,1849110000,155810000,1636319000,3.87,2048459000,37837000,66417000,,120872000,,2871000,726230000,,,,37885361000,11497371000,411609478,402529670
ACGL,947484,Financials,2020,2020-12-31,2023-02-24,8508509000,,,1577549000,111838000,1405521000,3.32,2886505000,39872000,71262000,,143456000,,83472000,906448000,,,,43282297000,13105886000,410259455,406658701
ACGL,947484,Financials,2021,2021-12-31,2024-02-23,9248000000,,,2368000000,128000000,2157000000,5.23,3425000000,41000000,88000000,,139000000,,1234000000,859000000,,,,45101000000,13546000000,400300000,403014515
ACGL,947484,Financials,2022,2022-12-31,2025-02-27,9613000000,,,1562000000,80000000,1476000000,3.8,3816000000,50000000,88000000,,131000000,,586000000,855000000,,,,47990000000,12910000000,377600000,379042099
ACGL,947484,Financials,2023,2023-12-31,2026-02-26,13634000000,,,3570000000,-873000000,4443000000,11.62,5749000000,52000000,93000000,,133000000,,0,917000000,,,,58906000000,18353000000,378800000,371196508
ACGL,947484,Financials,2024,2024-12-31,2026-02-26,17440000000,,,4674000000,362000000,4312000000,11.19,6673000000,51000000,133000000,,141000000,,24000000,979000000,,,,70906000000,20820000000,381800000,374151215
ACGL,947484,Financials,2025,2025-12-31,2026-02-26,19929000000,,,5159000000,760000000,4399000000,11.6,6172000000,44000000,148000000,,148000000,,1889000000,993000000,,,,79241000000,24206000000,375900000,375357236
ACGL,947484,Financials,2026,2026-02-23,2026-02-26,,,,,,,,,,,,,,,,,,,,,,355803320
ACN,1467373,Information Technology,2018,2018-08-31,2020-10-22,40992534000,,5898779000,,1593499000,4059907000,6.34,6026691000,619187000,976908000,926776000,19539000,1708724000,2639094000,5061360000,19676000,,5337000,24449083000,10364753000,655296150,
ACN,1467373,Information Technology,2019,2019-08-31,2021-10-15,43215013000,,6305074000,6251797000,1405556000,4779112000,7.36,6626953000,599009000,1093253000,892760000,22963000,1864353000,2691114000,6126853000,16247000,,6411000,29789880000,14409008000,650204873,
ACN,1467373,Information Technology,2020,2020-08-31,2022-10-12,44327039000,,6513644000,6774331000,1589018000,5107839000,7.89,8215152000,599132000,1197806000,1022399000,33071000,2037733000,2915847000,8415330000,54052000,,7820000,37078593000,17000536000,647797003,
ACN,1467373,Information Technology,2021,2021-08-31,2023-10-12,50533389000,,7621529000,7761116000,1770571000,5906809000,9.16,8975148000,580132000,1342951000,1127563000,59492000,2236094000,3703124000,8168174000,53473000,,12080000,43175843000,19529454000,645909042,
ACN,1467373,Information Technology,2022,2022-08-31,2024-10-10,61594305000,,9367181000,9196167000,2207207000,6877169000,10.71,9541129000,717998000,1679789000,1319186000,47320000,2457306000,4116378000,7889833000,45893000,,9175000,47263390000,22106097000,642839181,
ACN,1467373,Information Technology,2023,2023-08-31,2025-10-10,64111745000,,8809889000,9139332000,2135802000,6871557000,10.77,9524268000,528172000,1913051000,1412073000,47525000,,4330403000,9045032000,43093000,,104810000,51245305000,25692839000,638591616,
ACN,1467373,Information Technology,2024,2024-08-31,2025-10-10,64896464000,,9595847000,9699323000,2280126000,7264787000,11.44,9131027000,516509000,1941590000,1443225000,58969000,,4524646000,5004469000,78628000,,946229000,55932363000,28288646000,635940044,
ACN,1467373,Information Technology,2025,2025-08-31,2025-10-10,69672977000,,10225664000,10270393000,2437993000,7678433000,12.15,11474399000,600039000,2093878000,,228555000,,4619497000,11478729000,5034169000,,114484000,65394897000,31195446000,632435108,
ADBE,796343,Information Technology,2019,2019-11-29,2022-01-21,11171000000,9498000000,3268000000,3205000000,254000000,2951000000,6,4422000000,395000000,788000000,757000000,157000000,,2750000000,2650000000,989000000,,,20762000000,10530000000,491600000,487725915
ADBE,796343,Information Technology,2020,2020-11-27,2023-01-17,12868000000,11146000000,4237000000,4176000000,-1084000000,5260000000,10.83,5727000000,419000000,909000000,757000000,116000000,,3050000000,4478000000,4117000000,,,24284000000,13264000000,485500000,482130975
ADBE,796343,Information Technology,2021,2021-12-03,2024-01-17,15785000000,13920000000,5802000000,5705000000,883000000,4822000000,10.02,7230000000,348000000,1069000000,788000000,113000000,,3950000000,3844000000,4123000000,,,27241000000,14797000000,481000000,478700000
ADBE,796343,Information Technology,2022,2022-12-02,2025-01-13,17606000000,15441000000,6098000000,6008000000,1252000000,4756000000,10.1,7838000000,442000000,1440000000,856000000,112000000,,6550000000,4236000000,3629000000,,,27165000000,14051000000,470900000,471700000
ADBE,796343,Information Technology,2023,2023-12-01,2026-01-15,19409000000,17055000000,6650000000,6799000000,1371000000,5428000000,11.82,7302000000,360000000,1718000000,872000000,113000000,,4400000000,7141000000,3634000000,,,29779000000,16518000000,459100000,457800000
ADBE,796343,Information Technology,2024,2024-11-29,2026-01-15,21505000000,19147000000,6741000000,6931000000,1371000000,5560000000,12.36,8056000000,183000000,1833000000,857000000,,,9500000000,7613000000,4129000000,,1500000000,30230000000,14105000000,449700000,452000000
ADBE,796343,Information Technology,2025,2025-11-28,2026-01-15,23769000000,21218000000,8706000000,8734000000,1604000000,7130000000,16.7,10031000000,179000000,1942000000,818000000,,,11281000000,5431000000,6210000000,,0,29496000000,11623000000,427000000,435300000
ADBE,796343,Information Technology,2026,2026-01-09,2026-01-15,,,,,,,,,,,,,,,,,,,,,,410500000
ADI,6281,Information Technology,2018,2018-11-03,2018-11-27,6200942000,4250396000,1899589000,,148334000,1506980000,,2442361000,254876000,151165000,228525000,253589000,703307000,225977000,816591000,,,,20438366000,11268173000,374938000,370159553
ADI,6281,Information Technology,2019,2019-11-02,2021-12-03,,4013750000,1710608000,1485728000,122717000,1363011000,,2253100000,275372000,150300000,240677000,229075000,777481000,613005000,648322000,,,,21392641000,11709188000,372871000,368302369
ADI,6281,Information Technology,2020,2020-10-31,2022-11-22,,3690478000,1498244000,1311617000,90856000,1220761000,3.28,2008487000,165692000,149518000,233775000,193305000,886155000,244487000,1055860000,,,,21468603000,11997945000,371973000,369484899
ADI,6281,Information Technology,2021,2021-10-30,2023-11-21,,4525012000,1692201000,1328714000,-61708000,1390422000,3.46,2735069000,343676000,243611000,231275000,184825000,1109344000,2605144000,1977964000,6776865000,,,52322071000,37992542000,401288000,525330672
ADI,6281,Information Technology,2022,2022-10-29,2024-11-26,,7532474000,3278700000,3098749000,350188000,2748561000,5.25,4475402000,699308000,323487000,283338000,200408000,1544552000,2577015000,1470572000,6576865000,6548625000,0,50302350000,36465323000,523178000,509295941
ADI,6281,Information Technology,2023,2023-10-28,2025-11-25,,7877218000,3823112000,3608003000,293424000,3314579000,6.55,4817634000,1261463000,299823000,334704000,264641000,1679106000,2963955000,958061000,,5902457000,499052000,48794478000,35565122000,505959000,496261678
ADI,6281,Information Technology,2024,2024-11-02,2025-11-25,,5381343000,2032798000,1777340000,142067000,1635273000,3.28,3852529000,730463000,262710000,362771000,,1795459000,615590000,1991342000,,6634313000,399636000,48228277000,35176317000,498697000,496296854
ADI,6281,Information Technology,2025,2025-11-01,2025-11-25,,6773478000,2932496000,2712112000,444770000,2267342000,4.56,4812202000,533552000,321560000,406801000,,1924413000,2164638000,2499406000,,8145066000,0,47992712000,33815755000,496709000,489654097
ADM,7084,Consumer Staples,2019,2019-12-31,2022-02-17,64656000000,4147000000,,1588000000,209000000,1379000000,2.44,-5452000000,828000000,89000000,993000000,402000000,789000000,150000000,852000000,7679000000,7672000000,7000000,43997000000,19225000000,565000000,560088795
ADM,7084,Consumer Staples,2020,2020-12-31,2023-02-14,64355000000,4453000000,,1883000000,101000000,1772000000,3.15,-2386000000,823000000,151000000,976000000,339000000,809000000,133000000,666000000,7887000000,7885000000,2000000,49719000000,20022000000,565000000,557887494
ADM,7084,Consumer Staples,2021,2021-12-31,2024-11-18,85249000000,5987000000,,3313000000,578000000,2709000000,4.79,6595000000,1169000000,161000000,996000000,265000000,834000000,0,943000000,8581000000,8011000000,570000000,56136000000,22508000000,566000000,558414074
ADM,7084,Consumer Staples,2022,2022-12-31,2025-02-20,101556000000,7570000000,,5233000000,868000000,4340000000,7.71,3478000000,1319000000,147000000,1028000000,396000000,899000000,1450000000,1037000000,8677000000,7735000000,942000000,59774000000,24317000000,563000000,562166572
ADM,7084,Consumer Staples,2023,2023-12-31,2026-02-17,93935000000,7513000000,,4294000000,828000000,3483000000,6.43,4460000000,1494000000,112000000,1059000000,647000000,977000000,2673000000,1368000000,8260000000,8259000000,1000000,54631000000,24145000000,542000000,548008680
ADM,7084,Consumer Staples,2024,2024-12-31,2026-02-17,85530000000,5778000000,,2255000000,476000000,1800000000,3.65,2790000000,1563000000,74000000,1141000000,706000000,985000000,2327000000,611000000,8254000000,7580000000,674000000,53271000000,22178000000,493000000,509849153
ADM,7084,Consumer Staples,2025,2025-12-31,2026-02-17,80269000000,5033000000,,1255000000,182000000,1078000000,2.23,5452000000,1248000000,83000000,1181000000,612000000,987000000,0,1015000000,7612000000,6606000000,1006000000,52389000000,22740000000,484000000,479707071
ADM,7084,Consumer Staples,2026,2026-02-10,2026-02-17,,,,,,,,,,,,,,,,,,,,,,481201844
ADP,8670,Industrials,2019,2019-06-30,2021-08-04,14110200000,,,,712800000,2292800000,5.24,2688300000,162000000,167300000,409000000,129900000,1293000000,937700000,1949200000,,2002200000,,41887700000,5399900000,437600000,433942837
ADP,8670,Industrials,2020,2020-06-30,2022-08-03,14589800000,,,3182600000,716100000,2466500000,5.7,3026200000,172700000,130800000,480000000,107100000,1470500000,1006300000,1908500000,,1002800000,,39165500000,5752200000,432700000,429965405
ADP,8670,Industrials,2021,2021-06-30,2023-08-03,15005400000,,,3361200000,762700000,2598500000,6.07,3093300000,178600000,175300000,510700000,59700000,1575500000,1372300000,2575200000,,2985000000,,48772500000,5670100000,428100000,423080556
ADP,8670,Industrials,2022,2022-06-30,2024-08-07,16498300000,,,3804100000,855200000,2948900000,7,3099500000,174400000,201700000,515100000,81900000,1659000000,1969400000,1436300000,,2987100000,,63068200000,3225300000,421100000,415516984
ADP,8670,Industrials,2023,2023-06-30,2025-08-06,18012200000,,,4437600000,1025600000,3412000000,8.21,4207600000,206300000,220400000,549300000,253300000,1903600000,1121400000,2083500000,,2989000000,,50971000000,3509100000,415700000,411986870
ADP,8670,Industrials,2024,2024-06-30,2026-08-05,19202600000,,,4872300000,1120300000,3752000000,9.1,4157600000,208400000,243500000,561900000,361400000,2183100000,1231700000,2913400000,,2991300000,,54362700000,4547600000,412200000,407795203
ADP,8670,Industrials,2025,2025-06-30,2026-08-05,20560900000,,,5310100000,1230400000,4079700000,9.98,4939700000,168700000,266100000,582400000,455900000,2398900000,1280500000,3347800000,,3974700000,,53369300000,6188000000,408700000,405043142
ADP,8670,Industrials,2026,2026-06-30,2026-08-05,21947400000,,,5730300000,1316800000,4413500000,10.94,5441200000,196600000,242600000,585900000,459300000,2626300000,2083300000,4230100000,,4964100000,,63193300000,6031200000,403300000,397262737
ADSK,769397,Information Technology,2019,2019-01-31,2021-03-19,2569800000,2283900000,-25000000,,38100000,-80800000,-0.37,377100000,67000000,249500000,,,0,293500000,886000000,2087700000,,,4729200000,-210900000,218900000,219800000
ADSK,769397,Information Technology,2020,2020-01-31,2022-03-14,3274300000,2949400000,343000000,294800000,80300000,214500000,0.96,1415100000,53200000,362400000,,,0,442500000,1774700000,2100000000,,,6179300000,-139000000,222500000,219521425
ADSK,769397,Information Technology,2021,2021-01-31,2023-03-14,3790000000,3453000000,629000000,547000000,-661000000,1208000000,5.44,1437000000,91000000,398000000,,,0,552000000,1772200000,1650000000,,,7279800000,965000000,222000000,219592294
ADSK,769397,Information Technology,2022,2022-01-31,2024-06-10,4386000000,3968000000,618000000,565000000,68000000,497000000,2.24,1531000000,56000000,555000000,,,0,1079000000,1528000000,2650000000,,,8607000000,849000000,222000000,217307974
ADSK,769397,Information Technology,2023,2023-01-31,2025-03-06,5005000000,4525000000,989000000,946000000,123000000,823000000,3.78,2071000000,40000000,657000000,,83000000,0,1101000000,1947000000,2300000000,,,9438000000,1145000000,218000000,214782702
ADSK,769397,Information Technology,2024,2024-01-31,2026-03-03,5497000000,4986000000,1128000000,1136000000,230000000,906000000,4.19,1313000000,31000000,703000000,,71000000,0,795000000,1892000000,2300000000,,,9912000000,1855000000,216000000,215446979
ADSK,769397,Information Technology,2025,2025-01-31,2026-03-03,6131000000,5553000000,1354000000,1384000000,272000000,1112000000,5.12,1607000000,40000000,683000000,,71000000,0,852000000,1599000000,2300000000,,,10833000000,2621000000,217000000,213000000
ADSK,769397,Information Technology,2026,2026-01-31,2026-03-03,7206000000,6556000000,1578000000,1603000000,479000000,1124000000,5.23,2452000000,43000000,788000000,,80000000,,1402000000,2249000000,2500000000,,,12467000000,3045000000,215000000,211000000
AEE,1002910,Utilities,2019,2019-12-31,2022-02-23,5910000000,,1267000000,,182000000,,3.35,2170000000,2411000000,20000000,1002000000,381000000,472000000,0,16000000,9442000000,8915000000,442000000,28933000000,8059000000,247100000,244638879
AEE,1002910,Utilities,2020,2020-12-31,2023-02-22,5794000000,,1300000000,,155000000,,3.5,1727000000,3233000000,21000000,1153000000,419000000,494000000,,139000000,11190000000,11078000000,8000000,32030000000,8938000000,248700000,246231712
AEE,1002910,Utilities,2021,2021-12-31,2024-02-29,6394000000,,1333000000,1152000000,157000000,,3.84,1661000000,3479000000,22000000,1219000000,383000000,565000000,,8000000,13182000000,12562000000,505000000,35735000000,9700000000,257600000,253355105
AEE,1002910,Utilities,2022,2022-12-31,2025-02-18,7957000000,,1515000000,1255000000,176000000,,4.14,2263000000,3351000000,24000000,1373000000,486000000,610000000,,10000000,14147000000,13685000000,340000000,37904000000,10508000000,259500000,257724783
AEE,1002910,Utilities,2023,2023-12-31,2026-02-18,7500000000,,1558000000,1340000000,183000000,,4.38,2564000000,3597000000,26000000,1432000000,566000000,662000000,,25000000,16107000000,15121000000,849000000,40830000000,11349000000,263400000,262028768
AEE,1002910,Utilities,2024,2024-12-31,2026-02-18,7623000000,,1516000000,1270000000,83000000,,4.42,2763000000,4319000000,28000000,1524000000,663000000,714000000,,7000000,17799000000,17262000000,317000000,44598000000,12114000000,267400000,266288867
AEE,1002910,Utilities,2025,2025-12-31,2026-02-18,8799000000,,2026000000,1597000000,136000000,,5.35,3353000000,4128000000,28000000,1612000000,776000000,768000000,,13000000,19431000000,18214000000,973000000,48476000000,13401000000,272200000,269906252
AEE,1002910,Utilities,2026,2026-01-30,2026-02-18,,,,,,,,,,,,,,,,,,,,,,276424515
AEP,4904,Utilities,2018,2018-12-31,2021-02-25,16195700000,,2682700000,2043900000,115300000,,3.9,5223200000,0,,,984400000,1255500000,,234100000,23346700000,21648200000,1698500000,68802800000,19028400000,493758277,493245876
AEP,4904,Utilities,2019,2019-12-31,2022-02-24,15561400000,,2592300000,1903900000,-12900000,,3.88,4270100000,918400000,,,1072500000,1350000000,,246800000,26725500000,25126800000,1598700000,75892300000,19632200000,495306238,494169471
AEP,4904,Utilities,2020,2020-12-31,2023-02-23,14918500000,,2987700000,2234300000,40500000,,4.42,3832900000,0,,,1165700000,1424900000,,392700000,31072500000,28986400000,2086100000,80757200000,20550900000,497226867,496604194
AEP,4904,Utilities,2021,2021-12-31,2024-02-26,16792000000,,3411300000,2600200000,115500000,,4.96,3839900000,,,,1199100000,-1519500000,,403400000,33454500000,31300700000,2153800000,87668700000,22433200000,501784032,504212015
AEP,4904,Utilities,2022,2022-12-31,2025-02-13,19639500000,,3482700000,2309600000,5400000,,4.49,5288000000,,63300000,3072800000,1396100000,1645200000,,509400000,36801000000,34314600000,2486400000,93403300000,23893400000,513484609,513866081
AEP,4904,Utilities,2023,2023-12-31,2026-02-12,18982000000,,3556000000,2268000000,55000000,,4.24,5012000000,,51000000,2927000000,1806900000,1752000000,,330100000,40143200000,37652700000,2490500000,96684000000,25246700000,520206258,526184585
AEP,4904,Utilities,2024,2024-12-31,2026-02-12,19721000000,,4304000000,2937000000,-39000000,,5.58,6804000000,,53000000,3149000000,,1898000000,,203000000,42643000000,39308000000,3335000000,103078000000,26944000000,531337703,532907715
AEP,4904,Utilities,2025,2025-12-31,2026-02-12,21876000000,,5319000000,3825000000,129000000,,6.66,6944000000,,53000000,3325000000,,2008000000,,197000000,47322000000,44128000000,3194000000,114460000000,31138000000,537467865,540861473
AES,874761,Utilities,2019,2019-12-31,2022-02-28,10189000000,2349000000,,-277000000,352000000,303000000,0.45,2466000000,2405000000,22000000,,1050000000,362000000,,1029000000,,,,33648000000,2996000000,667000000,662358244
AES,874761,Utilities,2020,2020-12-31,2023-03-01,9660000000,2693000000,,-192000000,216000000,46000000,0.07,2755000000,1900000000,21000000,,1038000000,381000000,,1089000000,,,,34603000000,2634000000,668000000,664036935
AES,874761,Utilities,2021,2021-12-31,2024-02-26,11141000000,2711000000,,644000000,-133000000,-409000000,-0.61,1902000000,2116000000,14000000,,911000000,401000000,,943000000,,,,32963000000,2798000000,666000000,665479845
AES,874761,Utilities,2022,2022-12-31,2025-03-11,12617000000,2548000000,,96000000,265000000,-546000000,-0.82,2715000000,4551000000,23000000,,1117000000,422000000,,1374000000,,,,38363000000,2437000000,668000000,667395142
AES,874761,Utilities,2023,2023-12-31,2026-03-02,12668000000,2504000000,,,261000000,249000000,0.35,3034000000,7724000000,2000000,,1319000000,444000000,,1426000000,,,,44799000000,2488000000,712000000,668824617
AES,874761,Utilities,2024,2024-12-31,2026-03-02,12278000000,2314000000,,,59000000,1679000000,2.36,2752000000,7392000000,12000000,,1485000000,483000000,,1524000000,,,,47406000000,3644000000,713000000,710287083
AES,874761,Utilities,2025,2025-12-31,2026-03-02,12233000000,2211000000,,,-181000000,910000000,1.26,4306000000,5929000000,14000000,,1407000000,501000000,,1382000000,,,,51768000000,4063000000,714000000,711908057
AES,874761,Utilities,2026,2026-02-24,2026-03-02,,,,,,,,,,,,,,,,,,,,,,712558860
AFL,4977,Financials,2019,2019-12-31,2022-02-23,22307000000,,4461000000,,1141000000,3304000000,4.43,5455000000,,,41000000,228000000,771000000,1627000000,4896000000,6569000000,,,152768000000,28959000000,746430000,750332375
AFL,4977,Financials,2020,2020-12-31,2023-02-24,22147000000,,4416000000,,-619000000,4778000000,6.67,5958000000,,,41000000,242000000,769000000,1537000000,5141000000,7899000000,,,165086000000,33559000000,716192000,722520700
AFL,4977,Financials,2021,2021-12-31,2024-02-22,21554000000,,4934000000,5208000000,977000000,4231000000,6.25,5051000000,,,45000000,238000000,855000000,2301000000,5051000000,7956000000,,,157542000000,17031000000,676729000,688587083
AFL,4977,Financials,2022,2022-12-31,2025-02-26,19140000000,,4157000000,4869000000,451000000,4418000000,6.93,3879000000,,,45000000,226000000,979000000,2401000000,3943000000,7442000000,,,131738000000,20140000000,637655000,649860875
AFL,4977,Financials,2023,2023-12-31,2026-02-25,18701000000,,,5262000000,603000000,4659000000,7.78,3190000000,,,39000000,195000000,966000000,2801000000,4306000000,7364000000,,,126724000000,21985000000,598745000,612208648
AFL,4977,Financials,2024,2024-12-31,2026-02-25,18927000000,,,6417000000,974000000,5443000000,9.63,2707000000,,,40000000,,1087000000,2800000000,6229000000,7498000000,,,117566000000,26098000000,565015000,577008328
AFL,4977,Financials,2025,2025-12-31,2026-02-25,17164000000,,,4533000000,887000000,3646000000,6.82,2555000000,,,36000000,,1198000000,3530000000,6245000000,8409000000,,,116470000000,29490000000,534878000,546588291
AFL,4977,Financials,2026,2026-02-16,2026-02-25,,,,,,,,,,,,,,,,,,,,,,516369452
AIG,5272,Financials,2019,2019-12-31,2022-02-17,49746000000,,,5287000000,1166000000,3348000000,3.74,-1807000000,304000000,314000000,5006000000,1417000000,1114000000,0,3287000000,35350000000,,,525064000000,65675000000,889511946,869486334
AIG,5272,Financials,2020,2020-12-31,2023-02-17,43736000000,,,-7293000000,-1460000000,-5944000000,-6.88,1038000000,353000000,274000000,4120000000,1457000000,1103000000,500000000,3230000000,37534000000,,,586481000000,66362000000,869309458,873422023
AIG,5272,Financials,2021,2021-12-31,2024-02-14,52157000000,,,13347000000,2441000000,10367000000,11.95,6223000000,343000000,278000000,4542000000,1305000000,1083000000,2592000000,2427000000,30163000000,,,598841000000,65098000000,864884879,864790669
AIG,5272,Financials,2022,2022-12-31,2025-02-13,29996000000,,,3772000000,882000000,10227000000,12.94,4134000000,210000000,288000000,3861000000,603000000,982000000,5200000000,1571000000,27179000000,,,522228000000,40970000000,787941750,814757881
AIG,5272,Financials,2023,2023-12-31,2026-02-12,27938000000,,,2867000000,126000000,3643000000,4.98,6243000000,240000000,199000000,3841000000,516000000,997000000,2961000000,1573000000,10606000000,,,539306000000,45351000000,725233068,737247384
AIG,5272,Financials,2024,2024-12-31,2026-02-12,27251000000,,,3870000000,1170000000,-1404000000,-2.17,3273000000,,211000000,3597000000,462000000,1002000000,6652000000,1372000000,8922000000,,,161322000000,42521000000,657283160,680953652
AIG,5272,Financials,2025,2025-12-31,2026-02-12,26775000000,,,3879000000,782000000,3096000000,5.43,3314000000,,207000000,3455000000,396000000,976000000,5836000000,1345000000,9191000000,,,161254000000,41139000000,570349988,593332964
AIG,5272,Financials,2026,2026-02-06,2026-02-12,,,,,,,,,,,,,,,,,,,,,,536559663
AIZ,1267238,Financials,2019,2019-12-31,2022-02-22,9569100000,,,454700000,148300000,382600000,5.84,1413400000,110300000,55900000,125500000,110600000,151400000,271800000,1867100000,2006900000,,,44291200000,5652800000,62313468,61696055
AIZ,1267238,Financials,2020,2020-12-31,2023-02-17,9597600000,,,578100000,58700000,440800000,6.98,1342000000,121200000,57900000,142300000,104500000,154600000,297000000,2207600000,,,,44649900000,5951400000,63179938,59823754
AIZ,1267238,Financials,2021,2021-12-31,2024-02-15,10187600000,,,771300000,168400000,1361800000,22.66,781700000,187400000,66700000,171600000,111800000,157600000,839300000,2040800000,,,,33920600000,5464100000,60123694,57903055
AIZ,1267238,Financials,2022,2022-12-31,2025-02-20,10193000000,,,349900000,73300000,276600000,5.05,596900000,186300000,62600000,182000000,108300000,150200000,572800000,1536700000,,,,33117300000,4228700000,54782528,55161629
AIZ,1267238,Financials,2023,2023-12-31,2026-02-19,11131600000,,,806800000,164300000,642500000,11.95,1138100000,202500000,75100000,196400000,108000000,152300000,193100000,1627400000,,,,33635200000,4809500000,53198310,52919741
AIZ,1267238,Financials,2024,2024-12-31,2026-02-19,11877500000,,,927300000,167100000,760200000,14.46,1332700000,221300000,81100000,223500000,,155900000,307400000,1807700000,,,,35020600000,5106700000,52052961,51977634
AIZ,1267238,Financials,2025,2025-12-31,2026-02-19,12814300000,,,1087400000,214700000,872700000,16.93,1833900000,235500000,85700000,250000000,,168400000,303700000,1834100000,,,,36289600000,5871600000,51086649,50791921
AIZ,1267238,Financials,2026,2026-02-13,2026-02-19,,,,,,,,,,,,,,,,,,,,,,49699769
AJG,354190,Financials,2019,2019-12-31,2022-02-18,,,,626100000,-89700000,668800000,3.52,1191100000,,14000000,474400000,179800000,321100000,,604800000,18500000,3816100000,,19634800000,5155500000,,184060000
AJG,354190,Financials,2020,2020-12-31,2023-02-10,,,,870900000,12800000,818800000,4.2,1807100000,,13600000,562400000,196400000,347400000,,664600000,19600000,4266000000,,22331400000,6186200000,,188247000
AJG,354190,Financials,2021,2021-12-31,2024-02-09,,,,975100000,20100000,906800000,4.37,1392400000,,13400000,566300000,226100000,392000000,,402600000,22600000,5810200000,,33236100000,8508400000,,193740000
AJG,354190,Financials,2022,2022-12-31,2025-02-18,,,,1327000000,211000000,1114200000,5.19,1390000000,,24400000,599600000,256900000,429500000,,738400000,16800000,5562800000,,38358400000,9143600000,,208542000
AJG,354190,Financials,2023,2023-12-31,2026-02-17,,,,1185000000,219000000,970000000,4.42,2032000000,,31000000,697000000,297000000,474000000,,,23600000,7006000000,,51616000000,10775300000,,212094000
AJG,354190,Financials,2024,2024-12-31,2026-02-17,,,,1875000000,404000000,1463000000,6.5,2583000000,,42000000,843000000,381000000,525000000,,,23000000,12732000000,,64255000000,20154000000,,216800000
AJG,354190,Financials,2025,2025-12-31,2026-02-17,,,,1871000000,368000000,1494000000,5.74,1930000000,,49000000,1122000000,639000000,667000000,,,12873000000,12104000000,,70665000000,23321000000,,254700000
AJG,354190,Financials,2026,2026-01-31,2026-02-17,,,,,,,,,,,,,,,,,,,,,,257100000
AKAM,1086222,Information Technology,2019,2019-12-31,2022-02-28,,,548918000,,53350000,478035000,2.9,1058304000,359667000,187140000,440674000,49364000,,334519000,393745000,,,,7006886000,3657958000,164573000,163212497
AKAM,1086222,Information Technology,2020,2020-12-31,2023-02-28,,,658534000,,45922000,557054000,3.37,1215000000,514313000,197411000,478389000,69120000,,193588000,352917000,,,,7764130000,4251296000,165213000,161881857
AKAM,1086222,Information Technology,2021,2021-12-31,2024-02-28,,,783148000,,62571000,651642000,3.93,1404563000,328969000,202759000,550632000,72332000,,522255000,536725000,,,,8138673000,4530014000,165804000,163220270
AKAM,1086222,Information Technology,2022,2022-12-31,2025-02-24,,,676274000,,126696000,523672000,3.26,1274676000,241266000,217185000,592754000,11096000,,608010000,542337000,,,,8303400000,4360187000,160467000,160346656
AKAM,1086222,Information Technology,2023,2023-12-31,2026-02-20,,,637338000,,106373000,547629000,3.52,1348439000,457909000,328467000,570776000,17709000,,654046000,489468000,,,,9900037000,4597155000,155397000,156275794
AKAM,1086222,Information Technology,2024,2024-12-31,2026-02-20,,,533411000,,82095000,504918000,3.27,1519171000,390433000,393378000,648410000,,,557468000,517707000,,,,10368785000,4878357000,154346000,151530300
AKAM,1086222,Information Technology,2025,2025-12-31,2026-02-20,,,566944000,,150374000,452031000,3.07,1518765000,507786000,459402000,708611000,,,799963000,930231000,,,,11479643000,4977371000,147023000,150317536
AKAM,1086222,Information Technology,2026,2026-02-16,2026-02-20,,,,,,,,,,,,,,,,,,,,,,144888114
ALB,915913,Materials,2019,2019-12-31,2022-02-22,3589427000,1257778000,666123000,,88161000,533228000,5.02,719374000,851796000,19680000,213484000,57695000,152204000,0,613110000,3050257000,2862921000,187336000,9860863000,3932250000,106321000,105753864
ALB,915913,Materials,2020,2020-12-31,2023-02-15,3128909000,994853000,505812000,,54425000,375764000,3.52,798914000,850477000,22837000,231984000,73116000,161818000,0,746724000,3572058000,2767381000,804677000,10450946000,4268227000,106808000,106206157
ALB,915913,Materials,2021,2021-12-31,2024-02-15,3327957000,997971000,798434000,,29446000,123672000,1.06,344257000,953667000,20120000,254000000,61476000,177853000,,439272000,2394239000,2004319000,389920000,10974118000,5625266000,116536000,116632439
ALB,915913,Materials,2022,2022-12-31,2025-02-12,7320104000,3074587000,2470061000,,390588000,2689816000,22.84,1907849000,1261646000,30474000,300841000,122973000,184429000,,1499142000,3217100000,3214972000,2128000,15456522000,7982627000,117793000,117197977
ALB,915913,Materials,2023,2023-12-31,2026-02-11,9617203000,1185909000,251881000,,430277000,1573476000,13.36,1326583000,2154542000,36545000,429944000,116072000,187188000,,889900000,4166763000,3541002000,625761000,18270652000,9412180000,117766000,117197977
ALB,915913,Materials,2024,2024-12-31,2026-02-11,5377526000,62539000,-1776545000,,87085000,-1179449000,-11.2,687876000,1680529000,32141000,588638000,165619000,188530000,,1192230000,3516165000,3118142000,398023000,16609649000,9961517000,117516000,117402949
ALB,915913,Materials,2025,2025-12-31,2026-02-11,5142733000,668719000,-367084000,,156881000,-510628000,-5.76,1282267000,589801000,40271000,658678000,207651000,190530000,,1618001000,3193541000,3119464000,74077000,16374211000,9533365000,117664000,117573461
ALB,915913,Materials,2026,2026-02-04,2026-03-31,,,,,,,,,,,,,,,,,,,,,,117847220
ALGN,1097149,Health Care,2019,2019-12-31,2022-02-25,,1743897000,542493000,562651000,112347000,442776000,5.53,747270000,149707000,88184000,78990000,,,399999000,550425000,,,,2500702000,1346169000,80100000,79989347
ALGN,1097149,Health Care,2020,2020-12-31,2023-02-27,,1763235000,387171000,378949000,-1396939000,1775888000,22.41,662174000,154916000,98427000,93538000,,,0,960843000,,,,4829683000,3233865000,79230000,78753161
ALGN,1097149,Health Care,2021,2021-12-31,2024-02-28,,2935355000,976400000,1012423000,240403000,772020000,9.69,1172544000,401098000,114336000,108729000,,,375038000,1099370000,,,,5942110000,3622714000,79670000,79132723
ALGN,1097149,Health Care,2022,2022-12-31,2025-02-28,,2633775000,642595000,599057000,237484000,361573000,4.61,568732000,291900000,133367000,125793000,,,435036000,942050000,,,,5947947000,3601358000,78420000,78795494
ALGN,1097149,Health Care,2023,2023-12-31,2026-02-27,,2706863000,643338000,641204000,196151000,445053000,5.81,785776000,177716000,154026000,142401000,,,592360000,937438000,,,,6083877000,3630489000,76568000,76610319
ALGN,1097149,Health Care,2024,2024-12-31,2026-02-27,,2799159000,607628000,608959000,187597000,421362000,5.62,738231000,115580000,173703000,145034000,,,352878000,1043887000,,,,6214600000,3851985000,74993000,75104132
ALGN,1097149,Health Care,2025,2025-12-31,2026-02-27,,2711013000,545755000,585287000,174936000,410351000,5.65,593223000,102445000,185870000,237436000,,,465939000,1094908000,,,,6233693000,4049147000,72588000,73597648
ALGN,1097149,Health Care,2026,2026-02-20,2026-02-27,,,,,,,,,,,,,,,,,,,,,,71282132
ALL,899051,Financials,2019,2019-12-31,2022-02-18,41541000000,,,,1116000000,4847000000,14.03,5129000000,433000000,105000000,647000000,327000000,653000000,1735000000,273000000,6631000000,,,119950000000,25998000000,333500000,331963104
ALL,899051,Financials,2020,2020-12-31,2023-02-16,41909000000,,,,1373000000,5576000000,17.31,5491000000,308000000,124000000,686000000,318000000,668000000,1737000000,311000000,7825000000,,,125987000000,30217000000,315500000,316913648
ALL,899051,Financials,2021,2021-12-31,2024-02-21,50601000000,,,,1292000000,1614000000,5.01,5116000000,345000000,120000000,1086000000,330000000,885000000,3120000000,763000000,7976000000,,,99440000000,24944000000,299100000,302873426
ALL,899051,Financials,2022,2022-12-31,2025-02-24,51411000000,,,,-488000000,-1289000000,-5.14,5121000000,420000000,93000000,847000000,335000000,926000000,2520000000,736000000,7964000000,,,97989000000,17488000000,271200000,278346060
ALL,899051,Financials,2023,2023-12-31,2026-02-20,57094000000,,,-348000000,-135000000,-188000000,-1.2,4228000000,267000000,73000000,704000000,379000000,925000000,335000000,722000000,7942000000,,,103362000000,17770000000,262500000,263329700
ALL,899051,Financials,2024,2024-12-31,2026-02-20,64106000000,,,5761000000,1162000000,4667000000,16.99,8931000000,210000000,125000000,555000000,,962000000,2000000,704000000,8085000000,,,111617000000,21442000000,267800000,263067415
ALL,899051,Financials,2025,2025-12-31,2026-02-20,67685000000,,,13156000000,2890000000,10282000000,38.06,10110000000,228000000,123000000,482000000,,1036000000,1233000000,678000000,7490000000,,,119758000000,30610000000,267100000,265026048
ALL,899051,Financials,2026,2026-01-30,2026-02-20,,,,,,,,,,,,,,,,,,,,,,259535842
ALLE,1579241,Industrials,2019,2019-12-31,2022-02-15,,,565100000,475200000,73100000,401800000,4.26,488200000,65600000,20400000,78100000,56000000,100600000,226000000,355300000,,1427600000,,2967200000,757400000,94300000,94458335
ALLE,1579241,Industrials,2020,2020-12-31,2023-02-22,,,403500000,365400000,50900000,314300000,3.39,490300000,47100000,20800000,78000000,51100000,117300000,208800000,480400000,,1429400000,,3069400000,829400000,92800000,92600522
ALLE,1579241,Industrials,2021,2021-12-31,2024-02-20,,,530200000,524000000,40700000,483000000,5.34,488600000,45400000,23400000,79200000,50200000,129000000,412800000,397900000,1442100000,1429500000,12600000,3051000000,759100000,90500000,90732297
ALLE,1579241,Industrials,2022,2022-12-31,2025-02-18,,,586400000,514500000,56200000,458000000,5.19,459500000,64000000,24500000,95100000,75900000,143900000,61000000,288000000,2094500000,2081900000,12600000,3991200000,941800000,88300000,88230442
ALLE,1579241,Industrials,2023,2023-12-31,2026-02-17,,,708400000,617200000,76600000,540400000,6.12,600600000,84200000,26400000,109000000,93100000,158700000,59900000,468100000,2015000000,1602400000,412600000,4311500000,1318300000,88300000,87867431
ALLE,1579241,Industrials,2024,2024-12-31,2026-02-17,,,780700000,698800000,101300000,597500000,6.82,675000000,92100000,28200000,116200000,102000000,167000000,220000000,503800000,1999500000,1977600000,21900000,4487800000,,87600000,87554388
ALLE,1579241,Industrials,2025,2025-12-31,2026-02-17,,,859500000,768400000,124600000,643800000,7.44,783800000,,29800000,129700000,101000000,175300000,80000000,356200000,1980100000,1979900000,200000,5223700000,,86600000,86290351
ALLE,1579241,Industrials,2026,2026-02-12,2026-02-17,,,,,,,,,,,,,,,,,,,,,,86145484
AMAT,6951,Information Technology,2018,2018-10-28,2019-12-13,16705000000,7517000000,4491000000,,1358000000,3038000000,2.96,3787000000,622000000,258000000,,234000000,605000000,5283000000,3440000000,5309000000,5309000000,0,17633000000,6845000000,1026000000,958606093
AMAT,6951,Information Technology,2019,2019-10-27,2019-12-13,14608000000,6386000000,3350000000,3269000000,563000000,2706000000,2.86,3247000000,441000000,263000000,363000000,237000000,771000000,2403000000,3129000000,5313000000,4713000000,600000000,19024000000,8214000000,945000000,915304098
AMAT,6951,Information Technology,2020,2020-10-25,2022-12-16,,7692000000,4365000000,4166000000,547000000,3619000000,3.92,3804000000,422000000,307000000,376000000,240000000,787000000,649000000,5351000000,5448000000,5448000000,0,22353000000,10578000000,923000000,914344189
AMAT,6951,Information Technology,2021,2021-10-31,2023-12-15,,10914000000,6889000000,6771000000,883000000,5888000000,6.4,5442000000,668000000,346000000,394000000,236000000,838000000,3750000000,4995000000,,5452000000,,25825000000,12247000000,919000000,888513248
AMAT,6951,Information Technology,2022,2022-10-30,2024-12-13,,11993000000,7788000000,7599000000,1074000000,6525000000,7.44,5399000000,787000000,413000000,444000000,228000000,873000000,6103000000,1995000000,,5457000000,,26726000000,12194000000,877000000,844139722
AMAT,6951,Information Technology,2023,2023-10-29,2025-12-12,,12384000000,7654000000,7716000000,860000000,6856000000,8.11,8700000000,1106000000,490000000,,238000000,975000000,2189000000,6132000000,,5461000000,0,30729000000,16349000000,845000000,831067105
AMAT,6951,Information Technology,2024,2024-10-27,2025-12-12,,12897000000,7867000000,8152000000,975000000,7177000000,8.61,8677000000,1190000000,577000000,,,1192000000,3823000000,8022000000,,5460000000,700000000,34409000000,19001000000,834000000,813684638
AMAT,6951,Information Technology,2025,2025-10-26,2025-12-12,,13808000000,8289000000,9271000000,2273000000,6998000000,8.66,7958000000,2260000000,668000000,,,1384000000,4895000000,7241000000,,6455000000,0,36299000000,20415000000,808000000,792943366
AMCR,1748790,Materials,2019,2019-06-30,2020-08-27,9458200000,1799000000,792000000,604000000,172000000,430000000,0.363,776000000,332200000,19000000,453000000,208000000,680000000,0,601600000,5314400000,,5400000,17165000000,5609000000,1184000000,1625907855
AMCR,1748790,Materials,2020,2020-06-30,2020-08-27,12467500000,2536000000,994000000,825000000,187000000,612000000,0.382,1384000000,,34000000,652000000,207000000,761000000,537000000,743000000,,,11000000,16442000000,4626000000,1602000000,1568481519
AMCR,1748790,Materials,2021,2021-06-30,2023-08-17,,2732000000,1321000000,1193000000,261000000,939000000,0.602,1461000000,,58000000,574000000,153000000,742000000,351000000,850000000,,,5000000,17188000000,4764000000,1556000000,1538319792
AMCR,1748790,Materials,2022,2022-06-30,2024-08-16,,2820000000,1239000000,1115000000,300000000,805000000,0.529,1526000000,,63000000,625000000,159000000,732000000,601000000,775000000,,,14000000,17426000000,4082000000,1516000000,1489019556
AMCR,1748790,Materials,2023,2023-06-30,2025-08-15,,2725000000,1508000000,1251000000,193000000,1048000000,0.705,1261000000,,54000000,586000000,290000000,723000000,432000000,689000000,,,13000000,17003000000,4026000000,1476000000,1448493870
AMCR,1748790,Materials,2024,2024-06-30,2025-08-15,13640000000,2712000000,1214000000,907000000,163000000,730000000,2.52,1321000000,,32000000,595000000,348000000,722000000,30000000,588000000,,,12000000,16524000000,3881000000,288100000,1445343212
AMCR,1748790,Materials,2025,2025-06-30,2026-08-14,,2834000000,1009000000,650000000,135000000,511000000,1.6,1390000000,,74000000,722000000,396000000,845000000,0,827000000,,,141000000,37066000000,11728000000,318600000,2305359941
AMCR,1748790,Materials,2026,2026-06-30,2026-08-14,,4690000000,1899000000,1282000000,181000000,1106000000,2.38,2151000000,,83000000,1479000000,676000000,1195000000,1000000,1115000000,,,,37095000000,11790000000,463800000,462345690
AMD,2488,Information Technology,2019,2019-12-28,2022-02-03,,2868000000,631000000,372000000,31000000,341000000,0.3,493000000,217000000,197000000,222000000,94000000,,0,1466000000,486000000,486000000,,6028000000,2827000000,1120000000,1005298882
AMD,2488,Information Technology,2020,2020-12-26,2023-02-27,,4347000000,1369000000,1280000000,-1210000000,2490000000,2.06,1071000000,294000000,274000000,,47000000,,0,1595000000,330000000,330000000,,8962000000,5837000000,1207000000,1169661536
AMD,2488,Information Technology,2021,2021-12-25,2024-01-31,,7929000000,3648000000,3675000000,513000000,3162000000,2.57,3521000000,301000000,379000000,,34000000,,1762000000,2535000000,1000000,1000000,,12419000000,7497000000,1229000000,1211280009
AMD,2488,Information Technology,2022,2022-12-31,2025-02-05,,10603000000,1264000000,1198000000,-122000000,1320000000,0.84,3565000000,450000000,1081000000,,88000000,,3702000000,4835000000,,2467000000,0,67580000000,54750000000,1571000000,1199303422
AMD,2488,Information Technology,2023,2023-12-30,2026-02-04,,10460000000,401000000,508000000,-346000000,854000000,0.53,1667000000,546000000,1384000000,,106000000,,985000000,3933000000,,1717000000,751000000,67885000000,55892000000,1625000000,1611388217
AMD,2488,Information Technology,2024,2024-12-28,2026-02-04,,12725000000,1900000000,2022000000,381000000,1641000000,1,3041000000,636000000,1407000000,,92000000,,862000000,3787000000,,1721000000,0,69226000000,57568000000,1637000000,1615786841
AMD,2488,Information Technology,2025,2025-12-27,2026-02-04,,17152000000,3694000000,4166000000,-103000000,4335000000,2.65,7709000000,974000000,1638000000,,131000000,,1316000000,5539000000,,2348000000,874000000,76926000000,62999000000,1636000000,1620477962
AMD,2488,Information Technology,2026,2026-01-30,2026-02-04,,,,,,,,,,,,,,,,,,,,,,1630410843
AME,1037868,Industrials,2019,2019-12-31,2022-02-22,,,1177380000,1069748000,208451000,861297000,3.75,1114422000,102346000,40394000,234042000,88481000,127496000,11924000,393030000,2768741000,2271292000,,9844559000,5115492000,229395000,227131830
AME,1037868,Industrials,2020,2020-12-31,2023-02-21,,,1027884000,1082309000,209870000,872439000,3.77,1280980000,74199000,41565000,255275000,86062000,165035000,4685000,1212822000,2413725000,2281441000,,10357483000,5949346000,231150000,229124099
AME,1037868,Industrials,2021,2021-12-31,2024-02-22,,,1308670000,1223170000,233117000,990053000,4.25,1160457000,110671000,46103000,292112000,80381000,184595000,14711000,346772000,2544241000,2229148000,,11898187000,6871884000,232813000,230563891
AME,1037868,Industrials,2022,2022-12-31,2025-02-20,6150530000,,1500692000,1428692000,269150000,1159542000,5.01,1149373000,139005000,47375000,319427000,83186000,202169000,332821000,345386000,2385007000,2158928000,,12431120000,7476512000,231536000,231700893
AME,1037868,Industrials,2023,2023-12-31,2026-02-17,6596950000,,1707459000,1606412000,293224000,1313188000,5.67,1735296000,136249000,46199000,337636000,81795000,230329000,7772000,409804000,3313347000,1895432000,,15023533000,8730191000,231509000,230093810
AME,1037868,Industrials,2024,2024-12-31,2026-02-17,6941180000,,1779562000,1661539000,285415000,1376124000,5.93,1828848000,127075000,47863000,382927000,,258782000,212027000,373999000,2079721000,1425375000,,14631169000,9655304000,232168000,231012685
AME,1037868,Industrials,2025,2025-12-31,2026-02-17,7401116000,,1910317000,1798339000,318197000,1480142000,6.4,1801763000,130248000,47767000,422804000,,285345000,434048000,457951000,2283309000,1074334000,,16067543000,10628786000,231259000,230659382
AME,1037868,Industrials,2026,2026-01-30,2026-02-17,,,,,,,,,,,,,,,,,,,,,,228977202
AMGN,318154,Health Care,2019,2019-12-31,2021-02-09,23362000000,,9674000000,,1296000000,7842000000,12.88,9150000000,618000000,308000000,2206000000,1289000000,3509000000,7702000000,6037000000,29903000000,26950000000,2953000000,59707000000,9673000000,609000000,622278034
AMGN,318154,Health Care,2020,2020-12-31,2021-02-09,25424000000,,9139000000,,869000000,7264000000,12.31,10497000000,608000000,330000000,3601000000,1262000000,3755000000,3486000000,6266000000,32986000000,32895000000,91000000,62948000000,9409000000,590000000,589806819
AMGN,318154,Health Care,2021,2021-12-31,2024-02-14,,,7639000000,6701000000,808000000,5893000000,10.28,9261000000,880000000,341000000,3398000000,1197000000,4013000000,4975000000,7989000000,33309000000,33222000000,87000000,61165000000,6700000000,573000000,577566383
AMGN,318154,Health Care,2022,2022-12-31,2025-02-14,,,9566000000,7346000000,794000000,6552000000,12.11,9721000000,936000000,401000000,3417000000,1406000000,4196000000,6360000000,7629000000,38945000000,37354000000,1591000000,65121000000,3661000000,541000000,557029370
AMGN,318154,Health Care,2023,2023-12-31,2026-02-13,,,7897000000,7855000000,1138000000,6717000000,12.49,8471000000,1112000000,431000000,4071000000,2875000000,4556000000,0,10944000000,64613000000,63170000000,1443000000,97154000000,6232000000,538000000,533976238
AMGN,318154,Health Care,2024,2024-12-31,2026-02-13,,,7258000000,4609000000,519000000,4090000000,7.56,11490000000,1096000000,530000000,5592000000,3155000000,4832000000,200000000,11973000000,60099000000,56549000000,3550000000,91839000000,5877000000,541000000,535918901
AMGN,318154,Health Care,2025,2025-12-31,2026-02-13,,,9080000000,8976000000,1265000000,7711000000,14.23,9958000000,1858000000,494000000,5167000000,2755000000,5124000000,0,9129000000,54604000000,50005000000,4599000000,90586000000,8658000000,542000000,537204943
AMGN,318154,Health Care,2026,2026-02-10,2026-02-13,,,,,,,,,,,,,,,,,,,,,,539067675
AMP,820027,Financials,2019,2019-12-31,2022-02-25,13103000000,,,2232000000,339000000,1893000000,13.92,2341000000,143000000,135000000,147000000,,504000000,1943000000,,,,,151828000000,5911000000,136000000,135496261
AMP,820027,Financials,2020,2020-12-31,2023-02-23,11958000000,,,1831000000,297000000,1534000000,12.2,4623000000,147000000,146000000,153000000,,497000000,1441000000,,,,,165883000000,6131000000,125700000,123244405
AMP,820027,Financials,2021,2021-12-31,2024-02-22,13389000000,,,4185000000,768000000,3417000000,28.48,3325000000,120000000,152000000,144000000,,511000000,2030000000,,,,,177735000000,4837000000,120000000,116752287
AMP,820027,Financials,2022,2022-12-31,2025-02-20,14334000000,,,3931000000,782000000,3149000000,27.7,4407000000,182000000,170000000,142000000,,534000000,1978000000,,,,,158852000000,3803000000,113700000,110750945
AMP,820027,Financials,2023,2023-12-31,2026-03-12,16096000000,,,3234000000,678000000,2556000000,23.71,4685000000,184000000,187000000,151000000,,550000000,2127000000,,,,,175191000000,4729000000,107800000,105279357
AMP,820027,Financials,2024,2024-12-31,2026-03-12,17926000000,,,4267000000,866000000,3401000000,33.05,6595000000,176000000,193000000,142000000,,574000000,2448000000,,,,,181403000000,5228000000,102900000,100290614
AMP,820027,Financials,2025,2025-12-31,2026-03-12,18911000000,,,4504000000,941000000,3563000000,36.28,8323000000,162000000,206000000,151000000,,596000000,2907000000,,,,,190904000000,6549000000,98200000,96118499
AMP,820027,Financials,2026,2026-02-06,2026-03-12,,,,,,,,,,,,,,,,,,,,,,91178997
AMT,1053507,Real Estate,2019,2019-12-31,2022-02-25,7580300000,,2688400000,1916400000,-200000,1887800000,4.24,3752600000,991300000,111400000,,814200000,1603000000,19600000,1501200000,1900000,,2928200000,42801600000,5055400000,445520000,
AMT,1053507,Real Estate,2020,2020-12-31,2023-02-23,8041500000,,2887500000,1821100000,129600000,1690600000,3.79,3881400000,1031700000,120800000,,793500000,1928200000,56000000,1746300000,,,789800000,47233500000,4093500000,446104000,442911804
AMT,1053507,Real Estate,2021,2021-12-31,2024-02-27,9356900000,,3132000000,2829400000,261800000,,5.66,4819900000,1376700000,119500000,,870900000,2271000000,0,1949900000,43497500000,,4568700000,69887900000,5081200000,453294000,444384437
AMT,1053507,Real Estate,2022,2022-12-31,2025-02-25,9645400000,,2738600000,2086000000,112800000,,3.82,3696200000,1873600000,169300000,,1136500000,2715300000,18800000,1548900000,38901800000,,4514200000,67194500000,5572400000,462750000,455884806
AMT,1053507,Real Estate,2023,2023-12-31,2026-02-24,10012200000,,3125500000,1529300000,90800000,,3.18,4722400000,1798100000,195700000,,1398200000,3006700000,0,1753700000,,,3067300000,66027600000,4198200000,467162000,465646055
AMT,1053507,Real Estate,2024,2024-12-31,2026-02-24,10127200000,,4516500000,3624800000,366300000,,4.82,5290500000,1590000000,203600000,,,3027300000,0,1999600000,,,3693000000,61077400000,3382200000,468120000,466352208
AMT,1053507,Real Estate,2025,2025-12-31,2026-02-24,10644600000,,4845800000,3044200000,415700000,,5.4,5464000000,1680400000,174200000,,,3180800000,364600000,1474800000,,,3387800000,63190400000,3652500000,468757000,467457256
AMT,1053507,Real Estate,2026,2026-02-17,2026-02-24,,,,,,,,,,,,,,,,,,,,,,466084820
AMZN,1018724,Consumer Discretionary,2019,2019-12-31,2022-02-04,280522000000,,14541000000,13976000000,2374000000,11588000000,23.01,38514000000,,6864000000,21789000000,1600000000,,,36092000000,24820000000,23414000000,1305000000,225248000000,62060000000,504000000,491202890
AMZN,1018724,Consumer Discretionary,2020,2020-12-31,2023-02-03,386064000000,,22899000000,24178000000,2863000000,21331000000,2.09,66064000000,,9208000000,25180000000,1647000000,,0,42122000000,33174000000,31816000000,1155000000,321195000000,93404000000,10198000000,497810444
AMZN,1018724,Consumer Discretionary,2021,2021-12-31,2024-02-02,469822000000,,24879000000,38151000000,4791000000,33364000000,3.24,46327000000,,12757000000,34433000000,1809000000,,0,36220000000,50553000000,48744000000,1491000000,420549000000,138245000000,10296000000,503564743
AMZN,1018724,Consumer Discretionary,2022,2022-12-31,2025-02-07,513983000000,,12248000000,-5936000000,-3217000000,-2722000000,-0.27,46752000000,,19621000000,41921000000,2367000000,,6000000000,53888000000,70542000000,67150000000,2999000000,462675000000,146043000000,10189000000,508844410
AMZN,1018724,Consumer Discretionary,2023,2023-12-31,2026-02-06,574785000000,,36852000000,37557000000,7120000000,30425000000,2.9,84946000000,,24023000000,48663000000,3182000000,,0,73387000000,67182000000,58314000000,8494000000,527854000000,201875000000,10492000000,10247259757
AMZN,1018724,Consumer Discretionary,2024,2024-12-31,2026-02-06,637959000000,,68593000000,68614000000,9265000000,59248000000,5.53,115877000000,,22011000000,52795000000,,,0,78779000000,58000000000,52623000000,5017000000,624894000000,285970000000,10721000000,10387381291
AMZN,1018724,Consumer Discretionary,2025,2025-12-31,2026-02-06,716924000000,,79975000000,97311000000,19087000000,77670000000,7.17,139514000000,,19467000000,65756000000,,,,86810000000,68836000000,65648000000,2748000000,818042000000,411065000000,10827000000,10597729352
AMZN,1018724,Consumer Discretionary,2026,2026-01-28,2026-02-06,,,,,,,,,,,,,,,,,,,,,,10734920870
ANET,1596532,Information Technology,2019,2019-12-31,2022-02-15,2410706000,1544338000,805774000,862270000,2403000,859867000,2.66,963034000,15751000,101280000,32849000,,,266142000,1111286000,,,,4185290000,2894686000,323516000,75730873
ANET,1596532,Information Technology,2020,2020-12-31,2023-02-14,2317512000,1481886000,699684000,738863000,104306000,634557000,2,735114000,,137042000,35158000,,,395173000,893219000,,,,4738919000,3320291000,317860000,76479227
ANET,1596532,Information Technology,2021,2021-12-31,2024-02-13,2948037000,1880779000,924739000,930879000,90025000,840854000,2.63,1015856000,,186875000,50334000,,,411645000,620813000,,,,5734429000,3978600000,319238000,76331573
ANET,1596532,Information Technology,2022,2022-12-31,2025-02-19,4381310000,2675696000,1527106000,1581796000,229350000,1352446000,1.07,492813000,,230934000,62700000,,,670287000,671707000,,,,6775410000,4885800000,1265835000,307766578
ANET,1596532,Information Technology,2023,2023-12-31,2026-02-17,5860200000,3630300000,2257300000,2422000000,334700000,2087300000,1.65,2034000000,,296800000,70600000,,,112300000,1938606000,,,,9956635000,7219000000,1268500000,306395384
ANET,1596532,Information Technology,2024,2024-12-31,2026-02-17,7003100000,4491300000,2944600000,3265100000,413000000,2852100000,2.23,3708200000,,355400000,62000000,,,423600000,2762400000,,,,14043900000,9994800000,1281100000,312633612
ANET,1596532,Information Technology,2025,2025-12-31,2026-02-17,9005700000,5768700000,3856100000,4249700000,738300000,3511400000,2.75,4371900000,,439200000,72600000,,,1603100000,1963900000,,,,19448600000,12370500000,1275700000,1261122596
ANET,1596532,Information Technology,2026,2026-02-10,2026-02-17,,,,,,,,,,,,,,,,,,,,,,1256537906
AON,315293,Financials,2019,2019-12-31,2022-02-18,,,2169000000,1870000000,297000000,1532000000,6.37,1835000000,225000000,317000000,,307000000,410000000,,790000000,7339000000,6627000000,712000000,29405000000,3375000000,240600000,239999442
AON,315293,Financials,2020,2020-12-31,2023-02-17,,,2781000000,2466000000,448000000,1969000000,8.45,2783000000,141000000,312000000,,334000000,412000000,,884000000,7729000000,7281000000,448000000,32114000000,3495000000,233100000,231582094
AON,315293,Financials,2021,2021-12-31,2024-02-16,,,2090000000,1931000000,623000000,1255000000,5.55,2182000000,137000000,449000000,,322000000,447000000,,544000000,9392000000,8228000000,1164000000,31917000000,1061000000,226100000,225984346
AON,315293,Financials,2022,2022-12-31,2025-02-18,,,3669000000,3156000000,510000000,2589000000,12.14,3219000000,196000000,397000000,,406000000,463000000,,690000000,10770000000,9825000000,945000000,32704000000,-529000000,213200000,213944460
AON,315293,Financials,2023,2023-12-31,2026-02-13,,,3785000000,3169000000,541000000,2564000000,12.51,3435000000,252000000,438000000,,484000000,489000000,,778000000,11199000000,9995000000,1204000000,33959000000,-826000000,205000000,205142379
AON,315293,Financials,2024,2024-12-31,2026-02-13,,,3835000000,3462000000,742000000,2654000000,12.49,3035000000,218000000,474000000,,,562000000,,1085000000,17016000000,16265000000,751000000,48965000000,6121000000,212500000,198506718
AON,315293,Financials,2025,2025-12-31,2026-02-13,,,4344000000,4759000000,1009000000,3695000000,17.02,3481000000,263000000,432000000,,,629000000,,1195000000,15249000000,14660000000,589000000,50784000000,9352000000,217100000,216001106
AON,315293,Financials,2026,2026-02-12,2026-02-13,,,,,,,,,,,,,,,,,,,,,,214254496
AOS,91142,Industrials,2018,2018-12-31,2021-02-12,3187900000,1305500000,613400000,557800000,113600000,444200000,2.58,448900000,85200000,10100000,71900000,8400000,130100000,202600000,259700000,221400000,221400000,0,3071500000,1717000000,172194040,
AOS,91142,Industrials,2019,2019-12-31,2022-02-11,2992700000,1180700000,529100000,472100000,102100000,370000000,2.22,456200000,64400000,13300000,78300000,11000000,149200000,287700000,374000000,284000000,277200000,6800000,3058000000,1666800000,166710897,
AOS,91142,Industrials,2020,2020-12-31,2023-02-14,2895300000,1108200000,503200000,443900000,99000000,344900000,2.12,562100000,56800000,12700000,80000000,7300000,158700000,56700000,573100000,113200000,106400000,6800000,3160700000,1848300000,162604149,
AOS,91142,Industrials,2021,2021-12-31,2024-02-13,3538900000,1310900000,682000000,625600000,138500000,487100000,3.02,641100000,75100000,11900000,77900000,4300000,170100000,366500000,443300000,196700000,189900000,6800000,3474400000,1832200000,161319902,
AOS,91142,Industrials,2022,2022-12-31,2024-02-13,3753900000,1329600000,362000000,223700000,-12000000,235700000,1.51,391400000,70300000,11100000,76900000,9400000,177200000,403500000,391200000,344500000,334500000,10000000,3332300000,1747700000,155779364,
AOS,91142,Industrials,2023,2023-12-31,2026-02-10,3852800000,1484800000,745500000,733500000,176900000,556600000,3.69,670300000,72600000,11500000,78300000,12000000,183500000,306500000,339900000,127300000,117300000,10000000,3213900000,1844400000,151015574,
AOS,91142,Industrials,2024,2024-12-31,2026-02-10,3818100000,1456100000,707700000,701000000,167400000,533600000,3.63,581800000,108000000,14900000,78800000,6700000,190400000,305800000,239600000,193200000,183200000,10000000,3240000000,1883500000,147084080,
AOS,91142,Industrials,2025,2025-12-31,2026-02-10,3830200000,1487400000,728600000,715100000,168900000,546200000,3.85,616800000,70800000,13800000,85100000,13500000,195700000,400800000,174500000,155000000,112700000,42300000,3142800000,1858000000,141914840,
APA,1841666,Energy,2019,2019-12-31,2022-02-22,,,-2152000000,,674000000,,-9.43,2867000000,,138000000,2680000000,430000000,376000000,,,,,,18107000000,,377000000,
APA,1841666,Energy,2020,2020-12-31,2023-02-23,,,-4102000000,,64000000,,-12.86,1388000000,,47000000,1772000000,438000000,123000000,,262000000,8772000000,8770000000,2000000,12746000000,-1639000000,378000000,
APA,1841666,Energy,2021,2021-12-31,2024-02-22,,,2860000000,1891000000,578000000,,2.59,3496000000,,175000000,1360000000,419000000,52000000,,302000000,,,,13303000000,-1595000000,375000000,
APA,1841666,Energy,2022,2022-12-31,2025-02-28,,,5565000000,5734000000,1652000000,,11.02,4943000000,,348000000,1233000000,332000000,207000000,,245000000,,,,13147000000,423000000,333000000,346776379
APA,1841666,Energy,2023,2023-12-31,2026-02-26,,,3696000000,2883000000,-324000000,2855000000,9.25,3129000000,,,1540000000,351000000,308000000,,87000000,,,,15244000000,2655000000,309000000,310953174
APA,1841666,Energy,2024,2024-12-31,2026-02-26,,,2444000000,1535000000,417000000,804000000,2.27,3620000000,,,2266000000,402000000,353000000,,625000000,,,,19390000000,5280000000,353000000,301818820
APA,1841666,Energy,2025,2025-12-31,2026-02-26,,,3087000000,2791000000,1099000000,1434000000,3.99,4545000000,,,2304000000,323000000,360000000,,516000000,,,,17761000000,6093000000,359000000,364064316
APA,1841666,Energy,2026,2026-01-31,2026-02-26,,,,,,,,,,,,,,,,,,,,,,353251476
APD,2969,Materials,2018,2018-09-30,2020-11-19,8930200000,2740700000,1965600000,2015000000,524300000,1497800000,6.78,,1568400000,38800000,970700000,130500000,897800000,,2791300000,,,,19178300000,10857500000,220800000,219533532
APD,2969,Materials,2019,2019-09-30,2021-11-18,8918900000,2914400000,2144400000,2289500000,480100000,1760000000,7.94,,1989700000,41200000,1082800000,137000000,994000000,,2248700000,,,,18942800000,11053600000,221600000,220433925
APD,2969,Materials,2020,2020-09-30,2022-11-22,8856300000,2998200000,2237600000,2423800000,478400000,1886700000,8.49,,2509000000,53500000,1185000000,109300000,1103600000,,5253000000,,,,25168500000,12079800000,222300000,221026592
APD,2969,Materials,2021,2021-09-30,2023-11-16,10323000000,,2281400000,2507400000,462800000,2099100000,9.43,,2464200000,44500000,1321300000,141800000,1256700000,,4468900000,,,,26859200000,13539700000,222500000,221460382
APD,2969,Materials,2022,2022-09-30,2024-11-21,12698600000,,2338800000,2754700000,500800000,2256100000,10.14,,2926500000,48400000,1338200000,128000000,1383300000,,2711000000,,,,27192600000,13144000000,222500000,221865971
APD,2969,Materials,2023,2023-09-30,2025-11-20,12600000000,,2494600000,2882400000,551200000,2300200000,10.33,,4626400000,59900000,1358300000,177500000,1496600000,,1617000000,,,,32002500000,14312900000,222700000,222207726
APD,2969,Materials,2024,2024-09-30,2025-11-20,12100600000,,4466100000,4821200000,944900000,3828200000,17.18,,6796700000,61800000,1451100000,,1564900000,,2979700000,,,,39574600000,17036500000,222800000,222378909
APD,2969,Materials,2025,2025-09-30,2025-11-20,12037300000,,-877000000,-440700000,-94300000,-394500000,-1.77,,7022600000,76400000,1564200000,,1584100000,,1856000000,,,,41059500000,15024900000,222700000,222590241
APH,820313,Information Technology,2019,2019-12-31,2022-02-09,,2616000000,1619200000,1495900000,331900000,1155000000,1.88,1502300000,295000000,63000000,312100000,117600000,279500000,601700000,891200000,,,,10815500000,4530300000,615900000,298087210
APH,820313,Information Technology,2020,2020-12-31,2023-02-08,,2664100000,1638400000,1526600000,313300000,1203400000,1.96,1592000000,276800000,70500000,308100000,115400000,297600000,641300000,1702000000,,,,12327300000,5384900000,615000000,298101155
APH,820313,Information Technology,2021,2021-12-31,2024-02-07,,3401800000,2105100000,1989200000,409100000,1590800000,2.54,1540100000,360400000,83000000,395600000,115500000,346700000,661700000,1197100000,,,,14678400000,6302000000,625500000,299576711
APH,820313,Information Technology,2022,2022-12-31,2025-02-07,,4028200000,2585800000,2467400000,550600000,1902300000,1.53,2174600000,383800000,89500000,392900000,128400000,477400000,730500000,1373100000,,,,15326200000,7015600000,1242000000,598939773
APH,820313,Information Technology,2023,2023-12-31,2026-02-11,,4084100000,2559600000,2454800000,509300000,1928000000,1.55,2528700000,372800000,99000000,406400000,139500000,500600000,585100000,1475000000,,,,16526400000,8346500000,1241200000,594604514
APH,820313,Information Technology,2024,2024-12-31,2026-02-11,,5139700000,3156900000,3011900000,570300000,2424000000,1.92,2814700000,665400000,109500000,572500000,,595100000,689300000,3317000000,,,,21440200000,9792000000,1263600000,599854853
APH,820313,Information Technology,2025,2025-12-31,2026-02-11,,8517700000,5868600000,5600700000,1295400000,4270300000,3.34,5374700000,996600000,135400000,922400000,,802200000,665200000,11130600000,,,,36236900000,13413100000,1277500000,1211081107
APH,820313,Information Technology,2026,2026-01-31,2026-02-11,,,,,,,,,,,,,,,,,,,,,,1229214930
APO,1858681,Financials,2020,2020-12-31,2023-03-01,2354000000,,,553000000,86000000,157000000,0.44,-1616000000,,213000000,19000000,133000000,550000000,92000000,1556000000,,,,,,227530600,
APO,1858681,Financials,2021,2021-12-31,2024-02-27,5951000000,,,4861000000,594000000,1839000000,7.32,1064000000,,1181000000,27000000,138000000,517000000,299000000,917000000,3134000000,,,30502000000,3789000000,236567691,
APO,1858681,Financials,2022,2022-12-31,2025-02-24,10968000000,,,-4246000000,-739000000,-1961000000,-3.43,3789000000,,540000000,529000000,222000000,962000000,635000000,8980000000,6472000000,,,257217000000,6640000000,584691775,
APO,1858681,Financials,2023,2023-12-31,2026-02-25,32644000000,,,5586000000,-923000000,5047000000,8.28,6322000000,,1026000000,803000000,268000000,1012000000,561000000,,8092000000,,,313488000000,14044000000,588846447,570652389
APO,1858681,Financials,2024,2024-12-31,2026-02-25,26114000000,,,7435000000,1062000000,4577000000,7.33,3253000000,,721000000,1075000000,474000000,1092000000,890000000,,10588000000,,,377895000000,17253000000,604035992,568161277
APO,1858681,Financials,2025,2025-12-31,2026-02-25,32049000000,,,6677000000,1276000000,3492000000,5.54,7246000000,,789000000,1431000000,618000000,1201000000,773000000,,13364000000,,,460949000000,23341000000,593657223,570480465
APO,1858681,Financials,2026,2026-02-20,2026-02-25,,,,,,,,,,,,,,,,,,,,,,578247338
APP,1751008,Communication Services,2018,2018-12-31,2022-03-11,,,,,,,,,,,,,,,,,,,,-378355000,,
APP,1751008,Communication Services,2019,2019-12-31,2022-03-11,994104000,,194371000,126234000,7194000,119040000,0.36,198462000,3358000,10222000,92806000,,,11000,396247000,,,,,-256567000,212365429,
APP,1751008,Communication Services,2020,2020-12-31,2023-02-28,1451086000,,-62042000,-135706000,-9772000,-125187000,-0.58,222883000,3241000,62387000,254951000,,,1766000,317235000,,1583990000,,2154593000,-158545000,214936545,226364401
APP,1751008,Communication Services,2021,2021-12-31,2024-02-26,2793104000,,150016000,46311000,10973000,35446000,0.09,361851000,1390000,133177000,431063000,,,0,1520504000,3227644000,3201834000,25810000,6163579000,2138090000,342763632,375089360
APP,1751008,Communication Services,2022,2022-12-31,2025-02-27,2817058000,,-47791000,-205177000,-12230000,-192746000,-0.52,412773000,662000,191612000,547084000,172181000,,338880000,1080484000,3211722000,3178412000,33310000,5847846000,1902677000,371568011,373873683
APP,1751008,Communication Services,2023,2023-12-31,2026-02-19,1841762000,,772411000,501602000,43776000,356711000,0.98,1061510000,4246000,363107000,489008000,281712000,,1153593000,502152000,3120906000,2905906000,215000000,5359187000,1256329000,362589000,339886712
APP,1751008,Communication Services,2024,2024-12-31,2026-02-19,3224058000,,1910956000,1611943000,22419000,1579776000,4.53,2099011000,4776000,369367000,448680000,307976000,,981297000,697030000,3508983000,3508983000,0,5869259000,1089818000,347808000,340042000
APP,1751008,Communication Services,2025,2025-12-31,2026-02-19,5480717000,,4151914000,3952910000,519715000,3333751000,9.75,3971094000,,210421000,194778000,200615000,,2191944000,2487096000,3512987000,3512987000,,7259610000,2134671000,341970000,338313000
APTV,1521332,Consumer Discretionary,2019,2019-12-31,2022-02-07,14357000000,2646000000,1276000000,,132000000,990000000,3.85,1624000000,781000000,66000000,717000000,164000000,226000000,420000000,412000000,,3971000000,393000000,13459000000,3819000000,257390000,260034563
APTV,1521332,Consumer Discretionary,2020,2020-12-31,2023-02-08,13066000000,1940000000,2118000000,,49000000,1804000000,6.66,1413000000,584000000,60000000,764000000,164000000,56000000,57000000,2821000000,,4011000000,90000000,17522000000,7905000000,270700000,255288240
APTV,1521332,Consumer Discretionary,2021,2021-12-31,2024-02-06,15618000000,,1189000000,,101000000,590000000,1.94,1222000000,611000000,87000000,773000000,150000000,0,0,3139000000,,4059000000,8000000,18007000000,8347000000,271220000,270025374
APTV,1521332,Consumer Discretionary,2022,2022-12-31,2025-02-07,17489000000,,1263000000,,121000000,594000000,1.96,1263000000,844000000,86000000,762000000,219000000,0,0,1531000000,6581000000,6460000000,31000000,21884000000,8809000000,271180000,270514140
APTV,1521332,Consumer Discretionary,2023,2023-12-31,2026-02-06,20051000000,,1559000000,1337000000,-1928000000,2938000000,10.39,1896000000,,115000000,912000000,285000000,,398000000,1640000000,6296000000,6204000000,9000000,24427000000,11548000000,282880000,270949579
APTV,1521332,Consumer Discretionary,2024,2024-12-31,2026-02-06,19713000000,,1842000000,2151000000,223000000,1787000000,6.96,2446000000,,120000000,964000000,337000000,,4104000000,1573000000,8465000000,7843000000,509000000,23458000000,8796000000,256660000,279036041
APTV,1521332,Consumer Discretionary,2025,2025-12-31,2026-02-06,20398000000,,1184000000,919000000,700000000,165000000,0.75,2185000000,,139000000,991000000,361000000,,397000000,1851000000,7653000000,7470000000,81000000,23413000000,9207000000,220750000,229446368
APTV,1521332,Consumer Discretionary,2026,2026-01-30,2026-02-06,,,,,,,,,,,,,,,,,,,,,,212748401
ARE,1035443,Real Estate,2019,2019-12-31,2022-01-31,1531296000,,,,,363165000,3.12,683857000,,43640000,,173675000,447029000,,189681000,6777479000,,,18390503000,8865826000,112524000,112728422
ARE,1035443,Real Estate,2020,2020-12-31,2023-01-30,1885637000,,,,,770959000,6.01,882510000,,43502000,,171609000,532980000,,568532000,7563286000,,,22827878000,11725712000,126490000,122699875
ARE,1035443,Real Estate,2021,2021-12-31,2024-01-29,2114150000,,,,,571247000,3.82,1010197000,,48669000,,142165000,655968000,,361348000,8791866000,,,30219373000,16189542000,147460000,136692746
ARE,1035443,Real Estate,2022,2022-12-31,2025-01-27,2588962000,,,,,521660000,3.18,1294321000,,57740000,,94203000,757742000,0,825193000,10159762000,,,35523399000,18972387000,161659000,159943331
ARE,1035443,Real Estate,2023,2023-12-31,2026-01-26,2885699000,,,,,103639000,0.54,1630550000,,82858000,,74204000,847483000,0,618190000,11315642000,,,36771402000,18471175000,170909000,173087087
ARE,1035443,Real Estate,2024,2024-12-31,2026-01-26,3116394000,,,,,322949000,1.8,1504524000,,59634000,,185838000,898557000,50107000,552146000,12244374000,,,37527449000,17889042000,172071000,174968259
ARE,1035443,Real Estate,2025,2025-12-31,2026-01-26,3026556000,,,,,-1429570000,-8.44,1414046000,,41119000,,226698000,911450000,208187000,549062000,12400555000,,,34081835000,15470070000,170307000,173091762
ARE,1035443,Real Estate,2026,2026-01-15,2026-01-26,,,,,,,,,,,,,,,,,,,,,,173300361
ARES,1176948,Financials,2018,2018-12-31,2021-02-25,1218239000,,,,32202000,57020000,,-1417058000,18419000,,,,,,110247000,,,,10154692000,587924000,,82758558
ARES,1176948,Financials,2019,2019-12-31,2022-02-28,1433126000,,,425180000,52376000,148884000,,-2083021000,,,,,,,,,,,12014196000,768290000,,
ARES,1176948,Financials,2020,2020-12-31,2023-02-24,1753729000,,,379478000,54993000,152142000,,-425659000,,,,24908000,,,,,,,15168992000,1193685000,,
ARES,1176948,Financials,2021,2021-12-31,2024-02-27,2288876000,,,1065690000,147385000,408837000,,-2596045000,,,,36760000,,,,,,,21605164000,1825227000,,
ARES,1176948,Financials,2022,2022-12-31,2025-02-27,2880007000,,,510806000,71891000,167541000,,-734112000,,,,71356000,,,,,,,22002839000,1589239000,,
ARES,1176948,Financials,2023,2023-12-31,2026-02-25,3236285000,,,1333063000,172971000,474326000,,-233261000,,,,,,,,,,,24730500000,1893399000,,
ARES,1176948,Financials,2024,2024-12-31,2026-02-25,3690668000,,,1275352000,164617000,463742000,,2791154000,,,,,,,,,,,24884308000,3543646000,,
ARES,1176948,Financials,2025,2025-12-31,2026-02-25,4755618000,,,1286893000,198535000,527362000,,3266959000,,,,,,,,,,,28633369000,4275463000,,
ATO,731802,Utilities,2018,2018-09-30,2020-11-13,3115546000,,727934000,,8080000,603064000,5.43,1124662000,1467591000,12863000,361083000,106646000,214906000,,13771000,,2493665000,575000000,11874437000,4769951000,111012000,111352649
ATO,731802,Utilities,2019,2019-09-30,2021-11-12,2901848000,,746058000,650309000,138903000,511406000,4.35,968769000,1693477000,11121000,391456000,103153000,245717000,,24550000,3529452000,3529452000,0,13367619000,5750223000,117461000,119343545
ATO,731802,Utilities,2020,2020-09-30,2022-11-14,2821137000,,824099000,746796000,145353000,601443000,4.89,1037999000,1935676000,9583000,429828000,84474000,282444000,,20808000,4531779000,,,15359032000,6791203000,122872000,125889456
ATO,731802,Utilities,2021,2021-09-30,2023-11-14,3407490000,,904998000,819299000,153736000,665563000,5.12,-1084251000,1969540000,11255000,477977000,83554000,323904000,,116723000,4930205000,,,19608662000,7906889000,129834000,132425817
ATO,731802,Utilities,2022,2022-09-30,2024-11-18,4201662000,,920982000,851908000,77510000,774398000,5.6,977584000,2444420000,10743000,535655000,102811000,375914000,,51554000,5760647000,,,22192989000,9419091000,138096000,140900576
ATO,731802,Utilities,2023,2023-09-30,2025-11-14,4275357000,,1067147000,999641000,113779000,885862000,6.1,3459743000,2805973000,10178000,604327000,137281000,430345000,,15404000,6554133000,,,22516968000,10870064000,145166000,148496108
ATO,731802,Utilities,2024,2024-09-30,2025-11-14,4165187000,,1355362000,1235776000,192881000,1042895000,6.83,1733746000,2937124000,10709000,669972000,,492950000,,307340000,7783646000,,,25194465000,12157669000,152666000,155399533
ATO,731802,Utilities,2025,2025-09-30,2025-11-14,4702755000,,1559971000,1478034000,279280000,1198754000,7.46,2049456000,3561399000,12731000,734745000,,553761000,,202687000,8907169000,,,28249522000,13558890000,160573000,161693336
AVGO,1730168,Information Technology,2018,2018-11-04,2018-12-21,20848000000,10733000000,5135000000,4545000000,-8084000000,12259000000,28.44,8880000000,635000000,1227000000,,628000000,2921000000,7258000000,4292000000,17493000000,17493000000,0,50124000000,26657000000,431000000,407270901
AVGO,1730168,Information Technology,2019,2019-11-03,2021-12-17,,12483000000,3444000000,2226000000,-510000000,,6.43,9697000000,432000000,2185000000,,1444000000,4235000000,5435000000,5055000000,32798000000,30011000000,2787000000,67493000000,24941000000,419000000,397792289
AVGO,1730168,Information Technology,2020,2020-11-01,2022-12-16,,13516000000,4014000000,2443000000,-518000000,,6.33,12061000000,463000000,1976000000,,1777000000,5235000000,0,7618000000,40994000000,40235000000,827000000,75933000000,,421000000,406713118
AVGO,1730168,Information Technology,2021,2021-10-31,2023-12-14,,16844000000,8519000000,6765000000,29000000,,15,13764000000,443000000,1704000000,,1885000000,5913000000,0,12163000000,39665000000,39440000000,264000000,75570000000,,429000000,412873968
AVGO,1730168,Information Technology,2022,2022-10-30,2024-12-20,,22095000000,14225000000,12434000000,939000000,11495000000,2.65,16736000000,424000000,1533000000,,1737000000,6733000000,7000000000,12416000000,,,403000000,73249000000,,4232000000,417886140
AVGO,1730168,Information Technology,2023,2023-10-29,2025-12-18,,24690000000,16207000000,15097000000,1015000000,14082000000,3.3,18085000000,452000000,2171000000,,1622000000,7645000000,5824000000,14189000000,,,1563000000,72861000000,,4272000000,468140569
AVGO,1730168,Information Technology,2024,2024-11-03,2025-12-18,,32509000000,13463000000,9916000000,3748000000,5895000000,1.23,19962000000,548000000,5741000000,,3953000000,9814000000,7176000000,9348000000,,,1245000000,165645000000,,4778000000,4687356156
AVGO,1730168,Information Technology,2025,2025-11-02,2025-12-18,,43294000000,25484000000,22729000000,-397000000,,4.77,27537000000,623000000,7568000000,,,11142000000,2450000000,16178000000,65136000000,61984000000,3152000000,171092000000,,4853000000,4741273799
AVY,8818,Materials,2019,2019-12-28,2022-02-23,,1904100000,,,-56700000,303600000,3.57,746500000,219400000,34500000,179000000,75800000,189700000,237700000,253700000,1475300000,,,5488800000,1204000000,85000000,83980757
AVY,8818,Materials,2020,2020-02-22,2020-02-26,,,,,,,,,,,,,,,,,,,,,,83297552
AVY,8818,Materials,2021,2021-01-02,2023-02-22,,1923300000,,,177700000,555900000,6.61,751300000,201400000,24000000,205300000,70000000,196800000,104300000,252300000,2029200000,,,6083900000,1484900000,84100000,83044019
AVY,8818,Materials,2022,2022-12-31,2025-02-26,,2404200000,,999300000,242200000,757100000,9.21,961000000,278100000,47400000,290700000,70200000,238900000,379500000,167200000,2495400000,,,7950500000,2032200000,82200000,82461259
AVY,8818,Materials,2023,2023-12-30,2026-02-25,,2277500000,,694700000,191700000,503000000,6.2,826000000,265300000,22300000,298400000,119000000,256700000,137500000,215000000,2615000000,,,8209800000,2127900000,81100000,80824942
AVY,8818,Materials,2024,2024-12-28,2026-02-25,,2530700000,,953500000,248600000,704900000,8.73,938800000,208800000,28700000,312200000,,277500000,247500000,329100000,2550800000,,,8404200000,2312300000,80700000,80508663
AVY,8818,Materials,2025,2025-12-31,2026-02-25,,2546300000,,925100000,237100000,688000000,8.79,881400000,169000000,27900000,328200000,,288400000,572300000,202800000,3199000000,,,8801700000,2242100000,78300000,78994622
AVY,8818,Materials,2026,2026-01-31,2026-02-25,,,,,,,,,,,,,,,,,,,,,,76877940
AWK,1410636,Utilities,2019,2019-12-31,2022-02-16,,,1214000000,833000000,212000000,621000000,3.43,1383000000,1654000000,,582000000,,353000000,36000000,60000000,8664000000,,,22682000000,6121000000,181000000,180751697
AWK,1410636,Utilities,2020,2020-12-31,2023-02-15,,,1248000000,924000000,215000000,709000000,3.91,1426000000,1822000000,,604000000,,389000000,0,547000000,9656000000,,,24766000000,6454000000,182000000,180974719
AWK,1410636,Utilities,2021,2021-12-31,2024-02-14,,,1196000000,1640000000,377000000,1263000000,6.95,1441000000,1764000000,,636000000,,428000000,0,116000000,,,,26075000000,7298000000,182000000,181439255
AWK,1410636,Utilities,2022,2022-12-31,2025-02-19,,,1273000000,1008000000,188000000,820000000,4.51,1108000000,2297000000,,649000000,,467000000,,85000000,,,,27787000000,7693000000,182000000,181724991
AWK,1410636,Utilities,2023,2023-12-31,2026-02-18,,,1504000000,1196000000,252000000,944000000,4.9,1874000000,2575000000,,704000000,,532000000,,330000000,,,,30298000000,9797000000,193000000,181858619
AWK,1410636,Utilities,2024,2024-12-31,2026-02-18,,,1718000000,1359000000,308000000,1051000000,5.39,2045000000,2856000000,,788000000,,585000000,,96000000,,,,32830000000,10332000000,195000000,194755320
AWK,1410636,Utilities,2025,2025-12-31,2026-02-18,,,1879000000,1422000000,311000000,1111000000,5.69,2059000000,3126000000,,894000000,,633000000,,98000000,,,,35442000000,10837000000,195000000,194947313
AWK,1410636,Utilities,2026,2026-02-09,2026-02-18,,,,,,,,,,,,,,,,,,,,,,195208666
AXON,1069183,Industrials,2019,2019-12-31,2022-02-25,530860000,307286000,-6394000,2070000,1188000,882000,0.01,65673000,15939000,78495000,11361000,,,,172250000,,,,845639000,543495000,60018000,58829384
AXON,1069183,Industrials,2020,2020-12-31,2023-02-28,681003000,416331000,-14150000,-6291000,-4567000,-1724000,-0.03,38481000,72629000,133572000,12475000,,,,155440000,,,,1381023000,976255000,61782000,59528200
AXON,1069183,Industrials,2021,2021-12-31,2024-02-27,863381000,540910000,-168123000,-141375000,-81357000,-60018000,-0.91,124494000,49886000,303331000,18694000,,,,356332000,,,,1688210000,1050233000,66191000,63783849
AXON,1069183,Industrials,2022,2022-12-31,2025-05-07,1187143000,726113000,92973000,196238000,49308000,146930000,2.03,235361000,55802000,106176000,23116000,,,,353684000,,,,2851894000,1270666000,72534000,70931874
AXON,1069183,Industrials,2023,2023-12-31,2026-02-25,1560699000,955453000,156850000,157061000,-18722000,175783000,2.33,189263000,59635000,131358000,19315000,6995000,,,598545000,,677113000,0,3409174000,1615765000,75456000,72862227
AXON,1069183,Industrials,2024,2024-12-31,2026-02-25,2082526000,1241380000,58540000,381504000,4470000,377034000,4.8,408312000,78785000,382604000,48425000,7098000,,,454844000,680289000,0,680289000,4474588000,2327665000,78558000,75302832
AXON,1069183,Industrials,2025,2025-12-31,2026-02-25,2779536000,1658125000,-62076000,18974000,-105682000,124656000,1.51,211339000,136258000,634231000,83161000,94238000,,,1201147000,1810722000,1730170000,80552000,7000313000,3242658000,82370000,76623266
AXON,1069183,Industrials,2026,2026-02-18,2026-02-25,,,,,,,,,,,,,,,,,,,,,,80397675
AXP,4962,Financials,2019,2019-12-31,2022-02-11,,,,8429000000,1670000000,6759000000,7.99,13632000000,1645000000,283000000,1188000000,3464000000,1422000000,,,57835000000,,,198000000000,23071000000,830000000,843368671
AXP,4962,Financials,2020,2020-12-31,2023-02-10,,,,4296000000,1161000000,3135000000,3.77,5591000000,1478000000,249000000,1543000000,2098000000,1474000000,1029000000,,42952000000,,,191000000000,22984000000,806000000,808040664
AXP,4962,Financials,2021,2021-12-31,2024-02-09,,,,10689000000,2629000000,8060000000,10.02,14645000000,1550000000,330000000,1695000000,1283000000,1448000000,7652000000,21503000000,38675000000,,,189000000000,22177000000,790000000,805588980
AXP,4962,Financials,2022,2022-12-31,2025-02-07,,,,9585000000,2071000000,7514000000,9.85,21079000000,1855000000,375000000,1626000000,2763000000,1565000000,3502000000,33370000000,42573000000,,,228354000000,24711000000,752000000,759354994
AXP,4962,Financials,2023,2023-12-31,2026-02-06,,,,10513000000,2139000000,8374000000,11.21,18559000000,1563000000,450000000,1651000000,6849000000,1780000000,3650000000,,47866000000,,,261108000000,28057000000,736000000,744192702
AXP,4962,Financials,2024,2024-12-31,2026-02-06,,,,12895000000,2766000000,10129000000,14.01,14050000000,1911000000,504000000,1676000000,,1999000000,6020000000,,49715000000,,,271461000000,30264000000,713000000,723869787
AXP,4962,Financials,2025,2025-12-31,2026-02-06,,,,13795000000,2962000000,10833000000,15.38,18428000000,2425000000,551000000,1777000000,,2271000000,5814000000,,56387000000,,,300052000000,33474000000,696000000,702532111
AXP,4962,Financials,2026,2026-01-30,2026-02-06,,,,,,,,,,,,,,,,,,,,,,686614005
AZO,866787,Consumer Discretionary,2018,2018-08-25,2020-10-26,11221077000,5973746000,1810856000,1636329000,298793000,1337536000,48.77,2080292000,521788000,,345084000,181668000,,1592013000,217824000,,5005930000,,9346980000,-1520355000,27424000,25559353
AZO,866787,Consumer Discretionary,2019,2019-08-31,2021-10-25,11863743000,6365001000,2216137000,2031333000,414112000,1617221000,63.43,2128513000,496050000,,369957000,193671000,,2004896000,176300000,,5206344000,,9895913000,-1713851000,25498000,23827496
AZO,866787,Consumer Discretionary,2020,2020-08-29,2022-10-24,12631967000,6770753000,2417679000,2216514000,483542000,1732972000,71.93,2720108000,457736000,,397466000,208021000,,930903000,1750815000,,5513371000,0,14423872000,-877977000,24093000,23175554
AZO,866787,Consumer Discretionary,2021,2021-08-28,2023-10-24,14629585000,7717785000,2944527000,2749190000,578876000,2170314000,95.19,3518543000,621767000,,407683000,202326000,,3378321000,1171335000,,5269820000,,14516199000,-1797536000,22799000,20967962
AZO,866787,Consumer Discretionary,2022,2022-08-27,2024-10-28,16252230000,8472650000,3270729000,3079091000,649487000,2429604000,117.19,3211135000,672391000,,442223000,198883000,,4359991000,264380000,,6122092000,,15275043000,-3538913000,20733000,18981426
AZO,866787,Consumer Discretionary,2023,2023-08-26,2025-10-27,17457209000,9070422000,3473986000,3167614000,639188000,2528426000,132.36,2940788000,796657000,,497577000,320121000,,3699552000,277054000,,7668549000,,15985878000,-4349894000,19103000,17683418
AZO,866787,Consumer Discretionary,2024,2024-08-31,2025-10-27,18490268000,9817052000,3788708000,3337130000,674703000,2662427000,149.55,3004116000,1072696000,,549755000,,,3140917000,298172000,,9024381000,,17176538000,-4749614000,17803000,16904289
AZO,866787,Consumer Discretionary,2025,2025-08-30,2025-10-27,18938717000,9966474000,3610156000,3134332000,636085000,2498247000,144.87,3117337000,1327257000,,613199000,,,1578186000,271803000,,8799775000,,19355324000,-3414313000,17245000,16632663
BA,12927,Industrials,2019,2019-12-31,2022-01-31,76559000000,4466000000,-1975000000,-2259000000,-1623000000,-636000000,-1.12,-2446000000,1834000000,212000000,2271000000,722000000,4630000000,2651000000,9485000000,20964000000,,7340000000,133625000000,-8617000000,565400000,564985109
BA,12927,Industrials,2020,2020-12-31,2023-01-27,58158000000,-5685000000,-12767000000,-14476000000,-2535000000,-11873000000,-20.88,-18410000000,1303000000,250000000,2246000000,2156000000,1158000000,,7752000000,63380000000,,1693000000,152136000000,-18316000000,568600000,563152208
BA,12927,Industrials,2021,2021-12-31,2024-01-31,62286000000,3049000000,-2870000000,-5033000000,-743000000,-4202000000,-7.15,-3416000000,980000000,833000000,2144000000,2714000000,,,8052000000,57921000000,,1296000000,138552000000,-14999000000,587600000,582996860
BA,12927,Industrials,2022,2022-12-31,2025-02-03,66608000000,3530000000,-3519000000,-5022000000,31000000,-4935000000,-8.3,3512000000,1222000000,725000000,1979000000,2561000000,,,14614000000,56794000000,,5190000000,137100000000,-15883000000,594900000,582999765
BA,12927,Industrials,2023,2023-12-31,2026-01-30,77794000000,7724000000,-773000000,-2005000000,237000000,-2222000000,-3.67,5960000000,1527000000,690000000,1861000000,2459000000,,,12691000000,52055000000,,5204000000,137012000000,-17233000000,605800000,598239585
BA,12927,Industrials,2024,2024-12-31,2026-01-30,66517000000,-1991000000,-10707000000,-12210000000,-381000000,-11817000000,-18.36,-12080000000,2230000000,407000000,1836000000,2725000000,,,13801000000,53625000000,,1278000000,156363000000,-3908000000,646900000,610135205
BA,12927,Industrials,2025,2025-12-31,2026-01-30,89463000000,4289000000,4281000000,2635000000,397000000,2235000000,2.48,1065000000,2942000000,426000000,1953000000,2771000000,,,10921000000,53848000000,,8461000000,168235000000,5454000000,762300000,750074411
BA,12927,Industrials,2026,2026-01-23,2026-01-30,,,,,,,,,,,,,,,,,,,,,,785347096
BAC,70858,Financials,2019,2019-12-31,2022-02-22,91244000000,,,32754000000,5324000000,27430000000,2.75,61777000000,,1974000000,1729000000,22345000000,,28144000000,161560000000,240856000000,,,2434079000000,264810000000,9442900000,9658759764
BAC,70858,Financials,2020,2020-12-31,2023-02-22,85528000000,,,18995000000,1101000000,17894000000,1.87,37993000000,,2031000000,1843000000,8225000000,,7025000000,,262934000000,,,2819627000000,272924000000,8796900000,8728530308
BAC,70858,Financials,2021,2021-12-31,2024-02-20,89113000000,,,33976000000,1998000000,31978000000,3.57,-7193000000,,2768000000,1898000000,4738000000,,25126000000,,280117000000,,,3169495000000,270066000000,8558400000,8633185862
BAC,70858,Financials,2022,2022-12-31,2025-02-25,94950000000,,,30969000000,3441000000,27528000000,3.19,-6327000000,,2862000000,1978000000,20103000000,,5073000000,,275982000000,,,3051375000000,273197000000,8167500000,8069801301
BAC,70858,Financials,2023,2023-12-31,2026-02-25,102769000000,,,32530000000,6225000000,26305000000,3.05,44982000000,,2942000000,2057000000,73331000000,,4576000000,,302204000000,,,3180151000000,290209000000,8080500000,8003839222
BAC,70858,Financials,2024,2024-12-31,2026-02-25,105856000000,,,33223000000,6250000000,26973000000,3.19,-8805000000,,3433000000,2189000000,,,13104000000,,283279000000,,,3261299000000,293963000000,7935800000,7872657542
BAC,70858,Financials,2025,2025-12-31,2026-02-25,113097000000,,,37695000000,7186000000,30509000000,3.81,12613000000,,4001000000,2314000000,,,21433000000,,317816000000,,,3411738000000,303243000000,7680900000,7604677274
BAC,70858,Financials,2026,2026-02-24,2026-02-25,,,,,,,,,,,,,,,,,,,,,,7176682170
BALL,9389,Materials,2019,2019-12-31,2020-02-19,,1775000000,932000000,,71000000,,1.66,1548000000,598000000,37000000,,,182000000,964000000,1798000000,7791000000,6337000000,1454000000,17360000000,2949000000,340121000,334338125
BALL,9389,Materials,2020,2020-12-31,2023-02-21,,,1003000000,,99000000,,1.76,1432000000,1113000000,43000000,,,198000000,57000000,1366000000,,,,18252000000,3275000000,332815000,325773210
BALL,9389,Materials,2021,2021-12-31,2024-02-20,,,1291000000,,156000000,,2.65,1760000000,1726000000,40000000,,,229000000,766000000,563000000,,,,19714000000,3627000000,331615000,327926616
BALL,9389,Materials,2022,2022-12-31,2024-02-20,,,1214000000,,138000000,,2.25,301000000,1651000000,39000000,594000000,,254000000,618000000,548000000,,,,19909000000,3461000000,320008000,0
BALL,9389,Materials,2023,2023-12-31,2024-02-20,,,1273000000,,146000000,,2.23,1863000000,1045000000,33000000,605000000,,252000000,3000000,695000000,,,856000000,19303000000,3769000000,317022000,314424560
BALL,9389,Materials,2024,2024-12-31,2026-02-19,,,,,133000000,,13,115000000,484000000,63000000,611000000,,244000000,1712000000,885000000,,,191000000,17628000000,5862000000,308206000,315642486
BALL,9389,Materials,2025,2025-12-31,2026-02-19,,,,,240000000,,3.3,1262000000,474000000,28000000,622000000,,220000000,1321000000,1212000000,,,2000000,19524000000,5421000000,275972000,282822891
BALL,9389,Materials,2026,2026-02-17,2026-02-19,,,,,,,,,,,,,,,,,,,,,,266077175
BAX,10456,Health Care,2019,2019-12-31,2022-02-23,11362000000,4761000000,1772000000,970000000,-41000000,1001000000,1.93,2104000000,696000000,122000000,789000000,111000000,423000000,1270000000,3335000000,,,315000000,18193000000,7882000000,519000000,512538202
BAX,10456,Health Care,2020,2020-12-31,2023-02-09,11673000000,4587000000,1616000000,1292000000,182000000,1102000000,2.13,1868000000,709000000,130000000,823000000,153000000,473000000,500000000,3730000000,6233000000,,406000000,20019000000,8689000000,517000000,507263731
BAX,10456,Health Care,2021,2021-12-31,2024-02-08,12146000000,4720000000,1350000000,1116000000,83000000,1284000000,2.53,2222000000,691000000,146000000,867000000,207000000,530000000,600000000,2951000000,17754000000,,210000000,33521000000,9077000000,508000000,505103894
BAX,10456,Health Care,2022,2022-12-31,2025-02-21,10057000000,3549000000,-2845000000,-3248000000,-135000000,-2433000000,-4.83,1211000000,377000000,140000000,1072000000,413000000,573000000,32000000,1621000000,16702000000,,1105000000,28287000000,5833000000,504000000,502293624
BAX,10456,Health Care,2023,2023-12-31,2026-02-12,10360000000,4150000000,707000000,242000000,61000000,2656000000,5.23,1726000000,432000000,115000000,984000000,508000000,586000000,0,3078000000,13855000000,,2667000000,28276000000,8402000000,508000000,504672166
BAX,10456,Health Care,2024,2024-12-31,2026-02-12,10636000000,3984000000,14000000,-289000000,37000000,-649000000,-1.27,1019000000,446000000,114000000,997000000,408000000,590000000,0,1764000000,13180000000,,626000000,25782000000,6964000000,510000000,507827437
BAX,10456,Health Care,2025,2025-12-31,2026-02-12,11244000000,3379000000,-308000000,-505000000,395000000,-957000000,-1.87,845000000,513000000,117000000,981000000,290000000,348000000,,1966000000,9438000000,,2000000,20055000000,6129000000,513000000,511624996
BAX,10456,Health Care,2026,2026-02-05,2026-02-12,,,,,,,,,,,,,,,,,,,,,,514490045
BBY,764478,Consumer Discretionary,2019,2019-02-02,2021-03-19,42879000000,9961000000,1900000000,,424000000,1464000000,5.2,2408000000,819000000,123000000,770000000,73000000,497000000,1505000000,1980000000,1388000000,1332000000,56000000,12901000000,3306000000,281400000,265702588
BBY,764478,Consumer Discretionary,2020,2020-02-01,2022-03-18,43638000000,10048000000,2009000000,,452000000,1541000000,5.75,2565000000,743000000,143000000,812000000,64000000,527000000,1003000000,2229000000,1271000000,1257000000,14000000,15591000000,3479000000,268100000,256971220
BBY,764478,Consumer Discretionary,2021,2021-01-30,2023-03-17,47262000000,10573000000,2391000000,,579000000,1798000000,6.84,4927000000,713000000,135000000,839000000,52000000,568000000,312000000,5494000000,1267000000,1253000000,14000000,19067000000,4587000000,263000000,250044876
BBY,764478,Consumer Discretionary,2022,2022-01-29,2024-03-15,51761000000,11640000000,3039000000,,574000000,2454000000,9.84,3252000000,737000000,141000000,869000000,25000000,688000000,3502000000,2936000000,1229000000,1216000000,13000000,17504000000,3020000000,249300000,225227756
BBY,764478,Consumer Discretionary,2023,2023-01-28,2025-03-19,46298000000,9912000000,1795000000,,370000000,1419000000,6.29,1824000000,930000000,138000000,918000000,35000000,789000000,1014000000,1874000000,1176000000,1160000000,16000000,15803000000,2795000000,225700000,218045737
BBY,764478,Consumer Discretionary,2024,2024-02-03,2026-03-18,43452000000,9603000000,1574000000,,381000000,1241000000,5.68,1470000000,795000000,145000000,923000000,52000000,801000000,340000000,1447000000,1165000000,1152000000,13000000,14967000000,3053000000,218500000,215381395
BBY,764478,Consumer Discretionary,2025,2025-02-01,2026-03-18,41528000000,9385000000,1262000000,,372000000,927000000,4.28,2098000000,706000000,139000000,866000000,51000000,807000000,500000000,1578000000,1154000000,1144000000,10000000,14782000000,2808000000,216600000,211369657
BBY,764478,Consumer Discretionary,2026,2026-01-31,2026-03-18,41691000000,9373000000,1389000000,,337000000,1069000000,5.04,1962000000,704000000,139000000,831000000,47000000,801000000,273000000,1738000000,,,,14670000000,2964000000,212100000,209112577
BDX,10795,Health Care,2018,2018-09-30,2020-11-25,15983000000,7269000000,1509000000,,862000000,311000000,0.6,2865000000,895000000,322000000,1978000000,706000000,927000000,0,1140000000,,18894000000,,53904000000,20994000000,264621000,268257940
BDX,10795,Health Care,2019,2019-09-30,2021-11-24,17290000000,8288000000,1760000000,1176000000,-57000000,1233000000,3.94,3330000000,957000000,261000000,2253000000,639000000,984000000,0,536000000,,18081000000,,51765000000,21081000000,274775000,270459892
BDX,10795,Health Care,2020,2020-09-30,2022-11-22,16074000000,7577000000,912000000,414000000,62000000,874000000,2.71,3539000000,769000000,236000000,2115000000,528000000,1026000000,0,2825000000,,17224000000,,54012000000,23765000000,282402000,290031363
BDX,10795,Health Care,2021,2021-09-30,2023-11-21,19131000000,,2250000000,1692000000,88000000,2092000000,6.85,4647000000,1194000000,229000000,2230000000,469000000,1048000000,1750000000,2283000000,,17110000000,,53866000000,23677000000,292089000,284023582
BDX,10795,Health Care,2022,2022-09-30,2024-11-27,18870000000,,2282000000,1783000000,148000000,1779000000,5.88,,973000000,233000000,2229000000,398000000,1082000000,500000000,1006000000,,13886000000,,52934000000,25282000000,287364000,283375793
BDX,10795,Health Care,2023,2023-09-30,2025-11-25,19372000000,,2111000000,1662000000,132000000,1484000000,4.94,,874000000,259000000,2288000000,452000000,1114000000,0,1416000000,,14738000000,,52780000000,25796000000,288392000,290405122
BDX,10795,Health Care,2024,2024-09-30,2025-11-25,20178000000,,2397000000,2005000000,300000000,1705000000,5.86,,725000000,247000000,2286000000,528000000,1100000000,500000000,1717000000,,17940000000,,57286000000,25890000000,291009000,289122120
BDX,10795,Health Care,2025,2025-09-30,2025-11-25,21840000000,,2579000000,1881000000,203000000,1678000000,5.82,,760000000,258000000,2462000000,613000000,1196000000,1000000000,641000000,,17621000000,,55325000000,25390000000,288509000,285418551
BEN,38777,Financials,2018,2018-09-30,2019-11-12,6319100000,,2028200000,2215200000,1472500000,764400000,1.39,2229700000,106500000,117800000,74600000,46300000,2116900000,1424800000,6910600000,695900000,,,14383500000,9899200000,538000000,513094888
BEN,38777,Financials,2019,2019-09-30,2019-11-12,5774500000,,1466900000,1647800000,442300000,1195700000,2.35,268500000,233700000,111500000,78700000,22400000,518600000,754500000,6206600000,696900000,,,14532200000,9906500000,504300000,498070319
BEN,38777,Financials,2020,2020-09-30,2022-11-14,,,1048900000,1017900000,230800000,798900000,1.59,1083300000,103700000,122300000,74500000,33400000,533200000,218200000,3989800000,2000000000,,,21684500000,10114500000,492400000,504591594
BEN,38777,Financials,2021,2021-09-30,2023-11-14,,,1875000000,2444200000,349600000,1831200000,3.57,1245400000,79300000,171900000,78600000,85400000,559700000,208200000,4647200000,3399400000,,,24168400000,11223400000,490600000,501795099
BEN,38777,Financials,2022,2022-09-30,2024-11-12,,,1773900000,1729400000,396200000,1291900000,2.53,1956700000,90300000,208200000,95800000,98200000,583100000,180800000,,3376400000,,,28060600000,11474600000,489300000,499558579
BEN,38777,Financials,2023,2023-09-30,2025-11-10,,,1102300000,1338000000,312300000,882800000,1.72,1089200000,148800000,182600000,104300000,123700000,607300000,256300000,,3052800000,,,30121200000,11916900000,490800000,494584385
BEN,38777,Financials,2024,2024-09-30,2025-11-10,,,407600000,823200000,215300000,464800000,0.85,971300000,177100000,246100000,116500000,97200000,656400000,274400000,,2780300000,,,32464500000,12508100000,510300000,523667677
BEN,38777,Financials,2025,2025-09-30,2025-11-10,,,604100000,786800000,237900000,524900000,0.91,1066100000,154500000,214800000,125300000,94900000,683700000,240300000,,2362000000,,,32368300000,12077800000,517400000,520970580
BF.B,14693,Consumer Staples,2019,2019-04-30,2021-06-21,3324000000,2166000000,1144000000,,207000000,835000000,1.73,800000000,119000000,14000000,72000000,88000000,310000000,207000000,307000000,2290000000,2290000000,,5139000000,1647000000,482067000,477172000
BF.B,14693,Consumer Staples,2020,2020-04-30,2022-06-17,3363000000,2127000000,1091000000,1009000000,182000000,827000000,1.72,724000000,113000000,11000000,74000000,82000000,325000000,1000000,675000000,2269000000,2269000000,,5766000000,1975000000,480409000,478209000
BF.B,14693,Consumer Staples,2021,2021-04-30,2023-06-16,3461000000,2094000000,1166000000,1081000000,178000000,903000000,1.88,817000000,62000000,12000000,77000000,81000000,338000000,0,1150000000,2354000000,2354000000,0,6522000000,2656000000,480677000,478729000
BF.B,14693,Consumer Staples,2022,2022-04-30,2024-06-14,3933000000,2391000000,1204000000,1114000000,276000000,838000000,1.74,936000000,138000000,15000000,79000000,82000000,831000000,0,868000000,2269000000,2019000000,250000000,6373000000,2737000000,480565000,479020000
BF.B,14693,Consumer Staples,2023,2023-04-30,2025-06-13,4228000000,2494000000,1127000000,1017000000,234000000,783000000,1.63,640000000,183000000,18000000,80000000,90000000,378000000,0,374000000,2678000000,2678000000,0,7777000000,3268000000,480465000,479316000
BF.B,14693,Consumer Staples,2024,2024-04-30,2026-06-12,4178000000,2526000000,1414000000,1298000000,274000000,1024000000,2.14,647000000,228000000,25000000,87000000,127000000,404000000,400000000,446000000,2672000000,2372000000,300000000,8166000000,3517000000,477220000,472600000
BF.B,14693,Consumer Staples,2025,2025-04-30,2026-06-12,3975000000,2343000000,1107000000,1081000000,212000000,869000000,1.84,598000000,167000000,28000000,87000000,122000000,420000000,0,444000000,2421000000,2421000000,0,8086000000,3993000000,472950000,472669000
BF.B,14693,Consumer Staples,2026,2026-04-30,2026-06-12,3928000000,2378000000,1001000000,885000000,170000000,715000000,1.53,1000000000,107000000,32000000,92000000,103000000,427000000,400000000,308000000,2434000000,2083000000,351000000,7894000000,4020000000,466733000,
BG,1996862,Consumer Staples,2021,2021-12-31,2024-02-22,59152000000,3363000000,,2565000000,398000000,2078000000,13.64,-2894000000,399000000,,424000000,243000000,289000000,100000000,902000000,,,,23819000000,,152366712,
BG,1996862,Consumer Staples,2022,2022-12-31,2025-02-20,67232000000,3682000000,,2066000000,388000000,1610000000,10.51,-5549000000,555000000,,408000000,403000000,349000000,200000000,1104000000,4105000000,3259000000,846000000,24580000000,9224000000,153134754,
BG,1996862,Consumer Staples,2023,2023-12-31,2026-02-19,59540000000,4845000000,,3051000000,714000000,2243000000,14.87,3308000000,1122000000,,451000000,516000000,383000000,600000000,2602000000,4085000000,4080000000,5000000,25372000000,10851000000,150787917,
BG,1996862,Consumer Staples,2024,2024-12-31,2026-02-19,53108000000,3393000000,,1524000000,336000000,1137000000,7.99,1900000000,1376000000,,468000000,471000000,378000000,1100000000,3311000000,5363000000,4694000000,669000000,24899000000,9913000000,142223221,143418211
BG,1996862,Consumer Staples,2025,2025-12-31,2026-02-19,70329000000,3409000000,,1134000000,288000000,816000000,4.91,844000000,1723000000,,703000000,628000000,459000000,551000000,1135000000,10168000000,8831000000,1337000000,44528000000,15904000000,166466940,133968048
BG,1996862,Consumer Staples,2026,2026-02-17,2026-02-19,,,,,,,,,,,,,,,,,,,,,,193509080
BIIB,875045,Health Care,2019,2019-12-31,2022-02-03,14377900000,12422500000,7042600000,,1158000000,5888500000,31.42,7078600000,514500000,182300000,464700000,187400000,,5868300000,2913700000,4459000000,,1495800000,27234300000,13343200000,187400000,196708784
BIIB,875045,Health Care,2020,2020-12-31,2023-02-15,13444600000,11639400000,4550100000,,992300000,4000600000,24.8,4229800000,424800000,198300000,457200000,222500000,,6679100000,,7426200000,,0,24618900000,10700300000,161300000,174064011
BIIB,875045,Health Care,2021,2021-12-31,2024-02-14,10981700000,,2840700000,,52500000,1556100000,10.4,3639900000,258100000,238600000,487700000,253600000,,1800000000,,6274000000,,999100000,23877300000,10896200000,149600000,152335731
BIIB,875045,Health Care,2022,2022-12-31,2025-02-12,10173400000,,,,632800000,3046900000,20.87,1384300000,240300000,254100000,518400000,246600000,,750000000,,6281000000,,0,24554100000,13397900000,146000000,146962793
BIIB,875045,Health Care,2023,2023-12-31,2026-02-06,9835600000,,,1296800000,135300000,1161100000,7.97,1547200000,277000000,264200000,494800000,246900000,,0,,6938200000,,150000000,26844800000,14799400000,145600000,144485646
BIIB,875045,Health Care,2024,2024-12-31,2026-02-06,9675900000,,,1906000000,273800000,1632200000,11.18,2875500000,153700000,291200000,673200000,250300000,,0,,6295800000,,1748600000,28049300000,,145900000,145360798
BIIB,875045,Health Care,2025,2025-12-31,2026-02-06,9890600000,,,1556500000,263600000,1292900000,8.79,2204600000,153800000,290800000,779900000,267500000,,,,6286800000,,0,29439500000,,147100000,146374937
BIIB,875045,Health Care,2026,2026-02-04,2026-02-06,,,,,,,,,,,,,,,,,,,,,,146758528
BKNG,1075531,Consumer Discretionary,2019,2019-12-31,2022-02-23,15066000000,,5345000000,5958000000,1093000000,,111.82,4865000000,368000000,,469000000,266000000,,8187000000,6312000000,7640000000,7640000000,,21402000000,5933000000,43509000,45012725
BKNG,1075531,Consumer Discretionary,2020,2020-12-31,2023-02-23,6796000000,,-631000000,567000000,508000000,,1.44,85000000,286000000,,458000000,356000000,,1303000000,10562000000,,11029000000,985000000,21874000000,4893000000,41160000,41061814
BKNG,1075531,Consumer Discretionary,2021,2021-12-31,2024-02-22,10958000000,,2496000000,1465000000,300000000,,28.17,2820000000,304000000,,421000000,334000000,,163000000,11127000000,,8937000000,1989000000,23641000000,6178000000,41362000,40961796
BKNG,1075531,Consumer Discretionary,2022,2022-12-31,2025-02-20,17090000000,,5102000000,3923000000,865000000,,76.35,6554000000,368000000,,451000000,391000000,0,6621000000,12221000000,12485000000,11985000000,500000000,25361000000,2782000000,40052000,40887702
BKNG,1075531,Consumer Discretionary,2023,2023-12-31,2026-02-18,21365000000,,5835000000,5481000000,1192000000,,117.4,7344000000,345000000,,504000000,897000000,0,10377000000,12107000000,14184000000,12223000000,1961000000,24342000000,-2744000000,36530000,37648373
BKNG,1075531,Consumer Discretionary,2024,2024-12-31,2026-02-18,23739000000,,7555000000,7292000000,1410000000,,172.69,8323000000,429000000,,591000000,,1174000000,6509000000,16164000000,16598000000,14853000000,1745000000,27708000000,-4020000000,34064000,34171027
BKNG,1075531,Consumer Discretionary,2025,2025-12-31,2026-02-18,26917000000,,8825000000,6832000000,1428000000,,165.57,9409000000,322000000,,623000000,,1248000000,6440000000,17203000000,18736000000,16856000000,1880000000,29264000000,-5578000000,32639000,32815201
BKNG,1075531,Consumer Discretionary,2026,2026-02-10,2026-02-18,,,,,,,,,,,,,,,,,,,,,,31673346
BKR,1701605,Energy,2019,2019-12-31,2022-02-11,23838000000,4432000000,1074000000,753000000,482000000,128000000,0.23,2126000000,1240000000,,1418000000,,395000000,0,,,,321000000,53369000000,21929000000,,
BKR,1701605,Energy,2020,2020-12-31,2023-02-14,20705000000,,-15978000000,-15202000000,559000000,-9940000000,-14.73,1304000000,974000000,210000000,1317000000,,488000000,0,,,,889000000,38007000000,12893000000,,
BKR,1701605,Energy,2021,2021-12-31,2024-02-05,20502000000,,1310000000,428000000,758000000,-219000000,-0.27,2374000000,856000000,205000000,1105000000,,592000000,434000000,,,,40000000,35308000000,14830000000,,
BKR,1701605,Energy,2022,2022-12-31,2025-02-04,21156000000,,1185000000,22000000,600000000,-601000000,-0.61,1888000000,989000000,207000000,1061000000,,726000000,828000000,,,,677000000,34181000000,14394000000,,
BKR,1701605,Energy,2023,2023-12-31,2026-02-05,25506000000,,2317000000,2655000000,685000000,1943000000,1.91,3062000000,1224000000,197000000,1087000000,,786000000,538000000,,,,148000000,36945000000,15368000000,,1011217705
BKR,1701605,Energy,2024,2024-12-31,2026-02-05,27829000000,,3081000000,3265000000,257000000,2979000000,2.98,3332000000,1278000000,202000000,1136000000,,836000000,484000000,,,,53000000,38363000000,16895000000,,1000881406
BKR,1701605,Energy,2025,2025-12-31,2026-02-05,27733000000,,,2877000000,253000000,2588000000,,3810000000,1273000000,203000000,1188000000,,910000000,384000000,,,,689000000,40881000000,18834000000,,990111854
BKR,1701605,Energy,2026,2026-01-27,2026-02-05,,,,,,,,,,,,,,,,,,,,,,988236510
BLDR,1316835,Industrials,2019,2019-12-31,2022-03-01,7280431000,1976829000,392306000,282755000,60946000,221809000,1.9,504046000,112870000,12239000,100038000,,,10392000,14096000,,,,3249490000,824953000,117025000,115359616
BLDR,1316835,Industrials,2020,2020-12-31,2023-02-28,8558874000,2222584000,543854000,408166000,94629000,313537000,2.66,260067000,112082000,17022000,116566000,,,4153000,423806000,,,,4173671000,1152783000,117917000,116130284
BLDR,1316835,Industrials,2021,2021-12-31,2024-02-22,19893856000,5850956000,2387424000,2251547000,526131000,1725416000,8.48,1743549000,227891000,31486000,547352000,,,1714761000,42603000,,,,10714343000,4802481000,203470000,207199844
BLDR,1316835,Industrials,2022,2022-12-31,2025-02-20,22726418000,7744379000,3770206000,3571833000,822464000,2749369000,16.82,3599231000,340152000,31337000,497140000,,,2593389000,80445000,,,,10595160000,4962566000,163481000,176772541
BLDR,1316835,Industrials,2023,2023-12-31,2026-02-17,17097330000,6012334000,2176319000,1984204000,443649000,1540555000,11.94,2306872000,476335000,48522000,558275000,,,1811517000,66156000,,,,10499452000,4732351000,128998000,138012302
BLDR,1316835,Industrials,2024,2024-12-31,2026-02-17,16400492000,5383044000,1595249000,1387525000,309627000,1077898000,9.06,1872692000,380569000,63111000,561929000,,,1517131000,153624000,,,,10583086000,4296470000,118980000,121940068
BLDR,1316835,Industrials,2025,2025-12-31,2026-02-17,15190638000,4615777000,786276000,512382000,77183000,435199000,3.89,1215886000,362602000,53512000,591432000,,,413958000,181753000,,,,11237530000,4352251000,111822000,113621373
BLDR,1316835,Industrials,2026,2026-02-11,2026-02-17,,,,,,,,,,,,,,,,,,,,,,110605069
BLK,2012383,Financials,2022,2022-12-31,2025-02-25,11061000000,,6385000000,6290000000,1296000000,5178000000,33.97,4956000000,533000000,708000000,251000000,212000000,2990000000,2332000000,,,,,,,152440471,
BLK,2012383,Financials,2023,2023-12-31,2025-02-25,11012000000,,6275000000,7155000000,1479000000,5502000000,36.51,4165000000,344000000,630000000,263000000,292000000,3035000000,1884000000,8736000000,7918000000,,,123211000000,39347000000,150706451,
BLK,2012383,Financials,2024,2024-12-31,2025-02-25,12794000000,,7574000000,8295000000,1783000000,6369000000,42.01,4956000000,255000000,753000000,270000000,538000000,3101000000,1930000000,12762000000,12314000000,,,138615000000,47495000000,151615085,
BLK,2012383,Financials,2025,2025-12-31,2026-02-25,,,7045000000,7619000000,1677000000,5553000000,35.31,3927000000,375000000,1307000000,297000000,614000000,,,11468000000,12768000000,,,169998000000,55888000000,160866521,155253443
BMY,14272,Health Care,2019,2019-12-31,2022-02-09,26145000000,18067000000,,4975000000,1515000000,3439000000,2.01,8210000000,836000000,441000000,1746000000,656000000,2679000000,7300000000,7335000000,5635000000,43387000000,2763000000,34834000000,51598000000,1712000000,1632675877
BMY,14272,Health Care,2020,2020-12-31,2023-02-14,42518000000,30745000000,,-6871000000,2124000000,-9015000000,-3.99,14052000000,753000000,779000000,10380000000,1420000000,4075000000,1546000000,14546000000,50336000000,48336000000,2000000000,118481000000,37822000000,2258000000,2257510796
BMY,14272,Health Care,2021,2021-12-31,2024-02-13,46385000000,,,8098000000,1084000000,6994000000,3.12,16207000000,973000000,583000000,10686000000,1334000000,4396000000,6287000000,13979000000,44369000000,39605000000,4764000000,109314000000,35946000000,2245000000,2240475153
BMY,14272,Health Care,2022,2022-12-31,2025-02-12,46159000000,,,7713000000,1368000000,6327000000,2.95,13066000000,1118000000,457000000,10276000000,1232000000,4634000000,8001000000,9123000000,38953000000,35056000000,3897000000,96820000000,31061000000,2146000000,2179712820
BMY,14272,Health Care,2023,2023-12-31,2026-02-11,45006000000,,,8440000000,400000000,8025000000,3.86,13860000000,1209000000,518000000,9760000000,1166000000,4744000000,5155000000,11464000000,39526000000,36653000000,2873000000,95159000000,29430000000,2078000000,2098775978
BMY,14272,Health Care,2024,2024-12-31,2026-02-11,48300000000,,,-8379000000,554000000,-8948000000,-4.41,15190000000,1248000000,507000000,9600000000,,4863000000,0,10346000000,49431000000,47603000000,1828000000,92603000000,16335000000,2027000000,2022193411
BMY,14272,Health Care,2025,2025-12-31,2026-02-11,48194000000,,,9328000000,2272000000,7054000000,3.46,14156000000,1311000000,553000000,4011000000,,5045000000,0,10209000000,44827000000,42850000000,1977000000,90038000000,18473000000,2039000000,2029312023
BMY,14272,Health Care,2026,2026-02-04,2026-02-11,,,,,,,,,,,,,,,,,,,,,,2036473705
BNY,1390777,Financials,2019,2019-12-31,2022-02-25,16462000000,,,,1120000000,4441000000,4.51,96000000,1210000000,,1315000000,4360000000,1120000000,3327000000,4830000000,27501000000,,,381508000000,41483000000,943109000,954548741
BNY,1390777,Financials,2020,2020-12-31,2023-02-27,15808000000,,,,842000000,3617000000,3.83,5038000000,1222000000,,1630000000,1132000000,1117000000,989000000,6252000000,25984000000,,,469633000000,45801000000,892514000,890210117
BNY,1390777,Financials,2021,2021-12-31,2024-02-28,15931000000,,,,877000000,3759000000,4.14,2838000000,1215000000,,1867000000,227000000,1126000000,4567000000,6061000000,25931000000,,,444438000000,43034000000,856359000,878735187
BNY,1390777,Financials,2022,2022-12-31,2025-02-27,16529000000,,,,937000000,2556000000,2.88,15068000000,1346000000,,1778000000,3614000000,1165000000,124000000,5030000000,30458000000,,,405560000000,40734000000,814795000,804494791
BNY,1390777,Financials,2023,2023-12-31,2026-02-25,17697000000,,,,979000000,3302000000,3.89,5912000000,1220000000,0,1887000000,16303000000,1262000000,2604000000,4922000000,31257000000,,,409877000000,40770000000,787798000,804200938
BNY,1390777,Financials,2024,2024-12-31,2026-02-25,18619000000,,,,1305000000,4530000000,5.8,687000000,1469000000,0,1803000000,,1348000000,3064000000,4178000000,30854000000,,,416064000000,41318000000,748101000,754437391
BNY,1390777,Financials,2025,2025-12-31,2026-02-25,20080000000,,,,1475000000,5549000000,7.4,6730000000,1553000000,1000000,1852000000,,1447000000,3535000000,5111000000,31873000000,,,472300000000,44313000000,716718000,716320652
BNY,1390777,Financials,2026,2026-01-31,2026-02-25,,,,,,,,,,,,,,,,,,,,,,686907398
BR,1383312,Industrials,2019,2019-06-30,2020-08-11,,1230200000,652700000,607300000,125200000,482100000,4.06,617000000,50600000,58400000,,45900000,211200000,397800000,273200000,,1470400000,0,3880700000,1127500000,118800000,114282728
BR,1383312,Industrials,2020,2020-06-30,2021-08-12,,1263900000,624900000,,117000000,462500000,3.95,598200000,62700000,60800000,,62500000,241000000,69300000,476600000,1787500000,1387600000,399900000,4889800000,1346500000,117000000,115161503
BR,1383312,Industrials,2021,2021-06-30,2021-08-12,,1423000000,678700000,,148700000,547500000,4.65,640100000,51900000,58600000,,57500000,261700000,21500000,274500000,3887600000,3887600000,0,8119800000,1809100000,117800000,116168325
BR,1383312,Industrials,2022,2022-06-30,2024-08-06,,,759900000,,133100000,539100000,4.55,443500000,29000000,68400000,,87700000,290700000,22800000,224700000,3793000000,3793000000,0,8168800000,1919100000,118500000,117302388
BR,1383312,Industrials,2023,2023-06-30,2025-08-05,,,936400000,,164300000,630600000,5.3,823300000,38400000,73100000,,143700000,331000000,24300000,252300000,3413300000,2234700000,1178500000,8233200000,2240600000,119000000,118116862
BR,1383312,Industrials,2024,2024-06-30,2026-08-04,,,1017100000,,179300000,698100000,5.86,1056200000,57400000,70600000,,150200000,368200000,485400000,304400000,3355100000,3355100000,0,8242400000,2168200000,119100000,116708830
BR,1383312,Industrials,2025,2025-06-30,2026-08-04,,,1188600000,,219200000,839500000,7.1,1171300000,43800000,,,135800000,402300000,134900000,561500000,3252300000,2753000000,499300000,8545000000,2655100000,118300000,117129320
BR,1383312,Industrials,2026,2026-06-30,2026-08-04,,,1300600000,,321600000,1124300000,9.6,1345600000,67200000,,,111800000,443500000,603700000,402900000,3254600000,3254600000,0,8945300000,2840500000,117100000,114021798
BRK.B,1067983,Financials,2018,2018-12-31,2021-03-01,247837000000,,,4001000000,-321000000,4021000000,,37400000000,14537000000,,9779000000,3853000000,,1346000000,,,,,707794000000,348703000000,,
BRK.B,1067983,Financials,2019,2019-12-31,2022-02-28,254616000000,,,102696000000,20904000000,81417000000,,38687000000,15979000000,,10064000000,3961000000,,4850000000,,,,,817729000000,424791000000,,
BRK.B,1067983,Financials,2020,2020-12-31,2023-02-27,245579000000,,,55693000000,12440000000,42521000000,,39773000000,13012000000,,10596000000,4083000000,,24706000000,,,,,873729000000,443164000000,,
BRK.B,1067983,Financials,2021,2021-12-31,2024-02-26,276185000000,,,111861000000,20912000000,89937000000,,39427000000,13276000000,,10718000000,4172000000,,27061000000,,,,,959388000000,436736000000,,
BRK.B,1067983,Financials,2022,2022-12-31,2025-02-24,302020000000,,,-30500000000,-8502000000,-22759000000,,37350000000,15464000000,,10899000000,4352000000,,7854000000,,,,,948465000000,473424000000,,
BRK.B,1067983,Financials,2023,2023-12-31,2026-03-02,364482000000,,,120166000000,23019000000,96223000000,,49196000000,19409000000,,12486000000,5003000000,,9171000000,,,,,1069978000000,561273000000,,
BRK.B,1067983,Financials,2024,2024-12-31,2026-03-02,371433000000,,,110376000000,20815000000,88995000000,,30592000000,18976000000,,12855000000,5200000000,,2918000000,,,,,1153881000000,649368000000,,
BRK.B,1067983,Financials,2025,2025-12-31,2026-03-02,371444000000,,,82459000000,15199000000,66968000000,,45969000000,20927000000,,13476000000,5069000000,,,,,,,1222176000000,717419000000,,
BRO,79282,Financials,2019,2019-12-31,2022-02-23,2392171000,,,525929000,127415000,398514000,1.4,678180000,73108000,46994000,23417000,63660000,91344000,58671000,542174000,1555343000,1500343000,55000000,7622821000,3350400000,274616,279701832
BRO,79282,Financials,2020,2020-12-31,2023-02-27,2613400000,,,624100000,143600000,480500000,1.69,713000000,70700000,59700000,26300000,59000000,100600000,55100000,656200000,2095906000,2025906000,70000000,8966500000,3754400000,275800000,281552678
BRO,79282,Financials,2021,2021-12-31,2024-02-22,3051400000,,,762800000,175700000,587100000,2.07,808800000,45000000,61000000,33300000,65000000,107200000,82600000,693200000,2022900000,1980400000,42500000,9795400000,4196900000,277400000,282089166
BRO,79282,Financials,2022,2022-12-31,2025-02-13,3573000000,,,876000000,204000000,672000000,2.37,881000000,52000000,66000000,39000000,141200000,120000000,74000000,650000000,3942100000,3691500000,250600000,13973500000,4606600000,279000000,282215614
BRO,79282,Financials,2023,2023-12-31,2026-02-12,4257000000,,,1146000000,275000000,871000000,3.05,1010000000,69000000,89000000,40000000,190000000,135000000,0,700000000,3796000000,3227000000,569000000,14883000000,5578800000,281000000,284294500
BRO,79282,Financials,2024,2024-12-31,2026-02-12,4805000000,,,1303000000,301000000,993000000,3.46,1174000000,82000000,101000000,44000000,,154000000,0,675000000,3824000000,3599000000,225000000,17612000000,,284000000,285801863
BRO,79282,Financials,2025,2025-12-31,2026-02-12,5902000000,,,1371000000,304000000,1054000000,3.16,1450000000,68000000,93000000,55000000,,193000000,100000000,1079000000,7613000000,6894000000,719000000,29991000000,,313000000,285931978
BRO,79282,Financials,2026,2026-02-10,2026-02-12,,,,,,,,,,,,,,,,,,,,,,340420023
BSX,885725,Health Care,2019,2019-12-31,2022-02-23,,7620000000,1518000000,687000000,-4013000000,,3.33,1836000000,461000000,157000000,1011000000,473000000,0,0,217000000,,,,30565000000,,1410600000,1385961926
BSX,885725,Health Care,2020,2020-12-31,2023-02-23,,6448000000,-80000000,-79000000,2000000,,-0.08,1508000000,376000000,170000000,1123000000,361000000,28000000,535000000,1734000000,,,,30777000000,,1416700000,1396195349
BSX,885725,Health Care,2021,2021-12-31,2024-02-20,,8177000000,1199000000,1076000000,36000000,,0.69,1870000000,554000000,194000000,1093000000,341000000,55000000,0,1925000000,,,,32229000000,16622000000,1433800000,1417165707
BSX,885725,Health Care,2022,2022-12-31,2025-02-18,,8727000000,1649000000,1141000000,443000000,,0.45,1526000000,588000000,220000000,1136000000,470000000,55000000,0,928000000,,,,32469000000,17573000000,1439700000,1426724712
BSX,885725,Health Care,2023,2023-12-31,2026-02-17,,9896000000,2343000000,1985000000,393000000,,1.07,2503000000,711000000,233000000,1196000000,265000000,28000000,,865000000,,,,35136000000,19282000000,1463500000,1434780104
BSX,885725,Health Care,2024,2024-12-31,2026-02-17,,11490000000,2603000000,2282000000,436000000,,1.25,3435000000,790000000,266000000,1269000000,305000000,0,,414000000,,,,39395000000,21770000000,1485900000,1467095627
BSX,885725,Health Care,2025,2025-12-31,2026-02-17,,13854000000,3613000000,3385000000,493000000,,1.94,4534000000,876000000,299000000,1368000000,349000000,,,1965000000,,,,43673000000,24233000000,1494500000,1475778104
BSX,885725,Health Care,2026,2026-01-30,2026-02-17,,,,,,,,,,,,,,,,,,,,,,1483885456
BX,1393818,Financials,2019,2019-12-31,2022-02-25,7338270000,,,3818015000,-47952000,2049682000,3.03,1963107000,60280000,417092000,26300000,199648000,2396744000,,2172441000,11541598000,,,32585506000,7009784000,676167851,658590547
BX,1393818,Financials,2020,2020-12-31,2023-02-24,6101927000,,,2617520000,356014000,1045363000,1.5,1935945000,111650000,438341000,35100000,166162000,2385576000,,1999484000,5732499000,,,26269252000,6652043000,697258296,
BX,1393818,Financials,2021,2021-12-31,2024-02-23,22577148000,,,13559396000,1184401000,5857397000,8.13,3985988000,64316000,637441000,52200000,198268000,4602574000,,2119738000,7855601000,,,41196408000,9422893000,720125043,683839810
BX,1393818,Financials,2022,2022-12-31,2025-02-28,8517673000,,,3461789000,472880000,1747631000,2.36,6336253000,235497000,846349000,69200000,317225000,6518785000,,4252003000,12491000000,,,42524227000,7655911000,740942399,700387302
BX,1393818,Financials,2023,2023-12-31,2026-02-27,8022841000,,,2957714000,513461000,1390880000,1.84,4056906000,224231000,987549000,94100000,431868000,4268447000,,2955866000,11605882000,,,40287530000,6816798000,755419936,706369856
BX,1393818,Financials,2024,2024-12-31,2026-02-27,13229968000,,,6459480000,1021671000,2776508000,3.62,3481662000,61409000,1168435000,98800000,443688000,4424183000,,1972140000,11460168000,,,43469875000,8212321000,766646508,714644445
BX,1393818,Financials,2025,2025-12-31,2026-02-27,14450265000,,,7171646000,1125023000,3019214000,3.87,4663161000,115703000,1445352000,98000000,508314000,6013385000,,2631241000,12576587000,,,47708975000,8665526000,780215856,729415925
BX,1393818,Financials,2026,2026-02-20,2026-02-27,,,,,,,,,,,,,,,,,,,,,,742180737
BXP,1037540,Real Estate,2019,2019-12-31,2022-02-25,2960562000,1826123000,,,,521534000,3.3,1181165000,180556000,40958000,677764000,412717000,666294000,,644950000,2949154000,,,21284905000,5684687000,154883000,154509216
BXP,1037540,Real Estate,2020,2020-12-31,2023-02-27,2765686000,1694075000,,,,872727000,5.54,1156840000,160126000,44142000,683751000,431717000,688904000,,1668742000,2931986000,,,22858190000,5996083000,155517000,155121560
BXP,1037540,Real Estate,2021,2021-12-31,2024-02-27,2888621000,1814288000,,,,505195000,3.17,1133227000,150998000,50860000,717336000,423346000,683753000,,452692000,3300000000,,,22365258000,5834020000,156376000,155805646
BXP,1037540,Real Estate,2022,2022-12-31,2025-02-27,3108581000,1929527000,,,,848947000,5.4,1282399000,177004000,52026000,749775000,437139000,685019000,,690333000,,,,24207669000,6132919000,157137000,156676277
BXP,1037540,Real Estate,2023,2023-12-31,2026-02-27,3273569000,1998776000,,,,190215000,1.21,1301520000,171424000,51478000,830813000,579572000,687809000,,1531477000,,,,26026149000,5876697000,157201000,156822702
BXP,1037540,Real Estate,2024,2024-12-31,2026-02-27,3407719000,2041045000,,,,14272000,0.09,1234501000,189667000,43949000,887191000,645117000,689870000,,1254882000,,,,26084980000,5413306000,157793000,157010980
BXP,1037540,Real Estate,2025,2025-12-31,2026-02-27,3482279000,2058649000,,,,276800000,1.74,1245157000,216687000,44334000,912088000,653138000,643107000,,1478206000,,,,26166164000,5147190000,158869000,158209602
BXP,1037540,Real Estate,2026,2026-02-20,2026-02-27,,,,,,,,,,,,,,,,,,,,,,158629124
C,831001,Financials,2019,2019-12-31,2022-02-28,75067000000,,,23901000000,4430000000,19401000000,8.04,-12837000000,5336000000,,3905000000,28382000000,5447000000,17571000000,,248760000000,,,1951158000000,193242000000,2265300000,2351523709
C,831001,Financials,2020,2020-12-31,2023-02-27,75501000000,,,13632000000,2525000000,11047000000,4.72,-23488000000,3446000000,,3937000000,13338000000,5352000000,2925000000,,271686000000,,,2260000000000,199442000000,2099000000,2106486793
C,831001,Financials,2021,2021-12-31,2024-02-23,71884000000,,,27469000000,5451000000,21952000000,10.14,47090000000,4119000000,,3964000000,7981000000,5198000000,7601000000,,254374000000,,,2291000000000,201972000000,2049400000,2087317952
C,831001,Financials,2022,2022-12-31,2025-02-21,75338000000,,,18807000000,3642000000,14845000000,7,25069000000,5632000000,,4262000000,25740000000,5003000000,3250000000,,271606000000,,,2417000000000,201189000000,1964300000,1980894613
C,831001,Financials,2023,2023-12-31,2026-02-20,78066000000,,,12910000000,3528000000,9228000000,4.04,-73416000000,6583000000,,4560000000,78358000000,5212000000,1977000000,,286619000000,,,2412000000000,205453000000,1955800000,1943712436
C,831001,Financials,2024,2024-12-31,2026-02-20,80722000000,,,17046000000,4211000000,12682000000,5.94,-19669000000,6500000000,,4311000000,,5199000000,2474000000,,287300000000,,,2352945000000,208598000000,1940100000,1911366783
C,831001,Financials,2025,2025-12-31,2026-02-20,85225000000,,,19828000000,5373000000,14306000000,6.99,-67632000000,6520000000,,4373000000,,5372000000,13250000000,,315827000000,,,2657202000000,212291000000,1873100000,1884479551
C,831001,Financials,2026,2026-01-31,2026-02-20,,,,,,,,,,,,,,,,,,,,,,1749319009
CAH,721371,Health Care,2019,2019-06-30,2021-08-16,145534000000,6834000000,2060000000,,386000000,1363000000,4.53,2722000000,328000000,82000000,1000000000,294000000,577000000,600000000,2531000000,,,,40963000000,6328000000,301000000,298133678
CAH,721371,Health Care,2020,2020-06-30,2022-08-11,152922000000,6868000000,-4098000000,-3772000000,-79000000,-3696000000,-12.61,1960000000,375000000,90000000,913000000,238000000,569000000,350000000,2771000000,,,,40766000000,1789000000,293000000,292444079
CAH,721371,Health Care,2021,2021-06-30,2023-08-15,162467000000,6778000000,472000000,323000000,-289000000,611000000,2.08,2429000000,400000000,89000000,783000000,180000000,573000000,200000000,3407000000,,,,44453000000,1791000000,294000000,290441408
CAH,721371,Health Care,2022,2022-06-30,2024-08-14,181326000000,6484000000,-607000000,-784000000,153000000,-938000000,-3.37,3175000000,387000000,81000000,692000000,147000000,559000000,1000000000,4717000000,,,,43878000000,-709000000,279000000,272512364
CAH,721371,Health Care,2023,2023-06-30,2025-08-12,204979000000,6874000000,752000000,663000000,332000000,330000000,1.26,2844000000,481000000,96000000,692000000,84000000,525000000,2000000000,4076000000,,,,43349000000,-2958000000,262000000,250681620
CAH,721371,Health Care,2024,2024-06-30,2026-08-11,226827000000,7414000000,1243000000,1201000000,348000000,852000000,3.45,3762000000,511000000,121000000,710000000,51000000,499000000,750000000,5133000000,,,,45121000000,-3213000000,247000000,243845343
CAH,721371,Health Care,2025,2025-06-30,2026-08-11,222578000000,8168000000,2275000000,2101000000,532000000,1561000000,6.45,2397000000,547000000,244000000,790000000,215000000,494000000,765000000,3874000000,,,,53122000000,-2781000000,242000000,238793647
CAH,721371,Health Care,2026,2026-06-30,2026-08-11,254248000000,9774000000,2613000000,2174000000,469000000,1714000000,7.23,5174000000,649000000,367000000,956000000,348000000,491000000,1358000000,4856000000,,,,57299000000,-2883000000,237000000,232575728
CARR,1783180,Industrials,2019,2019-12-31,2022-02-08,18608000000,,2491000000,2672000000,517000000,,2.44,2063000000,243000000,52000000,335000000,,0,0,952000000,319000000,82000000,237000000,22406000000,14102000000,866200000,
CARR,1783180,Industrials,2020,2020-12-31,2023-02-07,17456000000,,3083000000,2855000000,849000000,,2.25,1692000000,312000000,77000000,336000000,298000000,138000000,0,3115000000,10227000000,10036000000,191000000,25093000000,,880200000,
CARR,1783180,Industrials,2021,2021-12-31,2024-02-06,20613000000,,2645000000,2400000000,699000000,,1.87,2237000000,344000000,92000000,338000000,319000000,417000000,527000000,2987000000,,9513000000,183000000,26172000000,,890300000,869213146
CARR,1783180,Industrials,2022,2022-12-31,2025-02-11,17288000000,,3984000000,3823000000,616000000,3534000000,4.1,1743000000,317000000,77000000,328000000,238000000,509000000,1380000000,3298000000,,8702000000,140000000,26086000000,,861200000,855514035
CARR,1783180,Industrials,2023,2023-12-31,2026-02-05,18951000000,,2160000000,1999000000,521000000,1349000000,1.58,2607000000,439000000,81000000,491000000,306000000,620000000,62000000,9852000000,,14242000000,51000000,32822000000,,853000000,834187942
CARR,1783180,Industrials,2024,2024-12-31,2026-02-05,22486000000,,2646000000,2274000000,1062000000,5604000000,6.15,563000000,519000000,98000000,1232000000,580000000,670000000,1944000000,3969000000,,11026000000,1252000000,37403000000,,911700000,898364047
CARR,1783180,Industrials,2025,2025-12-31,2026-02-05,21747000000,,2172000000,1798000000,240000000,1484000000,1.72,2513000000,392000000,74000000,1274000000,458000000,772000000,2892000000,1555000000,,11365000000,108000000,37190000000,,862400000,868339902
CARR,1783180,Industrials,2026,2026-01-30,2026-02-05,,,,,,,,,,,,,,,,,,,,,,835843882
CASY,726958,Consumer Staples,2019,2019-04-30,2021-06-25,9352910000,1954724000,,,59516000,203886000,5.51,530614000,394699000,16410000,244387000,55656000,41430000,37479000,63296000,1300480000,1283275000,17205000,3731376000,1408769000,36975387,36763634
CASY,726958,Consumer Staples,2020,2020-04-30,2022-06-24,9175296000,2144684000,,,78202000,263846000,7.1,504314000,438977000,18129000,251174000,53419000,45951000,0,78275000,1269000000,714502000,570280000,3943892000,1643205000,37185828,36849324
CASY,726958,Consumer Staples,2021,2021-04-30,2023-06-23,8707189000,,,,94470000,312900000,8.38,804088000,441252000,31986000,265195000,46679000,47971000,0,336545000,1350000000,1361395000,2354000,4460314000,1932679000,37356138,37023738
CASY,726958,Consumer Staples,2022,2022-04-30,2024-06-24,12952594000,,,,100938000,339790000,9.1,788741000,326475000,37976000,303541000,56972000,51212000,0,158878000,1615625000,1663403000,24466000,5505730000,2240838000,37356698,37188314
CASY,726958,Consumer Staples,2023,2023-04-30,2025-06-23,15094475000,,,,140827000,446691000,11.91,881951000,476568000,47024000,313131000,51815000,55617000,0,378869000,1580000000,1620513000,52861000,5943270000,2660666000,37519695,37297918
CASY,726958,Consumer Staples,2024,2024-04-30,2026-06-22,14862913000,,,,154188000,501972000,13.43,892953000,522004000,41379000,349797000,53441000,62918000,104898000,206482000,1535500000,1582758000,53181000,6347433000,3015381000,37370306,37111457
CASY,726958,Consumer Staples,2025,2025-04-30,2026-06-22,15940899000,,,,165929000,546520000,14.64,1090854000,506224000,47732000,403647000,83951000,72309000,734000,326662000,2405375000,2413620000,94925000,8208118000,3508670000,37343012,37180985
CASY,726958,Consumer Staples,2026,2026-04-30,2026-06-22,17561101000,,,,222575000,714448000,19.16,1377540000,655920000,63407000,449958000,96634000,83136000,200505000,522991000,2320875000,2330237000,101357000,8936055000,3951719000,37281653,37004914
CAT,18230,Industrials,2018,2018-12-31,2021-02-17,54722000000,,8293000000,7822000000,1698000000,,10.26,6558000000,1276000000,,2766000000,,1951000000,3798000000,,,25000000000,,78509000000,14080000000,599400000,575542738
CAT,18230,Industrials,2019,2019-12-31,2022-02-16,53800000000,,8290000000,7812000000,1746000000,,10.74,6912000000,1056000000,,2577000000,,2132000000,4047000000,,,26281000000,,78453000000,14629000000,567500000,550082610
CAT,18230,Industrials,2020,2020-12-31,2023-02-15,41748000000,,4553000000,3995000000,1006000000,,5.46,6327000000,978000000,,2432000000,,2243000000,1130000000,9352000000,,25999000000,,78324000000,15378000000,548600000,545303847
CAT,18230,Industrials,2021,2021-12-31,2024-02-16,50971000000,,6878000000,8204000000,1742000000,,11.83,7198000000,1093000000,,2352000000,,2332000000,2668000000,9254000000,,26033000000,,82793000000,16516000000,548500000,535888051
CAT,18230,Industrials,2022,2022-12-31,2025-02-14,59427000000,,7904000000,8752000000,2067000000,,12.64,7766000000,1296000000,,2219000000,,2440000000,4230000000,7004000000,,25714000000,,81943000000,15891000000,530400000,516345490
CAT,18230,Industrials,2023,2023-12-31,2026-02-13,67060000000,,12966000000,13050000000,2781000000,,20.12,12885000000,1597000000,,2144000000,,2563000000,4975000000,6978000000,,24472000000,,87476000000,19503000000,513600000,499377269
CAT,18230,Industrials,2024,2024-12-31,2026-02-13,64809000000,,13072000000,13373000000,2629000000,,22.05,12035000000,1988000000,,2153000000,,2646000000,7697000000,6889000000,,27351000000,,87764000000,19494000000,489400000,477932024
CAT,18230,Industrials,2025,2025-12-31,2026-02-13,67589000000,,11151000000,11541000000,2768000000,,18.81,11739000000,2821000000,,2262000000,,2749000000,5190000000,9980000000,,30696000000,,98585000000,21318000000,472300000,465287332
CB,896159,Financials,2019,2019-12-31,2022-02-24,34186000000,,,5249000000,795000000,4454000000,9.71,6342000000,,,,552000000,1354000000,1530000000,1537000000,13559000000,,,176943000000,55331000000,458914663,458380937
CB,896159,Financials,2020,2020-12-31,2023-02-24,35994000000,,,4162000000,629000000,3533000000,7.79,9785000000,,,,516000000,1388000000,523000000,1747000000,14948000000,,,190774000000,59441000000,453441512,451907796
CB,896159,Financials,2021,2021-12-31,2024-02-23,40869000000,,,9794000000,1269000000,8525000000,19.24,11151000000,,,,492000000,1401000000,4861000000,1659000000,15169000000,,,200054000000,58328000000,443197278,450224906
CB,896159,Financials,2022,2022-12-31,2025-02-27,43097000000,,,6485000000,1239000000,5246000000,12.39,11258000000,,,,570000000,1375000000,2894000000,2012000000,14402000000,,,199017000000,50519000000,423527444,426229254
CB,896159,Financials,2023,2023-12-31,2026-02-27,49735000000,,,9526000000,511000000,9028000000,21.8,12632000000,,,,672000000,1394000000,2411000000,,13035000000,,,230682000000,59507000000,414202568,413506316
CB,896159,Financials,2024,2024-12-31,2026-02-27,55753000000,,,11455000000,1815000000,9272000000,22.7,16182000000,,,,741000000,1436000000,1801000000,,14379000000,,,246548000000,64021000000,408486435,405758796
CB,896159,Financials,2025,2025-12-31,2026-02-27,59402000000,,,13044000000,2422000000,10310000000,25.68,12816000000,,,,764000000,1505000000,3694000000,,15728000000,,,272327000000,73757000000,401513338,400412084
CB,896159,Financials,2026,2026-02-20,2026-02-27,,,,,,,,,,,,,,,,,,,,,,390156552
CBOE,1374310,Financials,2019,2019-12-31,2022-02-18,,1136900000,537200000,501400000,130600000,374900000,3.34,632800000,35100000,21800000,176600000,,,156900000,229300000,867600000,867600000,,5113900000,3355600000,111800000,111596097
CBOE,1374310,Financials,2020,2020-12-31,2023-02-17,,1254300000,662200000,660400000,192200000,468200000,4.27,1458800000,47400000,21700000,158500000,,,349100000,245400000,1203900000,1135200000,68700000,6516500000,3348900000,109300000,110435193
CBOE,1374310,Financials,2021,2021-12-31,2024-02-16,,1476100000,805900000,756100000,227100000,529000000,4.92,596800000,51000000,26600000,167400000,,,81300000,341900000,1299300000,1299300000,,6814500000,3604800000,107200000,107210079
CBOE,1374310,Financials,2022,2022-12-31,2025-02-21,,1741700000,489600000,432900000,197900000,,2.19,651100000,59800000,30700000,166800000,,,100900000,432700000,1742000000,1437300000,304700000,6998900000,3465300000,106700000,106602177
CBOE,1374310,Financials,2023,2023-12-31,2026-02-20,,1918000000,1057900000,1047600000,286200000,761400000,7.13,1075600000,45000000,41300000,158000000,,223500000,83900000,543200000,1439200000,1439200000,,7487500000,3985000000,106200000,105742628
CBOE,1374310,Financials,2024,2024-12-31,2026-02-20,,2072400000,1098400000,1083800000,318900000,764900000,7.21,1100600000,60900000,41800000,133000000,,249400000,204800000,920300000,1441000000,1441000000,,7789100000,4279600000,105500000,105581561
CBOE,1374310,Financials,2025,2025-12-31,2026-02-20,,2429100000,1467100000,1566600000,466600000,1100000000,10.42,1752600000,71000000,50400000,122400000,,284300000,66700000,2216500000,1442900000,1442900000,0,9305300000,5138300000,105100000,104701695
CBOE,1374310,Financials,2026,2026-02-13,2026-02-20,,,,,,,,,,,,,,,,,,,,,,104667696
CBRE,1138118,Real Estate,2019,2019-12-31,2022-03-01,23894091000,,1259875000,1361345000,69895000,1282357000,3.77,1223380000,293514000,127738000,439224000,,,145137000,971781000,,1761245000,1814000,16197196000,6232693000,340522871,335834731
CBRE,1138118,Real Estate,2020,2020-12-31,2023-02-27,23826195000,,969759000,969969000,214101000,751989000,2.22,1830779000,266575000,60391000,501728000,,,50028000,1896188000,,1380202000,1514000,18039143000,7078326000,338392210,334790842
CBRE,1138118,Real Estate,2021,2021-12-31,2024-02-20,27746000000,,1637000000,2410000000,568000000,1837000000,5.41,2364000000,209851000,185000000,526000000,,,369000000,2430951000,,1538123000,0,22073491000,8528193000,339717401,335597172
CBRE,1138118,Real Estate,2022,2022-12-31,2025-02-14,30828000000,,1512000000,1658000000,234000000,1407000000,4.29,1629000000,260140000,160000000,613000000,,,1850000000,1318000000,,1086000000,428000000,20513000000,7853000000,327696115,332322579
CBRE,1138118,Real Estate,2023,2023-12-31,2026-02-12,31949000000,,1117000000,1277000000,250000000,986000000,3.15,480000000,,96000000,622000000,,,665000000,1265000000,,2804000000,9000000,22548000000,8267000000,312550942,309891986
CBRE,1138118,Real Estate,2024,2024-12-31,2026-02-12,35767000000,,1413000000,1218000000,182000000,968000000,3.14,1708000000,,146000000,674000000,,,627000000,1114000000,,3245000000,36000000,24383000000,8411000000,308033612,305695875
CBRE,1138118,Real Estate,2025,2025-12-31,2026-02-12,40550000000,,1753000000,1594000000,317000000,1157000000,3.85,1559000000,,120000000,729000000,,,968000000,1864000000,,5050000000,71000000,30877000000,8878000000,300751541,300037482
CBRE,1138118,Real Estate,2026,2026-02-10,2026-02-12,,,,,,,,,,,,,,,,,,,,,,295158554
CCI,1051470,Real Estate,2019,2019-12-31,2022-02-22,5763000000,,1559000000,,-21000000,,1.79,2698000000,2057000000,117000000,1572000000,,1912000000,44000000,196000000,18121000000,,100000000,38457000000,,418000000,415568382
CCI,1051470,Real Estate,2020,2020-12-31,2023-02-24,5840000000,,1863000000,,20000000,,2.35,3055000000,1624000000,138000000,1608000000,,2105000000,76000000,232000000,19280000000,,129000000,38768000000,,425000000,416746380
CCI,1051470,Real Estate,2021,2021-12-31,2024-02-23,6340000000,,2001000000,,21000000,,2.53,2789000000,1229000000,129000000,1644000000,,2373000000,70000000,292000000,20629000000,,72000000,39040000000,,434000000,431311859
CCI,1051470,Real Estate,2022,2022-12-31,2025-03-14,6986000000,,2425000000,,16000000,,3.86,2878000000,1310000000,156000000,1707000000,,-2602000000,-65000000,156000000,21729000000,,819000000,38921000000,,434000000,432214568
CCI,1051470,Real Estate,2023,2023-12-31,2026-02-23,4734000000,,2097000000,1258000000,21000000,1502000000,3.46,3126000000,243000000,102000000,787000000,,-2723000000,-30000000,105000000,22921000000,,835000000,38527000000,,434000000,433437494
CCI,1051470,Real Estate,2024,2024-12-31,2026-02-23,4460000000,,2118000000,1180000000,18000000,-3903000000,-8.98,2943000000,176000000,84000000,736000000,,-2729000000,-33000000,100000000,24081000000,,603000000,32736000000,,434000000,434215269
CCI,1051470,Real Estate,2025,2025-12-31,2026-02-23,4264000000,,2075000000,1119000000,16000000,444000000,1.01,3057000000,182000000,73000000,690000000,,-2080000000,-23000000,99000000,24337000000,,2783000000,31518000000,,437000000,435431269
CCI,1051470,Real Estate,2026,2026-02-19,2026-02-23,,,,,,,,,,,,,,,,,,,,,,436070436
CCL,815097,Consumer Discretionary,2019,2019-11-30,2022-01-27,,,3276000000,,71000000,2990000000,4.32,5475000000,5429000000,46000000,2160000000,206000000,1387000000,603000000,518000000,,9675000000,1596000000,45058000000,25365000000,692000000,526719965
CCL,815097,Consumer Discretionary,2020,2020-11-30,2023-01-27,,,-8865000000,,-17000000,-10236000000,-13.2,-6301000000,3620000000,105000000,2241000000,895000000,689000000,12000000,9513000000,,22130000000,1742000000,53593000000,20555000000,775000000,527679851
CCL,815097,Consumer Discretionary,2021,2021-11-30,2024-01-26,,,-7089000000,,-21000000,-9501000000,-8.46,-4109000000,3607000000,121000000,2233000000,1601000000,0,0,8939000000,,28509000000,1927000000,53344000000,12144000000,1123000000,932485510000
CCL,815097,Consumer Discretionary,2022,2022-11-30,2025-01-27,,,-4379000000,,14000000,-6093000000,-5.16,-1670000000,4940000000,101000000,2275000000,1609000000,0,0,4029000000,35615000000,31953000000,2393000000,51703000000,7065000000,1180000000,986363933
CCL,815097,Consumer Discretionary,2023,2023-11-30,2026-01-27,,,1956000000,-62000000,13000000,-74000000,-0.06,4281000000,3284000000,53000000,2370000000,2066000000,,,2415000000,31339000000,28483000000,2089000000,49120000000,6882000000,1262000000,1113479515
CCL,815097,Consumer Discretionary,2024,2024-11-30,2026-01-27,,,3574000000,1915000000,-1000000,1916000000,1.44,5923000000,4626000000,62000000,2557000000,,,,1210000000,28213000000,25936000000,1538000000,49057000000,9251000000,1398000000,1119445529
CCL,815097,Consumer Discretionary,2025,2025-11-30,2026-01-27,,,4483000000,2772000000,12000000,2760000000,2.02,6218000000,3611000000,98000000,2790000000,,,,1928000000,27383000000,24037000000,2603000000,51687000000,12284000000,1402000000,1164202729
CCL,815097,Consumer Discretionary,2026,2026-01-13,2026-01-27,,,,,,,,,,,,,,,,,,,,,,1236706612
CDNS,813672,Information Technology,2019,2019-12-28,2022-02-22,2336319000,,491796000,478968000,-510011000,988979000,3.53,729600000,74605000,181547000,122789000,18829000,,306148000,705210000,,,,3357225000,2102894000,280515000,280385000
CDNS,813672,Information Technology,2020,2020-02-01,2020-02-24,,,,,,,,,,,,,,,,,,,,,,280168000
CDNS,813672,Information Technology,2021,2021-01-02,2023-02-13,2682891000,,645552000,632748000,42104000,590644000,2.11,904922000,94813000,197268000,145653000,20749000,,380064000,928432000,,,,3950785000,2493018000,279641000,278974000
CDNS,813672,Information Technology,2022,2022-12-31,2025-02-21,3561718000,,1073686000,1045363000,196411000,848952000,3.09,1241894000,123215000,270439000,132088000,22934000,,1050091000,882325000,,,,5137071000,2745113000,275011000,277336000
CDNS,813672,Information Technology,2023,2023-12-31,2026-02-19,4089986000,,1251225000,1281926000,240782000,1041144000,3.82,1349176000,102337000,325611000,145292000,36185000,,700134000,1008152000,,,,5669491000,3404271000,272748000,272940000
CDNS,813672,Information Technology,2024,2024-12-31,2026-02-19,4641264000,,1350763000,1395819000,340335000,1055484000,3.85,1260551000,142542000,391219000,196935000,75999000,,550026000,2644030000,,,,8974482000,4673578000,273833000,272239000
CDNS,813672,Information Technology,2025,2025-12-31,2026-02-19,5296759000,,1492042000,1522043000,413155000,1108888000,4.06,1728781000,141871000,455175000,227828000,116541000,,925034000,3001317000,,,,10153148000,5474181000,273312000,274108000
CDNS,813672,Information Technology,2026,2026-01-31,2026-02-19,,,,,,,,,,,,,,,,,,,,,,272651000
CDW,1402057,Information Technology,2019,2019-12-31,2022-02-28,,3039900000,1133600000,949700000,212900000,736800000,4.99,1027200000,236300000,,267100000,,183400000,657200000,154000000,,3283200000,34100000,7999400000,960300000,147800000,147059195
CDW,1402057,Information Technology,2020,2020-12-31,2023-02-24,,3210100000,1179200000,1002300000,213800000,788500000,5.45,1314300000,158000000,,425600000,,219600000,340600000,1410200000,,3856300000,70900000,9344700000,1297100000,144800000,142771539
CDW,1402057,Information Technology,2021,2021-12-31,2024-02-26,,3568500000,1419000000,1297800000,309200000,988600000,7.04,784600000,100000000,,191200000,,234800000,1500400000,258100000,,6755800000,102700000,13199400000,705700000,140500000,140991095
CDW,1402057,Information Technology,2022,2022-12-31,2025-02-21,,4686600000,1735200000,1487800000,373300000,1114500000,8.13,1335900000,127800000,,290600000,,282600000,0,315200000,,5866400000,56300000,13131500000,1603300000,137000000,134944328
CDW,1402057,Information Technology,2023,2023-12-31,2026-02-20,,4652400000,1680900000,1450200000,345900000,1104300000,8.1,1598700000,148200000,,270700000,,321500000,500000000,588700000,,5031800000,613100000,13284600000,2042500000,136300000,135591556
CDW,1402057,Information Technology,2024,2024-12-31,2026-02-20,,4602400000,1651300000,1435400000,357600000,1077800000,7.97,1277300000,122600000,,275300000,,332100000,500000000,503500000,,5607000000,235800000,14678400000,2352700000,135200000,134215119
CDW,1402057,Information Technology,2025,2025-12-31,2026-02-20,,4873400000,1655600000,1427400000,360800000,1066600000,8.08,1205200000,117100000,,295600000,,328600000,653000000,618700000,,4622300000,1007500000,16028200000,2606100000,132100000,132492273
CDW,1402057,Information Technology,2026,2026-02-17,2026-02-20,,,,,,,,,,,,,,,,,,,,,,128993588
CEG,1868275,Utilities,2019,2019-12-31,2023-02-16,,,,,,,,,,,,,,,303000000,,,,,,,
CEG,1868275,Utilities,2020,2020-12-31,2023-02-16,17603000000,,256000000,,249000000,589000000,0,584000000,1747000000,27000000,3636000000,328000000,0,,226000000,,,,,,0,
CEG,1868275,Utilities,2021,2021-12-31,2024-02-27,19649000000,,-346000000,,225000000,-205000000,0,-1338000000,1329000000,47000000,4540000000,282000000,0,0,504000000,,4575000000,1220000000,48086000000,11219000000,0,
CEG,1868275,Utilities,2022,2022-12-31,2025-02-18,24440000000,,495000000,,-388000000,-160000000,-0.49,-2353000000,1689000000,116000000,2427000000,250000000,185000000,0,422000000,4650000000,4466000000,143000000,46909000000,11018000000,329000000,326663937
CEG,1868275,Utilities,2023,2023-12-31,2026-02-24,24918000000,,1610000000,,859000000,1623000000,5.01,-5301000000,2422000000,178000000,2514000000,431000000,366000000,992000000,368000000,7677000000,7496000000,121000000,50758000000,10925000000,324000000,327131082
CEG,1868275,Utilities,2024,2024-12-31,2026-02-24,23568000000,,4352000000,,774000000,3749000000,11.89,-2464000000,2565000000,332000000,2700000000,,444000000,999000000,3022000000,8474000000,7384000000,1028000000,52926000000,13166000000,315000000,316666538
CEG,1868275,Utilities,2025,2025-12-31,2026-02-24,25533000000,,3086000000,,1187000000,2319000000,7.4,4237000000,2949000000,385000000,2601000000,,486000000,400000000,3641000000,7403000000,7250000000,92000000,57249000000,14517000000,314000000,312847257
CEG,1868275,Utilities,2026,2026-02-01,2026-02-24,,,,,,,,,,,,,,,,,,,,,,361990335
CF,1324404,Materials,2019,2019-12-31,2022-02-24,4590000000,1174000000,1003000000,772000000,126000000,,2.23,1505000000,404000000,28000000,875000000,237000000,265000000,370000000,287000000,3957000000,3957000000,0,12172000000,2897000000,221600000,
CF,1324404,Materials,2020,2020-12-31,2023-02-23,4124000000,801000000,623000000,463000000,31000000,,1.47,1231000000,309000000,25000000,892000000,179000000,258000000,100000000,,3961000000,3712000000,249000000,12023000000,2922000000,215200000,216171177
CF,1324404,Materials,2021,2021-12-31,2024-02-22,6538000000,2387000000,1729000000,1543000000,283000000,,4.24,2873000000,514000000,30000000,888000000,184000000,260000000,539000000,,3465000000,3465000000,0,12375000000,3206000000,216200000,214159740
CF,1324404,Materials,2022,2022-12-31,2025-02-20,11186000000,5861000000,5397000000,5095000000,1158000000,,16.38,3855000000,453000000,41000000,850000000,344000000,306000000,1347000000,,2965000000,2965000000,,13313000000,5051000000,204200000,207304882
CF,1324404,Materials,2023,2023-12-31,2026-02-25,6631000000,2545000000,2230000000,2248000000,410000000,,7.87,2757000000,499000000,37000000,869000000,150000000,311000000,580000000,,2968000000,2968000000,,14376000000,5717000000,193800000,195768339
CF,1324404,Materials,2024,2024-12-31,2026-02-25,5936000000,2056000000,1746000000,1762000000,285000000,,6.74,2271000000,518000000,36000000,925000000,121000000,364000000,1509000000,,2971000000,2971000000,,13466000000,4985000000,180700000,188337896
CF,1324404,Materials,2025,2025-12-31,2026-02-25,7084000000,2724000000,2300000000,2239000000,441000000,,8.97,2752000000,950000000,45000000,898000000,155000000,326000000,1365000000,,3215000000,3215000000,,14088000000,4838000000,162200000,169536803
CF,1324404,Materials,2026,2026-01-30,2026-02-25,,,,,,,,,,,,,,,,,,,,,,153668821
CFG,759944,Financials,2019,2019-12-31,2022-02-23,6491000000,,,2251000000,460000000,1791000000,3.81,1697000000,126000000,41000000,633000000,1575000000,617000000,1220000000,,14047000000,,,165733000000,22201000000,451213701,460390006
CFG,759944,Financials,2020,2020-12-31,2023-02-17,6905000000,,,1298000000,241000000,1057000000,2.22,111000000,,48000000,578000000,771000000,672000000,270000000,,8346000000,,,183349000000,22673000000,428157780,427434404
CFG,759944,Financials,2021,2021-12-31,2024-02-16,6647000000,,,2977000000,658000000,2319000000,5.16,2275000000,,59000000,625000000,339000000,670000000,295000000,,6932000000,,,188409000000,23420000000,427435818,425106419
CFG,759944,Financials,2022,2022-12-31,2025-02-13,8021000000,,,2655000000,582000000,2073000000,4.1,4119000000,,84000000,565000000,1048000000,779000000,153000000,,15887000000,,,226733000000,23690000000,477803142,422141584
CFG,759944,Financials,2023,2023-12-31,2026-02-12,8224000000,,,2030000000,422000000,1608000000,3.13,2961000000,,87000000,478000000,3963000000,808000000,906000000,,13467000000,,,221964000000,24342000000,476693148,484106460
CFG,759944,Financials,2024,2024-12-31,2026-02-12,7809000000,,,1888000000,379000000,1509000000,3.03,2001000000,,97000000,498000000,,769000000,1050000000,,12401000000,,,217521000000,24254000000,453510245,458756723
CFG,759944,Financials,2025,2025-12-31,2026-02-12,8247000000,,,2328000000,497000000,1831000000,3.86,2211000000,,120000000,478000000,,755000000,600000000,,11224000000,,,226351000000,26317000000,436890731,437136981
CFG,759944,Financials,2026,2026-02-04,2026-02-12,,,,,,,,,,,,,,,,,,,,,,424983657
CHD,313927,Consumer Staples,2019,2019-12-31,2022-02-17,4357700000,1984000000,840200000,773700000,157800000,615900000,2.44,864500000,73700000,20800000,176400000,73600000,224100000,250000000,155700000,1810200000,1810200000,0,6657400000,2667800000,252100000,245901066
CHD,313927,Consumer Staples,2020,2020-12-31,2023-02-16,4895800000,2214200000,1029700000,973800000,187900000,785900000,3.12,990300000,98900000,21500000,189700000,61000000,237300000,300000000,183100000,1812500000,1812500000,0,7414500000,3020400000,252200000,245659577
CHD,313927,Consumer Staples,2021,2021-12-31,2024-02-15,5190100000,2263500000,1079100000,1031700000,204200000,827500000,3.32,993800000,118800000,23700000,219100000,54500000,247500000,500000000,240600000,2310100000,2202200000,699400000,7996500000,3233200000,249600000,245073576
CHD,313927,Consumer Staples,2022,2022-12-31,2025-02-13,5375600000,2250000000,597800000,523300000,109400000,413900000,1.68,885200000,178800000,32300000,219000000,89600000,255000000,0,270300000,2599500000,2599500000,0,8345600000,3489900000,246300000,242691649
CHD,313927,Consumer Staples,2023,2023-12-31,2026-02-12,5867900000,2588500000,1057400000,967400000,211800000,755600000,3.05,1030600000,223500000,63600000,225200000,110900000,266500000,300100000,344500000,2402100000,2202200000,199900000,8569200000,3855400000,247600000,244040705
CHD,313927,Consumer Staples,2024,2024-12-31,2026-02-12,6107100000,2790100000,807100000,756300000,171000000,585300000,2.37,1156200000,179800000,59200000,239100000,95000000,277000000,0,964100000,2204600000,2204600000,0,8883100000,4360800000,246900000,243776939
CHD,313927,Consumer Staples,2025,2025-12-31,2026-02-12,6203200000,2774800000,1077600000,956900000,220100000,736800000,3.02,1215400000,122400000,58000000,247400000,95200000,287200000,900000000,409000000,2205100000,2205100000,,8912400000,4002200000,244300000,245969881
CHD,313927,Consumer Staples,2026,2026-02-09,2026-02-12,,,,,,,,,,,,,,,,,,,,,,236694241
CHRW,1043277,Industrials,2019,2019-12-31,2022-02-23,,,789976000,742257000,165289000,576968000,4.19,835419000,36290000,39083000,100449000,,277786000,309444000,447858000,1235333000,1092448000,142885000,4641060000,1670730000,137735000,136853710
CHRW,1043277,Industrials,2020,2020-12-31,2023-02-17,,,673268000,628331000,121910000,506421000,3.72,499191000,23133000,43995000,101727000,,209956000,177514000,243796000,1093301000,1093301000,0,5144258000,1879933000,136173000,134892810
CHRW,1043277,Industrials,2021,2021-12-31,2024-02-16,,,1082108000,1022291000,178046000,844245000,6.31,94955000,34197000,129977000,91259000,,277321000,581756000,257413000,1918649000,1393649000,525000000,7028112000,2021934000,133834000,133815455
CHRW,1043277,Industrials,2022,2022-12-31,2025-02-14,,,1266782000,1166765000,226241000,940524000,7.4,1650171000,61915000,90677000,92776000,,285317000,1459900000,217482000,1973704000,920049000,1053655000,5954564000,1353422000,127150000,128798559
CHRW,1043277,Industrials,2023,2023-12-31,2026-02-13,,,514607000,409186000,84057000,325129000,2.72,731946000,29989000,58169000,98985000,,291569000,63884000,145524000,1580487000,1420487000,160000000,5225280000,1418697000,119677000,116510428
CHRW,1043277,Industrials,2024,2024-12-31,2026-02-13,,,669141000,579204000,113514000,465690000,3.86,509084000,22653000,84590000,97160000,,294772000,0,145762000,1377649000,921857000,455792000,5297926000,1722051000,120679000,116890760
CHRW,1043277,Industrials,2025,2025-12-31,2026-02-13,,,794961000,722457000,135376000,587081000,4.83,914519000,19628000,80070000,102818000,,301376000,354652000,160871000,1089438000,1089438000,0,5058381000,1845647000,121502000,118705622
CHRW,1043277,Industrials,2026,2026-02-11,2026-02-13,,,,,,,,,,,,,,,,,,,,,,118620833
CHTR,1091667,Communication Services,2018,2018-12-31,2021-01-29,43634000000,,5221000000,1686000000,180000000,1230000000,5.22,11767000000,9125000000,285000000,10318000000,,,4399000000,551000000,72827000000,69537000000,3290000000,146130000000,36285000000,235525226,
CHTR,1091667,Communication Services,2019,2019-12-31,2022-01-28,45764000000,,6511000000,2431000000,439000000,1668000000,7.45,11748000000,7195000000,315000000,9926000000,,,6873000000,3483000000,79078000000,75578000000,3500000000,148188000000,31445000000,223786380,
CHTR,1091667,Communication Services,2020,2020-12-31,2023-01-27,48097000000,,8405000000,4302000000,626000000,3222000000,15.4,14562000000,7415000000,351000000,9704000000,,,11217000000,1001000000,82752000000,81744000000,1008000000,144206000000,23805000000,209273247,
CHTR,1091667,Communication Services,2021,2021-12-31,2024-02-02,51682000000,,10526000000,6388000000,1068000000,4654000000,24.47,16239000000,7635000000,430000000,9345000000,,,15431000000,601000000,91561000000,88564000000,2997000000,142491000000,14050000000,193042948,
CHTR,1091667,Communication Services,2022,2022-12-31,2025-01-31,54022000000,,11962000000,7462000000,1613000000,5055000000,30.74,14925000000,9376000000,470000000,8903000000,,,10277000000,645000000,97603000000,96093000000,1510000000,144523000000,9119000000,164433596,
CHTR,1091667,Communication Services,2023,2023-12-31,2026-01-30,54607000000,,12559000000,6854000000,1593000000,4557000000,29.99,14433000000,11115000000,692000000,8696000000,,,3215000000,709000000,97777000000,95777000000,2000000000,147193000000,11086000000,151966313,
CHTR,1091667,Communication Services,2024,2024-12-31,2026-01-30,55085000000,,13118000000,7502000000,1649000000,5083000000,34.97,14430000000,11269000000,651000000,8673000000,,,1213000000,459000000,93933000000,92134000000,1799000000,150020000000,15587000000,145363771,
CHTR,1091667,Communication Services,2025,2025-12-31,2026-01-30,54774000000,,12908000000,7458000000,1692000000,4987000000,36.21,16077000000,11659000000,673000000,8711000000,,,5132000000,477000000,94756000000,94006000000,750000000,154213000000,16054000000,137743676,
CI,1739940,Health Care,2019,2019-12-31,2022-02-24,153566000000,,8077000000,6570000000,1450000000,,13.44,9485000000,1050000000,299000000,3651000000,1600000000,15000000,1987000000,4619000000,31893000000,,,155774000000,45338000000,379817000,372043094
CI,1739940,Health Care,2020,2020-12-31,2023-02-23,160401000000,,8153000000,10868000000,2379000000,,22.96,10350000000,,289000000,2802000000,1400000000,15000000,4042000000,10182000000,29545000000,,,155451000000,50321000000,368389000,
CI,1739940,Health Care,2021,2021-12-31,2024-02-29,174069000000,,7941000000,6790000000,1370000000,,15.75,7191000000,,268000000,2923000000,1300000000,1341000000,7742000000,5081000000,31125000000,,,154889000000,47112000000,340966000,351845606
CI,1739940,Health Care,2022,2022-12-31,2025-02-27,180518000000,,8450000000,8397000000,1615000000,,21.41,8656000000,,264000000,2937000000,1300000000,1384000000,7607000000,5924000000,28100000000,,,143885000000,44675000000,313065000,320953245
CI,1739940,Health Care,2023,2023-12-31,2026-02-26,195265000000,,8536000000,5513000000,141000000,5164000000,17.39,11813000000,,286000000,3035000000,1400000000,1450000000,2284000000,7822000000,28155000000,,,152761000000,46223000000,296882000,297059973
CI,1739940,Health Care,2024,2024-12-31,2026-02-26,247121000000,,9417000000,5269000000,1491000000,3434000000,12.12,10363000000,,308000000,2775000000,1500000000,1567000000,7034000000,7550000000,28937000000,,,155881000000,41033000000,283218000,292355022
CI,1739940,Health Care,2025,2025-12-31,2026-02-26,274900000000,,9200000000,7781000000,1493000000,5957000000,22.18,9601000000,,291000000,2775000000,1400000000,1611000000,3621000000,7676000000,30871000000,,,157919000000,41713000000,268563000,273678464
CI,1739940,Health Care,2026,2026-01-30,2026-02-26,,,,,,,,,,,,,,,,,,,,,,263528277
CIEN,936395,Information Technology,2018,2018-11-03,2020-12-18,3094286000,1314690000,229946000,,493471000,-344690000,-2.49,229261000,67616000,52972000,84214000,55249000,,110981000,745423000,,686450000,,3756523000,1929334000,143738000,156481822
CIEN,936395,Information Technology,2019,2019-11-02,2021-12-17,3572131000,1542066000,346766000,313190000,59756000,253434000,1.61,413140000,62579000,59736000,87576000,37452000,,150076000,904045000,,680406000,7000000,3893346000,2172761000,157612000,154054072
CIEN,936395,Information Technology,2020,2020-10-31,2022-12-16,3532157000,1652891000,486964000,455961000,94670000,361291000,2.32,493654000,82667000,67758000,93908000,31321000,,74535000,1088624000,683286000,676356000,6930000,4180917000,2509597000,155955000,154564349
CIEN,936395,Information Technology,2021,2021-10-30,2023-12-15,3620684000,1721979000,495356000,462751000,-37445000,500196000,3.19,541646000,79550000,84336000,96233000,30837000,,91288000,1422546000,677285000,670355000,6930000,4865227000,3020018000,156743000,154882650
CIEN,936395,Information Technology,2022,2022-10-29,2024-12-20,3632661000,1560344000,222808000,182505000,29603000,152902000,1,-167756000,90818000,105131000,95922000,47050000,,500800000,994352000,,1061125000,6930000,5069632000,2712861000,152193000,148415009
CIEN,936395,Information Technology,2023,2023-10-28,2025-12-12,4386549000,1878851000,357545000,323653000,68826000,254827000,1.71,168332000,106197000,130455000,92564000,88026000,,242201000,1010618000,,1543406000,11700000,5601495000,2848361000,149380000,144830337
CIEN,936395,Information Technology,2024,2024-11-02,2025-12-12,4014955000,1719590000,166617000,119850000,35894000,83956000,0.58,514532000,136641000,156404000,92846000,,,254502000,934863000,,1533074000,11700000,5641337000,2816138000,145964000,142115595
CIEN,936395,Information Technology,2025,2025-11-01,2025-12-12,4769507000,2004917000,197531000,156287000,32949000,123338000,0.85,806093000,140801000,184525000,104133000,,,334507000,1091952000,,1524158000,11580000,5864667000,2729323000,145248000,140854735
CINF,20286,Financials,2019,2019-12-31,2022-02-24,7924000000,,,2472000000,475000000,1997000000,12.1,1208000000,24000000,30000000,72000000,53000000,355000000,67000000,767000000,788000000,,,25408000000,9864000000,165100000,162937899
CINF,20286,Financials,2020,2020-12-31,2023-02-23,7536000000,,,1499000000,283000000,1216000000,7.49,1491000000,20000000,31000000,81000000,54000000,375000000,261000000,900000000,788000000,,,27542000000,10789000000,162400000,162686260
CINF,20286,Financials,2021,2021-12-31,2024-02-26,9626000000,,,3698000000,730000000,2968000000,18.24,1981000000,15000000,33000000,93000000,53000000,395000000,144000000,1139000000,789000000,,,31387000000,12764000000,162700000,161201922
CINF,20286,Financials,2022,2022-12-31,2025-02-24,6563000000,,,-694000000,-207000000,-487000000,-3.06,2052000000,15000000,,,53000000,423000000,410000000,1264000000,789000000,,,29732000000,10562000000,158800000,160433769
CINF,20286,Financials,2023,2023-12-31,2026-02-23,10013000000,,,2276000000,433000000,1843000000,11.66,2052000000,18000000,,,54000000,454000000,67000000,907000000,790000000,,,32769000000,12098000000,158100000,157240556
CINF,20286,Financials,2024,2024-12-31,2026-02-23,11337000000,,,2858000000,566000000,2292000000,14.53,2649000000,22000000,,,53000000,490000000,126000000,983000000,790000000,,,36501000000,13935000000,157800000,156665018
CINF,20286,Financials,2025,2025-12-31,2026-02-23,12631000000,,,2980000000,587000000,2393000000,15.17,3112000000,20000000,,,53000000,525000000,205000000,1431000000,790000000,,,41002000000,15911000000,157700000,156523953
CINF,20286,Financials,2026,2026-02-17,2026-02-23,,,,,,,,,,,,,,,,,,,,,,155617576
CL,21665,Consumer Staples,2019,2019-12-31,2022-02-17,,9325000000,3554000000,3301000000,774000000,2367000000,2.75,3133000000,335000000,100000000,519000000,193000000,,1202000000,883000000,,7333000000,254000000,15034000000,117000000,861100000,861676494
CL,21665,Consumer Staples,2020,2020-12-31,2023-02-16,,10017000000,3885000000,3647000000,787000000,2695000000,3.14,3719000000,409000000,107000000,539000000,184000000,,1476000000,888000000,,7334000000,9000000,15920000000,743000000,859300000,855029777
CL,21665,Consumer Staples,2021,2021-12-31,2024-02-15,,10375000000,3332000000,3087000000,749000000,2166000000,2.55,3325000000,567000000,135000000,556000000,120000000,,1320000000,832000000,,7194000000,12000000,15040000000,609000000,848300000,848562678
CL,21665,Consumer Staples,2022,2022-12-31,2025-02-13,,10248000000,2893000000,2660000000,693000000,1785000000,2.13,2556000000,696000000,125000000,545000000,172000000,,1308000000,775000000,,8741000000,14000000,15731000000,401000000,838800000,840487222
CL,21665,Consumer Staples,2023,2023-12-31,2026-02-23,,11326000000,3984000000,3392000000,937000000,2300000000,2.77,3745000000,,122000000,567000000,299000000,,1128000000,966000000,,8219000000,20000000,16393000000,609000000,829200000,830378790
CL,21665,Consumer Staples,2024,2024-12-31,2026-02-23,,12161000000,4268000000,3956000000,907000000,2889000000,3.51,4107000000,,135000000,605000000,,,1739000000,1096000000,7005000000,7289000000,652000000,16046000000,212000000,823200000,823150919
CL,21665,Consumer Staples,2025,2025-12-31,2026-02-23,,12251000000,3306000000,3059000000,798000000,2132000000,2.63,4198000000,,155000000,630000000,,,1210000000,1288000000,7839000000,6871000000,1115000000,16330000000,54000000,811100000,811536437
CL,21665,Consumer Staples,2026,2026-01-31,2026-02-23,,,,,,,,,,,,,,,,,,,,,,801548028
CLX,21076,Consumer Staples,2018,2018-06-30,2021-08-10,6124000000,2675000000,,1054000000,231000000,823000000,6.26,976000000,194000000,53000000,166000000,85000000,450000000,271000000,131000000,2284000000,2284000000,0,5060000000,726000000,131581000,128085895
CLX,21076,Consumer Staples,2019,2019-06-30,2021-08-10,,2728000000,,1024000000,204000000,820000000,6.32,992000000,206000000,43000000,180000000,97000000,490000000,661000000,111000000,2287000000,2287000000,0,5116000000,559000000,129792000,125742476
CLX,21076,Consumer Staples,2020,2020-06-30,2022-08-10,,3063000000,,1185000000,246000000,939000000,7.36,1546000000,254000000,50000000,180000000,99000000,533000000,248000000,871000000,2780000000,2780000000,0,6213000000,908000000,127671000,126213551
CLX,21076,Consumer Staples,2021,2021-06-30,2023-08-10,,3199000000,,900000000,181000000,710000000,5.58,1276000000,331000000,50000000,211000000,99000000,558000000,905000000,319000000,2784000000,2484000000,300000000,6334000000,411000000,127299000,122813075
CLX,21076,Consumer Staples,2022,2022-06-30,2024-08-08,,2545000000,,607000000,136000000,462000000,3.73,786000000,251000000,52000000,224000000,106000000,571000000,25000000,183000000,2474000000,2474000000,0,6158000000,556000000,123906000,123163051
CLX,21076,Consumer Staples,2023,2023-06-30,2025-08-08,,2908000000,,238000000,77000000,149000000,1.2,1158000000,228000000,73000000,236000000,90000000,583000000,0,367000000,2477000000,2477000000,0,5945000000,220000000,124181000,123825993
CLX,21076,Consumer Staples,2024,2024-06-30,2025-08-08,,3048000000,,398000000,106000000,280000000,2.25,695000000,212000000,74000000,235000000,90000000,595000000,0,202000000,2481000000,2481000000,0,5751000000,328000000,124804000,123861545
CLX,21076,Consumer Staples,2025,2025-06-30,2025-08-08,,3213000000,,1078000000,254000000,810000000,6.52,981000000,220000000,81000000,219000000,88000000,602000000,332000000,167000000,2484000000,2484000000,0,5561000000,321000000,124287000,122309414
CMCSA,1166691,Communication Services,2018,2018-12-31,2021-02-04,94507000000,,19009000000,15242000000,3380000000,11731000000,2.53,24297000000,9774000000,826000000,,3542000000,3352000000,5320000000,3814000000,111743000000,,4398000000,251684000000,71613000000,4640000000,
CMCSA,1166691,Communication Services,2019,2019-12-31,2022-02-02,108942000000,,21125000000,16996000000,3673000000,13057000000,2.83,25697000000,9953000000,1021000000,12953000000,4567000000,3735000000,504000000,5500000000,102217000000,,4452000000,263414000000,82726000000,4610000000,
CMCSA,1166691,Communication Services,2020,2020-12-31,2023-02-03,103564000000,,17493000000,14065000000,3364000000,10534000000,2.28,24737000000,9179000000,1193000000,13100000000,4588000000,4140000000,534000000,11740000000,103760000000,,3146000000,273869000000,90323000000,4624000000,
CMCSA,1166691,Communication Services,2021,2021-12-31,2024-01-31,116385000000,,20817000000,19093000000,5259000000,14159000000,3.04,29146000000,9174000000,1315000000,13804000000,4281000000,4532000000,4672000000,8711000000,94850000000,,2132000000,275905000000,96092000000,4654000000,
CMCSA,1166691,Communication Services,2022,2022-12-31,2024-01-31,121427000000,,14041000000,9284000000,4359000000,5370000000,1.21,26413000000,10626000000,1336000000,13821000000,3896000000,4741000000,13328000000,4749000000,94800000000,,1743000000,257275000000,80943000000,4430000000,
CMCSA,1166691,Communication Services,2023,2023-12-31,2024-01-31,121572000000,,23314000000,20478000000,5371000000,15388000000,3.71,28501000000,12242000000,1241000000,14336000000,4087000000,4766000000,11291000000,6215000000,97100000000,,2069000000,264811000000,82703000000,4148000000,
CMCSA,1166691,Communication Services,2024,2024-12-31,2026-02-03,,,23297000000,18673000000,2796000000,16192000000,4.14,27673000000,12181000000,1288000000,14802000000,,4814000000,9103000000,7322000000,99100000000,,4907000000,266211000000,85560000000,3908000000,
CMCSA,1166691,Communication Services,2025,2025-12-31,2026-02-03,,,20672000000,25766000000,6106000000,19998000000,5.39,33643000000,11750000000,1288000000,16210000000,,4894000000,7155000000,9481000000,98900000000,,5958000000,272631000000,96903000000,3709000000,
CME,1156375,Financials,2018,2018-12-31,2021-02-26,4309400000,,2607600000,2777800000,814100000,1962200000,5.71,2440800000,116700000,96500000,118700000,157700000,2149900000,,1374500000,,,,77475700000,25918500000,343737000,
CME,1156375,Financials,2019,2019-12-31,2022-02-25,4868000000,,2587800000,2689600000,573800000,2116500000,5.91,2672800000,245600000,73100000,158600000,178000000,1695900000,,1551400000,,,,75215300000,26128900000,358239000,
CME,1156375,Financials,2020,2020-12-31,2023-02-27,4883600000,,2637400000,2722100000,615700000,2106000000,5.87,2715600000,197500000,96000000,153200000,166200000,2110000000,,1633200000,,,,124659600000,26319900000,358524000,
CME,1156375,Financials,2021,2021-12-31,2024-02-28,4689700000,,2645200000,3373600000,736700000,2637000000,7.29,2402400000,127200000,75200000,147800000,166900000,2189300000,,2834900000,,,,196780300000,27399300000,358929000,
CME,1156375,Financials,2022,2022-12-31,2025-02-27,5019400000,,3015900000,3490300000,799300000,2691000000,7.4,3056000000,89700000,84300000,134900000,162700000,2633500000,,2720100000,,,,174175700000,26878700000,359181000,
CME,1156375,Financials,2023,2023-12-31,2026-02-26,5578900000,,3435700000,4153600000,927400000,3226000000,8.86,3453800000,76400000,82900000,126000000,159400000,3235500000,,2912000000,,,,129706100000,26737900000,359500000,
CME,1156375,Financials,2024,2024-12-31,2026-02-26,6130100000,,3931500000,4541400000,1015600000,3525800000,9.67,3690500000,94000000,89500000,115100000,160900000,3584200000,,2892400000,,,,137447000000,26486900000,359944000,
CME,1156375,Financials,2025,2025-12-31,2026-02-26,6520600000,,4229500000,5330500000,1258300000,4072200000,11.16,4277100000,83500000,94800000,107500000,173400000,3933000000,,4416900000,,,,198424200000,28728200000,360310000,
CMG,1058090,Consumer Discretionary,2019,2019-12-31,2022-02-11,5586369000,,443958000,458285000,108127000,350158000,12.38,721632000,333912000,91396000,212778000,,,190617000,480626000,0,,,5104604000,1683026000,28295000,27659270
CMG,1058090,Consumer Discretionary,2020,2020-12-31,2023-02-09,5984634000,,290164000,293781000,-61985000,355766000,12.52,663847000,373352000,82626000,238534000,,,54401000,607987000,0,,,5982896000,2020135000,28416000,27767965
CMG,1058090,Consumer Discretionary,2021,2021-12-31,2024-02-08,7547061000,,804943000,812763000,159779000,652984000,22.9,1282081000,442475000,176392000,254657000,,,466462000,815374000,0,,,6652958000,2297374000,28511000,28144065
CMG,1058090,Consumer Discretionary,2022,2022-12-31,2025-02-05,8634652000,,1160403000,1181531000,282430000,899101000,0.64,1323179000,479164000,98030000,286826000,,,830140000,384000000,0,,,6927504000,2368023000,1403077000,28031948
CMG,1058090,Consumer Discretionary,2023,2023-12-31,2026-02-04,9871649000,,1557813000,1620506000,391769000,1228737000,0.89,1783477000,560731000,124016000,319394000,,,592349000,560609000,0,,,8044362000,3062207000,1385500000,27621847
CMG,1058090,Consumer Discretionary,2024,2024-12-31,2026-02-04,11313853000,,1916333000,2010230000,476120000,1534110000,1.11,2105076000,593603000,131730000,335030000,,,1001559000,748537000,0,,,9204374000,3655546000,1376555000,27421169
CMG,1058090,Consumer Discretionary,2025,2025-12-31,2026-02-04,11925601000,,1935798000,2009519000,473758000,1535761000,1.14,2113926000,666336000,119543000,361382000,,,2425516000,350545000,0,,,8994531000,2830607000,1342616000,1355337000
CMG,1058090,Consumer Discretionary,2026,2026-01-30,2026-02-04,,,,,,,,,,,,,,,,,,,,,,1302423000
CMI,26172,Industrials,2019,2019-12-31,2022-02-08,23571000000,5980000000,2700000000,2834000000,566000000,,14.48,3181000000,700000000,49000000,672000000,109000000,761000000,1271000000,1129000000,,,31000000,19737000000,7507000000,156100000,157338874
CMI,26172,Industrials,2020,2020-12-31,2023-02-14,19811000000,4894000000,2269000000,2338000000,527000000,,12.01,2722000000,528000000,31000000,673000000,100000000,782000000,641000000,3401000000,,,62000000,22624000000,8062000000,149000000,147657584
CMI,26172,Industrials,2021,2021-12-31,2024-02-12,24021000000,5695000000,2706000000,2751000000,587000000,,14.61,2256000000,734000000,37000000,662000000,111000000,809000000,1402000000,2592000000,,,59000000,23710000000,8146000000,145900000,142426735
CMI,26172,Industrials,2022,2022-12-31,2025-02-11,28074000000,6719000000,2929000000,2819000000,636000000,,15.12,1962000000,916000000,,784000000,199000000,855000000,374000000,2101000000,,,573000000,30299000000,8975000000,142300000,
CMI,26172,Industrials,2023,2023-12-31,2026-02-10,34065000000,8249000000,1761000000,1626000000,786000000,,5.15,3966000000,1213000000,,1024000000,375000000,921000000,0,2179000000,,,118000000,32005000000,8850000000,142700000,141375256
CMI,26172,Industrials,2024,2024-12-31,2026-02-10,34102000000,8439000000,3750000000,4903000000,835000000,,28.37,1487000000,1208000000,,1065000000,370000000,969000000,0,1671000000,,,660000000,31540000000,10271000000,139100000,141856847
CMI,26172,Industrials,2025,2025-12-31,2026-02-10,33670000000,8516000000,4025000000,3963000000,1006000000,,20.5,3621000000,1235000000,,1105000000,329000000,1055000000,,2845000000,,,94000000,33992000000,12349000000,138700000,137481164
CMI,26172,Industrials,2026,2026-01-31,2026-02-10,,,,,,,,,,,,,,,,,,,,,,138165463
CMS,811156,Utilities,2019,2019-12-31,2022-02-10,6624000000,,1115000000,764000000,131000000,680000000,2.39,1790000000,2097000000,,989000000,460000000,,,140000000,,11951000000,1111000000,26837000000,5018000000,284300000,283400105
CMS,811156,Utilities,2020,2020-12-31,2023-02-09,6418000000,,1230000000,809000000,115000000,755000000,2.64,1276000000,2311000000,,1043000000,505000000,,,32000000,,11744000000,571000000,29666000000,5496000000,286300000,283882207
CMS,811156,Utilities,2021,2021-12-31,2024-02-08,7329000000,,1146000000,823000000,95000000,1353000000,4.66,1819000000,2076000000,,1114000000,500000000,,,452000000,,12046000000,373000000,28753000000,6631000000,289500000,288943354
CMS,811156,Utilities,2022,2022-12-31,2025-02-11,8596000000,,1224000000,902000000,93000000,837000000,2.85,855000000,2374000000,,1126000000,519000000,,,164000000,,13122000000,1090000000,31353000000,7015000000,290000000,289760265
CMS,811156,Utilities,2023,2023-12-31,2026-02-10,7462000000,,1235000000,954000000,147000000,887000000,3.01,2309000000,,,1180000000,643000000,,,227000000,,14508000000,975000000,33517000000,7544000000,291700000,291264195
CMS,811156,Utilities,2024,2024-12-31,2026-02-10,7515000000,,1487000000,1123000000,176000000,1003000000,3.33,2370000000,,,1240000000,,,,103000000,,15194000000,1192000000,35920000000,8230000000,298300000,294443620
CMS,811156,Utilities,2025,2025-12-31,2026-02-10,8539000000,,1727000000,1248000000,246000000,1071000000,3.53,2235000000,,,1306000000,,,,509000000,,17807000000,950000000,39941000000,9144000000,301000000,298794638
CMS,811156,Utilities,2026,2026-01-16,2026-02-10,,,,,,,,,,,,,,,,,,,,,,306420901
CNC,1071739,Health Care,2019,2019-12-31,2022-02-22,74639000000,,1781000000,1782000000,473000000,1321000000,3.14,1483000000,730000000,177000000,643000000,412000000,,75000000,12123000000,13859000000,13638000000,88000000,40994000000,12551000000,420409000,413170382
CNC,1071739,Health Care,2020,2020-12-31,2023-02-21,111115000000,,3082000000,2773000000,979000000,1808000000,3.12,5503000000,869000000,281000000,1259000000,728000000,,626000000,10800000000,16880000000,16682000000,97000000,68719000000,25773000000,579135000,586768957
CNC,1071739,Health Care,2021,2021-12-31,2024-02-20,125982000000,14487000000,1784000000,1813000000,477000000,1347000000,2.28,4205000000,910000000,203000000,1335000000,665000000,,297000000,13118000000,19026000000,18571000000,267000000,78375000000,26795000000,590516000,581593037
CNC,1071739,Health Care,2022,2022-12-31,2025-02-18,144547000000,16918000000,1318000000,1962000000,760000000,1202000000,2.07,6261000000,1004000000,234000000,1430000000,665000000,,3096000000,12074000000,18179000000,17938000000,82000000,76870000000,24057000000,582040000,582865870
CNC,1071739,Health Care,2023,2023-12-31,2026-02-17,153999000000,17637000000,2930000000,3598000000,899000000,2702000000,4.95,8053000000,799000000,216000000,1293000000,725000000,,1633000000,17193000000,17962000000,17710000000,119000000,84641000000,25840000000,545704000,551264559
CNC,1071739,Health Care,2024,2024-12-31,2026-02-17,163071000000,17069000000,3175000000,4257000000,963000000,3305000000,6.31,154000000,644000000,212000000,1241000000,,,3124000000,14063000000,18640000000,18423000000,110000000,82445000000,26410000000,523744000,534863000
CNC,1071739,Health Care,2025,2025-12-31,2026-02-17,194777000000,14209000000,-7623000000,-6728000000,-51000000,-6674000000,-13.53,5088000000,767000000,204000000,1275000000,,,475000000,17888000000,17493000000,17351000000,50000000,76747000000,19953000000,493116000,496044000
CNC,1071739,Health Care,2026,2026-02-13,2026-02-17,,,,,,,,,,,,,,,,,,,,,,491771000
CNP,1130310,Utilities,2019,2019-12-31,2022-02-22,7564000000,,1071000000,545000000,30000000,791000000,1.33,1638000000,,,1225000000,,577000000,,241000000,14244000000,14244000000,,35529000000,8359000000,505157000,501206304
CNP,1130310,Utilities,2020,2020-12-31,2023-02-17,7418000000,,1039000000,563000000,80000000,-773000000,-1.79,1995000000,,,1189000000,,392000000,,147000000,11521000000,11521000000,,33471000000,8348000000,531031000,502243185
CNP,1130310,Utilities,2021,2021-12-31,2024-02-20,8352000000,,1363000000,778000000,110000000,1486000000,2.28,22000000,,,1316000000,,385000000,,230000000,15558000000,15558000000,,37679000000,9415000000,609938000,551579922
CNP,1130310,Utilities,2022,2022-12-31,2025-02-20,9321000000,,1566000000,1417000000,360000000,1057000000,1.59,1810000000,,,1288000000,,440000000,,74000000,14836000000,14836000000,,38546000000,10042000000,632346000,628936067
CNP,1130310,Utilities,2023,2023-12-31,2026-02-19,8696000000,,1760000000,1087000000,170000000,917000000,1.37,3877000000,4401000000,,1401000000,,485000000,,90000000,17559000000,17559000000,,39715000000,9667000000,633179000,629788724
CNP,1130310,Utilities,2024,2024-12-31,2026-02-19,8643000000,,1990000000,1214000000,195000000,1019000000,1.58,2139000000,4513000000,,1439000000,,522000000,,24000000,20397000000,20397000000,,43768000000,10666000000,644137000,631594706
CNP,1130310,Utilities,2025,2025-12-31,2026-02-19,9357000000,,2110000000,1247000000,195000000,1052000000,1.6,2486000000,4870000000,,1530000000,,574000000,,38000000,20566000000,20566000000,,46534000000,11153000000,655650000,651729244
CNP,1130310,Utilities,2026,2026-02-13,2026-02-19,,,,,,,,,,,,,,,,,,,,,,652871584
COF,927628,Financials,2019,2019-12-31,2022-02-25,28593000000,,,6874000000,1341000000,5546000000,11.05,16639000000,887000000,239000000,,5173000000,753000000,1481000000,13749000000,,,,390365000000,58011000000,469900000,467880673
COF,927628,Financials,2020,2020-12-31,2023-02-24,28523000000,,,3203000000,486000000,2714000000,5.18,16699000000,710000000,203000000,,3120000000,460000000,393000000,40771000000,,,,421602000000,60204000000,458900000,457122734
COF,927628,Financials,2021,2021-12-31,2024-02-23,30435000000,,,15809000000,3415000000,12390000000,26.94,12310000000,698000000,331000000,,1598000000,1148000000,7605000000,22054000000,,,,432381000000,61029000000,444200000,459236740
COF,927628,Financials,2022,2022-12-31,2025-02-20,34250000000,,,9240000000,1880000000,7360000000,17.91,13809000000,934000000,314000000,,4123000000,950000000,4948000000,31256000000,,,,455249000000,52582000000,393200000,413661098
COF,927628,Financials,2023,2023-12-31,2026-02-19,36787000000,,,6045000000,1158000000,4887000000,11.95,20575000000,961000000,513000000,,12697000000,931000000,718000000,43755000000,,,,478464000000,58089000000,383400000,381079743
COF,927628,Financials,2024,2024-12-31,2026-02-19,39112000000,,,5910000000,1163000000,4750000000,11.59,18159000000,1204000000,569000000,,,932000000,734000000,43671000000,,,,490144000000,60784000000,383600000,380212220
COF,927628,Financials,2025,2025-12-31,2026-02-19,53434000000,,,2281000000,193000000,2453000000,4.03,27718000000,1578000000,776000000,,,1516000000,4099000000,62093000000,,,,669009000000,113616000000,541300000,381327698
COF,927628,Financials,2026,2026-01-31,2026-02-19,,,,,,,,,,,,,,,,,,,,,,621931593
COHR,820318,Information Technology,2019,2019-06-30,2021-08-20,,,148668000,,21296000,107517000,1.63,178475000,137122000,21946000,92365000,22417000,,1616000,204872000,466997000,443163000,23834000,1953773000,1133209000,65804000,63610824
COHR,820318,Information Technology,2020,2020-06-30,2022-08-29,,,39479000,-63928000,3101000,-67029000,-0.79,297292000,136877000,68480000,220882000,89409000,,1625000,493046000,2255342000,2186092000,69250000,5234714000,2076803000,84828000,103668355
COHR,820318,Information Technology,2021,2021-06-30,2023-08-18,,,402119000,352590000,55038000,297552000,2.37,574353000,146337000,70953000,270069000,59899000,,0,1591892000,1375141000,1313091000,62050000,6512650000,3406170000,115034000,105718326
COHR,820318,Information Technology,2022,2022-06-30,2024-08-16,,,414294000,281807000,47048000,234759000,1.45,413332000,314332000,73214000,286779000,121254000,,0,2582371000,2300426000,1897214000,403212000,7844846000,3616475000,116513000,130874428
COHR,820318,Information Technology,2023,2023-06-30,2024-08-16,,,-37120000,-355558000,-96100000,-259458000,-2.93,634025000,436060000,148872000,681687000000,286872000,,,821310000,4309798000,4234962000,74836000,13711133000,4987551000,137578000,150397328
COHR,820318,Information Technology,2024,2024-06-30,2024-08-16,,,96121000,-147647000,11117000,-156154000,-1.84,545731000,346816000,126049000,559761000,,,,926033000,4100218000,4026448000,73770000,14488634000,5210115000,151642000,153300385
COHR,820318,Information Technology,2025,2025-06-30,2026-08-14,,,,94181000,64124000,49364000,-0.52,633600000,440836000,160239000,553598000,,,,909200000,3686921000,3498615000,188306000,14910936000,5644514000,154755000,155805474
COHR,820318,Information Technology,2026,2026-06-30,2026-08-14,,,,847733000,60849000,804998000,4.12,79514000,1102909000,186468000,521895000,,,,1162018000,3222224000,3214308000,7916000,18299852000,10903495000,195387000,195832246
COIN,1679788,Financials,2018,2018-12-31,2022-02-25,,,,,,,,,,,,,,,,,,,,500071000,,
COIN,1679788,Financials,2019,2019-12-31,2022-02-25,533735000,,-45783000,-45416000,-15029000,-30387000,-0.5,-80594000,33521000,31147000,16878000,,,,548945000,,,,,497086000,61317000,
COIN,1679788,Financials,2020,2020-12-31,2023-02-21,1277481000,,408951000,409199000,86882000,322317000,1.4,293548000,9913000,70548000,30962000,0,,,1061850000,,0,,5855414000,963584000,91209000,
COIN,1679788,Financials,2021,2021-12-31,2024-02-15,7839444000,,3076570000,3026947000,-597173000,3624120000,14.5,4038172000,2910000,820685000,63651000,29160000,,,7123478000,3384795000,3384795000,,21274425000,6381689000,219965000,
COIN,1679788,Financials,2022,2022-12-31,2025-02-13,3194208000,,-2710208000,-3064582000,-439633000,-2624949000,-11.83,-1585419000,2933000,1565823000,154069000,88901000,,,4425021000,3393448000,3393448000,,89724873000,5454557000,222338000,
COIN,1679788,Financials,2023,2023-12-31,2026-02-12,3108383000,,-161662000,-76845000,-171716000,94871000,0.37,673376000,,780668000,139642000,82766000,,0,5489100000,2979957000,2979957000,,14753901000,6281649000,254391000,
COIN,1679788,Financials,2024,2024-12-31,2026-02-12,6564028000,,2307160000,2942644000,363578000,2579066000,9.48,3103935000,,912838000,127518000,,,0,9308266000,4234081000,4234081000,0,22541951000,10276842000,273377000,253640000
COIN,1679788,Financials,2025,2025-12-31,2026-02-12,7181325000,,1435441000,1522065000,261738000,1260327000,4.45,2426383000,,839440000,188428000,,,790195000,11285452000,7206619000,5937034000,1269585000,29671832000,14793058000,287209000,267836000
COO,711404,Health Care,2018,2018-10-31,2018-12-21,2532800000,1632300000,403100000,,192000000,139900000,2.81,668900000,193600000,43200000,275100000,82700000,2900000,0,77700000,,1985700000,0,6112800000,3307600000,49700000,49232061
COO,711404,Health Care,2019,2019-10-31,2021-12-10,,1756800000,546700000,477400000,10700000,466700000,9.33,713200000,292100000,35100000,280800000,68000000,3000000,156100000,89000000,,1262600000,,6274500000,3628400000,50000000,49062354
COO,711404,Health Care,2020,2020-10-31,2022-12-09,,1534800000,311800000,266500000,28100000,238400000,4.81,486600000,310400000,37600000,,36800000,3000000,47800000,115900000,,1383900000,,6737500000,3824600000,49600000,49123730
COO,711404,Health Care,2021,2021-10-31,2023-12-08,,1955800000,505800000,491500000,-2453200000,2944700000,59.16,738600000,214400000,43800000,309300000,23100000,3000000,24800000,95900000,1397600000,1396100000,,9606200000,6941800000,49800000,49408020
COO,711404,Health Care,2022,2022-10-31,2024-12-06,,2139600000,507600000,475300000,89500000,385800000,1.94,692400000,242000000,54200000,346100000,57300000,3000000,78500000,138200000,2350800000,2347100000,,11492300000,7174500000,198800000,49354384
COO,711404,Health Care,2023,2023-10-31,2025-12-05,,2357900000,533100000,412900000,118700000,294200000,1.48,607500000,392500000,62100000,367700000,105300000,3000000,0,120800000,2523800000,2520400000,,11658900000,7550800000,199300000,49525982
COO,711404,Health Care,2024,2024-10-31,2025-12-05,,2595700000,705700000,582300000,190000000,392300000,1.96,709300000,421200000,75100000,375100000,,0,0,107600000,2550400000,2548000000,,12315200000,8083400000,200400000,199582626
COO,711404,Health Care,2025,2025-10-31,2025-12-05,,2682100000,682900000,566500000,191600000,374900000,1.87,796100000,362400000,70500000,377400000,,0,290100000,110600000,2457500000,2455700000,,12394800000,8238900000,200000000,195978026
COP,1163165,Energy,2019,2019-12-31,2022-02-17,36670000000,,,9524000000,2267000000,7189000000,6.4,11104000000,6636000000,274000000,6090000000,799000000,1500000000,3500000000,5088000000,18108000000,,105000000,70514000000,34981000000,1123536,1134404094
COP,1163165,Energy,2020,2020-12-31,2023-02-16,18784000000,,,-3140000000,-485000000,-2701000000,-2.51,4802000000,4715000000,159000000,5521000000,788000000,1831000000,892000000,2991000000,19106000000,,619000000,62618000000,29849000000,1078030000,1081132415
COP,1163165,Energy,2021,2021-12-31,2024-02-15,45828000000,,,12712000000,4633000000,8079000000,6.07,16996000000,5324000000,304000000,7208000000,887000000,2359000000,3623000000,5028000000,,,1200000000,90661000000,45406000000,1328151000,1354734727
COP,1163165,Energy,2022,2022-12-31,2025-02-18,78494000000,,,28228000000,9548000000,18680000000,14.57,28314000000,10159000000,377000000,7504000000,791000000,5726000000,9270000000,6458000000,,,417000000,93829000000,48003000000,1278163000,1299526916
COP,1163165,Energy,2023,2023-12-31,2026-02-17,56141000000,,,16288000000,5331000000,10957000000,9.06,19965000000,,334000000,8270000000,824000000,5583000000,5400000000,5635000000,,,1074000000,95924000000,49279000000,1205675000,1218776494
COP,1163165,Energy,2024,2024-12-31,2026-02-17,54745000000,,,13672000000,4427000000,9245000000,7.81,20124000000,,268000000,9599000000,941000000,3646000000,5463000000,5607000000,,,1035000000,122780000000,64796000000,1180871000,1176408368
COP,1163165,Energy,2025,2025-12-31,2026-02-17,58944000000,,,12656000000,4668000000,7988000000,6.35,19796000000,,336000000,11500000000,1176000000,3995000000,5018000000,6497000000,,,1020000000,121939000000,64487000000,1253446000,1272380205
COP,1163165,Energy,2026,2026-01-31,2026-02-17,,,,,,,,,,,,,,,,,,,,,,1222339152
COR,1140859,Health Care,2018,2018-09-30,2020-11-19,167939635000,4612317000,1443685000,,-438469000,1658405000,7.53,1411388000,336411000,62316000,465127000,,333041000,639235000,2492516000,400000000,4158532000,13976000,37669838000,2932824000,220336000,211933493
COR,1140859,Health Care,2019,2019-09-30,2021-11-23,179589121000,5138312000,1111923000,967106000,112971000,855365000,4.04,2344023000,310222000,58874000,462407000,,338974000,674031000,3374194000,4172892000,4033880000,32573000,39171980000,2878917000,211840000,205922186
COR,1140859,Health Care,2020,2020-09-30,2022-11-22,189893926000,5191884000,-5135354000,-5293831000,-1894273000,-3408716000,-16.65,2207040000,369677000,74411000,391062000,,343578000,420449000,4597746000,4119520000,3618261000,399982000,44274830000,-1018924000,204783000,204249747
COR,1140859,Health Care,2021,2021-09-30,2023-11-21,213988843000,6943228000,2354197000,2221859000,677251000,1539932000,7.39,2666586000,438217000,99594000,505172000,,366648000,82150000,2547142000,6683924000,6383711000,0,57337805000,223354000,208465000,208133361
COR,1140859,Health Care,2022,2022-09-30,2024-11-26,238587006000,8296367000,2366378000,2183057000,516517000,1698820000,8.04,2703088000,496318000,93400000,693895000,,391687000,483704000,3388189000,5702833000,4632360000,,56560616000,-211559000,211210000,205668628
COR,1140859,Health Care,2023,2023-09-30,2025-11-25,262173411000,8959493000,2340731000,2160836000,428260000,1745293000,8.53,3911334000,458359000,124624000,963904000,,398752000,1180728000,2592051000,4787457000,4146113000,,62558746000,522003000,204591000,200712338
COR,1140859,Health Care,2024,2024-09-30,2025-11-25,293958599000,9910029000,2175249000,2003975000,484702000,1509120000,7.53,3484685000,487173000,147998000,1091974000,,416168000,1491367000,3132648000,4388076000,3811745000,,67101667000,645938000,200284000,193280140
COR,1140859,Health Care,2025,2025-09-30,2025-11-25,321332819000,11478539000,2628601000,2258336000,690522000,1554169000,7.96,3875120000,667981000,147963000,1051075000,,437081000,435471000,4356138000,7660773000,7542988000,,76590112000,1508019000,195214000,193993444
COST,909832,Consumer Staples,2018,2018-09-02,2020-10-07,141576000000,,4480000000,4442000000,1263000000,3134000000,7.09,5774000000,2969000000,544000000,1437000000,159000000,,328000000,6055000000,6577000000,6487000000,90000000,40830000000,12799000000,441834000,438208376
COST,909832,Consumer Staples,2019,2019-09-01,2021-10-06,152703000000,,4737000000,4765000000,1061000000,3659000000,8.26,6356000000,2998000000,595000000,1492000000,150000000,,247000000,8384000000,6852000000,5124000000,1699000000,45400000000,15243000000,442923000,
COST,909832,Consumer Staples,2020,2020-08-30,2022-10-05,166761000000,,5435000000,5367000000,1308000000,4002000000,9.02,8861000000,2810000000,619000000,1645000000,160000000,1479000000,196000000,12277000000,7657000000,7514000000,95000000,55556000000,18284000000,443901000,441228027
COST,909832,Consumer Staples,2021,2021-08-29,2023-10-11,195929000000,,6708000000,6680000000,1601000000,5007000000,11.27,8958000000,3588000000,665000000,1781000000,171000000,5748000000,496000000,11258000000,7531000000,6692000000,799000000,59268000000,17564000000,444346000,441823811
COST,909832,Consumer Staples,2022,2022-08-28,2024-10-09,226954000000,,7793000000,7840000000,1925000000,5844000000,13.14,7392000000,3891000000,724000000,1900000000,158000000,1498000000,439000000,10203000000,,6484000000,73000000,64166000000,20642000000,444757000,442604145
COST,909832,Consumer Staples,2023,2023-09-03,2025-10-08,242290000000,,8114000000,8487000000,2195000000,6292000000,14.16,11068000000,4323000000,774000000,2077000000,160000000,1251000000,676000000,13700000000,,5377000000,1081000000,68994000000,25058000000,444452000,442740572
COST,909832,Consumer Staples,2024,2024-09-01,2025-10-08,254453000000,,9285000000,9740000000,2373000000,7367000000,16.56,11339000000,4710000000,818000000,2237000000,169000000,9041000000,700000000,9906000000,,5794000000,103000000,69831000000,23622000000,444759000,443073537
COST,909832,Consumer Staples,2025,2025-08-31,2025-10-08,275235000000,,10383000000,10818000000,2719000000,8099000000,18.21,13335000000,5498000000,860000000,2426000000,154000000,2183000000,903000000,14161000000,,5713000000,75000000,77099000000,29164000000,444803000,443179176
CPAY,1175454,Financials,2019,2019-12-31,2022-03-01,2648848000,,1231430000,1077819000,182746000,895073000,9.94,1162071000,75170000,60953000,274210000,,,694909000,1271494000,,,1746838000,12248541000,3711616000,90070000,85858421
CPAY,1175454,Financials,2020,2020-12-31,2023-02-28,2388855000,,972265000,882525000,178309000,704216000,8.12,1472589000,78425000,43384000,254802000,,,849910000,934900000,,,1205697000,11194579000,3355411000,86719000,85429057
CPAY,1175454,Financials,2021,2021-12-31,2024-02-29,2833736000,,1242556000,1108808000,269311000,839497000,9.99,1197063000,111530000,80071000,284197000,,,1355722000,1520027000,5977667000,,1517628000,13404653000,2866580000,84061000,83416310
CPAY,1175454,Financials,2022,2022-12-31,2025-02-27,3427129000,,1446641000,1275660000,321333000,954327000,12.42,754797000,151428000,121416000,322282000,,,1405200000,1435163000,7036894000,,2314056000,14089260000,2541493000,76862000,77886595
CPAY,1175454,Financials,2023,2023-12-31,2026-02-27,3757719000,,1656873000,1325005000,343115000,981890000,13.2,2101132000,153822000,116086000,336604000,,,686859000,1389648000,6722905000,,2126749000,15476252000,3282359000,74387000,73491592
CPAY,1175454,Financials,2024,2024-12-31,2026-02-27,3974589000,,1787157000,1385113000,381381000,1003746000,13.97,1940565000,175176000,116724000,351088000,,,1287998000,1553642000,7996080000,,2769974000,17957031000,3122342000,71848000,71853599
CPAY,1175454,Financials,2025,2025-12-31,2026-02-27,4528403000,,1994108000,1541679000,469731000,1069826000,15.03,1499901000,200756000,102637000,393303000,,,782818000,2408097000,10001687000,,3345530000,26408135000,3883864000,71058000,70249923
CPAY,1175454,Financials,2026,2026-02-17,2026-02-27,,,,,,,,,,,,,,,,,,,,,,68050296
CPRT,900075,Industrials,2018,2018-07-31,2018-10-01,1805695000,,584345000,562511000,144504000,417867000,1.73,535069000,287910000,23221000,78598000,20368000,,0,274520000,400000000,,1151000,2307698000,1581099000,241877000,233916190
CPRT,900075,Industrials,2019,2019-07-31,2021-09-27,,,716475000,704951000,113258000,591693000,2.46,646646000,373883000,23445000,84895000,19810000,,364997000,186319000,400000000,,1138000,2547617000,1778381000,240453000,232250144
CPRT,900075,Industrials,2020,2020-07-31,2022-09-27,,,816099000,800839000,100932000,699907000,2.93,917885000,591972000,23322000,101390000,20230000,,0,477718000,400000000,396900000,751000,3455261000,2489516000,238656000,235971920
CPRT,900075,Industrials,2021,2021-07-31,2023-09-28,,,1136426000,1121846000,185351000,936495000,0.97,990891000,462996000,40922000,121971000,,,0,1048260000,400000000,397636000,,4562143000,3529201000,961160000,237100519
CPRT,900075,Industrials,2022,2022-07-31,2024-09-30,,,1374997000,1340954000,250824000,1090130000,1.13,1176683000,337448000,38965000,137985000,,,,1384236000,0,1996000,,5308864000,4625599000,964604000,238056756
CPRT,900075,Industrials,2023,2023-07-31,2025-09-26,,,1486569000,1554328000,316587000,1237741000,1.28,1364210000,516636000,39673000,159478000,,,,,11006000,,,6737879000,5987440000,966647000,957355633
CPRT,900075,Industrials,2024,2024-07-31,2025-09-26,,,1572023000,1714601000,352254000,1363020000,1.4,1472564000,510990000,35234000,189761000,,,,,,,,8427764000,,974798000,963287376
CPRT,900075,Industrials,2025,2025-07-31,2025-09-26,,,1696714000,1895581000,347218000,1552449000,1.59,1799750000,568990000,38004000,215849000,,,,,,,,10090902000,,977563000,967731528
CPT,906345,Real Estate,2019,2019-12-31,2022-02-17,8696000,,,225359000,,219623000,2.22,555597000,17197000,15235000,336274000,80706000,317253000,,23184000,2524100000,,,6748504000,3628685000,99384000,93259373
CPT,906345,Real Estate,2020,2020-12-31,2023-02-23,10800000,,,130551000,,123911000,1.24,519319000,7498000,13942000,367162000,91526000,333360000,,420441000,3166600000,,,7198952000,3444905000,99438000,97326277
CPT,906345,Real Estate,2021,2021-12-31,2024-02-22,10532000,,,314269000,,303907000,2.96,577467000,4032000,15397000,420692000,97297000,343039000,,613391000,3170400000,,,7976784000,4197490000,102829000,97562909
CPT,906345,Real Estate,2022,2022-12-31,2025-02-20,5188000,,,664474000,,653613000,6.04,744712000,4407000,12822000,577020000,113424000,396822000,0,10687000,3680900000,,,9327935000,4986620000,108388000,103429458
CPT,906345,Real Estate,2023,2023-12-31,2026-02-12,3451000,,,414203000,3700000,403309000,3.7,794950000,5597000,14512000,574813000,133395000,434875000,0,259686000,3715400000,,,9383737000,4980757000,109399000,106700488
CPT,906345,Real Estate,2024,2024-12-31,2026-02-12,7137000,,,173766000,2900000,163293000,1.5,774877000,3800000,15166000,582014000,129815000,450965000,49997000,21045000,3485600000,,,8852144000,4675198000,108539000,106968937
CPT,906345,Real Estate,2025,2025-12-31,2026-02-12,12967000,,,398917000,4000000,384462000,3.54,826621000,2445000,16959000,611025000,138239000,460950000,270654000,25203000,3900800000,,,9042989000,4362523000,108434000,106757212
CPT,906345,Real Estate,2026,2026-02-05,2026-02-12,,,,,,,,,,,,,,,,,,,,,,103408210
CRH,849395,Materials,2019,2019-12-31,2020-03-06,,,,,,,,,,,,,,,,,,,,,,799640338
CRH,849395,Materials,2020,2020-12-31,2021-03-12,,,,,,,,,,,,,,,,,,,,,,795140338
CRH,849395,Materials,2021,2021-12-31,2024-02-29,29206000000,9827000000,3327000000,3102000000,650000000,2630000000,3.32,3979000000,1554000000,110000000,1551000000,315000000,,896000000,5783000000,,,,,,786800000,774140338
CRH,849395,Materials,2022,2022-12-31,2025-02-26,32723000000,10815000000,3809000000,3461000000,762000000,3862000000,5.11,3800000000,1523000000,101000000,1577000000,344000000,,1178000000,5936000000,9542000000,8145000000,1397000000,45319000000,22157000000,764100000,752140338
CRH,849395,Materials,2023,2023-12-31,2026-02-18,34949000000,11963000000,4186000000,4014000000,925000000,3178000000,4.33,5017000000,1817000000,123000000,1633000000,376000000,,3067000000,6341000000,11535000000,9776000000,1759000000,47469000000,20854000000,729200000,690357372
CRH,849395,Materials,2024,2024-12-31,2026-02-18,35572000000,12701000000,4925000000,4714000000,1085000000,3492000000,5.02,4989000000,2578000000,125000000,1798000000,,,1482000000,3720000000,13851000000,10969000000,2882000000,50613000000,21607000000,689500000,690357372
CRH,849395,Materials,2025,2025-12-31,2026-02-18,37447000000,13528000000,5440000000,4805000000,1041000000,3753000000,5.51,5625000000,2713000000,143000000,2156000000,,,1181000000,4096000000,17533000000,16478000000,1055000000,58329000000,24004000000,677000000,676475037
CRH,849395,Materials,2026,2026-02-04,2026-02-18,,,,,,,,,,,,,,,,,,,,,,668250818
CRL,1100682,Health Care,2019,2019-12-28,2022-02-16,,,351151000,304084000,50023000,252019000,5.07,480936000,140514000,57271000,198095000,60882000,,18087000,238014000,,,35548000,4692790000,1634584000,49693000,48226323
CRL,1100682,Health Care,2020,2020-12-26,2023-02-22,,,432729000,447114000,81808000,364304000,7.2,546575000,166560000,56341000,234924000,86433000,,23979000,228424000,,,47196000,5490831000,2114602000,50611000,48959576
CRL,1100682,Health Care,2021,2021-12-25,2024-02-14,,,589862000,480710000,81873000,390982000,7.6,760799000,228772000,71474000,265540000,73910000,,40707000,241214000,,,101000,7024292000,2534820000,51425000,49776227
CRL,1100682,Health Care,2022,2022-12-31,2025-02-19,,,650975000,622987000,130379000,486226000,9.48,619640000,324733000,73617000,303870000,59291000,,38651000,233912000,,,1347000,7602770000,2976293000,51301000,50486047
CRL,1100682,Health Care,2023,2023-12-30,2026-02-18,,,617261000,581284000,100914000,474624000,9.22,683898000,318528000,72048000,314124000,136710000,,24155000,276771000,,,3172000,8195001000,3596882000,51451000,50985527
CRL,1100682,Health Care,2024,2024-12-28,2026-02-18,,,227347000,93114000,67823000,22203000,0.2,734577000,232967000,69891000,361741000,,,119175000,194606000,,,155000,7528345000,3461503000,51628000,51349770
CRL,1100682,Health Care,2025,2025-12-27,2026-02-18,,,25162000,-99503000,42660000,-144338000,-2.91,737646000,219152000,71083000,403312000,,,360673000,213770000,,,166000,7135422000,3164630000,49564000,51141607
CRL,1100682,Health Care,2026,2026-01-24,2026-02-18,,,,,,,,,,,,,,,,,,,,,,49227800
CRM,1108524,Information Technology,2019,2019-01-31,2021-03-17,,9831000000,535000000,,-127000000,1110000000,1.43,3398000000,595000000,1283000000,411000000,154000000,,,2669000000,3198000000,3173000000,3000000,30737000000,15605000000,775000000,771000000
CRM,1108524,Information Technology,2020,2020-01-31,2022-03-11,,12863000000,297000000,706000000,580000000,126000000,0.15,4331000000,643000000,1785000000,455000000,,,,4145000000,2694000000,2673000000,4000000,55126000000,33885000000,850000000,895000000
CRM,1108524,Information Technology,2021,2021-01-31,2023-03-08,,15814000000,455000000,2561000000,-1511000000,4072000000,4.38,4801000000,710000000,2190000000,579000000,,,0,6195000000,2677000000,2673000000,4000000,66301000000,41493000000,930000000,921000000
CRM,1108524,Information Technology,2022,2022-01-31,2024-03-06,,19466000000,548000000,1532000000,88000000,1444000000,1.48,6000000000,717000000,2779000000,678000000,,,0,5464000000,10596000000,10592000000,4000000,95209000000,58131000000,974000000,990000000
CRM,1108524,Information Technology,2023,2023-01-31,2025-03-05,,22992000000,1030000000,660000000,452000000,208000000,0.21,7111000000,798000000,3279000000,903000000,,0,4000000000,7016000000,10601000000,9419000000,1182000000,98849000000,58359000000,997000000,1000000000
CRM,1108524,Information Technology,2024,2024-01-31,2026-03-02,,26316000000,5011000000,4950000000,814000000,4136000000,4.2,10234000000,736000000,2787000000,1100000000,,0,7620000000,8472000000,9426000000,8427000000,999000000,99823000000,59646000000,984000000,970000000
CRM,1108524,Information Technology,2025,2025-01-31,2026-03-02,,29252000000,7205000000,7438000000,1241000000,6197000000,6.36,13092000000,658000000,3183000000,1000000000,,1537000000,7829000000,8848000000,8433000000,8433000000,0,102928000000,61173000000,974000000,961000000
CRM,1108524,Information Technology,2026,2026-01-31,2026-03-02,,32255000000,8331000000,9520000000,2063000000,7457000000,7.8,14996000000,594000000,3509000000,1200000000,,1587000000,12596000000,7327000000,14439000000,10439000000,4000000000,112305000000,59142000000,956000000,923000000
CRWD,1535527,Information Technology,2019,2019-01-31,2021-03-18,249824000,162586000,-136864000,-138710000,1367000,-140077000,,-22968000,35851000,20505000,,428000,,2330000,88408000,,,,433219000,-487793000,,
CRWD,1535527,Information Technology,2020,2020-01-31,2022-03-16,481413000,339786000,-146065000,-139782000,1997000,-141779000,-0.96,99943000,80198000,79940000,,442000,,0,264798000,,0,,1404906000,742107000,148062000,
CRWD,1535527,Information Technology,2021,2021-01-31,2023-03-09,874438000,644893000,-92529000,-87869000,4760000,-92629000,-0.43,356566000,52799000,149675000,,1559000,,0,1918608000,,738029000,,2732533000,870574000,217756000,
CRWD,1535527,Information Technology,2022,2022-01-31,2024-03-07,1451594000,1068373000,-142548000,-160023000,72355000,-234802000,-1.03,574784000,112143000,309952000,,25231000,,,1996633000,,739517000,,3618381000,1025764000,227142000,
CRWD,1535527,Information Technology,2023,2023-01-31,2025-03-10,2241236000,1640005000,-190112000,-159883000,22402000,-183245000,-0.79,941007000,235019000,526504000,,25319000,,,2455369000,,741005000,,5026540000,1463641000,233139000,
CRWD,1535527,Information Technology,2024,2024-01-31,2026-03-05,3055555000,2296626000,-19141000,105671000,32232000,72181000,0.3,1166207000,176529000,648665000,,25756000,,,3375069000,,742494000,,6646520000,2303950000,243635000,
CRWD,1535527,Information Technology,2025,2025-01-31,2026-03-05,3953624000,2963452000,-116400000,58564000,71130000,-15241000,-0.06,1381727000,254852000,861391000,,,,,4323295000,,743983000,,8701578000,3279494000,244750000,
CRWD,1535527,Information Technology,2026,2026-01-31,2026-03-05,4812005000,3593076000,-293292000,-126989000,34176000,-162502000,-0.65,1612349000,302108000,1096679000,,,,,5230125000,,745471000,,11086684000,4428390000,250576000,
CSCO,858877,Information Technology,2019,2019-07-27,2021-09-09,,32666000000,14219000000,14571000000,2950000000,11621000000,2.61,15831000000,909000000,1570000000,1000000000,859000000,5979000000,20717000000,11750000000,20473000000,14475000000,5998000000,97793000000,33571000000,4453000000,4245290230
CSCO,858877,Information Technology,2020,2020-07-25,2022-09-08,,31683000000,13620000000,13970000000,2756000000,11214000000,2.64,15426000000,770000000,1569000000,900000000,585000000,6016000000,2659000000,11809000000,14583000000,11578000000,3005000000,94853000000,37920000000,4254000000,4233425297
CSCO,858877,Information Technology,2021,2021-07-31,2023-09-07,,31894000000,12833000000,13262000000,2671000000,10591000000,2.5,15454000000,692000000,1761000000,800000000,434000000,6163000000,2877000000,9175000000,11526000000,9018000000,2508000000,97497000000,41275000000,4236000000,4217735917
CSCO,858877,Information Technology,2022,2022-07-30,2024-09-05,,32248000000,13969000000,14477000000,2665000000,11812000000,2.82,13226000000,477000000,1886000000,800000000,360000000,6224000000,7689000000,7079000000,8915000000,8416000000,499000000,94002000000,39773000000,4192000000,4108844167
CSCO,858877,Information Technology,2023,2023-07-29,2025-09-03,,35753000000,15031000000,15318000000,2705000000,12613000000,3.07,19886000000,849000000,2353000000,700000000,427000000,6302000000,4293000000,10123000000,8391000000,6658000000,1733000000,101852000000,44353000000,4105000000,4054857783
CSCO,858877,Information Technology,2024,2024-07-27,2026-09-02,,34828000000,12181000000,12234000000,1914000000,10320000000,2.54,10880000000,670000000,3074000000,700000000,,6384000000,5787000000,7508000000,20109000000,19621000000,488000000,124413000000,45457000000,4062000000,3990734794
CSCO,858877,Information Technology,2025,2025-07-26,2026-09-02,,36790000000,11760000000,11100000000,920000000,10180000000,2.55,14193000000,905000000,3641000000,700000000,,6437000000,6000000000,8346000000,24611000000,22861000000,1750000000,122291000000,46843000000,3998000000,3953196953
CSCO,858877,Information Technology,2026,2026-07-25,2026-09-02,,40860000000,15368000000,16009000000,2742000000,13267000000,3.33,14177000000,1410000000,3830000000,700000000,,6553000000,6106000000,7218000000,22872000000,19372000000,3500000000,129637000000,50285000000,3987000000,3942586873
CSGP,1057352,Real Estate,2019,2019-12-31,2022-02-23,,1110480000,363547000,390949000,75986000,314963000,0.86,457780000,0,52255000,81165000,2615000,,,1070731000,0,0,,3853986000,3405593000,366301000,36451829
CSGP,1057352,Real Estate,2020,2020-12-31,2023-02-22,,1350051000,289202000,270980000,43852000,227128000,0.59,486106000,0,53450000,116944000,,,,3693813000,1000000000,986715000,,6915420000,5375200000,383266000,36644734
CSGP,1057352,Real Estate,2021,2021-12-31,2024-02-22,,1586900000,432300000,404000000,111400000,292600000,0.74,469700000,123700000,63700000,139600000,,,,3800000000,1000000000,987944000,,7256871000,5711500000,394200000,39410441
CSGP,1057352,Real Estate,2022,2022-12-31,2025-02-20,,1768400000,451000000,486500000,117000000,369500000,0.93,478700000,35200000,75200000,137900000,,,,5000000000,1000000000,989200000,,8402500000,6870000000,397800000,394987704
CSGP,1057352,Real Estate,2023,2023-12-31,2026-02-26,,1964000000,282000000,502000000,127000000,375000000,0.92,490000000,118000000,85000000,108000000,,,0,5200000000,1000000000,990500000,,8919700000,7338600000,406900000,406772431
CSGP,1057352,Real Estate,2024,2024-12-31,2026-02-26,,2178000000,5000000,210000000,71000000,139000000,0.34,393000000,579000000,89000000,147000000,,,0,4681000000,1000000000,992000000,,9257000000,7553000000,407800000,408409321
CSGP,1057352,Real Estate,2025,2025-12-31,2026-02-26,,2561000000,-72000000,30000000,23000000,7000000,0.02,430000000,307000000,194000000,263000000,,,500000000,1633000000,140000000,993000000,,10538000000,8334000000,420700000,410125610
CSGP,1057352,Real Estate,2026,2026-02-20,2026-02-26,,,,,,,,,,,,,,,,,,,,,,419793301
CSX,277948,Industrials,2019,2019-12-31,2022-02-16,,,4965000000,4316000000,985000000,3331000000,1.39,4850000000,1657000000,74000000,,,763000000,3373000000,958000000,,,245000000,38257000000,,2395000000,815630366
CSX,277948,Industrials,2020,2020-12-31,2023-02-15,,,4362000000,3627000000,862000000,2765000000,1.2,4263000000,1626000000,29000000,1383000000,,797000000,867000000,3129000000,,,401000000,39793000000,,2305000000,773825565
CSX,277948,Industrials,2021,2021-12-31,2024-02-14,,,5594000000,4951000000,1170000000,3781000000,1.68,5099000000,1791000000,107000000,1420000000,,839000000,2886000000,2239000000,,,181000000,40531000000,,2255000000,762505058
CSX,277948,Industrials,2022,2022-12-31,2025-02-27,,,5954000000,5345000000,1231000000,4114000000,1.92,5526000000,2113000000,74000000,1502000000,,852000000,4731000000,1958000000,,,151000000,41682000000,,2141000000,2193389444
CSX,277948,Industrials,2023,2023-12-31,2026-02-12,,,5499000000,4829000000,1161000000,3668000000,1.82,5514000000,2257000000,60000000,1607000000,,882000000,3482000000,,,,558000000,42200000000,,2013000000,2062605434
CSX,277948,Industrials,2024,2024-12-31,2026-02-12,,,5245000000,4555000000,1085000000,3470000000,1.79,5247000000,2529000000,40000000,1658000000,,930000000,2237000000,,,,606000000,42764000000,,1943000000,1959134342
CSX,277948,Industrials,2025,2025-12-31,2026-02-12,,,4521000000,3769000000,880000000,2889000000,1.54,4613000000,2902000000,54000000,1680000000,,972000000,1396000000,,,,708000000,43682000000,,1873000000,1894616582
CSX,277948,Industrials,2026,2026-01-31,2026-02-12,,,,,,,,,,,,,,,,,,,,,,1859556799
CTAS,723254,Industrials,2019,2019-05-31,2019-07-26,6892303000,3128588000,1133534000,1102399000,219764000,884981000,7.99,1067862000,276719000,139210000,360093000,101736000,220764000,1016300000,96645000,2537507000,2537507000,312264000,7436662000,3002721000,109495000,102487039
CTAS,723254,Industrials,2020,2020-05-31,2022-07-27,,3233748000,1162696000,1058291000,181931000,876037000,8.11,1291483000,230289000,115435000,379053000,105393000,267956000,464518000,145402000,2539705000,2539705000,0,7669885000,3235202000,107012000,103499012
CTAS,723254,Industrials,2021,2021-05-31,2023-07-27,,3314651000,1385492000,1287749000,176781000,1110968000,10.24,1360740000,143470000,112035000,387951000,98210000,451327000,554121000,493640000,1642833000,1642833000,899070000,8236823000,3687847000,107707000,102967245
CTAS,723254,Industrials,2022,2022-05-31,2024-07-25,,3632246000,1587370000,1498768000,263011000,1235757000,11.65,1537625000,240672000,109308000,399701000,88844000,375119000,1525873000,90471000,2483932000,2483932000,311574000,8147256000,3308196000,105523000,101188086
CTAS,723254,Industrials,2023,2023-05-31,2025-07-28,,4173368000,1802664000,1693148000,345138000,1348010000,3.25,1586228000,331109000,103621000,409162000,111232000,449917000,398865000,124149000,2486405000,2486405000,0,8546356000,3863986000,413508000,101741564
CTAS,723254,Industrials,2024,2024-05-31,2026-07-29,,4686416000,2068633000,1973635000,402043000,1571592000,3.79,2068500000,409469000,116986000,442384000,,530909000,700033000,342015000,2025934000,2025934000,449595000,9168817000,4316372000,413468000,100768931
CTAS,723254,Industrials,2025,2025-05-31,2026-07-29,,5174164000,2359726000,2264202000,451921000,1812281000,4.4,2165905000,408884000,128329000,494183000,,611627000,934800000,263973000,2424999000,2424999000,0,9825241000,4684481000,410286000,402977926
CTAS,723254,Industrials,2026,2026-05-31,2026-07-29,,5707793000,2606512000,2505334000,505366000,1999968000,4.91,2276280000,395105000,128076000,512846000,,701485000,952104000,289018000,1429086000,1429086000,998987000,10529140000,5139887000,406197000,400169561
CTSH,1058290,Information Technology,2019,2019-12-31,2022-02-16,16783000000,,2453000000,2543000000,643000000,1842000000,3.29,2499000000,392000000,217000000,526000000,26000000,453000000,2247000000,2645000000,,700000000,38000000,16204000000,11022000000,560000000,575099275
CTSH,1058290,Information Technology,2020,2020-12-31,2023-02-15,16652000000,,2114000000,2096000000,704000000,1392000000,2.57,3299000000,398000000,232000000,559000000,24000000,480000000,1621000000,2680000000,,663000000,,16923000000,10836000000,541000000,548637106
CTSH,1058290,Information Technology,2021,2021-12-31,2024-02-14,18507000000,,2826000000,2827000000,693000000,2137000000,4.05,2495000000,279000000,246000000,574000000,9000000,509000000,771000000,1792000000,,626000000,,17852000000,11991000000,528000000,530614258
CTSH,1058290,Information Technology,2022,2022-12-31,2025-02-12,19428000000,,2968000000,3016000000,730000000,2290000000,4.41,2568000000,332000000,261000000,569000000,19000000,564000000,1422000000,2191000000,,638000000,,17852000000,12309000000,519000000,524534828
CTSH,1058290,Information Technology,2023,2023-12-31,2026-02-12,19353000000,,2689000000,2787000000,668000000,2126000000,4.21,2330000000,317000000,176000000,555000000,41000000,591000000,1064000000,2621000000,,606000000,,18483000000,13227000000,505000000,509294618
CTSH,1058290,Information Technology,2024,2024-12-31,2026-02-12,19736000000,,2892000000,2938000000,713000000,2240000000,4.51,2124000000,297000000,175000000,542000000,,600000000,605000000,2231000000,,875000000,,19966000000,14408000000,497000000,497842032
CTSH,1058290,Information Technology,2025,2025-12-31,2026-02-12,21108000000,,3389000000,3479000000,1258000000,2230000000,4.56,2883000000,288000000,181000000,550000000,,610000000,1378000000,1901000000,,543000000,,20692000000,15015000000,489000000,494615514
CTSH,1058290,Information Technology,2026,2026-02-06,2026-02-12,,,,,,,,,,,,,,,,,,,,,,478246920
CTVA,1755672,Materials,2019,2019-12-31,2022-02-10,13846000000,,,-316000000,-46000000,-959000000,-1.28,1070000000,1163000000,,1599000000,136000000,-194000000,25000000,1764000000,115000000,,1000000,42397000000,24309000000,749500000,
CTVA,1755672,Materials,2020,2020-12-31,2023-02-09,14217000000,,,675000000,-81000000,681000000,0.91,2064000000,,,1177000000,45000000,-388000000,275000000,3526000000,1102000000,,1000000,42649000000,24824000000,751200000,749403000
CTVA,1755672,Materials,2021,2021-12-31,2024-02-08,15655000000,,,2346000000,524000000,1759000000,2.37,2727000000,,,1243000000,30000000,397000000,950000000,4459000000,1100000000,,1000000,42344000000,25384000000,741600000,744062000
CTVA,1755672,Materials,2022,2022-12-31,2025-02-14,17455000000,,,1426000000,210000000,1147000000,1.58,872000000,,,1223000000,79000000,418000000,1000000000,3191000000,1283000000,,0,42618000000,25302000000,724500000,727021000
CTVA,1755672,Materials,2023,2023-12-31,2026-02-12,17226000000,,,1093000000,152000000,735000000,1.03,1769000000,,,1211000000,233000000,439000000,756000000,2644000000,2291000000,,196000000,42996000000,25037000000,711900000,712823000
CTVA,1755672,Materials,2024,2024-12-31,2026-02-12,16908000000,,,1275000000,412000000,907000000,1.3,2145000000,,,1227000000,233000000,458000000,1009000000,3106000000,1953000000,,500000000,40825000000,23789000000,696000000,701783000
CTVA,1755672,Materials,2025,2025-12-31,2026-02-12,17401000000,,,1688000000,484000000,1094000000,1.6,3406000000,,,1203000000,180000000,475000000,1071000000,4521000000,1686000000,,782000000,42845000000,24144000000,681400000,685556000
CTVA,1755672,Materials,2026,2026-02-05,2026-02-12,,,,,,,,,,,,,,,,,,,,,,672524000
CVNA,1690820,Consumer Discretionary,2018,2018-12-31,2021-02-25,1955467000,196709000,,,0,-55476000,,-414340000,143668000,24095000,,25018000,4619000,,78861000,,425349000,208096000,991013000,79686000,,
CVNA,1690820,Consumer Discretionary,2019,2019-12-31,2022-02-24,3940000000,507000000,,,0,-115000000,-2.45,-757000000,231000000,33000000,,81000000,,,76000000,716739000,883060000,606644000,2057748000,98112000,46847000,
CVNA,1690820,Consumer Discretionary,2020,2020-12-31,2023-02-23,5587000000,794000000,,,0,-171000000,-2.63,-608000000,360000000,25000000,,131000000,,,301000000,1206427000,1617000000,79000000,3035000000,388000000,64981000,
CVNA,1690820,Consumer Discretionary,2021,2021-12-31,2024-02-22,12814000000,1929000000,,,1000000,-135000000,-1.63,-2594000000,557000000,39000000,,176000000,,,403000000,2742000000,3208000000,2154000000,7015000000,306000000,82805000,
CVNA,1690820,Consumer Discretionary,2022,2022-12-31,2025-02-19,13604000000,1246000000,-2351000000,,1000000,-1587000000,-15.74,-1324000000,512000000,69000000,,486000000,,,434000000,6482000000,6574000000,1638000000,8698000000,-518000000,100828000,
CVNA,1690820,Consumer Discretionary,2023,2023-12-31,2026-02-18,10771000000,1724000000,-80000000,,25000000,450000000,0.75,803000000,87000000,73000000,,632000000,,,530000000,5176000000,5416000000,777000000,7071000000,243000000,200578000,
CVNA,1690820,Consumer Discretionary,2024,2024-12-31,2026-02-18,13673000000,2876000000,990000000,,-4000000,210000000,1.59,918000000,91000000,91000000,,,,,1716000000,5297000000,5256000000,302000000,8484000000,1260000000,132206000,
CVNA,1690820,Consumer Discretionary,2025,2025-12-31,2026-02-18,20322000000,4192000000,1881000000,,-2785000000,1407000000,8.45,1036000000,147000000,96000000,,,,,2327000000,4918000000,4830000000,211000000,13201000000,3441000000,224277000,
CVS,64803,Health Care,2019,2019-12-31,2022-02-09,256776000000,,11987000000,8997000000,2366000000,6634000000,5.08,12848000000,2457000000,453000000,4371000000,3035000000,2603000000,0,5683000000,,71348000000,1267000000,222449000000,63864000000,1305000000,1297082165
CVS,64803,Health Care,2020,2020-12-31,2023-02-08,268706000000,,13911000000,9770000000,2569000000,7179000000,5.46,15865000000,2437000000,400000000,4441000000,2907000000,2624000000,0,7854000000,,,,230715000000,69389000000,1314000000,1304159680
CVS,64803,Health Care,2021,2021-12-31,2024-02-07,292111000000,,13310000000,10537000000,2548000000,8001000000,6.02,18265000000,2520000000,484000000,4486000000,2503000000,2625000000,0,9408000000,,,,232999000000,75075000000,1329000000,1311354926
CVS,64803,Health Care,2022,2022-12-31,2025-02-12,322467000000,,7954000000,5836000000,1509000000,4311000000,3.26,16177000000,2727000000,447000000,4224000000,2287000000,2907000000,3500000000,12945000000,,,,228275000000,71469000000,1323000000,1312510426
CVS,64803,Health Care,2023,2023-12-31,2026-02-10,357776000000,,13743000000,11173000000,2805000000,8344000000,6.47,13426000000,3031000000,588000000,4366000000,2658000000,3132000000,2012000000,8196000000,,,,249728000000,76461000000,1290000000,1284111667
CVS,64803,Health Care,2024,2024-12-31,2026-02-10,372809000000,,8516000000,6148000000,1562000000,4614000000,3.66,9107000000,2781000000,540000000,4597000000,,3373000000,3023000000,8586000000,,,,253215000000,75560000000,1262000000,1258449553
CVS,64803,Health Care,2025,2025-12-31,2026-02-10,402067000000,,4660000000,2136000000,408000000,1768000000,1.39,10639000000,2832000000,535000000,4606000000,,3397000000,0,8453000000,,,,253538000000,75214000000,1271000000,1260795063
CVS,64803,Health Care,2026,2026-02-04,2026-02-10,,,,,,,,,,,,,,,,,,,,,,1272211063
CVX,93410,Energy,2019,2019-12-31,2022-02-24,146516000000,,,5536000000,2691000000,2924000000,1.54,27314000000,14116000000,81000000,29218000000,798000000,8959000000,4039000000,,18730000000,,5054000000,237428000000,144213000000,1895000000,1900062760
CVX,93410,Energy,2020,2020-12-31,2023-02-23,94692000000,,,-7453000000,-1892000000,-5543000000,-2.96,10577000000,8922000000,94000000,19508000000,697000000,9651000000,1757000000,5596000000,25676000000,,2600000000,239790000000,131688000000,1870000000,1879324765
CVX,93410,Energy,2021,2021-12-31,2024-02-26,162465000000,,,21639000000,5950000000,15625000000,8.14,29187000000,8056000000,60000000,17925000000,712000000,10179000000,1383000000,5640000000,25676000000,,4946000000,239535000000,139067000000,1920000000,1926376764
CVX,93410,Energy,2022,2022-12-31,2025-02-21,246252000000,,,49674000000,14066000000,35465000000,18.28,49602000000,11974000000,60000000,16319000000,516000000,10968000000,11255000000,17678000000,,,2694000000,257709000000,159282000000,1940000000,1947553346
CVX,93410,Energy,2023,2023-12-31,2026-02-24,200949000000,,,29584000000,8173000000,21369000000,11.36,35609000000,15829000000,85000000,17326000000,469000000,11336000000,14939000000,8178000000,,,1650000000,261632000000,160957000000,1880000000,1906674044
CVX,93410,Energy,2024,2024-12-31,2026-02-24,202792000000,,,27506000000,9757000000,17661000000,9.72,31492000000,16448000000,90000000,17282000000,594000000,11801000000,15229000000,,,,4012000000,256938000000,152318000000,1817000000,1857269160
CVX,93410,Energy,2025,2025-12-31,2026-02-24,189031000000,,,19743000000,7258000000,12299000000,6.63,33939000000,17347000000,73000000,20132000000,1217000000,12751000000,12079000000,,,,2345000000,324012000000,186450000000,1856000000,1760598537
CVX,93410,Energy,2026,2026-02-06,2026-02-24,,,,,,,,,,,,,,,,,,,,,,1995385539
D,715957,Utilities,2019,2019-12-31,2022-02-24,14401000000,,1544000000,869000000,209000000,1358000000,1.62,5204000000,4980000000,46000000,2283000000,1486000000,2983000000,,135000000,30313000000,,,103823000000,31994000000,808900000,799313999
D,715957,Utilities,2020,2020-12-31,2023-02-21,14172000000,,2055000000,1411000000,83000000,-401000000,-0.57,5227000000,,64000000,2332000000,1377000000,2873000000,3080000000,172000000,,,,95905000000,26117000000,831000000,838000325
D,715957,Utilities,2021,2021-12-31,2024-02-23,11419000000,,1996000000,1880000000,-181000000,3399000000,4.12,4037000000,,42000000,2117000000,1255000000,2036000000,,283000000,,,,99590000000,27308000000,808500000,805648140
D,715957,Utilities,2022,2022-12-31,2025-02-27,13938000000,,1447000000,328000000,59000000,1191000000,1.33,3700000000,,36000000,2442000000,1002000000,2209000000,,119000000,41872000000,,,104795000000,27659000000,824800000,810463489
D,715957,Utilities,2023,2023-12-31,2026-02-23,14393000000,,3414000000,2731000000,644000000,1962000000,2.25,6572000000,,44000000,2580000000,1679000000,2233000000,,184000000,40206000000,,,109080000000,27567000000,836500000,835193617
D,715957,Utilities,2024,2024-12-31,2026-02-23,14459000000,,3247000000,2195000000,411000000,2034000000,2.33,5018000000,,53000000,,1893000000,2239000000,,310000000,39320000000,,,102415000000,26863000000,839400000,837443257
D,715957,Utilities,2025,2025-12-31,2026-02-23,16506000000,,4414000000,3611000000,532000000,2998000000,3.45,5361000000,,46000000,,2022000000,2278000000,,250000000,46332000000,,,115857000000,29083000000,855300000,852050458
D,715957,Utilities,2026,2026-02-16,2026-02-23,,,,,,,,,,,,,,,,,,,,,,878785631
DAL,27904,Industrials,2019,2019-12-31,2022-02-11,,,6618000000,6198000000,1431000000,4767000000,7.3,8425000000,4936000000,161000000,2581000000,,980000000,2027000000,2882000000,10106000000,8052000000,2054000000,64532000000,15358000000,653000000,678950098
DAL,27904,Industrials,2020,2020-12-31,2023-02-10,,,-12469000000,-15587000000,-3202000000,-12385000000,-19.49,-3793000000,1899000000,,2312000000,,260000000,344000000,8307000000,27974000000,26531000000,1443000000,71996000000,1534000000,636000000,640093995
DAL,27904,Industrials,2021,2021-12-31,2024-02-12,,,1886000000,398000000,118000000,280000000,0.44,3264000000,3247000000,,1998000000,,0,0,7933000000,25084000000,23582000000,1502000000,72459000000,3887000000,641000000,638146665
DAL,27904,Industrials,2022,2022-12-31,2025-02-11,,,3661000000,1914000000,596000000,1318000000,2.06,6363000000,6366000000,,2107000000,,0,0,3266000000,21381000000,19326000000,2055000000,72288000000,6582000000,641000000,639929760
DAL,27904,Industrials,2023,2023-12-31,2026-02-11,,,5521000000,5608000000,999000000,4609000000,7.17,6464000000,5323000000,,2341000000,,128000000,,2741000000,18610000000,15985000000,2625000000,73644000000,11105000000,643000000,641238655
DAL,27904,Industrials,2024,2024-12-31,2026-02-11,,,5995000000,4658000000,1201000000,3457000000,5.33,8025000000,5140000000,,2513000000,,321000000,,3069000000,15347000000,13546000000,1801000000,75372000000,15293000000,648000000,643323851
DAL,27904,Industrials,2025,2025-12-31,2026-02-11,,,5822000000,6185000000,1180000000,5005000000,7.66,8342000000,4499000000,,2443000000,,440000000,,4310000000,13308000000,11936000000,1372000000,81317000000,20853000000,654000000,645962006
DAL,27904,Industrials,2026,2026-01-31,2026-02-11,,,,,,,,,,,,,,,,,,,,,,653130708
DASH,1792789,Consumer Discretionary,2018,2018-12-31,2021-03-05,291000000,,-210000000,,0,-204000000,,-159000000,13000000,24000000,9000000,1000000,,60000000,215000000,,,,,-436000000,,
DASH,1792789,Consumer Discretionary,2019,2019-12-31,2022-03-01,885000000,,-616000000,-666000000,1000000,-667000000,-15.44,-467000000,78000000,18000000,32000000,0,,0,257000000,,,,1732000000,-1082000000,43252000,
DASH,1792789,Consumer Discretionary,2020,2020-12-31,2023-02-27,2886000000,,-436000000,-458000000,3000000,-461000000,-7.39,252000000,106000000,322000000,120000000,32000000,,0,4345000000,,,,6353000000,4700000000,62390000,
DASH,1792789,Consumer Discretionary,2021,2021-12-31,2024-02-20,4888000000,,-452000000,-463000000,5000000,-468000000,-1.39,692000000,129000000,486000000,156000000,14000000,,0,2504000000,,,,6809000000,4667000000,336847000,
DASH,1792789,Consumer Discretionary,2022,2022-12-31,2025-02-14,6583000000,,-1124000000,-1399000000,-31000000,-1365000000,-3.68,367000000,176000000,889000000,369000000,2000000,,400000000,1977000000,,,,9789000000,6754000000,371413000,
DASH,1792789,Consumer Discretionary,2023,2023-12-31,2026-05-06,8635000000,,-579000000,-534000000,31000000,-558000000,-1.42,1673000000,123000000,1088000000,509000000,,,750000000,2656000000,,,,10839000000,6806000000,392948000,
DASH,1792789,Consumer Discretionary,2024,2024-12-31,2026-05-06,10722000000,,-38000000,156000000,39000000,123000000,0.29,2132000000,104000000,1099000000,561000000,,,224000000,4019000000,,,,12845000000,7803000000,430242000,
DASH,1792789,Consumer Discretionary,2025,2025-12-31,2026-05-06,13717000000,,723000000,939000000,7000000,935000000,2.13,2431000000,257000000,1051000000,747000000,,,0,4378000000,,,,19659000000,10033000000,439686000,
DD,1666700,Industrials,2019,2019-12-31,2021-02-12,21512000000,,,-126000000,-2000000,498000000,0.67,1409000000,2472000000,,3195000000,667000000,1611000000,2329000000,1540000000,-15618000000,,,69349000000,40987000000,746300000,2254762058
DD,1666700,Industrials,2020,2020-12-31,2021-02-12,20397000000,,,-1259000000,90000000,-2951000000,-4.01,4095000000,1194000000,,3094000000,672000000,882000000,232000000,2544000000,15612000000,,,70903000000,38504000000,735500000,739388462
DD,1666700,Industrials,2021,2021-12-31,2024-02-15,,,,1444000000,237000000,6467000000,11.89,2281000000,788000000,,1112000000,525000000,630000000,2143000000,1972000000,10632000000,,,45707000000,26433000000,544200000,538089014
DD,1666700,Industrials,2022,2022-12-31,2025-02-14,,,,1448000000,387000000,5868000000,11.75,588000000,662000000,75000000,1135000000,492000000,652000000,,3662000000,8145000000,,,41355000000,26569000000,499400000,512907484
DD,1666700,Industrials,2023,2023-12-31,2026-02-17,,,,-279000000,-217000000,423000000,0.94,,302000000,57000000,580000000,396000000,651000000,,2392000000,7859000000,,,38552000000,24279000000,449900000,458338052
DD,1666700,Industrials,2024,2024-12-31,2026-02-17,,,,117000000,213000000,703000000,1.68,,285000000,56000000,635000000,366000000,635000000,,1792000000,,,1848000000,36636000000,23350000000,419200000,417582864
DD,1666700,Industrials,2025,2025-12-31,2026-02-17,,,,200000000,102000000,-779000000,-1.86,,333000000,38000000,647000000,313000000,597000000,,715000000,,,0,21575000000,13919000000,419200000,418049127
DD,1666700,Industrials,2026,2026-02-12,2026-02-17,,,,,,,,,,,,,,,,,,,,,,408923857
DDOG,1561550,Information Technology,2018,2018-12-31,2021-03-01,198077000,151548000,-11033000,-10240000,522000,-10762000,-0.15,10829000,9662000,5244000,5500000,,,,53639000,,,,179750000,-76041000,70951000,78180606
DDOG,1561550,Information Technology,2019,2019-12-31,2022-02-25,362780000,273831000,-20140000,-15976000,734000,-16710000,-0.12,24234000,13315000,19034000,11600000,32000,,,597297000,,,,1038041000,782341000,139873000,0
DDOG,1561550,Information Technology,2020,2020-12-31,2023-02-24,603466000,473269000,-13773000,-22222000,2325000,-24547000,-0.08,109091000,5415000,74374000,14500000,30434000,,,224927000,,,,1890285000,957432000,300350000,
DDOG,1561550,Information Technology,2021,2021-12-31,2024-02-23,1028784000,794539000,-19156000,-18422000,2323000,-20745000,-0.07,286545000,9956000,163737000,18500000,21052000,,,270973000,,,,2380794000,1041203000,309048000,
DDOG,1561550,Information Technology,2022,2022-12-31,2025-02-20,1675100000,1328357000,-58695000,-38070000,12090000,-50160000,-0.16,418407000,35261000,363154000,27000000,16535000,,,338985000,,,,3004852000,1410505000,315410000,
DDOG,1561550,Information Technology,2023,2023-12-31,2026-02-18,2128359000,1718451000,-33464000,60235000,11667000,48568000,0.14,659954000,27586000,482300000,35600000,6302000,,,330339000,,,,3936072000,2025354000,350292000,
DDOG,1561550,Information Technology,2024,2024-12-31,2026-02-18,2684275000,2168744000,54284000,203940000,20194000,183746000,0.52,870603000,34719000,570336000,48500000,,,,1246983000,,,,5785339000,2714363000,358636000,
DDOG,1561550,Information Technology,2025,2025-12-31,2026-02-18,3427158000,2740201000,-44373000,127021000,19280000,107741000,0.31,1050135000,49578000,750671000,49200000,,,,401305000,,,,6643844000,3732206000,363472000,
DE,315189,Industrials,2018,2018-10-28,2020-12-17,37358000000,,4476000000,4071000000,1727000000,2368000000,7.24,1822000000,896000000,84000000,1927000000,1204000000,806000000,958000000,3904000000,,27237000000,,70108000000,11288000000,327300000,318570788
DE,315189,Industrials,2019,2019-11-03,2021-12-16,39258000000,,4415000000,4088000000,852000000,3253000000,10.15,3412000000,1120000000,82000000,2019000000,1466000000,943000000,1253000000,3857000000,,30229000000,,73011000000,11413000000,320600000,313275755
DE,315189,Industrials,2020,2020-11-01,2022-12-15,35540000000,,4305000000,3883000000,1082000000,2751000000,8.69,7483000000,820000000,81000000,2118000000,1247000000,956000000,750000000,7066000000,,32734000000,8582000000,75091000000,12937000000,316600000,313361302
DE,315189,Industrials,2021,2021-10-31,2023-12-15,44024000000,,8012000000,7602000000,1658000000,5963000000,18.99,7726000000,848000000,82000000,2050000000,993000000,1040000000,2538000000,8017000000,,32888000000,10919000000,84114000000,18431000000,314000000,307407282
DE,315189,Industrials,2022,2022-10-30,2024-12-12,52577000000,,9508000000,9127000000,2007000000,7131000000,23.28,4699000000,1134000000,85000000,1895000000,1062000000,1313000000,3597000000,4774000000,,,12592000000,90030000000,20262000000,306300000,298237257
DE,315189,Industrials,2023,2023-10-29,2025-12-18,61251000000,,12958000000,13019000000,2871000000,10166000000,34.63,8589000000,1498000000,130000000,2004000000,2453000000,1427000000,7216000000,7458000000,,,17939000000,104087000000,21785000000,293600000,280255442
DE,315189,Industrials,2024,2024-10-27,2025-12-18,51716000000,,9039000000,9206000000,2094000000,7100000000,25.62,9231000000,1640000000,208000000,2118000000,3348000000,1605000000,4007000000,7324000000,,,13533000000,107320000000,22836000000,277100000,271575282
DE,315189,Industrials,2025,2025-11-02,2025-12-18,45684000000,,,6257000000,1259000000,5027000000,18.5,7459000000,1360000000,151000000,2229000000,3170000000,1720000000,1138000000,8276000000,,,13796000000,105996000000,25950000000,271700000,270445437
DECK,910521,Consumer Discretionary,2019,2019-03-31,2021-05-28,2020437000,1040250000,327320000,,64626000,264308000,8.84,359505000,29086000,14774000,,,,161395000,589692000,,,,1427206000,1045130000,29903000,29142002
DECK,910521,Consumer Discretionary,2020,2020-03-31,2022-05-27,2132689000,1103673000,338135000,,64724000,276142000,9.62,286334000,32455000,14477000,,,,190405000,649436000,,,,1765118000,1140120000,28694000,27999468
DECK,910521,Consumer Discretionary,2021,2021-03-31,2023-05-26,2545641000,1374090000,504205000,,118939000,382575000,13.47,596217000,32218000,22701000,,,,99147000,1089361000,,,,2167705000,1444225000,28406000,27813023
DECK,910521,Consumer Discretionary,2022,2022-03-31,2024-05-24,3150339000,1607551000,564707000,,112689000,451949000,16.26,172353000,51017000,26816000,,,,356653000,843527000,,,,2332250000,1538825000,27789000,26789861
DECK,910521,Consumer Discretionary,2023,2023-03-31,2025-05-23,3627286000,1825370000,652751000,,149260000,516822000,3.23,537422000,81025000,26897000,,3442000,,297372000,981795000,,,,2556203000,1765733000,160111000,26159846
DECK,910521,Consumer Discretionary,2024,2024-03-31,2026-05-22,4287763000,2385488000,927514000,,219378000,759563000,4.86,1033184000,89365000,37288000,,2564000,,414931000,1502051000,,,,3135579000,2107468000,156285000,25442495
DECK,910521,Consumer Discretionary,2025,2025-03-31,2026-05-22,4985612000,2885663000,1179092000,,277208000,966091000,6.33,1044523000,86171000,37943000,,3517000,,567002000,1889188000,,,,3570252000,2513013000,152670000,149435875
DECK,910521,Consumer Discretionary,2026,2026-03-31,2026-05-22,5472296000,3157726000,1262903000,,302285000,1024071000,7.02,1181955000,84623000,44835000,,2530000,,1075100000,1907249000,,,,3687765000,2499638000,145805000,138880957
DELL,1571996,Information Technology,2019,2019-02-01,2021-03-26,90621000000,25053000000,-191000000,-2361000000,-180000000,-2310000000,,6991000000,1497000000,918000000,7746000000,2488000000,,14075000000,9676000000,53521000000,49201000000,4320000000,111820000000,-5765000000,,719000000
DELL,1571996,Information Technology,2020,2020-01-31,2022-03-24,84815000000,20639000000,2366000000,-51000000,-572000000,4616000000,6.03,9291000000,2576000000,1262000000,6143000000,2334000000,,8000000,9302000000,52056000000,44319000000,7737000000,118861000000,-1574000000,751000000,743000000
DELL,1571996,Information Technology,2021,2021-01-29,2023-03-30,86670000000,20140000000,3685000000,2346000000,101000000,3250000000,4.22,11407000000,2082000000,1609000000,5390000000,2052000000,0,241000000,9508000000,39222000000,32865000000,6357000000,123415000000,2479000000,767000000,753000000
DELL,1571996,Information Technology,2022,2022-01-28,2024-03-25,101197000000,21891000000,4659000000,5923000000,981000000,5563000000,,10307000000,2796000000,1622000000,4551000000,1542000000,0,1496000000,9477000000,26954000000,21131000000,5823000000,92735000000,-1685000000,791000000,757000000
DELL,1571996,Information Technology,2023,2023-02-03,2025-03-25,102301000000,22686000000,5771000000,3225000000,803000000,2442000000,3.24,3565000000,3003000000,931000000,3156000000,1222000000,964000000,2883000000,8607000000,29588000000,23015000000,6573000000,89611000000,-3122000000,753000000,716000000
DELL,1571996,Information Technology,2024,2024-02-02,2026-03-16,88425000000,21069000000,5411000000,4087000000,715000000,3388000000,4.6,8676000000,2756000000,878000000,3303000000,1501000000,1072000000,2080000000,7366000000,25994000000,19012000000,6982000000,82126000000,-2227000000,736000000,705000000
DELL,1571996,Information Technology,2025,2025-01-31,2026-03-16,95567000000,21250000000,6237000000,5048000000,472000000,4592000000,6.38,4521000000,2652000000,785000000,3123000000,,1275000000,2588000000,3633000000,24567000000,19363000000,5204000000,79746000000,-1482000000,720000000,696000000
DELL,1571996,Information Technology,2026,2026-01-30,2026-03-16,113538000000,22707000000,8149000000,7263000000,1327000000,5936000000,8.68,11185000000,2633000000,723000000,3029000000,,1459000000,6014000000,11528000000,31503000000,23513000000,7990000000,101286000000,-2470000000,684000000,652000000
DG,29534,Consumer Staples,2019,2019-02-01,2021-03-19,25625043000,7803870000,2116306000,,425944000,1589472000,5.97,2143550000,734380000,40879000,454134000,99871000,306523000,1007494000,235487000,,,,13204038000,6417393000,266105000,259518801
DG,29534,Consumer Staples,2020,2020-01-31,2022-03-18,27753973000,8489061000,2302304000,2201730000,489175000,1712555000,6.64,2237998000,784843000,48589000,504804000,100574000,327568000,1200376000,240320000,2911993000,2911438000,555000,22825084000,6702500000,258053000,251941312
DG,29534,Consumer Staples,2021,2021-01-29,2023-03-24,33746839000,10718862000,3554765000,3404380000,749330000,2655050000,10.62,3876159000,1027963000,68609000,574237000,150385000,355926000,2466434000,1376577000,4130975000,,,25862624000,6661238000,250076000,239264252
DG,29534,Consumer Staples,2022,2022-01-28,2024-03-25,34220449000,10813006000,3220675000,3063149000,663917000,2399232000,10.17,2865811000,1070460000,78178000,641316000,157526000,392188000,2549669000,344829000,4172068000,4172068000,,26327371000,6261986000,235812000,228868368
DG,29534,Consumer Staples,2023,2023-02-03,2025-03-21,37844863000,11820098000,3328302000,3116614000,700625000,2415989000,10.68,1984555000,1560582000,72712000,724877000,211273000,493726000,2748014000,381576000,,,,29083367000,5541772000,226297000,219108477
DG,29534,Consumer Staples,2024,2024-02-02,2026-03-20,38691609000,11719024000,2446300000,2119519000,458245000,1661274000,7.55,2391798000,1700222000,51891000,848793000,326781000,517979000,,537283000,,,,30795591000,6749119000,219938000,219671316
DG,29534,Consumer Staples,2025,2025-01-31,2026-03-20,40612308000,12017497000,1714074000,1439754000,314501000,1125253000,5.11,2996064000,1309888000,58738000,971703000,,518983000,,932576000,,,,31132733000,7413707000,220027000,219947078
DG,29534,Consumer Staples,2026,2026-01-30,2026-03-20,42724369000,13099689000,2203668000,1964592000,452281000,1512311000,6.85,3634500000,1241162000,91453000,1046318000,,519510000,,1138501000,,,,30963730000,8511962000,220814000,220226320
DGX,1022079,Health Care,2019,2019-12-31,2022-02-28,7726000000,2689000000,1231000000,,247000000,858000000,6.28,1243000000,400000000,56000000,329000000,180000000,286000000,353000000,1192000000,4770000000,3966000000,804000000,12843000000,5641000000,136000000,134261768
DGX,1022079,Health Care,2020,2020-12-31,2023-02-21,9437000000,3633000000,1971000000,,460000000,1431000000,10.47,2005000000,418000000,97000000,361000000,166000000,297000000,325000000,1158000000,4015000000,4013000000,2000000,14026000000,6759000000,136000000,133455068
DGX,1022079,Health Care,2021,2021-12-31,2024-02-22,10788000000,,2381000000,,597000000,1995000000,15.55,2233000000,403000000,79000000,408000000,152000000,309000000,2199000000,872000000,4012000000,4010000000,2000000,13611000000,6444000000,128000000,133454761
DGX,1022079,Health Care,2022,2022-12-31,2025-02-20,9883000000,,1428000000,,264000000,946000000,7.97,1718000000,404000000,77000000,437000000,148000000,305000000,1408000000,315000000,3980000000,3978000000,2000000,12837000000,5893000000,118000000,119454781
DGX,1022079,Health Care,2023,2023-12-31,2026-02-26,9252000000,,1262000000,,248000000,854000000,7.49,1272000000,408000000,77000000,439000000,163000000,314000000,275000000,686000000,4713000000,4410000000,303000000,14022000000,6307000000,113000000,111323003
DGX,1022079,Health Care,2024,2024-12-31,2026-02-26,9872000000,,1346000000,,273000000,871000000,7.69,1334000000,425000000,88000000,493000000,,331000000,151000000,549000000,6217000000,5615000000,602000000,16153000000,6778000000,113000000,110707293
DGX,1022079,Health Care,2025,2025-12-31,2026-02-26,11035000000,,1556000000,,314000000,992000000,8.75,1886000000,527000000,88000000,570000000,,353000000,450000000,420000000,5671000000,5167000000,504000000,16225000000,7170000000,113000000,110978069
DGX,1022079,Health Care,2026,2026-02-02,2026-02-26,,,,,,,,,,,,,,,,,,,,,,109866320
DHI,882184,Consumer Discretionary,2018,2018-09-30,2020-11-20,16068000000,,,2060000000,597700000,1460300000,3.81,545200000,68100000,55800000,62400000,0,188400000,127500000,1473100000,,,,14114600000,8984400000,383400000,376274635
DHI,882184,Consumer Discretionary,2019,2019-09-30,2021-11-18,17592900000,,,2125300000,506700000,1618500000,4.29,892100000,127200000,73200000,72000000,,223400000,479800000,1494300000,,,,15606600000,10020900000,377400000,368493204
DHI,882184,Consumer Discretionary,2020,2020-09-30,2022-11-18,20311100000,,,2983000000,602500000,2373700000,6.41,1421600000,96500000,77800000,90600000,,256000000,360400000,3018500000,,,,18912300000,11840000000,370200000,364390995
DHI,882184,Consumer Discretionary,2021,2021-09-30,2023-11-17,27774200000,,,5356300000,1165100000,4175800000,11.41,534400000,93500000,91400000,82100000,,289300000,874000000,3210400000,,,,24015900000,14886500000,365800000,356529507
DHI,882184,Consumer Discretionary,2022,2022-09-30,2024-11-19,33480000000,,,7629700000,1734100000,5857500000,16.51,561800000,148200000,105100000,81400000,,316500000,1100000000,2540500000,,,,30351100000,19396300000,354800000,344341227
DHI,882184,Consumer Discretionary,2023,2023-09-30,2025-11-19,35460400000,,,6314700000,1519500000,4745700000,13.82,4304100000,148600000,111200000,91600000,,341200000,1200000000,3873600000,,,,32582400000,22696200000,343300000,333184374
DHI,882184,Consumer Discretionary,2024,2024-09-30,2025-11-19,36801400000,,,6284700000,1478700000,4756400000,14.34,2189800000,165300000,118100000,87100000,,395200000,1800000000,4516400000,,,,36104300000,25312800000,331600000,321169526
DHI,882184,Consumer Discretionary,2025,2025-09-30,2025-11-19,34250400000,,,4739900000,1119000000,3585200000,11.57,3420900000,137400000,131000000,101300000,,494800000,4300000000,2985400000,,,,35471200000,24190400000,309900000,292060538
DHR,313616,Health Care,2019,2019-12-31,2022-02-23,,9984000000,3269000000,3305000000,873000000,3008000000,4.05,3952000000,636000000,159000000,1189000000,108000000,527000000,,19912300000,21729000000,21517000000,,62082000000,30271000000,725500000,701875340
DHR,313616,Health Care,2020,2020-12-31,2023-02-22,,12475000000,4231000000,4495000000,849000000,3646000000,4.89,6208000000,791000000,187000000,1775000000,275000000,615000000,,,21204000000,21193000000,,76161000000,39766000000,718700000,696237113
DHR,313616,Health Care,2021,2021-12-31,2024-02-21,,15239000000,6377000000,6511000000,1064000000,6433000000,8.61,8358000000,1240000000,184000000,2062000000,231000000,742000000,,,22176000000,22168000000,,83184000000,45167000000,736800000,712204198
DHR,313616,Health Care,2022,2022-12-31,2025-02-20,,16188000000,7536000000,7146000000,818000000,7209000000,9.66,8519000000,1118000000,295000000,2132000000,204000000,818000000,0,,19677000000,19086000000,,84350000000,50082000000,737100000,715352586
DHR,313616,Health Care,2023,2023-12-31,2026-02-24,,14034000000,5202000000,5044000000,823000000,4764000000,6.38,7164000000,1383000000,306000000,2166000000,286000000,821000000,0,,18402000000,16707000000,,84488000000,53486000000,743100000,728576886
DHR,313616,Health Care,2024,2024-12-31,2026-02-24,,14206000000,4863000000,4646000000,747000000,3899000000,5.29,6688000000,1392000000,288000000,,,768000000,5979000000,,16005000000,15500000000,,77542000000,49543000000,737200000,739701725
DHR,313616,Health Care,2025,2025-12-31,2026-02-24,,14523000000,4690000000,4233000000,633000000,3614000000,5.05,6416000000,1156000000,298000000,,,878000000,3088000000,,18418000000,18416000000,,83464000000,52534000000,716100000,714709852
DHR,313616,Health Care,2026,2026-02-02,2026-02-24,,,,,,,,,,,,,,,,,,,,,,707139356
DIS,1744489,Communication Services,2018,2018-09-29,2020-11-25,59434000000,,15689000000,14729000000,1663000000,12598000000,8.36,,4465000000,393000000,3011000000,682000000,2515000000,3577000000,4150000000,20874000000,17084000000,3790000000,98598000000,48773000000,1507000000,
DIS,1744489,Communication Services,2019,2019-09-28,2021-11-24,69607000000,,14847000000,13923000000,3026000000,11054000000,6.64,,4876000000,711000000,4167000000,1246000000,2895000000,0,5418000000,46986000000,38129000000,8857000000,193984000000,88877000000,1666000000,1802398289
DIS,1744489,Communication Services,2020,2020-10-03,2022-11-29,65388000000,,8108000000,-1743000000,699000000,-2864000000,-1.58,,4022000000,525000000,5345000000,1647000000,1587000000,0,17914000000,58628000000,52917000000,5711000000,201549000000,83583000000,1808000000,1810485037
DIS,1744489,Communication Services,2021,2021-10-02,2023-11-21,67418000000,,7766000000,2561000000,25000000,1995000000,1.09,,3578000000,600000000,5111000000,-1546000000,0,,15959000000,54406000000,48540000000,5866000000,203609000000,88553000000,1828000000,1817655948
DIS,1744489,Communication Services,2022,2022-10-01,2024-11-14,82722000000,,12121000000,5285000000,1732000000,3145000000,1.72,,4943000000,977000000,5163000000,-1549000000,0,0,11615000000,48369000000,45299000000,3070000000,203631000000,95008000000,1827000000,1823591988
DIS,1744489,Communication Services,2023,2023-09-30,2025-11-13,88898000000,,12863000000,4769000000,1379000000,2354000000,1.29,9866000000,4969000000,1143000000,5369000000,-1973000000,0,0,14182000000,46431000000,42101000000,4330000000,205579000000,99277000000,1830000000,1830315921
DIS,1744489,Communication Services,2024,2024-09-28,2025-11-13,91361000000,,15601000000,7569000000,1796000000,4972000000,2.72,13971000000,5412000000,1366000000,4990000000,-2070000000,1366000000,2992000000,6002000000,45815000000,38970000000,6845000000,196219000000,100696000000,1831000000,1810939306
DIS,1744489,Communication Services,2025,2025-09-27,2025-11-13,94425000000,,17551000000,12003000000,-1428000000,12404000000,6.85,18101000000,8024000000,1363000000,5326000000,-1812000000,1803000000,3500000000,5695000000,42026000000,35315000000,6711000000,197514000000,109869000000,1811000000,1785288846
DLR,1297996,Real Estate,2019,2019-12-31,2022-02-25,3209241000,,594215000,,11995000,579761000,2.35,1513817000,,,1163774000,353057000,921776000,,89817000,,,,23068131000,9879312000,209462247,207823842
DLR,1297996,Real Estate,2020,2020-12-31,2023-02-27,3903609000,,557526000,,38047000,356398000,1,1706541000,,,1366379000,333021000,1162782000,,108501000,,,,36076291000,17717697000,262523,209039061
DLR,1297996,Real Estate,2021,2021-12-31,2024-02-23,4427882000,,694009000,,72799000,1709259000,5.94,1702228000,,,1486632000,293846000,,,142698000,,,,36369560000,18004568000,283222000,281121062
DLR,1297996,Real Estate,2022,2022-12-31,2025-02-25,4691834000,,589968000,,31550000,377684000,1.11,1659388000,,,1577933000,299132000,,,141773000,,,,41484998000,17583334000,297919000,284469103
DLR,1297996,Real Estate,2023,2023-12-31,2026-02-13,5477061000,,524461000,,75579000,948838000,2.88,1634780000,,,1694859000,437741000,,,1625495000,,,,44113258000,19117534000,309065000,291157152
DLR,1297996,Real Estate,2024,2024-12-31,2026-02-13,5554968000,,471864000,,54760000,602490000,1.61,2261477000,,,1771797000,452836000,,,3870891000,,,,45283616000,21340397000,331547000,312293563
DLR,1297996,Real Estate,2025,2025-12-31,2026-02-13,6112692000,,658492000,1345207000,32040000,1308589000,3.58,2412136000,,,1894636000,437947000,,,3451647000,,,,49410468000,22925663000,347810000,336644245
DLR,1297996,Real Estate,2026,2026-02-09,2026-02-13,,,,,,,,,,,,,,,,,,,,,,343615444
DLTR,935703,Consumer Staples,2019,2019-02-02,2021-03-16,,6947500000,-939500000,-1309000000,281800000,-1590800000,-6.69,1766000000,817100000,63100000,621100000,,,0,422100000,4300000000,4265300000,0,13501200000,5642900000,237900000,238204351
DLTR,935703,Consumer Staples,2020,2020-02-01,2022-03-15,23610800000,7040700000,1262200000,1098700000,271700000,827000000,3.47,1869800000,,61400000,645400000,,,200000000,539200000,,3522200000,250000000,19574600000,6254800000,238300000,236810841
DLTR,935703,Consumer Staples,2021,2021-01-30,2023-03-10,25509300000,7787400000,1887900000,1739800000,397900000,1341900000,5.65,2716300000,,83900000,686600000,,,400000000,1416700000,,3226200000,0,20696000000,7285300000,237300000,233420925
DLTR,935703,Consumer Staples,2022,2022-01-29,2024-03-20,26321200000,7725900000,1811400000,1632200000,304300000,1327900000,5.8,1431500000,,79900000,716000000,,,950000000,984900000,,3417000000,0,21721800000,7718500000,229000000,225110329
DLTR,935703,Consumer Staples,2023,2023-01-28,2025-03-26,15411500000,5775500000,2099300000,1971700000,471600000,1615400000,7.21,1614800000,,91500000,365300000,,,647500000,642800000,3421600000,3421600000,0,23022100000,8751500000,224100000,221227564
DLTR,935703,Consumer Staples,2024,2024-02-03,2026-03-16,16781100000,6008900000,1774500000,1661900000,396100000,-998400000,-4.54,2684500000,,76300000,400500000,,,500000000,425200000,3426300000,3426300000,0,22023500000,7313100000,219900000,217983018
DLTR,935703,Consumer Staples,2025,2025-02-01,2026-03-16,17578500000,6281700000,1462000000,1383600000,341100000,-3030100000,-14.03,,,106900000,526900000,,,400000000,1256500000,3431200000,2431200000,1000000000,18644000000,3977400000,215900000,215083014
DLTR,935703,Consumer Staples,2026,2026-01-31,2026-03-16,19411800000,7050700000,1653100000,1629500000,404200000,1282500000,6.22,,,58900000,648100000,,,1548000000,717800000,2431700000,2431700000,0,13466200000,3754900000,206300000,197298217
DOC,765880,Real Estate,2019,2019-12-31,2022-02-09,1240339000,,,-8625000,-5479000,45530000,0.09,846073000,677274000,18162000,,217612000,720123000,5043000,80398000,6299131000,,,14032891000,6085058000,489335000,477771756
DOC,765880,Real Estate,2020,2020-12-31,2023-02-08,1644875000,,,,-9423000,413563000,0.77,758431000,788895000,17368000,,218336000,787072000,10529000,44226000,6616855000,,,15920089000,6733723000,531056000,505411840
DOC,765880,Real Estate,2021,2021-12-31,2024-02-09,1896184000,,,,-3261000,505540000,0.93,795248000,759720000,18202000,,157980000,650082000,12841000,158287000,6169989000,,,15257519000,6515470000,539241000,538686262
DOC,765880,Real Estate,2022,2022-12-31,2025-02-04,2061178000,,,,-4425000,500449000,0.92,900261000,961994000,26456000,,172944000,648047000,67838000,72032000,6497613000,,,15771229000,6654701000,539147000,539304127
DOC,765880,Real Estate,2023,2023-12-31,2026-02-03,2181003000,,,,-9617000,306009000,0.56,956242000,774561000,14480000,,200331000,657021000,6524000,117635000,6876299000,,,15698850000,6350446000,547275000,546782509
DOC,765880,Real Estate,2024,2024-12-31,2026-02-03,2700449000,,,,4350000,243142000,0.36,1070497000,736763000,15543000,,280430000,794783000,190690000,119818000,8716049000,,,19938255000,8401276000,676233000,547172983
DOC,765880,Real Estate,2025,2025-12-31,2026-02-03,2822512000,,,,9283000,71347000,0.1,1251959000,894949000,14410000,,305178000,849095000,97145000,467457000,9847894000,,,20336018000,7500094000,696044000,699564637
DOC,765880,Real Estate,2026,2026-01-30,2026-02-03,,,,,,,,,,,,,,,,,,,,,,695043997
DOV,29905,Industrials,2019,2019-12-31,2022-02-11,,2620938000,974894000,843009000,165091000,677918000,4.61,945306000,186804000,29702000,272287000,125818000,282197000,143280000,397253000,2985716000,2985716000,0,8669477000,3032660000,146992000,144940620
DOV,29905,Industrials,2020,2020-12-31,2023-02-10,,2474019000,932987000,841734000,158283000,683451000,4.7,1104810000,165692000,25026000,279051000,111937000,284312000,106279000,513075000,3108829000,3108829000,,9152074000,3385773000,145393000,144328014
DOV,29905,Industrials,2021,2021-12-31,2024-02-09,,2969786000,1281508000,1400826000,277008000,1123818000,7.74,1115865000,171465000,31111000,290123000,106319000,286896000,21637000,,3018714000,3018714000,,10403627000,4189528000,145273000,143649247
DOV,29905,Industrials,2022,2022-12-31,2025-02-14,,2904953000,1279641000,1190203000,200291000,1065376000,7.42,805724000,211082000,30075000,295660000,116456000,287551000,585000000,,2942513000,2942513000,,10896519000,4286366000,143595000,144054607
DOV,29905,Industrials,2023,2023-12-31,2026-02-13,,2867544000,1219340000,1123000000,179136000,1056828000,7.52,1336345000,183406000,30766000,305046000,131305000,284297000,0,,2991759000,2991759000,0,11348513000,5106605000,140599000,139713200
DOV,29905,Industrials,2024,2024-12-31,2026-02-13,,2958621000,1206355000,1757016000,357048000,2697126000,19.45,,167533000,40359000,337842000,,283117000,500000000,,2928757000,2529346000,399411000,12509160000,6953996000,138696000,139896670
DOV,29905,Industrials,2025,2025-12-31,2026-02-13,,3218169000,1373361000,1374252000,276823000,1093956000,7.94,,220263000,43981000,379577000,,283007000,540700000,,3327972000,2621295000,706677000,13422423000,7405206000,137777000,137225409
DOV,29905,Industrials,2026,2026-02-02,2026-02-13,,,,,,,,,,,,,,,,,,,,,,134866626
DOW,1751788,Materials,2019,2019-12-31,2022-02-04,42951000000,6294000000,,-1247000000,470000000,,-1.84,5930000000,1961000000,158000000,2938000000,933000000,1550000000,500000000,2367000000,16410000000,,435000000,60524000000,13541000000,742500000,
DOW,1751788,Materials,2020,2020-12-31,2022-02-04,38542000000,5196000000,,2071000000,777000000,,1.64,6226000000,1252000000,171000000,2874000000,827000000,2071000000,125000000,5104000000,16951000000,,460000000,61470000000,12435000000,742300000,741678966
DOW,1751788,Materials,2021,2021-12-31,2024-01-31,54968000000,,,8145000000,1740000000,,8.38,7009000000,1501000000,276000000,2842000000,731000000,2073000000,1000000000,2988000000,14511000000,,231000000,62990000000,18165000000,749000000,743914560
DOW,1751788,Materials,2022,2022-12-31,2025-02-04,56902000000,,,6090000000,1450000000,,6.28,7475000000,1823000000,211000000,2758000000,662000000,2006000000,2325000000,3886000000,15060000000,,362000000,60603000000,20718000000,725600000,704879920
DOW,1751788,Materials,2023,2023-12-31,2026-02-03,44622000000,,,656000000,-4000000,,0.82,5196000000,2356000000,212000000,2611000000,746000000,1972000000,625000000,2987000000,,,117000000,57967000000,18607000000,709000000,702293433
DOW,1751788,Materials,2024,2024-12-31,2026-02-03,42964000000,,,1600000000,399000000,,1.57,2914000000,2940000000,159000000,2894000000,811000000,1966000000,494000000,2189000000,16208000000,,497000000,57312000000,17355000000,705100000,
DOW,1751788,Materials,2025,2025-12-31,2026-02-03,39968000000,,,-2511000000,-67000000,,-3.7,1032000000,2479000000,154000000,2834000000,865000000,1490000000,0,3816000000,,,222000000,58538000000,16008000000,711600000,703831931
DOW,1751788,Materials,2026,2026-01-15,2026-02-03,,,,,,,,,,,,,,,,,,,,,,717534072
DPZ,1286681,Consumer Discretionary,2019,2019-12-29,2022-03-01,3618774000,1402499000,629407000,482637000,81928000,400709000,9.56,496950000,85565000,20265000,,150818000,,699007000,190615000,,,,1382092000,-3415759000,41923062,41040704
DPZ,1286681,Consumer Discretionary,2020,2020-02-13,2020-02-20,,,,,,,,,,,,,,,,,,,,,,38667039
DPZ,1286681,Consumer Discretionary,2021,2021-01-03,2023-02-23,4117411000,1594493000,725642000,555130000,63834000,491296000,12.39,592794000,88768000,24244000,,172166000,,304590000,168821000,,,,1567168000,-3300405000,39640791,38803504
DPZ,1286681,Consumer Discretionary,2022,2022-01-02,2024-02-26,4357373000,1688242000,767925000,572833000,115238000,510467000,13.54,654206000,94172000,28709000,,198254000,,1320902000,148160000,,,,1671816000,-4209536000,37691351,36036184
DPZ,1286681,Consumer Discretionary,2023,2023-12-31,2026-02-23,4479358000,1727417000,819519000,652440000,133322000,519118000,14.66,590864000,105396000,37514000,,196475000,,269025000,60356000,,,,1674899000,-4070367000,35401313,35419653
DPZ,1286681,Consumer Discretionary,2024,2024-12-29,2026-02-23,4706416000,1848502000,878999000,722215000,138045000,584170000,16.69,624897000,112885000,43255000,,195870000,,329557000,186126000,14700000,,100000,1737013000,-3962291000,34991484,34812723
DPZ,1286681,Consumer Discretionary,2025,2025-12-28,2026-02-23,4939994000,1973560000,953974000,770338000,168634000,601704000,17.57,792062000,120558000,44640000,,195972000,,357697000,125675000,14600000,,100000,1716459000,-3901142000,34237646,34296712
DPZ,1286681,Consumer Discretionary,2026,2026-02-16,2026-02-23,,,,,,,,,,,,,,,,,,,,,,33628897
DRI,940944,Consumer Discretionary,2019,2019-05-26,2021-07-23,8510400000,1593700000,832500000,,63700000,713400000,5.69,1267600000,452000000,59800000,336700000,44300000,370800000,207500000,457300000,927700000,927700000,,5892800000,2392600000,125400000,123080471
DRI,940944,Consumer Discretionary,2020,2020-05-31,2022-07-22,7806900000,1170400000,47900000,-161000000,-111800000,-52400000,-0.43,717400000,459900000,53000000,355900000,49300000,322300000,330300000,763300000,928800000,928800000,,9946100000,2331200000,122700000,129893801
DRI,940944,Consumer Discretionary,2021,2021-05-30,2023-07-21,7196100000,1402400000,648700000,576500000,-55900000,629300000,4.77,1193500000,254900000,72400000,350900000,47500000,202600000,45400000,1214700000,929800000,929800000,,10656100000,2813100000,131800000,130762723
DRI,940944,Consumer Discretionary,2022,2022-05-29,2024-07-19,9630000000,1901800000,1162200000,1093500000,138800000,952800000,7.39,1264600000,376900000,60500000,368400000,40900000,563000000,1071300000,420600000,901000000,901000000,,10135800000,2198200000,129000000,123946313
DRI,940944,Consumer Discretionary,2023,2023-05-28,2025-07-18,10487800000,1991000000,1201800000,1120500000,137000000,981900000,7.99,1552800000,564900000,67500000,387800000,50200000,589800000,458700000,367800000,884900000,,,10241500000,2201500000,122900000,121070611
DRI,940944,Consumer Discretionary,2024,2024-05-26,2026-07-24,11390000000,2290000000,1314200000,1175500000,145000000,1027600000,8.51,1621700000,601200000,68500000,459900000,,628400000,453900000,194800000,1370400000,,,11323000000,2242500000,120800000,118862950
DRI,940944,Consumer Discretionary,2025,2025-05-25,2026-07-24,12076700000,2472700000,1362300000,1187200000,136200000,1049600000,8.86,1707000000,644600000,79100000,516100000,,658500000,418200000,240000000,2128900000,,0,12587000000,2311300000,118400000,117033830
DRI,940944,Consumer Discretionary,2026,2026-05-31,2026-07-24,13210900000,2682100000,1582800000,1388600000,174900000,1206700000,10.38,1853100000,734000000,79100000,561100000,,693000000,671700000,219500000,1637700000,,693600000,12862400000,2207500000,116300000,114077969
DTE,936340,Utilities,2019,2019-12-31,2022-02-10,,,1430000000,1013000000,71000000,1169000000,6.31,2649000000,,,1169000000,568000000,692000000,0,93000000,16755000000,,,42268000000,11672000000,185000000,181923685
DTE,936340,Utilities,2020,2020-12-31,2023-02-23,,,1555000000,1082000000,37000000,1368000000,7.08,3697000000,,,1292000000,601000000,760000000,0,472000000,19603000000,,,45496000000,12425000000,193000000,192234700
DTE,936340,Utilities,2021,2021-12-31,2024-02-08,,,1495000000,656000000,-130000000,907000000,4.67,3067000000,,,1377000000,630000000,791000000,66000000,28000000,17517000000,,,39719000000,8705000000,194000000,193773687
DTE,936340,Utilities,2022,2022-12-31,2025-02-13,,,1748000000,1112000000,29000000,1083000000,5.52,1977000000,,,1468000000,675000000,685000000,55000000,33000000,18127000000,,,42683000000,10397000000,196000000,193745891
DTE,936340,Utilities,2023,2023-12-31,2026-02-17,,,2243000000,1566000000,169000000,1397000000,6.76,3220000000,,,1606000000,791000000,752000000,0,26000000,19707000000,,,44755000000,11050000000,206000000,205688574
DTE,936340,Utilities,2024,2024-12-31,2026-02-17,,,2091000000,1370000000,-34000000,1404000000,6.77,3643000000,,,1732000000,951000000,810000000,0,24000000,22138000000,,,48846000000,11699000000,207000000,206452985
DTE,936340,Utilities,2025,2025-12-31,2026-02-17,,,2374000000,1550000000,88000000,1462000000,7.03,3409000000,,,1841000000,1056000000,871000000,,208000000,25306000000,,,54066000000,12303000000,207000000,207242390
DTE,936340,Utilities,2026,2026-01-30,2026-02-17,,,,,,,,,,,,,,,,,,,,,,207803764
DUK,1326160,Utilities,2019,2019-12-31,2022-02-24,,,5709000000,4097000000,519000000,3748000000,5.06,8209000000,11122000000,,5176000000,2204000000,,,311000000,58126000000,54985000000,3141000000,158838000000,46822000000,729000000,727010882
DUK,1326160,Utilities,2020,2020-12-31,2023-02-27,,,4571000000,920000000,-169000000,1377000000,1.72,8856000000,9907000000,,5486000000,2097000000,,,259000000,59863000000,55625000000,4238000000,162388000000,47964000000,738000000,733321965
DUK,1326160,Utilities,2021,2021-12-31,2024-02-23,,,5500000000,3991000000,268000000,3908000000,4.94,8290000000,9715000000,,5663000000,2207000000,,,341000000,63835000000,60448000000,3387000000,169587000000,49296000000,769000000,768663580
DUK,1326160,Utilities,2022,2022-12-31,2025-02-27,,,6012000000,4078000000,300000000,2550000000,3.17,5927000000,11367000000,,5843000000,2439000000,,,409000000,69751000000,65873000000,3878000000,178086000000,49322000000,770000000,769358344
DUK,1326160,Utilities,2023,2023-12-31,2026-02-26,,,7070000000,4767000000,438000000,2841000000,3.54,9878000000,12604000000,,6084000000,3014000000,,,253000000,75252000000,72452000000,2800000000,176893000000,49112000000,771000000,770080285
DUK,1326160,Utilities,2024,2024-12-31,2026-02-26,,,7926000000,5194000000,590000000,4524000000,5.71,12328000000,12280000000,,6419000000,3384000000,,,314000000,80689000000,76340000000,4349000000,186343000000,50127000000,772000000,770811446
DUK,1326160,Utilities,2025,2025-12-31,2026-02-26,,,8626000000,5712000000,642000000,4968000000,6.31,12330000000,14024000000,,7704000000,3634000000,,,245000000,87212000000,80108000000,7104000000,195736000000,51842000000,777000000,776461008
DUK,1326160,Utilities,2026,2026-01-31,2026-02-26,,,,,,,,,,,,,,,,,,,,,,777670866
DVA,927066,Health Care,2019,2019-12-31,2022-02-11,11388479000,,1643317000,1195439000,279628000,810981000,5.27,2072355000,766546000,67850000,600905000,419639000,0,2383816000,1102372000,,,,17311394000,2133409000,153812000,166400000
DVA,927066,Health Care,2020,2020-12-31,2023-02-22,11550604000,,1694636000,1318262000,313932000,773642000,6.31,1979028000,674541000,91458000,616626000,282932000,0,1458442000,324958000,,,,16988516000,1383566000,122623000,125600000
DVA,927066,Health Care,2021,2021-12-31,2024-02-14,11618797000,,1797370000,1518494000,306732000,978450000,8.9,1930876000,641465000,102209000,667755000,267049000,0,1538626000,461900000,,,,17121488000,755508000,109948000,109400000
DVA,927066,Health Care,2022,2022-12-31,2025-02-13,11609894000,,1339062000,966278000,198087000,560400000,5.85,1564570000,603429000,95427000,721133000,339247000,0,802228000,244086000,,,,16928252000,712326000,95834000,96300000
DVA,927066,Health Care,2023,2023-12-31,2026-02-11,12140147000,,1602784000,1177094000,220116000,691535000,7.42,2059031000,567985000,112375000,736474000,373951000,0,272219000,380063000,,,,16893578000,1056097000,93182000,90400000
DVA,927066,Health Care,2024,2024-12-31,2026-02-11,12815550000,,2090483000,1530393000,279656000,936342000,10.73,2022038000,555443000,102788000,716396000,435203000,0,1385932000,794933000,,,,17285268000,121122000,87274000,87700000
DVA,927066,Health Care,2025,2025-12-31,2026-02-11,13643069000,,2043615000,1346823000,293107000,746803000,9.84,1886500000,575864000,139953000,708252000,539924000,0,1308366000,676438000,,,,17480103000,-651082000,75885000,80000000
DVA,927066,Health Care,2026,2026-02-06,2026-02-11,,,,,,,,,,,,,,,,,,,,,,66800000
DVN,1090012,Energy,2019,2019-12-31,2022-02-16,6220000000,,,,-30000000,-355000000,-0.89,,31000000,115000000,1497000000,,140000000,1849000000,1464000000,,4294000000,,13717000000,5802000000,401000000,438300000
DVN,1090012,Energy,2020,2020-12-31,2023-02-15,4828000000,,,-3090000000,-547000000,-2680000000,-7.12,,,88000000,1300000000,,257000000,38000000,2047000000,4298000000,4298000000,,9912000000,2885000000,377000000,382900000
DVN,1090012,Energy,2021,2021-12-31,2024-02-28,12206000000,,,2898000000,65000000,2813000000,4.19,4899000000,,99000000,2158000000,,1315000000,589000000,2099000000,6482000000,6482000000,0,21025000000,9262000000,665000000,673100000
DVN,1090012,Energy,2022,2022-12-31,2025-02-19,19169000000,,,7775000000,1738000000,6031000000,9.12,8530000000,,88000000,2223000000,,3379000000,718000000,1314000000,6440000000,6189000000,251000000,23271000000,11167000000,653000000,664200000
DVN,1090012,Energy,2023,2023-12-31,2026-02-18,15258000000,,,4623000000,841000000,3739000000,5.84,6544000000,,93000000,2554000000,,1858000000,979000000,853000000,6155000000,5672000000,483000000,24490000000,12061000000,642000000,654000000
DVN,1090012,Energy,2024,2024-12-31,2026-02-18,15940000000,,,3712000000,770000000,2893000000,4.56,6600000000,,99000000,3255000000,,937000000,1057000000,811000000,8883000000,8398000000,485000000,30489000000,14496000000,634000000,635000000
DVN,1090012,Energy,2025,2025-12-31,2026-02-18,17188000000,,,3466000000,785000000,2642000000,4.17,6711000000,,99000000,3595000000,,,1050000000,1384000000,8389000000,7391000000,998000000,31599000000,15528000000,633000000,649000000
DVN,1090012,Energy,2026,2026-03-31,2026-04-21,,,,,,,,,,,,,,,1763000000,8386000000,7387000000,999000000,32543000000,15428000000,,621000000
DXCM,1093557,Health Care,2019,2019-12-31,2022-02-14,,931500000,142300000,104200000,3100000,101100000,1.1,314500000,180000000,102700000,48700000,60300000,,0,446200000,,,,2395000000,882600000,92300000,90001767
DXCM,1093557,Health Care,2020,2020-12-31,2023-02-09,,1280100000,299500000,297900000,-251800000,549700000,1.33,475600000,199000000,119400000,67100000,17700000,,0,817600000,,,,4290500000,1551900000,420400000,91594142
DXCM,1093557,Health Care,2021,2021-12-31,2024-02-08,,1680500000,265800000,256800000,39900000,216900000,0.53,442500000,389200000,113400000,102000000,18800000,,0,1052600000,,,,4933300000,2042100000,428800000,96177363
DXCM,1093557,Health Care,2022,2022-12-31,2025-02-18,,1883100000,391200000,390800000,49600000,341200000,0.82,669500000,364800000,126500000,155900000,18600000,,557700000,642300000,,,,5391700000,2131800000,427500000,97065634
DXCM,1093557,Health Care,2023,2023-12-31,2026-02-12,,2288900000,597700000,710400000,168900000,541500000,1.3,748500000,236600000,150800000,186000000,20300000,,688700000,566300000,,,,6264500000,2068600000,425500000,386413690
DXCM,1093557,Health Care,2024,2024-12-31,2026-02-12,,2438200000,600000000,709000000,132800000,576200000,1.42,989500000,358800000,170400000,217700000,,,750000000,606100000,,,,6484500000,2102600000,412700000,385515421
DXCM,1093557,Health Care,2025,2025-12-31,2026-02-12,,2801900000,911800000,1088400000,252100000,836300000,2.09,1440700000,363500000,159600000,251800000,,,500000000,917700000,,,,6339900000,2746000000,405500000,390772018
DXCM,1093557,Health Care,2026,2026-02-05,2026-02-12,,,,,,,,,,,,,,,,,,,,,,384864842
EBAY,1065088,Consumer Discretionary,2019,2019-12-31,2022-02-24,,5844000000,1770000000,1652000000,219000000,1786000000,2.09,3114000000,508000000,415000000,572000000,311000000,473000000,4973000000,901000000,6738000000,6738000000,1000000000,18174000000,2870000000,856000000,914880451
EBAY,1065088,Consumer Discretionary,2020,2020-12-31,2023-02-23,,7097000000,2636000000,3345000000,858000000,5667000000,7.89,2419000000,463000000,417000000,560000000,304000000,447000000,5137000000,1101000000,7740000000,7740000000,0,19310000000,3561000000,718000000,700853307
EBAY,1065088,Consumer Discretionary,2021,2021-12-31,2024-02-28,,7770000000,2923000000,398000000,146000000,13608000000,20.54,2657000000,444000000,477000000,485000000,269000000,466000000,7055000000,1379000000,7727000000,7727000000,1355000000,26626000000,9778000000,663000000,680445767
EBAY,1065088,Consumer Discretionary,2022,2022-12-31,2025-02-27,,7115000000,2350000000,-1601000000,-327000000,-1269000000,-2.27,2254000000,449000000,494000000,442000000,235000000,489000000,3143000000,2154000000,7721000000,7721000000,1150000000,20850000000,5153000000,558000000,559842135
EBAY,1065088,Consumer Discretionary,2023,2023-12-31,2026-02-19,,7279000000,1941000000,3707000000,932000000,2767000000,5.19,2426000000,456000000,575000000,441000000,263000000,528000000,1401000000,1985000000,,6973000000,750000000,21620000000,6396000000,533000000,534736900
EBAY,1065088,Consumer Discretionary,2024,2024-12-31,2026-02-19,,7403000000,2318000000,2278000000,297000000,1975000000,3.94,2414000000,458000000,588000000,370000000,,533000000,3149000000,2433000000,,,1225000000,19365000000,5158000000,501000000,502000000
EBAY,1065088,Consumer Discretionary,2025,2025-12-31,2026-02-19,,7931000000,2277000000,2307000000,311000000,2031000000,4.34,1959000000,525000000,607000000,421000000,,531000000,2500000000,1867000000,,,750000000,17610000000,4615000000,468000000,461000000
EBAY,1065088,Consumer Discretionary,2026,2026-02-13,2026-02-19,,,,,,,,,,,,,,,,,,,,,,448000000
ECHO,1415404,Communication Services,2018,2018-12-31,2021-02-23,,,36137000,-125786000,6576000,-40475000,-0.42,734522000,555141000,9990000,,219288000,,33292000,928306000,3304079000,,,8661294000,4140199000,96250000,
ECHO,1415404,Communication Services,2019,2019-12-31,2022-02-24,,,73077000,-93165000,20488000,-62917000,-0.65,656322000,418584000,9353000,,251016000,,0,1519431000,2389168000,2389168000,0,7154298000,3669805000,96738000,47687039
ECHO,1415404,Communication Services,2020,2020-12-31,2023-02-23,,,112473000,-27835000,24069000,,-0.41,534388000,408798000,8887000,237996000,147927000,,43458000,896005000,2393493000,1495256000,898237000,7073352000,3542334000,97920000,
ECHO,1415404,Communication Services,2021,2021-12-31,2024-02-29,,,3422404000,3349872000,828437000,,7.94,4655373000,1619312000,59379000,1213946000,95512000,,261436000,535894000,1495994000,1495994000,0,6045204000,3353827000,313122000,
ECHO,1415404,Communication Services,2022,2022-12-31,2025-02-27,,,2232838000,3335302000,798410000,,8.05,3621190000,3050472000,82994000,1174895000,57170000,,89303000,2497536000,1496777000,,,58748281000,21487641000,307733000,
ECHO,1415404,Communication Services,2023,2023-12-31,2026-03-02,,,-277909000,-1931684000,-296860000,-1702057000,-6.28,2432647000,3100921000,51514000,1597923000,,,,1821376000,,,,57108894000,19880177000,270842000,
ECHO,1415404,Communication Services,2024,2024-12-31,2026-03-02,,,-304070000,-75570000,48945000,-119546000,-0.44,1252697000,1544877000,36383000,1930193000,,,,4305393000,951000000,,,60938687000,20191372000,274079000,
ECHO,1415404,Communication Services,2025,2025-12-31,2026-03-02,,,-17723146000,-18893314000,-4386375000,-14497180000,-50.41,-99374000,965730000,36272000,1585549000,,,48512000,1883074000,,,,43016355000,5765784000,287589000,
ECL,31462,Materials,2019,2019-12-31,2022-02-25,12562000000,,1845200000,1731500000,288600000,,5.33,2420700000,731300000,84000000,,214400000,552900000,353700000,118800000,,,,20869100000,8685300000,292500000,287853232
ECL,31462,Materials,2020,2020-12-31,2023-02-24,11790200000,,1395700000,1161400000,176600000,,-4.15,1860200000,489000000,82100000,,304800000,560800000,146200000,1260200000,,,,18126000000,6166500000,290300000,288166440
ECL,31462,Materials,2021,2021-12-31,2024-02-23,12733100000,,1598600000,1414200000,270200000,1129900000,3.91,2061900000,643000000,89500000,,230600000,566400000,106600000,359900000,,,,21206400000,7224200000,289100000,285849956
ECL,31462,Materials,2022,2022-12-31,2025-02-21,14187800000,,1562500000,1343400000,234500000,1091700000,3.81,1788400000,712800000,87800000,,252100000,602800000,518200000,598600000,,,,21464300000,7236100000,286600000,286751531
ECL,31462,Materials,2023,2023-12-31,2026-02-23,15320200000,,1992300000,1755500000,362500000,1372300000,4.79,2411800000,774800000,95100000,,348900000,617300000,13700000,919500000,,,,21846600000,8044700000,286500000,284462087
ECL,31462,Materials,2024,2024-12-31,2026-02-23,15741400000,,2802400000,2571200000,439300000,2112400000,7.37,2813900000,994500000,134800000,,340300000,664300000,986500000,1256800000,,,,22387800000,8757300000,286600000,285513155
ECL,31462,Materials,2025,2025-12-31,2026-02-23,16081200000,,2737600000,2547900000,454600000,2075600000,7.28,2952600000,1048300000,136600000,,306200000,753600000,783800000,646200000,,,759400000,24696300000,9770800000,285200000,282997058
ECL,31462,Materials,2026,2026-01-30,2026-02-23,,,,,,,,,,,,,,,,,,,,,,281969448
ED,1047862,Utilities,2019,2019-12-31,2022-02-17,12574000000,,2676000000,1736000000,296000000,1343000000,4.08,3134000000,3676000000,47000000,,991000000,924000000,,981000000,19973000000,18527000000,1446000000,58079000000,18022000000,329500000,321077152
ED,1047862,Utilities,2020,2020-12-31,2023-02-16,12246000000,,2654000000,1234000000,90000000,1101000000,3.28,2198000000,4085000000,17000000,,1019000000,975000000,,1272000000,22349000000,20382000000,1967000000,62895000000,18847000000,335700000,333775472
ED,1047862,Utilities,2021,2021-12-31,2024-02-15,13676000000,,2826000000,1383000000,190000000,1346000000,3.85,2733000000,3964000000,35000000,,905000000,1030000000,0,992000000,23044000000,22604000000,440000000,63116000000,20037000000,349400000,342419162
ED,1047862,Utilities,2022,2022-12-31,2025-02-20,15670000000,,2624000000,2098000000,498000000,1660000000,4.66,3935000000,4465000000,64000000,,852000000,1089000000,0,1282000000,23441000000,22439000000,1002000000,69065000000,20687000000,355800000,354090402
ED,1047862,Utilities,2023,2023-12-31,2026-02-19,14663000000,,3196000000,3003000000,487000000,2519000000,7.21,2156000000,,53000000,,1023000000,1096000000,1000000000,1189000000,22240000000,21989000000,251000000,66331000000,21158000000,349300000,355045021
ED,1047862,Utilities,2024,2024-12-31,2026-02-19,15256000000,,2670000000,2138000000,318000000,1820000000,5.24,3614000000,,35000000,,1187000000,1100000000,0,1324000000,24710000000,24710000000,0,70562000000,21962000000,347300000,345510031
ED,1047862,Utilities,2025,2025-12-31,2026-02-19,16918000000,,2935000000,2597000000,574000000,2023000000,5.64,4800000000,,55000000,,1233000000,1166000000,0,1629000000,25801000000,25551000000,250000000,74603000000,24190000000,358700000,346711639
ED,1047862,Utilities,2026,2026-01-31,2026-02-19,,,,,,,,,,,,,,,,,,,,,,361247438
EFX,33185,Industrials,2019,2019-12-31,2022-02-24,3507600000,,-335400000,-413800000,-35700000,-384100000,-3.15,313800000,399600000,49700000,337300000,111700000,188700000,0,401300000,3403100000,3379500000,3100000,7909000000,2578600000,122000000,120699888
EFX,33185,Industrials,2020,2020-12-31,2023-02-23,4127500000,,676600000,685200000,159000000,520100000,4.24,946200000,421300000,54700000,399300000,141600000,189500000,0,1684600000,4402200000,3277300000,1101100000,9611800000,3168400000,122800000,121235722
EFX,33185,Industrials,2021,2021-12-31,2024-02-22,4923900000,,1138000000,949200000,200700000,744200000,6.02,1334800000,469000000,54900000,489600000,145600000,190000000,69900000,224700000,5325100000,4470100000,824800000,11040900000,3584400000,123600000,121788082
EFX,33185,Industrials,2022,2022-12-31,2025-02-20,5122200000,,1056000000,929700000,229500000,696200000,5.65,757100000,624500000,62600000,568600000,183000000,191100000,0,285200000,5817200000,4820100000,967200000,11547900000,3956500000,123300000,122084603
EFX,33185,Industrials,2023,2023-12-31,2026-02-19,5265200000,,933600000,717900000,166200000,545300000,4.4,1116800000,601300000,71800000,619800000,241400000,191800000,0,216800000,5741600000,4747800000,963400000,12280000000,4534100000,123900000,122488001
EFX,33185,Industrials,2024,2024-12-31,2026-02-19,5681100000,,1042100000,810500000,203200000,604100000,4.84,1324500000,511500000,81600000,680600000,,193200000,0,169900000,5037700000,4322800000,687700000,11759400000,4796900000,124900000,123956391
EFX,33185,Industrials,2025,2025-12-31,2026-02-19,6074500000,,1095200000,894900000,230600000,660300000,5.32,1615700000,481400000,78400000,726900000,,232800000,927500000,180800000,5114200000,4055300000,1038000000,11864200000,4604300000,124100000,124023838
EFX,33185,Industrials,2026,2026-01-30,2026-02-19,,,,,,,,,,,,,,,,,,,,,,120269998
EG,1095073,Financials,2019,2019-12-31,2022-02-28,8231169000,,,1098987000,89526000,,24.7,1852002000,,34018000,,31693000,234322000,24604000,,,,,27324051000,9132925000,40420,40675221
EG,1095073,Financials,2020,2020-12-31,2023-02-24,9598000000,,,585000000,71000000,,12.78,2874000000,,39000000,,,249000000,200000000,,,,,32711503000,9726000000,40000000,40813432
EG,1095073,Financials,2021,2021-12-31,2024-02-28,11866000000,,,1546000000,167000000,1379000000,34.62,3833000000,,43000000,,,247000000,225000000,,,,,38185000000,10139000000,39300000,39991662
EG,1095073,Financials,2022,2022-12-31,2025-02-27,12060000000,,,588000000,-9000000,597000000,15.19,3695000000,,45000000,,,255000000,61000000,,,,,39966000000,8441000000,38800000,39271864
EG,1095073,Financials,2023,2023-12-31,2026-02-26,14587000000,,,2154000000,-363000000,2517000000,60.19,4553000000,,49000000,,,288000000,0,,,,,49399000000,13202000000,41300000,39157235
EG,1095073,Financials,2024,2024-12-31,2026-02-26,17281000000,,,1493000000,120000000,1373000000,31.78,4957000000,,63000000,,,334000000,200000000,,,,,56341000000,13875000000,42700000,43381573
EG,1095073,Financials,2025,2025-12-31,2026-02-26,17496000000,,,1887000000,296000000,1591000000,37.8,3068000000,,61000000,,,335000000,797000000,,,,,62514000000,15461000000,41600000,42934097
EG,1095073,Financials,2026,2026-02-01,2026-02-26,,,,,,,,,,,,,,,,,,,,,,40390151
EIX,827052,Utilities,2019,2019-12-31,2022-02-24,12347000000,,1775000000,1127000000,-278000000,1284000000,3.77,-307000000,4877000000,,1803000000,841000000,810000000,,68000000,18343000000,17864000000,479000000,64382000000,,341000000,325811206
EIX,827052,Utilities,2020,2020-12-31,2023-02-23,13578000000,,1217000000,566000000,-305000000,739000000,1.98,1263000000,5484000000,,2029000000,902000000,928000000,,87000000,20337000000,19632000000,1029000000,69372000000,14048000000,374000000,362570075000000
EIX,827052,Utilities,2021,2021-12-31,2024-02-22,14905000000,,1477000000,789000000,-136000000,,2,11000000,5505000000,,2288000000,925000000,988000000,,390000000,25247000000,24170000000,1077000000,74745000000,15888000000,380000000,379283328
EIX,827052,Utilities,2022,2022-12-31,2025-02-27,17220000000,,1483000000,662000000,-162000000,,1.6,3216000000,5778000000,,2633000000,1169000000,1050000000,0,914000000,29639000000,27025000000,2614000000,78041000000,15621000000,383000000,380696945
EIX,827052,Utilities,2023,2023-12-31,2026-02-18,16338000000,,2627000000,1515000000,108000000,1197000000,3.11,3401000000,5448000000,,2635000000,1612000000,1112000000,0,345000000,33013000000,30316000000,2697000000,81758000000,15501000000,385000000,382566466
EIX,827052,Utilities,2024,2024-12-31,2026-02-18,17599000000,,2930000000,1563000000,17000000,1284000000,3.31,5014000000,5707000000,,2866000000,,1198000000,200000000,193000000,35583000000,33534000000,2049000000,85579000000,15565000000,388000000,384524276
EIX,827052,Utilities,2025,2025-12-31,2026-02-18,19317000000,,7093000000,5992000000,1291000000,4459000000,11.55,5800000000,6515000000,,3237000000,,1274000000,32000000,158000000,37998000000,36070000000,1928000000,94026000000,17579000000,386000000,385023526
EIX,827052,Utilities,2026,2026-02-11,2026-02-18,,,,,,,,,,,,,,,,,,,,,,384790927
EL,1001250,Consumer Staples,2019,2019-06-30,2021-08-27,14863000000,11476000000,2313000000,2307000000,513000000,1785000000,4.82,2517000000,744000000,243000000,557000000,133000000,609000000,1555000000,,2896000000,,516000000,13156000000,4386000000,370400000,
EL,1001250,Consumer Staples,2020,2020-06-30,2022-08-24,14294000000,10742000000,606000000,1046000000,350000000,684000000,1.86,2280000000,623000000,213000000,611000000,161000000,503000000,893000000,,4914000000,,1222000000,17781000000,3935000000,366900000,
EL,1001250,Consumer Staples,2021,2021-06-30,2023-08-18,16215000000,12381000000,2618000000,3331000000,456000000,,7.79,3631000000,637000000,327000000,651000000,173000000,753000000,733000000,,5537000000,,32000000,21971000000,6057000000,368200000,
EL,1001250,Consumer Staples,2022,2022-06-30,2024-08-19,17737000000,13432000000,3170000000,3036000000,628000000,,6.55,3040000000,1040000000,331000000,727000000,167000000,840000000,2309000000,,5144000000,,268000000,20910000000,5590000000,364900000,
EL,1001250,Consumer Staples,2023,2023-06-30,2025-08-20,15910000000,11346000000,1509000000,1397000000,387000000,,2.79,1731000000,1003000000,267000000,744000000,255000000,925000000,271000000,,7117000000,,997000000,23415000000,5585000000,360900000,
EL,1001250,Consumer Staples,2024,2024-06-30,2026-08-19,15608000000,11184000000,970000000,772000000,363000000,,1.08,2360000000,919000000,325000000,825000000,378000000,947000000,35000000,,7267000000,,504000000,21677000000,5314000000,360800000,
EL,1001250,Consumer Staples,2025,2025-06-30,2026-08-19,14326000000,10597000000,-785000000,-1040000000,93000000,,-3.15,1272000000,602000000,304000000,829000000,,618000000,35000000,,7314000000,,3000000,19892000000,3865000000,360100000,
EL,1001250,Consumer Staples,2026,2026-06-30,2026-08-19,15049000000,11362000000,780000000,517000000,335000000,,0.5,1773000000,457000000,310000000,796000000,,508000000,70000000,,6803000000,,503000000,19762000000,,364800000,
ELV,1156039,Health Care,2019,2019-12-31,2022-02-16,104213000000,,5999000000,5985000000,1178000000,4807000000,18.47,6061000000,1077000000,294000000,,746000000,818000000,1701000000,4937000000,19385000000,17787000000,1598000000,77453000000,31728000000,260300000,257011928
ELV,1156039,Health Care,2020,2020-12-31,2023-02-15,121867000000,,6360000000,6238000000,1666000000,4572000000,17.98,10688000000,1021000000,283000000,,784000000,954000000,2700000000,5741000000,20035000000,19335000000,700000000,86615000000,33199000000,254300000,252329919
ELV,1156039,Health Care,2021,2021-12-31,2024-02-21,138639000000,,7559000000,7995000000,1846000000,6158000000,24.95,8364000000,1087000000,255000000,,798000000,1104000000,1900000000,4880000000,22756000000,21157000000,1599000000,97460000000,36060000000,246800000,244905689
ELV,1156039,Health Care,2022,2022-12-31,2025-02-20,156595000000,,8283000000,7600000000,1712000000,5894000000,24.28,8399000000,1152000000,264000000,,851000000,1229000000,2316000000,7387000000,23849000000,22349000000,1500000000,102755000000,36243000000,242800000,241304369
ELV,1156039,Health Care,2023,2023-12-31,2026-02-06,171340000000,,8499000000,7715000000,1724000000,5987000000,25.22,8061000000,1296000000,289000000,,1030000000,1395000000,2676000000,6526000000,24895000000,23246000000,1649000000,108928000000,39306000000,237400000,237457776
ELV,1156039,Health Care,2024,2024-12-31,2026-02-06,177011000000,,7862000000,7904000000,1933000000,5980000000,25.68,5808000000,1256000000,191000000,,,1508000000,2900000000,8288000000,30867000000,29218000000,1649000000,116889000000,41315000000,232900000,232668735
ELV,1156039,Health Care,2025,2025-12-31,2026-02-06,199125000000,,7199000000,6710000000,1049000000,5662000000,25.21,4290000000,1116000000,276000000,,,1529000000,2605000000,9491000000,31896000000,30797000000,1099000000,121494000000,43882000000,224600000,227351871
ELV,1156039,Health Care,2026,2026-02-01,2026-02-06,,,,,,,,,,,,,,,,,,,,,,220704667
EME,105634,Industrials,2019,2019-12-31,2022-02-24,9174611000,1355868000,460892000,450889000,125749000,325140000,5.75,355700000,48432000,,43945000,13821000,17950000,0,358818000,,,,4830358000,2057134000,56519281,55997627
EME,105634,Industrials,2020,2020-12-31,2023-02-23,8797061000,1395382000,256834000,252326000,119383000,132943000,2.4,806366000,47969000,,46721000,9009000,17674000,112553000,902867000,,,16910000,5063840000,2052668000,55421271,56259161
EME,105634,Industrials,2021,2021-12-31,2024-02-28,9903580000,1501737000,530800000,529303000,145602000,383532000,7.06,318817000,36192000,,48347000,6071000,28163000,195546000,821345000,,,16235000,5441446000,2252387000,54347534,54796654
EME,105634,Industrials,2022,2022-12-31,2025-02-26,11076120000,1603594000,564877000,558750000,152628000,406122000,8.1,497933000,49289000,,47296000,13199000,27187000,660609000,456439000,,,15567000,5524607000,1973589000,50136262,52666149
EME,105634,Industrials,2023,2023-12-31,2026-02-26,12582873000,2089339000,875756000,872853000,239524000,632994000,13.31,899655000,78404000,,51822000,17199000,32684000,127713000,789750000,,,2465000,6609721000,2469778000,47564258,47687820
EME,105634,Industrials,2024,2024-12-31,2026-02-26,14566116000,2765051000,1344863000,1377382000,370237000,1007145000,21.52,1407894000,74950000,,,3779000,43384000,489820000,1339550000,,,,7716473000,2937657000,46808293,47064926
EME,105634,Industrials,2025,2025-12-31,2026-02-26,16986422000,3282988000,1713418000,1721624000,448807000,1272817000,28.19,1302063000,112750000,,,12020000,45023000,586258000,1111968000,,,,9291399000,3673944000,45145767,45472621
EME,105634,Industrials,2026,2026-02-20,2026-02-26,,,,,,,,,,,,,,,,,,,,,,44532566
EMR,32604,Industrials,2018,2018-09-30,2019-11-18,,7432000000,,2667000000,443000000,2203000000,3.46,2892000000,617000000,216000000,758000000,,1229000000,1000000000,1093000000,,3137000000,688000000,20390000000,8947000000,635300000,626158598
EMR,32604,Industrials,2019,2019-09-30,2020-11-16,,7815000000,,2859000000,531000000,2306000000,3.71,3006000000,594000000,120000000,822000000,,1209000000,1250000000,1494000000,,4277000000,515000000,20497000000,8233000000,620600000,609153835
EMR,32604,Industrials,2020,2020-09-30,2021-11-15,,7009000000,,2335000000,345000000,1965000000,3.24,3083000000,538000000,110000000,854000000,,1209000000,942000000,3315000000,,6326000000,322000000,22882000000,8405000000,606600000,598039467
EMR,32604,Industrials,2021,2021-09-30,2022-11-14,,7563000000,,1762000000,346000000,2303000000,3.82,3575000000,404000000,197000000,762000000,147000000,1210000000,500000000,2354000000,,5793000000,538000000,24715000000,9883000000,601800000,594900000
EMR,32604,Industrials,2022,2022-09-30,2023-11-13,,6306000000,,2432000000,549000000,3231000000,5.41,2922000000,299000000,125000000,842000000,,1223000000,500000000,,8775000000,8259000000,516000000,35672000000,10364000000,596300000,591400000
EMR,32604,Industrials,2023,2023-09-30,2024-11-12,,7427000000,,2903000000,642000000,13219000000,22.88,637000000,363000000,250000000,1051000000,,1198000000,2000000000,,8156000000,7610000000,546000000,42746000000,20689000000,577300000,570100000
EMR,32604,Industrials,2024,2024-09-30,2025-11-10,,8885000000,,2020000000,415000000,1968000000,3.43,3332000000,419000000,260000000,1689000000,,1201000000,435000000,,7687000000,7155000000,532000000,44246000000,21636000000,574000000,570200000
EMR,32604,Industrials,2025,2025-09-30,2025-11-10,,9519000000,,2934000000,696000000,2293000000,4.04,3098000000,431000000,263000000,1518000000,,1192000000,1167000000,,8924000000,8319000000,605000000,41964000000,20282000000,566700000,561800000
EOG,821189,Energy,2019,2019-12-31,2022-02-24,17380000000,,3699000000,3545000000,810000000,2735000000,4.71,8163000000,270000000,175000000,3750000000,185000000,,25000000,2027972000,,4160919000,1014524000,37125000000,21640000000,581000000,580053225
EOG,821189,Energy,2020,2020-12-31,2023-02-23,11032000000,,-544000000,-739000000,-134000000,-605000000,-1.04,5008000000,221000000,146000000,3400000000,205000000,,16000000,3329000000,,5035000000,781000000,35805000000,20302000000,579000000,582054451
EOG,821189,Energy,2021,2021-12-31,2024-02-22,18642000000,,6102000000,5933000000,1269000000,4664000000,7.99,8791000000,212000000,152000000,3651000000,178000000,,41000000,5209000000,,5072000000,37000000,38236000000,22180000000,584000000,583563479
EOG,821189,Energy,2022,2022-12-31,2025-02-27,25702000000,,9966000000,9901000000,2142000000,7759000000,13.22,11093000000,381000000,133000000,3542000000,179000000,,118000000,5972000000,,3795000000,1283000000,41371000000,24779000000,587000000,585419164
EOG,821189,Energy,2023,2023-12-31,2026-02-24,24186000000,,9603000000,9689000000,2095000000,7594000000,13,11340000000,800000000,177000000,3492000000,148000000,,1038000000,5278000000,,3765000000,34000000,43857000000,28090000000,584000000,587723622
EOG,821189,Energy,2024,2024-12-31,2026-02-24,23698000000,,8082000000,8218000000,1815000000,6403000000,11.25,12143000000,1019000000,199000000,4108000000,138000000,,3246000000,7092000000,,4220000000,532000000,47186000000,29351000000,569000000,580001872
EOG,821189,Energy,2025,2025-12-31,2026-02-24,22632000000,,6385000000,6362000000,1382000000,4980000000,9.12,10044000000,479000000,216000000,4461000000,235000000,,2564000000,3396000000,,7909000000,27000000,51799000000,29833000000,546000000,553926330
EOG,821189,Energy,2026,2026-02-13,2026-02-24,,,,,,,,,,,,,,,,,,,,,,536491493
EQIX,1101239,Real Estate,2019,2019-12-31,2021-02-19,5562140000,,1169631000,692597000,185352000,507450000,5.99,1992728000,,236539000,1284837000,479684000,836164000,,1869577000,10401097000,,,23965615000,8840606000,84679000,80865431
EQIX,1101239,Real Estate,2020,2020-12-31,2021-02-19,5998545000,,1052928000,516225000,146151000,369777000,4.18,2309826000,,294952000,1423369000,406466000,947933000,,1604869000,10633881000,,,27006841000,10633988000,88410000,85443883
EQIX,1101239,Real Estate,2021,2021-12-31,2024-02-16,,,1108162000,608952000,109224000,500191000,5.53,2547206000,,363774000,1656290000,336082000,1042909000,,1536358000,11722148000,,,27918698000,10882082000,90409000,89287863
EQIX,1101239,Real Estate,2022,2022-12-31,2025-02-12,,,1200000000,829000000,124000000,705000000,7.67,2963000000,,404000000,1737000000,356337000,1152000000,,1906000000,12880507000,,,30310742000,11505966000,91828000,90721039
EQIX,1101239,Real Estate,2023,2023-12-31,2026-02-11,,,1443000000,1124000000,155000000,969000000,10.31,3217000000,,407000000,1845000000,402022000,1375000000,,2096000000,13840646000,,998000000,32651000000,12489000000,94009000,92784198
EQIX,1101239,Real Estate,2024,2024-12-31,2026-02-11,,,1328000000,975000000,161000000,815000000,8.5,3249000000,,462000000,2009000000,,1643000000,,3081000000,15334000000,,1199000000,35085000000,13528000000,95827000,94621449
EQIX,1101239,Real Estate,2025,2025-12-31,2026-02-11,,,1848000000,1508000000,160000000,1350000000,13.76,3911000000,,498000000,2050000000,,1856000000,,1727000000,,,1299000000,40141000000,14156000000,98123000,97332005
EQIX,1101239,Real Estate,2026,2026-02-10,2026-02-11,,,,,,,,,,,,,,,,,,,,,,98254928
EQT,33213,Energy,2019,2019-12-31,2022-02-10,4416484000,,-1152110000,-1597471000,-375776000,-1221695000,-4.79,1851704000,1602454000,31233000,1538745000,199851000,30655000,0,4596000,5292979000,5276775000,16204000,18809227000,9803588000,255141000,254762000
EQT,33213,Energy,2020,2020-12-31,2023-02-16,3058843000,,-877666000,-1254102000,-295293000,-958799000,-3.68,1537701000,1042231000,19552000,1393465000,259268000,7664000,0,18210000,4925466000,4771305000,154161000,18113469000,9255240000,260613000,255454000
EQT,33213,Energy,2021,2021-12-31,2024-02-14,3064663000,,-1360975000,-1569538000,-428037000,-1142747000,-3.54,1662448000,1055128000,28169000,1676702000,289753000,0,12922000,113963000,5591072000,4530102000,1060970000,21607388000,9954763000,323196000,278854465
EQT,33213,Energy,2022,2022-12-31,2025-02-19,7497689000,,2717997000,2334662000,553720000,1770965000,4.38,3465560000,1400443000,45201000,1665962000,249655000,203629000,409485000,1458644000,5678965000,5256333000,422632000,22669926000,11172474000,406495000,376023250
EQT,33213,Energy,2023,2023-12-31,2026-02-18,6908923000,,2314411000,2103498000,368954000,1735232000,4.22,3178850000,2019037000,49834000,1732142000,219660000,228339000,201029000,80977000,5795113000,5502681000,292432000,25285098000,14773200000,413224000,360360130
EQT,33213,Energy,2024,2024-12-31,2026-02-18,5273309000,,685296000,264194000,22079000,230577000,0.45,2826973000,2253709000,158344000,2162350000,,326581000,0,202093000,9324177000,9003377000,320800000,39830255000,20597628000,514593000,440427000
EQT,33213,Energy,2025,2025-12-31,2026-02-18,8644211000,,3249619000,2977542000,651884000,2039247000,3.31,5125952000,2288425000,60781000,2600390000,,389633000,0,110795000,7800328000,7293209000,507119000,41792874000,23752677000,615717000,597441000
EQT,33213,Energy,2026,2026-02-11,2026-02-18,,,,,,,,,,,,,,,,,,,,,,624274000
ERIE,922621,Financials,2018,2018-12-31,2021-02-25,,,344343000,371320000,83096000,288224000,,263585000,56297000,,13400000,2460000,156474000,,266417000,,97860000,1870000,1778327000,973672000,,
ERIE,922621,Financials,2019,2019-12-31,2022-02-24,,,357339000,396705000,79884000,316821000,,364527000,102039000,,16800000,856000,167651000,,,,95842000,1979000,2016240000,1133253000,,
ERIE,922621,Financials,2020,2020-12-31,2023-03-01,,,338157000,368515000,75211000,293304000,,342595000,55528000,,21200000,731000,272902000,,,,93833000,2031000,2117122000,1188048000,,
ERIE,922621,Financials,2021,2021-12-31,2024-02-26,,,318097000,376404000,78544000,297860000,,402794000,148800000,,37200000,4132000,192801000,,,,91734000,2098000,2242057000,1342478000,,
ERIE,922621,Financials,2022,2022-12-31,2025-02-27,,,376214000,376452000,77883000,298569000,,366152000,67204000,,45900000,2009000,206772000,,,,0,0,2239456000,1448408000,,
ERIE,922621,Financials,2023,2023-12-31,2026-02-23,,,520256000,561936000,115875000,446061000,,381205000,92647000,,47415000,0,221675000,,,,,,2471964000,1662835000,,
ERIE,922621,Financials,2024,2024-12-31,2026-02-23,,,676455000,757279000,156965000,600314000,,611249000,124845000,,56530000,,237508000,,,,,,2888614000,1987258000,,
ERIE,922621,Financials,2025,2025-12-31,2026-02-23,,,717184000,710603000,151268000,559335000,,686657000,115692000,,69450000,,254275000,,,,,,3355481000,2283374000,,
ES,72741,Utilities,2019,2019-12-31,2022-02-17,8526470000,,1590491000,1190071000,273499000,916572000,2.81,2009577000,2911489000,27300000,1080700000,533197000,663239000,,15432000,,13770828000,327411000,41123915000,12629994000,322941636,316981088
ES,72741,Utilities,2020,2020-12-31,2023-02-15,8904430000,,1988734000,1558872000,346186000,1212686000,3.55,1682572000,2942996000,33900000,1159100000,538452000,744665000,,,,15125876000,1053186000,46099598000,14063566000,339847062,329952663
ES,72741,Utilities,2021,2021-12-31,2024-02-14,9863085000,,1993321000,1572269000,344223000,1228000000,3.54,1962600000,3175080000,28200000,1335000000,582334000,805439000,,66800000,,17023577000,1193097000,48492144000,14599844000,344631056,343003366
ES,72741,Utilities,2022,2022-12-31,2025-02-14,12289336000,,2198154000,1865968000,453574000,1412400000,4.05,2401293000,3441852000,33400000,1643100000,678274000,860033000,,374600000,,19723994000,1320129000,53230900000,15473158000,347246768,344439905
ES,72741,Utilities,2023,2023-12-31,2026-02-17,11910705000,,2399335000,-275037000,159684000,-434700000,-1.26,1646161000,4336849000,27800000,815700000,855441000,918995000,,53900000,,23588616000,824847000,55612245000,14173892000,349840481,348483425
ES,72741,Utilities,2024,2024-12-31,2026-02-17,11900809000,,2408709000,1243836000,424664000,,2.27,2159737000,4480529000,30000000,1776400000,,1001488000,,26700000,,25701627000,1003150000,59594529000,15039387000,357779408,349687183
ES,72741,Utilities,2025,2025-12-31,2026-02-17,13547244000,,2988589000,1840177000,140286000,,4.56,4113572000,4158669000,33600000,2404500000,,1093074000,,135400000,,26872433000,1392948000,63786711000,16197271000,371259264,366785030
ES,72741,Utilities,2026,2026-01-31,2026-02-17,,,,,,,,,,,,,,,,,,,,,,375496611
ESS,920522,Real Estate,2019,2019-12-31,2022-02-25,1460155000,,481112000,,,,6.66,919079000,,7010000,,217339000,,56989000,70087000,990667000,,,12705405000,6220427000,65939455,65692107
ESS,920522,Real Estate,2020,2020-12-31,2023-02-23,1495748000,,491441000,,,,8.69,803108000,,8157000,,220633000,,269315000,73629000,643550000,,,12936177000,6000410000,65564982,66172080
ESS,920522,Real Estate,2021,2021-12-31,2024-02-23,1440556000,,529995000,,,,7.51,905259000,,7308000,,203125000,,9172000,48420000,638959000,,,12997873000,5993603000,65088874,64994503
ESS,920522,Real Estate,2022,2022-12-31,2025-02-21,1606814000,1128406000,595229000,,,,6.27,975649000,,7206000,,204798000,,189726000,33295000,,,,12372905000,5716372000,65098186,65278686
ESS,920522,Real Estate,2023,2023-12-31,2026-02-20,1669395000,1170506000,584342000,,,,6.32,980064000,,8031000,,212905000,,95657000,391749000,,,,12361427000,5422746000,64253385,64518322
ESS,920522,Real Estate,2024,2024-12-31,2026-02-20,1774450000,1242649000,703095000,,,,11.54,1068305000,,7158000,,,,0,66795000,,,,12927359000,5537046000,64251234,64203497
ESS,920522,Real Estate,2025,2025-12-31,2026-02-20,1887345000,1318978000,899316000,,,,10.4,1074423000,,9640000,,,,0,76241000,,,,13159009000,5541372000,64399459,64325080
ESS,920522,Real Estate,2026,2026-02-13,2026-02-20,,,,,,,,,,,,,,,,,,,,,,64475506
ETN,1551182,Industrials,2019,2019-12-31,2020-02-26,,,3675000000,2591000000,378000000,2211000000,5.25,3451000000,587000000,9000000,884000000,199000000,1201000000,1029000000,370000000,8067000000,,248000000,32805000000,16082000000,420800000,423600000
ETN,1551182,Industrials,2020,2020-12-31,2023-02-23,,,,1746000000,331000000,1410000000,3.49,2944000000,389000000,,811000000,149000000,1175000000,1608000000,438000000,8057000000,,1047000000,31824000000,14930000000,404000000,413400000
ETN,1551182,Industrials,2021,2021-12-31,2024-02-29,,,,2896000000,750000000,2144000000,5.34,2163000000,575000000,,922000000,144000000,1219000000,122000000,297000000,8566000000,,1735000000,34027000000,16413000000,401600000,398100000
ETN,1551182,Industrials,2022,2022-12-31,2025-02-27,,,,2911000000,445000000,2462000000,6.14,2533000000,598000000,,954000000,,1299000000,286000000,294000000,8331000000,,10000000,35014000000,17038000000,400800000,398800000
ETN,1551182,Industrials,2023,2023-12-31,2026-02-26,,,,3827000000,604000000,3218000000,8.02,3624000000,757000000,,926000000,,1379000000,0,488000000,9261000000,,1017000000,38432000000,19036000000,401100000,398000000
ETN,1551182,Industrials,2024,2024-12-31,2026-02-26,,,,4566000000,768000000,3794000000,9.5,4327000000,808000000,,921000000,,1500000000,2492000000,555000000,9152000000,,674000000,38381000000,18488000000,399400000,399500000
ETN,1551182,Industrials,2025,2025-12-31,2026-02-26,,,,4932000000,841000000,4087000000,10.45,4472000000,919000000,,1006000000,,1626000000,1862000000,622000000,9894000000,,1136000000,41251000000,19425000000,391200000,392000000
ETN,1551182,Industrials,2026,2026-01-31,2026-02-26,,,,,,,,,,,,,,,,,,,,,,387900000
ETR,65984,Utilities,2019,2019-12-31,2022-02-25,,,1390497000,1088419000,-169825000,1241226000,6.3,2816627000,,,,742425000,711573000,,425722000,17873655000,17078643000,795012000,51723912000,10223675000,196999284,189580512
ETR,65984,Utilities,2020,2020-12-31,2023-02-24,,,1769195000,1285147000,-121506000,1388334000,6.9,2689866000,,,,785663000,748342000,,1759099000,22369776000,21205761000,1164015000,58239212000,10926142000,201102220,199726738
ETR,65984,Utilities,2021,2021-12-31,2024-02-23,,,1845626000,1310093000,191374000,1118492000,5.54,2300713000,,,1990697000,834694000,775122000,,442559000,25880901000,24841572000,1039329000,59454242000,11637284000,201873024,200479995
ETR,65984,Utilities,2022,2022-12-31,2025-02-18,13764237000,,2050775000,1058160000,-38978000,1103166000,2.68,2585490000,5065126000,,1985099000,912237000,841677000,,224164000,25932549000,23623512000,2309037000,58595191000,12966985000,411095156,203027662
ETR,65984,Utilities,2023,2023-12-31,2026-02-19,12147412000,,2617975000,1671775000,-690535000,2356536000,5.55,4294328000,4440652000,,2051677000,1006406000,918193000,,132548000,25107896000,23008839000,2099057000,59703396000,14622647000,424752990,211396291
ETR,65984,Utilities,2024,2024-12-31,2026-02-19,11879653000,,2651090000,1442211000,381027000,,2.45,4488510000,4838339000,,2233248000,,981659000,,859703000,27991595000,26613505000,1378090000,64790032000,15083908000,431581696,213237552
ETR,65984,Utilities,2025,2025-12-31,2026-02-19,12946686000,,3202278000,2271280000,497952000,,3.91,5150651000,7684922000,,2305568000,,1074151000,,1928916000,30277161000,27902021000,2375140000,71890730000,16923076000,450151884,430412580
ETR,65984,Utilities,2026,2026-01-30,2026-02-19,,,,,,,,,,,,,,,,,,,,,,452989837
EVRG,1711269,Utilities,2019,2019-12-31,2022-02-25,5147800000,,1185800000,772800000,97000000,669900000,2.79,1749000000,1210100000,16300000,861700000,374000000,462500000,1628700000,23200000,,8746700000,251100000,25975900000,8571900000,239900000,254630033
EVRG,1711269,Utilities,2020,2020-12-31,2023-02-24,4913400000,,1143900000,723900000,102200000,618300000,2.72,1753800000,1560300000,16000000,880100000,383900000,465000000,0,144900000,,9190900000,436400000,27114800000,8733400000,227500000,226659013
EVRG,1711269,Utilities,2021,2021-12-31,2024-02-29,5586700000,,1354900000,1001100000,117400000,879700000,3.83,1351700000,1972500000,15600000,896400000,372600000,497900000,0,26200000,,9297900000,389300000,28520500000,9244400000,229600000,226944941
EVRG,1711269,Utilities,2022,2022-12-31,2025-02-27,5859100000,,1267200000,805200000,47500000,752700000,3.27,1801900000,2166500000,18800000,929400000,404000000,534800000,,25200000,,9905700000,439100000,29489900000,9483700000,230300000,229311689
EVRG,1711269,Utilities,2023,2023-12-31,2026-02-19,5508200000,,1282400000,751800000,15600000,731300000,3.17,1980200000,2334000000,17700000,1076500000,525800000,569600000,,27700000,,11053300000,800000000,30976100000,9663100000,230500000,229568060
EVRG,1711269,Utilities,2024,2024-12-31,2026-02-19,5847300000,,1468000000,908000000,30000000,873500000,3.79,1983700000,2336600000,15200000,1114000000,563100000,596700000,,22000000,,11809200000,651700000,32282100000,9955000000,230600000,229730266
EVRG,1711269,Utilities,2025,2025-12-31,2026-02-19,5961600000,,1532900000,891000000,29900000,855600000,3.66,2045200000,2796900000,20700000,1162900000,616300000,613100000,,19800000,,13039200000,367000000,33948500000,10221300000,233600000,230009344
EVRG,1711269,Utilities,2026,2026-02-11,2026-02-19,,,,,,,,,,,,,,,,,,,,,,230281586
EW,1099800,Health Care,2019,2019-12-31,2022-02-14,4348000000,3233600000,1146800000,1166500000,119600000,,1.64,1182900000,254400000,81300000,89300000,20700000,,263300000,1179100000,,594400000,,6488100000,4148300000,636700000,207766329
EW,1099800,Health Care,2020,2020-12-31,2023-02-13,4386300000,3305700000,897600000,916700000,93300000,,1.3,1054300000,407000000,92600000,107200000,15800000,,625400000,1183200000,,595000000,,7237100000,4574300000,631900000,209122578
EW,1099800,Health Care,2021,2021-12-31,2024-02-12,5232500000,3983600000,1690300000,1702000000,198900000,1503100000,2.38,1732100000,325800000,109300000,134800000,18400000,,512800000,862800000,,595700000,,8502600000,5835900000,631200000,624518873
EW,1099800,Health Care,2022,2022-12-31,2025-02-28,4464000000,3740300000,1498400000,1519500000,195500000,1521900000,2.44,1218200000,244600000,126800000,139600000,19200000,,1727100000,769000000,,596300000,,8292500000,5806700000,624200000,623207437
EW,1099800,Health Care,2023,2023-12-31,2026-02-25,5010000000,4031600000,1308900000,1372400000,152400000,1402400000,2.3,895800000,253000000,139400000,144900000,17600000,,879600000,1132300000,,597000000,,9363200000,6650000000,609400000,608313396
EW,1099800,Health Care,2024,2024-12-31,2026-02-25,5439500000,4322000000,1378700000,1548100000,152100000,4174600000,6.97,542300000,252400000,162300000,155200000,,,1159400000,3045200000,,597700000,,13055300000,9998400000,599300000,601300000
EW,1099800,Health Care,2025,2025-12-31,2026-02-25,6067600000,4733400000,1264200000,1272900000,216900000,1073500000,1.83,1595200000,260200000,158100000,156600000,,,893400000,2938000000,,598300000,,13697200000,10337600000,585800000,587900000
EW,1099800,Health Care,2026,2026-01-31,2026-02-25,,,,,,,,,,,,,,,,,,,,,,580800000
EXC,1109357,Utilities,2019,2019-12-31,2022-02-25,34438000000,,4374000000,3985000000,774000000,,3.01,6659000000,7248000000,,4252000000,1591000000,1408000000,,587000000,35950000000,31329000000,-4710000000,124977000000,32224000000,974000000,969745933
EXC,1109357,Utilities,2020,2020-12-31,2023-02-14,16663000000,,2191000000,1092000000,-7000000,,2.01,4235000000,8048000000,,2891000000,1610000000,1492000000,,432000000,36906000000,35093000000,1819000000,129317000000,32585000000,977000000,974319565
EXC,1109357,Utilities,2021,2021-12-31,2024-02-21,17938000000,,2682000000,1654000000,38000000,,1.74,3012000000,7981000000,,3033000000,,1497000000,,672000000,38756000000,30749000000,2153000000,133013000000,34393000000,980000000,976337799
EXC,1109357,Utilities,2022,2022-12-31,2025-02-12,19078000000,,3315000000,2403000000,349000000,,,4870000000,7147000000,,3325000000,,1334000000,,407000000,37169000000,35272000000,1802000000,95349000000,24744000000,987000000,980136968
EXC,1109357,Utilities,2023,2023-12-31,2026-02-12,21727000000,,4023000000,2702000000,374000000,,,4703000000,7408000000,,,,1433000000,,445000000,41279000000,39692000000,1403000000,101856000000,25755000000,997000000,994126931
EXC,1109357,Utilities,2024,2024-12-31,2026-02-12,23028000000,,4319000000,2667000000,207000000,,,5569000000,7097000000,,,,1524000000,,357000000,44668000000,42947000000,1453000000,107784000000,26921000000,1003000000,999538542
EXC,1109357,Utilities,2025,2025-12-31,2026-02-12,24258000000,,5148000000,3291000000,523000000,,,6254000000,8529000000,,,,1617000000,,626000000,49428000000,47413000000,1665000000,116570000000,28798000000,1012000000,1005217157
EXC,1109357,Utilities,2026,2026-01-31,2026-02-12,,,,,,,,,,,,,,,,,,,,,,1022892585
EXE,895126,Energy,2019,2019-12-31,2022-02-24,8532000000,,-31000000,-639000000,-331000000,-308000000,-49.97,1623000000,,30000000,2264000000,651000000,0,,6000000,,9073000000,385000000,16193000000,4364000000,8325000,1631724765
EXE,895126,Energy,2020,2020-12-31,2023-02-22,5240000000,,-8703000000,-9769000000,-19000000,-9734000000,-998.26,1164000000,1142000000,21000000,1097000000,331000000,0,0,279000000,,0,1929000000,6584000000,-5341000000,9773000,9783101
EXE,895126,Energy,2021,2021-02-09,2024-02-21,,,,,,,,,,,,,,,40000000,1313000000,2278000000,0,6814000000,5671000000,,97907081
EXE,895126,Energy,2022,2022-12-31,2025-02-26,11743000000,,3780000000,3651000000,-1285000000,4936000000,33.36,4125000000,1823000000,22000000,1753000000,160000000,1212000000,1073000000,130000000,3000000000,3093000000,,15468000000,9124000000,145961000,118558307
EXE,895126,Energy,2023,2023-12-31,2026-02-18,8721000000,,3142000000,3117000000,698000000,2419000000,16.92,2380000000,1829000000,33000000,1527000000,104000000,487000000,355000000,1079000000,2028000000,2028000000,0,14376000000,10729000000,142976000,134719821
EXE,895126,Energy,2024,2024-12-31,2026-02-18,4235000000,,-803000000,-841000000,-127000000,-714000000,-4.55,1565000000,1557000000,38000000,1729000000,,388000000,0,317000000,5680000000,5291000000,389000000,27894000000,17565000000,156989000,130794770
EXE,895126,Energy,2025,2025-12-31,2026-02-18,12124000000,,2471000000,2282000000,463000000,1819000000,7.57,4575000000,2736000000,46000000,2980000000,,765000000,100000000,616000000,5009000000,5009000000,0,28287000000,18578000000,240370000,232699939
EXE,895126,Energy,2026,2026-02-11,2026-02-18,,,,,,,,,,,,,,,,,,,,,,240398260
EXPD,746515,Industrials,2019,2019-12-31,2022-03-15,,,766692000,795794000,203778000,590395000,3.39,771689000,47022000,61543000,50950000,,170553000,389060000,1230491000,,,,3691884000,2195028000,174209000,171669558
EXPD,746515,Industrials,2020,2020-12-31,2023-03-01,,,940437000,956564000,258350000,696140000,4.07,654969000,47543000,62498000,56959000,219000,174929000,332387000,1527791000,,,,4927503000,2659637000,170896000,169764263
EXPD,746515,Industrials,2021,2021-12-31,2024-02-23,,,1909326000,1924616000,505771000,1415492000,8.27,868494000,36247000,69385000,51312000,411000,195766000,514594000,1728692000,,,,7609929000,3494426000,171250000,169370882
EXPD,746515,Industrials,2022,2022-12-31,2025-02-21,,,1824371000,1835891000,475286000,1357399000,8.26,2129675000,86824000,64397000,57338000,23277000,213799000,1581908000,2034131000,,,,5590434000,3110021000,164427000,167398064
EXPD,746515,Industrials,2023,2023-12-31,2026-02-25,,,939933000,1015028000,263249000,752883000,5.01,1053191000,39314000,58399000,67760000,4800000,202029000,1392886000,1512883000,,,,4523809000,2390350000,150186000,154398044
EXPD,746515,Industrials,2024,2024-12-31,2026-02-25,,,1041323000,1094800000,283167000,810073000,5.72,723361000,40466000,64364000,61090000,,204087000,855061000,1148320000,,,,4754458000,2223012000,141722000,143899291
EXPD,746515,Industrials,2025,2025-12-31,2026-02-25,,,1052546000,1094063000,282015000,810332000,5.95,1006501000,53101000,69231000,56769000,,207437000,667306000,1314285000,,,,4893638000,2355633000,136249000,138032017
EXPD,746515,Industrials,2026,2026-02-19,2026-02-25,,,,,,,,,,,,,,,,,,,,,,133503678
EXPE,1324424,Consumer Discretionary,2018,2018-12-31,2021-02-12,11223000000,,714000000,485000000,87000000,406000000,2.65,1975000000,878000000,203000000,959000000,190000000,186000000,923000000,2443000000,3717000000,3717000000,0,18033000000,4104000000,152889000,
EXPE,1324424,Consumer Discretionary,2019,2019-12-31,2022-02-11,12067000000,,903000000,775000000,203000000,565000000,3.77,2767000000,1160000000,241000000,910000000,173000000,195000000,743000000,3315000000,4938000000,4189000000,749000000,21416000000,3967000000,149884000,136832712
EXPE,1324424,Consumer Discretionary,2020,2020-12-31,2023-02-10,5199000000,,-2719000000,-3151000000,-423000000,-2612000000,-19,-3834000000,797000000,205000000,893000000,360000000,48000000,425000000,3363000000,8216000000,8216000000,0,18690000000,1510000000,141414000,138074000
EXPE,1324424,Consumer Discretionary,2021,2021-12-31,2024-02-09,8598000000,,186000000,-38000000,-53000000,12000000,-1.8,3748000000,673000000,418000000,814000000,351000000,,165000000,4111000000,8450000000,7715000000,735000000,21548000000,2057000000,149734000,150125000
EXPE,1324424,Consumer Discretionary,2022,2022-12-31,2025-02-07,11667000000,,1085000000,538000000,195000000,352000000,2.17,3440000000,662000000,374000000,792000000,277000000,,607000000,4096000000,6240000000,6240000000,0,21561000000,2283000000,161751000,147757000
EXPE,1324424,Consumer Discretionary,2023,2023-12-31,2026-02-13,12839000000,,1033000000,1018000000,330000000,797000000,5.31,2690000000,846000000,413000000,807000000,245000000,0,2137000000,4225000000,6253000000,6253000000,0,21642000000,1534000000,150228000,131522000
EXPE,1324424,Consumer Discretionary,2024,2024-12-31,2026-02-13,13691000000,,1319000000,1542000000,318000000,1234000000,8.95,3085000000,756000000,458000000,838000000,,0,1839000000,4183000000,6266000000,5223000000,1043000000,22388000000,1557000000,137919000,123271000
EXPE,1324424,Consumer Discretionary,2025,2025-12-31,2026-02-13,14733000000,,1871000000,1591000000,290000000,1294000000,9.81,3880000000,770000000,398000000,887000000,,200000000,1930000000,5413000000,6161000000,4469000000,1692000000,24452000000,1284000000,131943000,116975000
EXR,1289490,Real Estate,2019,2019-12-31,2022-02-28,1308454000,,634958000,451157000,11308000,419967000,3.24,707686000,,13051000,219857000,,458114000,0,65746000,,,,8532377000,2539961000,136433769,127298501
EXR,1289490,Real Estate,2020,2020-12-31,2023-02-28,1356212000,,666140000,509031000,13810000,481779000,3.71,771232000,,16281000,,,467765000,67873000,109124000,,,,9395848000,2547779000,129584829,129613332
EXR,1289490,Real Estate,2021,2021-12-31,2024-02-29,1577362000,,975953000,859473000,20324000,827649000,6.19,952436000,,17303000,241879000,166183000,600994000,0,71126000,,,,10474477000,3116496000,140016028,132033131
EXR,1289490,Real Estate,2022,2022-12-31,2025-02-28,1924170000,,1050402000,900653000,20925000,860688000,6.41,1238139000,1193261000,21386000,288316000,219171000,805311000,63008000,92868000,,,,12167458000,3259597000,141681388,134152540
EXR,1289490,Real Estate,2023,2023-12-31,2026-02-20,2560244000,,1170141000,,21559000,803198000,4.74,1402474000,135577000,26484000,506053000,419035000,1046341000,0,99062000,,,,27456262000,14390921000,169220882,134985035
EXR,1289490,Real Estate,2024,2024-12-31,2026-02-20,3256902000,,1323360000,,33478000,854681000,4.03,1887430000,479059000,28991000,783023000,,1375003000,0,138222000,,,,28847926000,13947535000,211577680,211574552
EXR,1289490,Real Estate,2025,2025-12-31,2026-02-20,3377542000,,1412691000,,41559000,973999000,4.59,1850193000,561723000,35537000,715177000,,1374298000,149548000,138920000,,,,29264046000,13433166000,211850521,211998129
EXR,1289490,Real Estate,2026,2026-02-13,2026-02-20,,,,,,,,,,,,,,,,,,,,,,211137672
F,37996,Consumer Discretionary,2018,2018-12-31,2021-02-05,160338000000,,3203000000,4345000000,650000000,,0.92,15022000000,7785000000,191000000,9385000000,5157000000,2905000000,164000000,16718000000,600000000,600000000,,256540000000,35932000000,3998000000,
F,37996,Consumer Discretionary,2019,2019-12-31,2022-02-04,155900000000,,574000000,-640000000,-724000000,,0.01,17639000000,7632000000,228000000,10493000000,5409000000,2389000000,237000000,17504000000,600000000,470000000,,258537000000,33185000000,4004000000,
F,37996,Consumer Discretionary,2020,2020-12-31,2023-02-03,127144000000,,-4408000000,-1116000000,160000000,,-0.32,24269000000,5742000000,199000000,8774000000,5051000000,596000000,0,25243000000,471000000,291000000,,267261000000,30690000000,3973000000,
F,37996,Consumer Discretionary,2021,2021-12-31,2024-02-07,136341000000,,4523000000,17780000000,-130000000,17937000000,4.45,15787000000,6227000000,305000000,7318000000,4593000000,403000000,0,20540000000,,,,257035000000,48519000000,4034000000,
F,37996,Consumer Discretionary,2022,2022-12-31,2025-02-06,158057000000,,6276000000,-3016000000,-864000000,-1981000000,-0.49,6853000000,6866000000,336000000,7674000000,4593000000,2009000000,484000000,25134000000,,,,255884000000,43242000000,4014000000,
F,37996,Consumer Discretionary,2023,2023-12-31,2025-02-06,176191000000,,5458000000,3967000000,-362000000,4347000000,1.08,14918000000,8236000000,460000000,7690000000,7613000000,4995000000,335000000,24862000000,,,,273310000000,42773000000,4041000000,
F,37996,Consumer Discretionary,2024,2024-12-31,2025-02-06,184992000000,,5219000000,7233000000,1339000000,5879000000,1.46,15423000000,8684000000,511000000,7567000000,,3118000000,426000000,22935000000,,,,285196000000,44835000000,4021000000,
F,37996,Consumer Discretionary,2025,2025-12-31,2026-02-11,,,-9169000000,-11830000000,-3668000000,,-2.06,21282000000,8815000000,510000000,15974000000,,2989000000,0,23356000000,,,,289160000000,35952000000,3979000000,
FANG,1539838,Energy,2019,2019-12-31,2022-02-24,3964000000,,695000000,362000000,47000000,240000000,1.47,2739000000,,48000000,1454000000,172000000,112000000,593000000,123000000,5371000000,5371000000,0,23531000000,13249000000,163843000,164381522
FANG,1539838,Energy,2020,2020-12-31,2023-02-23,2813000000,,-5476000000,-5776000000,-1104000000,-4517000000,-28.61,2118000000,,37000000,1311000000,197000000,236000000,98000000,104000000,5624000000,5624000000,191000000,17619000000,8794000000,157976000,158284486
FANG,1539838,Energy,2021,2021-12-31,2024-02-22,6797000000,,4001000000,2907000000,631000000,2182000000,12.24,3944000000,,51000000,1275000000,199000000,312000000,431000000,654000000,6642000000,6642000000,45000000,22898000000,12088000000,176643000,158015647
FANG,1539838,Energy,2022,2022-12-31,2025-02-26,9643000000,,6508000000,5736000000,1174000000,4386000000,24.61,6325000000,,55000000,1344000000,154000000,1572000000,1098000000,157000000,6238000000,6238000000,10000000,26209000000,15009000000,176539000,177414969
FANG,1539838,Energy,2023,2023-12-31,2026-02-25,8412000000,,4570000000,4248000000,912000000,3143000000,17.34,5920000000,,54000000,1746000000,159000000,1444000000,840000000,582000000,6641000000,6641000000,0,29001000000,16625000000,179999000,183590330
FANG,1539838,Energy,2024,2024-12-31,2026-02-25,11066000000,,4396000000,4501000000,800000000,3338000000,15.53,6413000000,,65000000,2850000000,135000000,1578000000,959000000,161000000,12075000000,12075000000,900000000,67292000000,37736000000,213545000,178446583
FANG,1539838,Energy,2025,2025-12-31,2026-02-25,15026000000,,1266000000,1874000000,327000000,1664000000,5.73,8758000000,,,5038000000,244000000,1156000000,,104000000,13726000000,13726000000,763000000,71059000000,36972000000,289079000,289440898
FANG,1539838,Energy,2026,2026-02-20,2026-02-25,,,,,,,,,,,,,,,,,,,,,,282078989
FAST,815556,Industrials,2019,2019-12-31,2022-02-07,5333700000,2515400000,1057200000,1043700000,252800000,790900000,1.38,842700000,246400000,5700000,,13900000,498600000,0,174900000,345000000,342000000,3000000,3799900000,2665600000,574441628,285931529
FAST,815556,Industrials,2020,2020-12-31,2023-02-07,5647300000,2567800000,1141800000,1132700000,273600000,859100000,1.49,1101800000,168100000,5700000,,9700000,803400000,52000000,245700000,405000000,365000000,40000000,3964700000,2733200000,575671954,574226297
FAST,815556,Industrials,2021,2021-12-31,2024-02-06,6010900000,2777200000,1217400000,1207800000,282800000,925000000,1.6,770100000,156600000,5600000,,9700000,643700000,0,236200000,390000000,330000000,60000000,4299000000,3042200000,577117056,574317276
FAST,815556,Industrials,2022,2022-12-31,2025-02-06,6980600000,3215800000,1453600000,1440000000,353100000,1086900000,1.89,941000000,173800000,7200000,176600000,14300000,711300000,237800000,230100000,555000000,353200000,201800000,4548600000,3163200000,575623114,575550072
FAST,815556,Industrials,2023,2023-12-31,2026-02-05,7346700000,3354500000,1528700000,1522000000,367000000,1155000000,1.01,1432700000,172800000,7300000,177300000,10800000,1016800000,0,221300000,260000000,200000000,60000000,4462900000,3348800000,1146017216,570833585
FAST,815556,Industrials,2024,2024-12-31,2026-02-05,7546000000,3401900000,1510000000,1508100000,357500000,1150600000,1,1173300000,226500000,8000000,175400000,,893300000,0,255800000,200000000,125000000,75000000,4698000000,3616300000,1148564422,572232755
FAST,815556,Industrials,2025,2025-12-31,2026-02-05,8200500000,3691200000,1655700000,1655000000,396600000,1258400000,1.09,1295900000,245300000,8400000,179200000,,1004200000,,276800000,125000000,100000000,25000000,5052900000,3943600000,1150334204,573419704
FAST,815556,Industrials,2026,2026-01-21,2026-02-05,,,,,,,,,,,,,,,,,,,,,,1148179210
FCX,831259,Materials,2019,2019-12-31,2022-02-15,14402000000,,1091000000,306000000,510000000,,-0.17,1482000000,2652000000,63000000,1412000000,,291000000,0,2020000000,9826000000,9821000000,5000000,40809000000,9298000000,1451000000,1449058885
FCX,831259,Materials,2020,2020-12-31,2023-02-15,14198000000,,2437000000,1797000000,944000000,,0.41,3017000000,1961000000,99000000,1528000000,,73000000,0,3657000000,9711000000,9677000000,34000000,42144000000,10174000000,1461000000,1450972426
FCX,831259,Materials,2021,2021-12-31,2024-02-16,22845000000,,8366000000,7659000000,2299000000,,2.9,7715000000,2115000000,98000000,1998000000,,331000000,488000000,8068000000,9450000000,9078000000,372000000,48022000000,13980000000,1482000000,1458480446
FCX,831259,Materials,2022,2022-12-31,2025-02-14,22780000000,,7037000000,6715000000,2267000000,,,5139000000,3469000000,95000000,2019000000,,866000000,1347000000,8146000000,10620000000,9583000000,1037000000,51093000000,15555000000,1451000000,1454781055
FCX,831259,Materials,2023,2023-12-31,2026-02-13,22855000000,,6225000000,6006000000,2270000000,,,5279000000,4824000000,109000000,2068000000,,863000000,0,4758000000,9422000000,8656000000,766000000,52506000000,16693000000,1443000000,1430693689
FCX,831259,Materials,2024,2024-12-31,2026-02-13,25455000000,,6864000000,6907000000,2523000000,,,7160000000,4808000000,109000000,2241000000,,865000000,59000000,3923000000,8948000000,8907000000,41000000,54848000000,17581000000,1445000000,1434409010
FCX,831259,Materials,2025,2025-12-31,2026-02-13,25915000000,,6518000000,6372000000,2221000000,,,5610000000,4494000000,121000000,2244000000,,865000000,107000000,3824000000,9379000000,8913000000,466000000,58167000000,18899000000,1443000000,1437073006
FCX,831259,Materials,2026,2026-01-31,2026-02-13,,,,,,,,,,,,,,,,,,,,,,1437201606
FDS,1013237,Financials,2018,2018-08-31,2019-10-30,1350145000,,366204000,,84753000,267085000,6.78,385668000,33520000,31516000,57285000,,89408000,303955000,208623000,574775000,,,1419447000,525900000,39377000,38037295
FDS,1013237,Financials,2019,2019-08-31,2019-10-30,1435351000,,438035000,421965000,69175000,352790000,9.08,427136000,59370000,32400000,60463000,,100052000,220372000,359799000,574174000,,,1560130000,672256000,38873000,37944709
FDS,1013237,Financials,2020,2020-08-31,2022-10-21,,,439660000,427134000,54196000,372938000,9.65,505840000,77642000,36579000,57614000,,110439000,199625000,585605000,574354000,,,2083388000,896375000,38646000,37991892
FDS,1013237,Financials,2021,2021-08-31,2023-10-27,,,474041000,467617000,68027000,399590000,10.36,555226000,61325000,45065000,64476000,,117927000,264702000,681865000,574535000,574535000,,2224940000,1016353000,38570000,37640632
FDS,1013237,Financials,2022,2022-08-31,2024-10-29,,,475482000,443594000,46677000,396917000,10.25,538277000,51156000,56003000,86683000,,125934000,18639000,503273000,1982424000,1982424000,,4014305000,1331408000,38736000,38079436
FDS,1013237,Financials,2023,2023-08-31,2025-10-22,,,629207000,583954000,115781000,468173000,12.04,645573000,60786000,62038000,105384000,,138601000,176720000,425444000,1612700000,1612700000,0,3962922000,1619930000,38898000,37988456
FDS,1013237,Financials,2024,2024-08-31,2025-10-22,,,701299000,651503000,114377000,537126000,13.91,700338000,,63501000,125187000,,150667000,235235000,422979000,1365973000,1241131000,124842000,4055040000,1912460000,38618000,37988845
FDS,1013237,Financials,2025,2025-08-31,2025-10-22,,,748303000,720958000,123918000,597040000,15.55,726260000,,61229000,157691000,,159973000,300457000,337651000,1368260000,1368260000,0,4304272000,2186413000,38385000,37456326
FDX,1048911,Industrials,2019,2019-05-31,2021-07-19,,,4466000000,,115000000,540000000,2.03,5613000000,5490000000,174000000,3353000000,588000000,683000000,1480000000,2319000000,17518000000,,964000000,54403000000,17757000000,265000000,260808410
FDX,1048911,Industrials,2020,2020-05-31,2022-07-18,,,2417000000,1669000000,383000000,1286000000,4.9,5097000000,5868000000,168000000,3615000000,672000000,679000000,3000000,4881000000,21518000000,,51000000,73537000000,18295000000,262000000,261954496
FDX,1048911,Industrials,2021,2021-05-31,2023-07-17,,,5857000000,6674000000,1443000000,5231000000,19.45,10135000000,5884000000,200000000,3793000000,793000000,686000000,,7087000000,19422000000,,146000000,82777000000,24168000000,268000000,267348232
FDX,1048911,Industrials,2022,2022-05-31,2024-07-15,,,6245000000,4896000000,1070000000,3826000000,14.33,9832000000,6763000000,190000000,3970000000,689000000,793000000,2248000000,6897000000,19796000000,,82000000,85994000000,24939000000,266000000,259845660
FDX,1048911,Industrials,2023,2023-05-31,2025-07-21,,,4912000000,5363000000,1391000000,3972000000,15.48,8848000000,6174000000,182000000,4176000000,694000000,1177000000,1500000000,6856000000,19779000000,,126000000,87143000000,26088000000,256000000,251187242
FDX,1048911,Industrials,2024,2024-05-31,2026-07-20,,,5559000000,5836000000,1505000000,4331000000,17.21,8312000000,5176000000,163000000,4287000000,745000000,1259000000,2500000000,6501000000,19772000000,,68000000,87007000000,27582000000,251000000,244302246
FDX,1048911,Industrials,2025,2025-05-31,2026-07-20,,,5217000000,5441000000,1349000000,4092000000,16.81,7036000000,4055000000,154000000,4264000000,,1339000000,3017000000,5502000000,19899000000,19151000000,1428000000,87627000000,28074000000,243000000,235899098
FDX,1048911,Industrials,2026,2026-05-31,2026-07-20,,,5463000000,5793000000,1360000000,4433000000,18.55,8925000000,3809000000,177000000,4369000000,,1374000000,796000000,13311000000,23455000000,23293000000,1676000000,98937000000,31647000000,239000000,236581188
FDXF,2082247,Industrials,2023,2023-05-31,2026-08-05,,,,,,,,,,,,,,,,,,,,1671000000,,
FDXF,2082247,Industrials,2024,2024-05-31,2026-08-05,9424000000,,1753000000,2079000000,505000000,1574000000,10.53,1541000000,461000000,12000000,455000000,0,0,,,,,,,2124000000,149505248,
FDXF,2082247,Industrials,2025,2025-05-31,2026-08-05,8892000000,,1404000000,1802000000,456000000,1346000000,9,1531000000,437000000,10000000,471000000,0,0,,,,,7000000,5022000000,2393000000,149505248,
FDXF,2082247,Industrials,2026,2026-05-31,2026-08-05,8795000000,,540000000,884000000,229000000,655000000,4.38,167000000,379000000,13000000,512000000,57000000,48000000,,,4264000000,,43000000,6884000000,-497000000,149505248,149518133
FE,1031296,Utilities,2019,2019-12-31,2022-02-16,11035000000,,2510000000,1117000000,213000000,912000000,1.68,2467000000,2665000000,,1217000000,1033000000,814000000,,627000000,19618000000,,380000000,42301000000,6975000000,542000000,530152175
FE,1031296,Utilities,2020,2020-12-31,2023-02-13,10790000000,,2162000000,1129000000,126000000,1079000000,1.99,1423000000,2657000000,,1199000000,1065000000,845000000,,1734000000,22131000000,,146000000,44464000000,7237000000,543000000,540713909
FE,1031296,Utilities,2021,2021-12-31,2024-02-13,11132000000,,1726000000,1559000000,320000000,1283000000,2.35,2811000000,2487000000,,1664000000,1139000000,849000000,,1462000000,22248000000,,1606000000,45432000000,8675000000,546000000,543215090
FE,1031296,Utilities,2022,2022-12-31,2025-02-27,12459000000,,1910000000,1439000000,1000000000,406000000,0.71,2683000000,2848000000,,1317000000,1039000000,891000000,,160000000,21203000000,,351000000,46108000000,10166000000,572000000,570344389
FE,1031296,Utilities,2023,2023-12-31,2026-02-18,12870000000,,2266000000,1464000000,267000000,1102000000,1.92,1387000000,3356000000,,,1124000000,906000000,,137000000,22885000000,,1250000000,48767000000,10437000000,574000000,572245184
FE,1031296,Utilities,2024,2024-12-31,2026-02-18,13472000000,,2375000000,1504000000,377000000,978000000,1.7,2891000000,4030000000,,,,970000000,,111000000,22496000000,,977000000,52044000000,12455000000,577000000,574440850
FE,1031296,Utilities,2025,2025-12-31,2026-02-18,15090000000,,2206000000,1559000000,288000000,1020000000,1.76,3700000000,4705000000,,,,1016000000,,57000000,25508000000,,723000000,55904000000,12510000000,578000000,576697425
FE,1031296,Utilities,2026,2026-01-31,2026-02-18,,,,,,,,,,,,,,,,,,,,,,577932879
FERG,2011641,Industrials,2021,2021-07-31,2024-09-25,,,,,,,,,,,,,,,,,,,,5003000000,,
FERG,2011641,Industrials,2022,2022-07-31,2024-09-25,28566000000,8756000000,2820000000,2708000000,609000000,2122000000,9.69,1149000000,,57000000,301000000,111000000,538000000,1545000000,771000000,,,,,4665000000,218900000,
FERG,2011641,Industrials,2023,2023-07-31,2025-09-26,29734000000,9025000000,2659000000,2464000000,575000000,1889000000,9.12,2723000000,,51000000,321000000,184000000,711000000,908000000,601000000,,3711000000,55000000,15994000000,5037000000,207200000,
FERG,2011641,Industrials,2024,2024-07-31,2025-09-26,29635000000,9053000000,2652000000,2464000000,729000000,1735000000,8.53,1873000000,,49000000,335000000,179000000,784000000,634000000,571000000,3950000000,3774000000,150000000,16572000000,5616000000,203500000,200739472
FERG,2011641,Industrials,2025,2025-07-31,2025-09-26,30762000000,9435000000,2606000000,2423000000,567000000,1856000000,9.32,1908000000,,28000000,373000000,,489000000,948000000,674000000,4175000000,3752000000,400000000,17729000000,5832000000,199200000,196151443
FFIV,1048695,Information Technology,2018,2018-09-30,2020-11-19,2161407000,1799926000,590899000,,150071000,453689000,7.32,761068000,53465000,157855000,59491000,,,600081000,424707000,,,,2605476000,1285492000,62013000,60627214
FFIV,1048695,Information Technology,2019,2019-09-30,2021-11-16,2242447000,1885870000,518463000,541111000,113377000,427734000,7.08,747841000,103542000,162914000,68507000,,,201045000,599219000,,0,0,3390275000,1761497000,60456000,60793880
FFIV,1048695,Information Technology,2020,2020-09-30,2022-11-15,2350822000,1942935000,392267000,396397000,88956000,307441000,5.01,660898000,59940000,201948000,95857000,,,100016000,849556000,,369047000,19275000,4677920000,2232268000,61378000,61603102
FFIV,1048695,Information Technology,2021,2021-09-30,2023-11-14,2603416000,2110270000,394025000,386937000,55696000,331241000,5.34,645196000,30651000,243279000,115424000,,,500000000,580977000,,349772000,19275000,4997280000,2360213000,62057000,61229388
FFIV,1048695,Information Technology,2022,2022-09-30,2024-11-18,2695845000,2156218000,403792000,385393000,63233000,322160000,5.27,442631000,33624000,249216000,115609000,,,500023000,758012000,,0,349772000,5276194000,2468978000,61097000,60368610
FFIV,1048695,Information Technology,2023,2023-09-30,2025-11-25,2813169000,2219861000,472568000,485988000,91040000,394948000,6.55,653409000,54184000,236650000,112702000,,,350049000,797163000,,,0,5248333000,2800232000,60270000,59707211
FFIV,1048695,Information Technology,2024,2024-09-30,2025-11-25,2816120000,2258473000,658591000,695465000,128687000,566778000,9.55,792419000,30412000,219108000,106991000,,,500558000,1074602000,,,,5613004000,3129378000,59359000,58614865
FFIV,1048695,Information Technology,2025,2025-09-30,2025-11-25,3088072000,2514094000,765949000,808336000,115956000,692380000,11.8,949666000,43260000,231491000,92399000,,,502085000,1344273000,,,,6319492000,3591999000,58684000,58089614
FICO,814547,Information Technology,2018,2018-09-30,2018-11-09,1032475000,,175359000,,30450000,126482000,4.06,223052000,31299000,74814000,30182000,31311000,0,342596000,90023000,513000000,528944000,,1330467000,287437000,31180000,28955028
FICO,814547,Information Technology,2019,2019-09-30,2021-11-10,,,253548000,216072000,23948000,192124000,6.34,260350000,23981000,82973000,31612000,39752000,0,228894000,106426000,485000000,606790000,,1433448000,289767000,30294000,28961612
FICO,814547,Information Technology,2020,2020-09-30,2022-11-09,,,295969000,257000000,20589000,236411000,7.9,364916000,21989000,93681000,30367000,42177000,,235223000,157394000,750000000,739435000,,1606240000,331082000,29932000,29098177
FICO,814547,Information Technology,2021,2021-09-30,2023-11-08,,,505489000,473142000,81058000,392084000,13.4,423817000,7569000,112457000,25592000,40092000,,874179000,195354000,750000000,1009018000,,1567776000,-110942000,29260000,27358353
FICO,814547,Information Technology,2022,2022-09-30,2024-11-06,,,542414000,471309000,97768000,373541000,14.18,509450000,6029000,115355000,20465000,68967000,,1104180000,133202000,1823669000,1823669000,,1442034000,-801947000,26347000,24975618
FICO,814547,Information Technology,2023,2023-09-30,2025-11-07,,,642830000,553624000,124249000,429375000,16.93,468915000,4237000,123847000,14638000,95546000,,405526000,136778000,1811658000,1811658000,,1575281000,-687990000,25367000,24713557
FICO,814547,Information Technology,2024,2024-09-30,2025-11-07,,,733629000,642025000,129214000,512811000,20.45,632964000,8884000,149439000,13827000,105638000,,821702000,150667000,2209021000,2194021000,15000000,1717884000,-962679000,25079000,24347903
FICO,814547,Information Technology,2025,2025-09-30,2025-11-07,,,924850000,802595000,150649000,651946000,26.54,778807000,8922000,156667000,14952000,,,1414502000,134136000,3055691000,2656150000,399541000,1868133000,-1745784000,24561000,23709047
FIS,1136893,Financials,2019,2019-12-31,2022-02-23,10333000000,3723000000,969000000,413000000,100000000,298000000,0.66,2410000000,200000000,402000000,2444000000,389000000,,453000000,1152000000,17369000000,17229000000,140000000,83806000000,49440000000,451000000,322920584
FIS,1136893,Financials,2020,2020-12-31,2023-02-27,12552000000,4204000000,552000000,266000000,96000000,158000000,0.25,4442000000,263000000,283000000,3714000000,339000000,,112000000,1959000000,17265000000,15951000000,1314000000,83842000000,49300000000,627000000,616321624
FIS,1136893,Financials,2021,2021-12-31,2024-02-26,9339000000,3349000000,1040000000,789000000,403000000,417000000,0.67,4810000000,320000000,383000000,4015000000,214000000,,2114000000,2010000000,16442000000,14825000000,1617000000,82931000000,47347000000,621000000,621128642
FIS,1136893,Financials,2022,2022-12-31,2025-02-13,9720000000,3461000000,1176000000,-16331000000,314000000,-16752000000,-27.74,3939000000,227000000,189000000,1878000000,298000000,,1938000000,456000000,16336000000,14206000000,2130000000,63278000000,27218000000,604000000,609590707
FIS,1136893,Financials,2023,2023-12-31,2026-02-24,9831000000,3656000000,1447000000,,157000000,-6655000000,-11.26,4335000000,115000000,120000000,1744000000,713000000,1231000000,522000000,440000000,14318000000,12970000000,1348000000,54973000000,19050000000,591000000,591935473
FIS,1136893,Financials,2024,2024-12-31,2026-02-24,10127000000,3804000000,1709000000,,362000000,1450000000,2.61,,97000000,186000000,1737000000,,800000000,4045000000,834000000,10654000000,9686000000,968000000,33784000000,15698000000,555000000,576465736
FIS,1136893,Financials,2025,2025-12-31,2026-02-24,10677000000,3936000000,1741000000,,265000000,382000000,0.73,,154000000,181000000,1883000000,,847000000,1425000000,599000000,10353000000,9069000000,1284000000,33488000000,13899000000,525000000,529691586
FIS,1136893,Financials,2026,2026-02-20,2026-02-24,,,,,,,,,,,,,,,,,,,,,,514403688
FISV,798354,Financials,2019,2019-12-31,2022-02-24,,,1609000000,1083000000,198000000,893000000,1.71,2795000000,721000000,229000000,1778000000,507000000,,,893000000,,,,77539000000,32979000000,522600000,391586971
FISV,798354,Financials,2020,2020-12-31,2023-02-23,14852000000,,1852000000,1171000000,196000000,958000000,1.4,4147000000,900000000,369000000,3257000000,716000000,,,906000000,,,,74619000000,32330000000,683400000,679098783
FISV,798354,Financials,2021,2021-12-31,2024-02-22,16226000000,,2288000000,1666000000,363000000,1334000000,1.99,4034000000,1160000000,239000000,3248000000,696000000,,,835000000,,,,76249000000,30952000000,671600000,669459877
FISV,798354,Financials,2022,2022-12-31,2025-02-20,17737000000,,3740000000,2913000000,551000000,2530000000,3.91,4618000000,1479000000,323000000,3212000000,746000000,,,902000000,,,,83869000000,30828000000,647900000,652196905
FISV,798354,Financials,2023,2023-12-31,2026-02-19,19093000000,,5014000000,3898000000,754000000,3068000000,4.98,5162000000,1388000000,342000000,3162000000,1004000000,,,1204000000,,,,90890000000,29857000000,615900000,628126357
FISV,798354,Financials,2024,2024-12-31,2026-02-19,20456000000,,5879000000,4506000000,641000000,3131000000,5.38,6631000000,1569000000,367000000,,,,,1236000000,,,,77176000000,27068000000,582100000,590402536
FISV,798354,Financials,2025,2025-12-31,2026-02-19,21193000000,,5818000000,4264000000,811000000,3480000000,6.34,6062000000,1763000000,357000000,,,,,798000000,,,,80133000000,25792000000,549000000,561288944
FISV,798354,Financials,2026,2026-02-13,2026-02-19,,,,,,,,,,,,,,,,,,,,,,534777512
FITB,35527,Financials,2019,2019-12-31,2022-02-25,565000000,,,3202000000,690000000,2512000000,3.33,1824000000,243000000,132000000,472000000,1457000000,660000000,1763000000,3278000000,14970000000,,,169369000000,21203000000,720065498,647259351
FITB,35527,Financials,2020,2020-12-31,2023-02-24,559000000,,,1797000000,370000000,1427000000,1.83,371000000,305000000,123000000,492000000,790000000,,0,3147000000,14973000000,,,204680000000,23111000000,719735415,709552415
FITB,35527,Financials,2021,2021-12-31,2024-02-27,600000000,,,3517000000,747000000,2770000000,3.73,2704000000,309000000,120000000,349000000,441000000,,1393000000,2994000000,11821000000,,,211116000000,22210000000,711197805,708697950
FITB,35527,Financials,2022,2022-12-31,2024-02-27,589000000,,,3093000000,647000000,2446000000,3.35,6428000000,348000000,165000000,436000000,978000000,,100000000,3466000000,13714000000,,,207452000000,17327000000,694952038,683679363
FITB,35527,Financials,2023,2023-12-31,2024-02-27,577000000,,,2988000000,639000000,2349000000,3.22,4509000000,491000000,169000000,462000000,3933000000,,200000000,3142000000,16380000000,,,214574000000,19172000000,687678291,678585140
FITB,35527,Financials,2024,2024-12-31,2026-02-24,,,,2916000000,602000000,2314000000,3.14,2824000000,414000000,164000000,495000000,,,625000000,3014000000,14337000000,,,212927000000,19645000000,687300837,681221886
FITB,35527,Financials,2025,2025-12-31,2026-02-24,,,,3211000000,689000000,2522000000,3.53,4514000000,584000000,163000000,554000000,,,525000000,3499000000,13589000000,,,214376000000,21724000000,672502856,665618316
FITB,35527,Financials,2026,2026-02-01,2026-02-24,,,,,,,,,,,,,,,,,,,,,,901819022
FIX,1035983,Industrials,2019,2019-12-31,2022-02-23,2615277000,501943000,163639000,151742000,37418000,114324000,3.08,142028000,31750000,5878000,24500000,9317000,14543000,19550000,50788000,226135000,205318000,20817000,1505012000,585304000,37131000,36869712
FIX,1035983,Industrials,2020,2020-12-31,2023-02-22,2856659000,546983000,190651000,191540000,41401000,150139000,4.09,286510000,24131000,6934000,27900000,8385000,15499000,30120000,54896000,235733000,235733000,,1757355000,696429000,36738000,36613587
FIX,1035983,Industrials,2021,2021-12-31,2024-02-22,3073636000,563207000,188438000,190274000,46926000,143348000,3.93,180151000,22330000,10593000,28400000,6196000,17384000,27054000,58776000,388030000,385242000,2788000,2209114000,805666000,36450000,36185179
FIX,1035983,Industrials,2022,2022-12-31,2025-02-20,4140364000,741608000,253849000,235858000,-10089000,245947000,6.82,301531000,48359000,10532000,33600000,13352000,20077000,38216000,57214000,,247245000,9000000,2597478000,999923000,36046000,35956839
FIX,1035983,Industrials,2023,2023-12-31,2026-02-19,5206760000,990509000,418388000,388194000,64796000,323398000,9.01,639568000,94838000,12939000,38200000,10281000,30379000,21184000,205150000,44212000,39345000,4867000,3305579000,1277829000,35895000,35738041
FIX,1035983,Industrials,2024,2024-12-31,2026-02-19,7027476000,1476411000,749369000,666561000,144128000,522433000,14.6,849057000,111071000,16646000,48200000,6648000,42766000,57912000,549939000,68335000,62293000,6042000,4711088000,1704676000,35775000,35684609
FIX,1035983,Industrials,2025,2025-12-31,2026-02-19,9101641000,2195899000,1314589000,1293453000,270895000,1022558000,28.88,1186356000,154903000,21809000,62400000,9009000,68833000,215999000,981898000,145226000,139063000,6163000,6441169000,2448774000,35413000,35553062
FIX,1035983,Industrials,2026,2026-02-13,2026-02-19,,,,,,,,,,,,,,,,,,,,,,35174967
FLEX,866374,Information Technology,2019,2019-03-31,2021-05-19,,1518000000,,182000000,89000000,93000000,0.18,-2971000000,726000000,76000000,433413000,,,189000000,1696625000,3065154000,2421904000,632611000,13499367000,2972000000,530000000,514029702
FLEX,866374,Information Technology,2020,2020-03-31,2022-05-20,,1339000000,415000000,159000000,71000000,88000000,0.17,-1533000000,462000000,71000000,,7200000,,260000000,1923000000,2851616000,2689000000,149000000,13690000000,2831000000,512000000,497611169
FLEX,866374,Information Technology,2021,2021-03-31,2023-05-19,,1687000000,795000000,714000000,101000000,613000000,1.21,144000000,351000000,79000000,,,,183000000,2637000000,3804000000,3515000000,268000000,15836000000,3436000000,506000000,490742161
FLEX,866374,Information Technology,2022,2022-03-31,2024-05-17,,1780000000,890000000,964000000,92000000,936000000,1.94,1024000000,443000000,91000000,,166000000,,686000000,2964000000,4197000000,3248000000,949000000,19325000000,4129000000,483000000,457642860
FLEX,866374,Information Technology,2023,2023-03-31,2025-05-21,,1976000000,1017000000,807000000,124000000,793000000,1.72,950000000,635000000,133000000,,230000000,,337000000,3164000000,3694000000,3544000000,150000000,21407000000,5351000000,462000000,444493546
FLEX,866374,Information Technology,2024,2024-03-31,2026-05-20,,1865000000,853000000,666000000,-206000000,1006000000,2.28,1326000000,530000000,152000000,,207000000,,1298000000,2474000000,3261000000,3261000000,0,18257000000,5325000000,441000000,401640807
FLEX,866374,Information Technology,2025,2025-03-31,2026-05-20,,2159000000,1169000000,1023000000,185000000,838000000,2.11,1505000000,438000000,125000000,,,,1257000000,2289000000,3692000000,2483000000,1209000000,18381000000,5002000000,398000000,373315616
FLEX,866374,Information Technology,2026,2026-03-31,2026-05-20,,2567000000,1368000000,1143000000,263000000,880000000,2.33,1685000000,633000000,142000000,,,,944000000,2389000000,3751000000,3751000000,0,22060000000,5144000000,378000000,366377923
FOX,1754301,Communication Services,2019,2019-06-30,2021-08-10,11389000000,,,2224000000,581000000,1643000000,2.57,2524000000,235000000,36000000,212000000,203000000,188000000,0,,6751000000,6751000000,,19509000000,9947000000,621000000,
FOX,1754301,Communication Services,2020,2020-06-30,2022-08-12,12303000000,,,1464000000,402000000,1062000000,1.62,2365000000,359000000,137000000,258000000,369000000,335000000,600000000,,7946000000,7946000000,0,21750000000,10094000000,616000000,
FOX,1754301,Communication Services,2021,2021-06-30,2023-08-11,12909000000,,,2918000000,717000000,2201000000,3.61,2639000000,484000000,147000000,300000000,395000000,330000000,1001000000,,7951000000,7202000000,749000000,22926000000,11123000000,595000000,
FOX,1754301,Communication Services,2022,2022-06-30,2023-08-11,13974000000,,,1694000000,461000000,1233000000,2.11,1884000000,307000000,102000000,363000000,377000000,307000000,1000000000,,7206000000,7206000000,0,22185000000,11339000000,570000000,
FOX,1754301,Communication Services,2023,2023-06-30,2023-08-11,14913000000,,,1736000000,483000000,1253000000,2.33,1800000000,357000000,74000000,411000000,349000000,299000000,2000000000,,7210000000,5961000000,1249000000,21866000000,10378000000,531000000,
FOX,1754301,Communication Services,2024,2024-06-30,2026-08-06,,,,2104000000,550000000,1554000000,3.13,1840000000,345000000,90000000,389000000,,281000000,1000000000,,7197000000,6598000000,599000000,21972000000,10714000000,480000000,
FOX,1754301,Communication Services,2025,2025-06-30,2026-08-06,,,,3061000000,768000000,2293000000,4.91,3324000000,331000000,135000000,385000000,,277000000,1000000000,,6602000000,6602000000,0,23195000000,11962000000,461000000,
FOX,1754301,Communication Services,2026,2026-06-30,2026-08-06,,,,2278000000,551000000,1727000000,3.84,1970000000,502000000,132000000,410000000,,287000000,2000000000,,6606000000,6606000000,,22482000000,11628000000,439000000,
FOXA,1754301,Communication Services,2019,2019-06-30,2021-08-10,11389000000,,,2224000000,581000000,1643000000,2.57,2524000000,235000000,36000000,212000000,203000000,188000000,0,,6751000000,6751000000,,19509000000,9947000000,621000000,
FOXA,1754301,Communication Services,2020,2020-06-30,2022-08-12,12303000000,,,1464000000,402000000,1062000000,1.62,2365000000,359000000,137000000,258000000,369000000,335000000,600000000,,7946000000,7946000000,0,21750000000,10094000000,616000000,
FOXA,1754301,Communication Services,2021,2021-06-30,2023-08-11,12909000000,,,2918000000,717000000,2201000000,3.61,2639000000,484000000,147000000,300000000,395000000,330000000,1001000000,,7951000000,7202000000,749000000,22926000000,11123000000,595000000,
FOXA,1754301,Communication Services,2022,2022-06-30,2023-08-11,13974000000,,,1694000000,461000000,1233000000,2.11,1884000000,307000000,102000000,363000000,377000000,307000000,1000000000,,7206000000,7206000000,0,22185000000,11339000000,570000000,
FOXA,1754301,Communication Services,2023,2023-06-30,2023-08-11,14913000000,,,1736000000,483000000,1253000000,2.33,1800000000,357000000,74000000,411000000,349000000,299000000,2000000000,,7210000000,5961000000,1249000000,21866000000,10378000000,531000000,
FOXA,1754301,Communication Services,2024,2024-06-30,2026-08-06,,,,2104000000,550000000,1554000000,3.13,1840000000,345000000,90000000,389000000,,281000000,1000000000,,7197000000,6598000000,599000000,21972000000,10714000000,480000000,
FOXA,1754301,Communication Services,2025,2025-06-30,2026-08-06,,,,3061000000,768000000,2293000000,4.91,3324000000,331000000,135000000,385000000,,277000000,1000000000,,6602000000,6602000000,0,23195000000,11962000000,461000000,
FOXA,1754301,Communication Services,2026,2026-06-30,2026-08-06,,,,2278000000,551000000,1727000000,3.84,1970000000,502000000,132000000,410000000,,287000000,2000000000,,6606000000,6606000000,,22482000000,11628000000,439000000,
FRT,34903,Real Estate,2019,2019-12-31,2022-02-10,935788000,,470911000,,,353866000,4.61,461919000,82836000,12276000,239758000,109623000,,,127432000,3370290000,,,6794992000,2535341000,74766000,74365801
FRT,34903,Real Estate,2020,2020-12-31,2023-02-08,835494000,,289524000,,,131706000,1.62,369929000,,11924000,255027000,136289000,,,798329000,4308505000,,,7607624000,2464157000,75515000,75651842
FRT,34903,Real Estate,2021,2021-12-31,2024-02-12,951224000,,394725000,,,261498000,3.26,471352000,,13009000,279976000,127698000,,,162132000,4063414000,,,7622320000,2580602000,77368000,76747943
FRT,34903,Real Estate,2022,2022-12-31,2025-02-13,1074378000,,526408000,,,385491000,4.71,516769000,,13704000,302409000,136989000,,,85558000,4344474000,,,8233991000,2954012000,80508000,78616815
FRT,34903,Real Estate,2023,2023-12-31,2026-02-12,1132154000,,406470000,,,236985000,2.8,555830000,,14308000,321763000,167809000,,,250825000,4615731000,,,8436512000,2963509000,81313000,81353180
FRT,34903,Real Estate,2024,2024-12-31,2026-02-12,1202452000,,472356000,,,295208000,3.42,574563000,,16357000,342598000,175476000,,,123409000,4496724000,,,8524757000,3171594000,83566000,82989879
FRT,34903,Real Estate,2025,2025-12-31,2026-02-12,1278975000,,602199000,,,411077000,4.68,622378000,,14608000,367842000,183614000,,,107415000,4963602000,,,9130460000,3248731000,86405000,85680614
FRT,34903,Real Estate,2026,2026-02-09,2026-02-12,,,,,,,,,,,,,,,,,,,,,,86276033
FSLR,1274494,Information Technology,2019,2019-12-31,2022-03-01,3063117000,549212000,-161785000,,-5480000,-114933000,-1.09,174201000,668717000,37429000,,27066000,,,1352741000,482892000,454187000,17510000,7515689000,5096767000,105310000,104894572
FSLR,1274494,Information Technology,2020,2020-12-31,2023-02-28,2711332000,680673000,317489000,293190000,-107294000,398355000,3.73,37120000,416635000,29267000,,24036000,,,1227002000,287149000,237691000,41540000,7108931000,5520928000,106686000,105457669
FSLR,1274494,Information Technology,2021,2021-12-31,2024-02-27,2923377000,729954000,586751000,572162000,103469000,468693000,4.38,237559000,540291000,20902000,,13107000,,,1450654000,246737000,236005000,3896000,7413746000,5959551000,106924000,105986398
FSLR,1274494,Information Technology,2022,2022-12-31,2025-02-25,2619319000,69858000,-27236000,8598000,52764000,-44166000,-0.41,873369000,903605000,28656000,,12225000,,,1481269000,185000000,184349000,0,8251228000,5836055000,106551000,106333764
FSLR,1274494,Information Technology,2023,2023-12-31,2026-02-24,3318602000,1300679000,857266000,891290000,60513000,830777000,7.74,602260000,1386775000,34219000,,12965000,,,1946994000,,464068000,,10365132000,6687469000,107372000,106609094
FSLR,1274494,Information Technology,2024,2024-12-31,2026-02-24,4206289000,1857864000,1394420000,1406338000,114294000,1292044000,12.02,1217999000,1526076000,28104000,,,,,1621376000,,373354000,,12124361000,7977577000,107525000,106848929
FSLR,1274494,Information Technology,2025,2025-12-31,2026-02-24,5219376000,2120339000,1596864000,1580913000,52684000,1528229000,14.21,2057105000,869875000,19223000,,,,,2803514000,,282593000,,13321310000,9537993000,107537000,107062105
FSLR,1274494,Information Technology,2026,2026-02-20,2026-02-24,,,,,,,,,,,,,,,,,,,,,,107310994
FTNT,1262039,Information Technology,2019,2019-12-31,2022-02-25,2163000000,1657100000,351000000,386000000,54300000,331700000,1.9,808000000,,174100000,61600000,0,,145100000,1222500000,,,,3879200000,1342400000,175000000,170633671
FTNT,1262039,Information Technology,2020,2020-12-31,2023-02-24,2594400000,2024400000,531800000,541700000,53200000,488500000,0.58,1083700000,,191700000,68800000,0,,1080100000,1061800000,,0,0,4044500000,856000000,838300000,172514722
FTNT,1262039,Information Technology,2021,2021-12-31,2024-02-26,3342200000,2559200000,650400000,628400000,14100000,606800000,0.73,1499700000,,207900000,84400000,14900000,,741800000,1319100000,,988400000,,5919100000,781700000,835300000,163190919
FTNT,1262039,Information Technology,2022,2022-12-31,2025-02-21,4417400000,3332500000,969600000,955500000,30800000,857300000,1.06,1730600000,,217300000,104300000,18000000,,1991200000,1682900000,,990400000,,6228000000,-281600000,805300000,160815446
FTNT,1262039,Information Technology,2023,2023-12-31,2026-02-25,5304800000,4067600000,1241100000,1333700000,143800000,1147800000,1.46,1935500000,,249000000,113400000,21000000,,1500500000,1397900000,,992300000,,7258900000,-463400000,788200000,784066289
FTNT,1262039,Information Technology,2024,2024-12-31,2026-02-25,5955800000,4798200000,1803400000,2058500000,283900000,1745200000,2.26,2258100000,,257900000,122800000,20000000,,600000,2875900000,,994300000,0,9763100000,1493800000,771900000,763030948
FTNT,1262039,Information Technology,2025,2025-12-31,2026-02-25,6799600000,5470700000,2084700000,2282200000,439100000,1853400000,2.42,2590600000,,279500000,152000000,20100000,,2289800000,2495300000,,496600000,499700000,10389200000,1237500000,764600000,768974062
FTNT,1262039,Information Technology,2026,2026-02-20,2026-02-25,,,,,,,,,,,,,,,,,,,,,,739923583
FTV,1659166,Industrials,2019,2019-12-31,2022-03-01,,2483200000,443900000,336700000,68600000,,1.97,1271400000,74500000,52500000,341500000,142600000,93800000,,1205200000,6326200000,4826200000,1500000000,17439000000,7387000000,340000000,334631235
FTV,1659166,Industrials,2020,2020-12-31,2023-02-28,,2608500000,539400000,1507700000,55500000,,4.49,1436700000,75700000,62600000,384000000,148500000,94400000,0,1824800000,4230100000,2830300000,1399800000,16051500000,8964200000,359000000,336415264
FTV,1659166,Industrials,2021,2021-12-31,2024-02-27,,3007100000,812800000,677500000,63300000,,1.63,961100000,50000000,77400000,395500000,103200000,97700000,0,819300000,3959000000,1807300000,2151700000,16465500000,9512200000,352300000,338072765
FTV,1659166,Industrials,2022,2022-12-31,2025-02-25,,3363400000,987400000,873500000,118300000,755200000,2.1,1303200000,95800000,93800000,465600000,-98300000,99500000,442900000,709200000,3251300000,2251600000,999700000,15890600000,9683400000,360800000,359066396
FTV,1659166,Industrials,2023,2023-12-31,2026-02-25,,2477100000,574000000,433100000,24700000,865800000,2.43,1353600000,78600000,94500000,426200000,-123500000,102000000,272900000,1888800000,3646200000,3646200000,0,16911800000,10318900000,355600000,353198783
FTV,1659166,Industrials,2024,2024-12-31,2026-02-25,,2619100000,716300000,506300000,23800000,832900000,2.36,1526800000,86100000,90100000,430900000,-152800000,111200000,889600000,813300000,3707300000,3331100000,376200000,17016100000,10188600000,352800000,351379735
FTV,1659166,Industrials,2025,2025-12-31,2026-02-25,,2641100000,720200000,602200000,69500000,579200000,1.73,1083200000,105100000,116800000,437600000,-120500000,92200000,1610100000,375500000,3206000000,2306500000,899500000,11737700000,6453400000,334600000,340290131
FTV,1659166,Industrials,2026,2026-02-20,2026-02-25,,,,,,,,,,,,,,,,,,,,,,307859190
GD,40533,Industrials,2018,2018-12-31,2021-02-09,36193000000,,4394000000,,727000000,3345000000,11.18,3148000000,690000000,140000000,763000000,374000000,1075000000,1769000000,963000000,12518000000,11444000000,973000000,45887000000,12110000000,299160000,296933621
GD,40533,Industrials,2019,2019-12-31,2022-02-09,39350000000,,4570000000,4202000000,718000000,3484000000,11.98,2981000000,987000000,133000000,829000000,472000000,1152000000,231000000,902000000,12005000000,9010000000,2920000000,49349000000,13978000000,290836000,288235928
GD,40533,Industrials,2020,2020-12-31,2023-02-07,37925000000,,4133000000,3738000000,571000000,3167000000,11,3858000000,967000000,128000000,878000000,489000000,1240000000,587000000,2824000000,13117000000,9995000000,3003000000,51308000000,15661000000,287913000,289627333
GD,40533,Industrials,2021,2021-12-31,2024-02-08,38469000000,,4163000000,3873000000,616000000,3257000000,11.55,4271000000,887000000,126000000,890000000,431000000,1315000000,1828000000,1603000000,11606000000,10490000000,1005000000,50073000000,17641000000,282017000,286264679
GD,40533,Industrials,2022,2022-12-31,2025-02-07,39407000000,,4211000000,4036000000,646000000,3390000000,12.19,4579000000,1114000000,165000000,884000000,391000000,1369000000,1229000000,1242000000,10590000000,9243000000,1253000000,51585000000,18568000000,278169000,277697967
GD,40533,Industrials,2023,2023-12-31,2026-01-30,42272000000,,4245000000,3984000000,669000000,3315000000,12.02,4710000000,904000000,181000000,863000000,399000000,1428000000,434000000,1913000000,9340000000,8754000000,507000000,54810000000,21299000000,275725000,274430054
GD,40533,Industrials,2024,2024-12-31,2026-01-30,47716000000,,4796000000,4540000000,758000000,3782000000,13.63,4112000000,916000000,183000000,886000000,,1529000000,1501000000,1697000000,8826000000,7260000000,1502000000,55880000000,22063000000,277485000,273980202
GD,40533,Industrials,2025,2025-12-31,2026-01-30,52550000000,,5356000000,5103000000,893000000,4210000000,15.45,5120000000,1161000000,196000000,924000000,,1593000000,637000000,2333000000,8074000000,7007000000,1006000000,57249000000,25622000000,272425000,270389759
GDDY,1609711,Information Technology,2019,2019-12-31,2022-02-17,,,202600000,126400000,-12000000,137000000,,723400000,87600000,147000000,209700000,92100000,,458600000,,2432300000,2376800000,18400000,6301200000,772000000,,
GDDY,1609711,Information Technology,2020,2020-12-31,2023-02-16,,,272200000,-495400000,-1300000,-495100000,,764600000,66500000,191500000,202700000,91300000,,541700000,,3153600000,3090100000,24300000,6432900000,-12900000,,
GDDY,1609711,Information Technology,2021,2021-12-31,2024-02-29,,,382100000,253600000,10800000,242300000,,829300000,51100000,207900000,199600000,126000000,,526000000,,3921200000,3858200000,24100000,7417100000,81700000,,
GDDY,1609711,Information Technology,2022,2022-12-31,2025-02-20,,,498800000,356500000,3600000,352200000,,979700000,59700000,264400000,194600000,146300000,,1294600000,,3901300000,3812900000,18200000,6973500000,-331800000,,
GDDY,1609711,Information Technology,2023,2023-12-31,2026-02-25,,,547400000,403800000,-971800000,1374800000,9.08,1047600000,42000000,296300000,171300000,179000000,,1270200000,,3876100000,3798500000,17900000,7564900000,62200000,151452000,
GDDY,1609711,Information Technology,2024,2024-12-31,2026-02-25,,,893500000,765400000,-171500000,936900000,6.45,1287700000,26600000,299900000,135300000,,,676500000,,3853900000,3779100000,15900000,8235400000,692100000,145287000,
GDDY,1609711,Information Technology,2025,2025-12-31,2026-02-25,,,1127300000,1020000000,145000000,875000000,6.22,1599400000,23900000,317800000,116600000,,,1601900000,,3829200000,3765200000,15100000,8034900000,215100000,140621000,141355906
GDDY,1609711,Information Technology,2026,2026-02-20,2026-02-25,,,,,,,,,,,,,,,,,,,,,,133354117
GE,40545,Industrials,2019,2019-12-31,2022-02-11,90221000000,,,-54000000,552000000,-4979000000,-4.99,8734000000,2216000000,400000000,,,,,,,,,265177000000,28316000000,1091000000,8705080100
GE,40545,Industrials,2020,2020-12-31,2023-02-10,75833000000,,,5970000000,-487000000,5704000000,4.63,3568000000,1579000000,353000000,,,,,,,,4713000000,256211000000,35552000000,1095000000,8740232000
GE,40545,Industrials,2021,2021-12-31,2024-02-02,56469000000,,,-5695000000,-757000000,-6337000000,-6,3481000000,1250000000,305000000,,,,107000000,,,,4361000000,198874000000,40310000000,1098000000,8767942000
GE,40545,Industrials,2022,2022-12-31,2025-02-03,29139000000,,,1522000000,169000000,336000000,0.05,5917000000,1371000000,143000000,,,,1048000000,,,,3739000000,188851000000,33696000000,1101000000,1099321882
GE,40545,Industrials,2023,2023-12-31,2026-01-29,35348000000,,,10441000000,994000000,9482000000,8.36,5189000000,,192000000,,,,1233000000,,20862000000,,1108000000,173300000000,27403000000,1099000000,1089286553
GE,40545,Industrials,2024,2024-12-31,2026-01-29,38702000000,,,7620000000,962000000,6556000000,5.99,4710000000,,286000000,,,,5827000000,,19273000000,,2039000000,123140000000,19342000000,1094000000,1088334304
GE,40545,Industrials,2025,2025-12-31,2026-01-29,45855000000,,,10000000000,1405000000,8704000000,8.14,8537000000,,325000000,,,,7551000000,,20469000000,,1686000000,130169000000,18677000000,1068000000,1073290505
GE,40545,Industrials,2026,2026-01-15,2026-01-29,,,,,,,,,,,,,,,,,,,,,,1048813612
GEHC,1932393,Health Care,2021,2021-12-31,2024-02-06,17585000000,7174000000,2795000000,2875000000,600000000,2247000000,4.95,,,76000000,225000000,40000000,0,,,,,,,,454000000,
GEHC,1932393,Health Care,2022,2022-12-31,2025-02-13,18341000000,7179000000,2522000000,2512000000,563000000,1916000000,4.22,,,67000000,228000000,77000000,0,,1440000000,8249000000,8234000000,7000000,27539000000,9357000000,454000000,
GEHC,1932393,Health Care,2023,2023-12-31,2026-02-04,19552000000,7922000000,2435000000,2361000000,743000000,1568000000,3.03,,,114000000,248000000,542000000,41000000,0,2494000000,9442000000,8436000000,1002000000,32454000000,7133000000,458000000,453926139
GEHC,1932393,Health Care,2024,2024-12-31,2026-02-04,19672000000,8205000000,2625000000,2581000000,531000000,1993000000,4.34,,,125000000,268000000,504000000,55000000,0,2874000000,8951000000,7449000000,1500000000,33089000000,8446000000,459000000,455357229
GEHC,1932393,Health Care,2025,2025-12-31,2026-02-04,20625000000,8248000000,2763000000,2768000000,614000000,2084000000,4.55,,,130000000,287000000,440000000,64000000,200000000,4492000000,10003000000,9495000000,502000000,36906000000,10379000000,458000000,457298310
GEHC,1932393,Health Care,2026,2026-01-28,2026-02-04,,,,,,,,,,,,,,,,,,,,,,455749767
GEN,849399,Information Technology,2019,2019-03-29,2021-05-21,,2001000000,158000000,-107000000,3000000,31000000,0.05,1495000000,207000000,352000000,615000000,,217000000,234000000,1791000000,4452000000,3961000000,491000000,15938000000,5738000000,632000000,618193875
GEN,849399,Information Technology,2020,2020-04-03,2022-05-20,,2097000000,355000000,819000000,241000000,3887000000,6.05,-861000000,89000000,312000000,361000000,,7481000000,1581000000,2177000000,4221000000,3465000000,756000000,7735000000,10000000,643000000,589028713
GEN,849399,Information Technology,2021,2021-04-02,2023-05-25,,2189000000,896000000,872000000,176000000,554000000,0.92,706000000,6000000,81000000,150000000,,373000000,304000000,933000000,3601000000,3288000000,313000000,6361000000,-500000000,600000000,579944942
GEN,849399,Information Technology,2022,2022-04-01,2024-05-16,,2388000000,1005000000,1042000000,206000000,836000000,1.41,974000000,6000000,70000000,140000000,,303000000,0,1887000000,3736000000,2736000000,1000000000,6943000000,-126000000,591000000,580064068
GEN,849399,Information Technology,2023,2023-03-31,2025-05-15,,2728000000,1206000000,783000000,-551000000,1334000000,2.14,757000000,6000000,134000000,329000000,,314000000,904000000,750000000,9762000000,9529000000,233000000,15947000000,2152000000,624000000,640770648
GEN,849399,Information Technology,2024,2024-03-29,2026-05-21,,3069000000,1110000000,447000000,-160000000,607000000,0.95,2064000000,20000000,138000000,485000000,,323000000,441000000,846000000,8604000000,8429000000,175000000,15793000000,2140000000,642000000,626145897
GEN,849399,Information Technology,2025,2025-03-28,2026-05-21,,3159000000,1610000000,1029000000,386000000,643000000,1.03,1221000000,15000000,133000000,419000000,,313000000,272000000,1006000000,8259000000,7968000000,291000000,15495000000,2269000000,624000000,620229707
GEN,849399,Information Technology,2026,2026-04-03,2026-05-21,,3923000000,2120000000,1511000000,538000000,973000000,1.57,1545000000,22000000,237000000,493000000,,312000000,634000000,,8196000000,8015000000,181000000,15589000000,2611000000,619000000,602433854
GEV,1996810,Industrials,2021,2021-12-31,2025-02-06,,,,,,,,,,,,,,,1800000000,,,,,,,
GEV,1996810,Industrials,2022,2022-12-31,2025-02-06,29654000000,3458000000,-2881000000,-2474000000,248000000,-2736000000,-10,-114000000,513000000,,779000000,,,,2067000000,,,,,,274000000,
GEV,1996810,Industrials,2023,2023-12-31,2026-01-29,33239000000,4818000000,-923000000,-130000000,344000000,-438000000,-1.6,1186000000,744000000,,724000000,,0,0,1551000000,,,,46121000000,7416000000,274000000,
GEV,1996810,Industrials,2024,2024-12-31,2026-01-29,34935000000,6085000000,471000000,2498000000,939000000,1552000000,5.58,2583000000,883000000,155000000,895000000,,0,43000000,4200000000,,,,51485000000,9546000000,278000000,
GEV,1996810,Industrials,2025,2025-12-31,2026-01-29,38068000000,7535000000,1388000000,2828000000,-2051000000,4884000000,17.69,4987000000,1277000000,257000000,615000000,,275000000,3316000000,8848000000,265000000,,24000000,63016000000,11178000000,276000000,269529464
GILD,882095,Health Care,2019,2019-12-31,2021-02-25,22449000000,,4287000000,5160000000,-204000000,5386000000,4.22,9144000000,825000000,636000000,255000000,995000000,3222000000,1749000000,11631000000,,22094000000,2499000000,61627000000,22525000000,1277000000,1275510558
GILD,882095,Health Care,2020,2020-12-31,2021-02-25,24689000000,,4071000000,1669000000,1580000000,123000000,0.1,8168000000,650000000,643000000,288000000,984000000,3449000000,1583000000,5997000000,31402000000,28645000000,2757000000,68407000000,18202000000,1263000000,1263636656
GILD,882095,Health Care,2021,2021-12-31,2024-02-23,,,9918000000,8278000000,2077000000,6225000000,4.93,11384000000,579000000,635000000,329000000,1001000000,3605000000,546000000,5338000000,26695000000,25179000000,1516000000,67952000000,21069000000,1262000000,1256593156
GILD,882095,Health Care,2022,2022-12-31,2025-02-28,,,7330000000,5814000000,1248000000,4592000000,3.64,9072000000,728000000,637000000,323000000,935000000,3709000000,1396000000,5412000000,25229000000,22957000000,2273000000,63171000000,21240000000,1262000000,1253886724
GILD,882095,Health Care,2023,2023-12-31,2026-02-24,,,7605000000,6859000000,1247000000,5665000000,4.5,8006000000,585000000,766000000,354000000,944000000,3809000000,1000000000,,24987000000,23189000000,1798000000,62125000000,22833000000,1258000000,1247105154
GILD,882095,Health Care,2024,2024-12-31,2026-02-24,,,1662000000,690000000,211000000,480000000,0.38,10828000000,523000000,835000000,381000000,,3918000000,1150000000,,26710000000,24896000000,1815000000,58995000000,19330000000,1255000000,1245774616
GILD,882095,Health Care,2025,2025-12-31,2026-02-24,,,10022000000,9796000000,1286000000,8510000000,6.78,10019000000,563000000,894000000,370000000,,4003000000,1922000000,,24937000000,22129000000,2807000000,59023000000,22703000000,1255000000,1245346062
GILD,882095,Health Care,2026,2026-02-13,2026-02-24,,,,,,,,,,,,,,,,,,,,,,1241420528
GIS,40704,Consumer Staples,2019,2019-05-26,2021-06-30,2043900000,,2515900000,2082000000,367800000,1752700000,2.9,2807000000,537600000,84900000,620100000,521800000,,1100000,450000000,,11624800000,1396500000,30111200000,7054500000,605400000,601959611
GIS,40704,Consumer Staples,2020,2020-05-31,2022-06-30,2045600000,,2953900000,2600200000,480500000,2181200000,3.56,3676200000,460800000,94900000,594700000,466500000,,3400000,1677800000,,10929000000,2331500000,30806700000,8058500000,613300000,609869264
GIS,40704,Consumer Staples,2021,2021-05-30,2023-06-28,2189200000,,3144800000,2857400000,629100000,2339800000,3.78,2983200000,530800000,89900000,601300000,420300000,,301400000,1505200000,,9786900000,2463800000,31841900000,9470400000,619100000,607210408
GIS,40704,Consumer Staples,2022,2022-05-29,2024-06-26,2134300000,,3475800000,3209600000,586300000,2707300000,4.42,3316100000,568700000,98700000,570300000,379600000,,876800000,569400000,,9134800000,1674200000,31090100000,10542400000,612600000,597158440
GIS,40704,Consumer Staples,2023,2023-05-28,2024-06-26,1957400000,,3433800000,3140500000,612200000,2593900000,4.31,2778600000,689500000,111700000,546600000,382100000,,1403600000,585500000,,,,31451700000,10449600000,601200000,585182745
GIS,40704,Consumer Staples,2024,2024-05-26,2024-06-26,2037800000,,3431700000,3028300000,594500000,2496600000,4.31,3302600000,774100000,95300000,552700000,479200000,1363400000,2002400000,418000000,,,,31469900000,9396700000,579500000,558145667
GIS,40704,Consumer Staples,2025,2025-05-25,2026-07-01,,,3304800000,2835000000,573700000,2295200000,4.1,2918200000,625300000,91700000,539000000,524200000,1338700000,1202900000,363900000,14201600000,12673200000,1528400000,33071100000,9199200000,557500000,542427490
GIS,40704,Consumer Staples,2026,2026-05-31,2026-07-01,,,885800000,405500000,414300000,-87600000,-0.16,2166200000,539900000,79400000,555200000,,1315300000,500300000,453800000,13469600000,12416000000,1053600000,30016700000,7368400000,537700000,533708396
GL,320335,Financials,2019,2019-12-31,2022-02-24,4527532000,910658000,920059000,931279000,170397000,760790000,6.83,1363874000,42203000,44843000,16000000,84306000,74188000,459569000,,1358363000,1348988000,9375000,25977460000,7294307000,111381250,110236297
GL,320335,Financials,2020,2020-12-31,2023-02-23,4737921000,901055000,905363000,896684000,164911000,731773000,6.82,1476434000,41756000,35892000,17000000,86704000,78192000,443866000,,1667886000,1667886000,0,29046731000,8771092000,107224594,107533326
GL,320335,Financials,2021,2021-12-31,2024-02-28,5112038000,1215292000,1227190000,1274611000,243497000,1031114000,9.99,1437680000,38244000,30272000,20000000,83486000,80043000,541435000,,1696246000,1546494000,149752000,29768048000,2003808000,103170132,103283402
GL,320335,Financials,2022,2022-12-31,2025-02-26,5226740000,1178659000,1186466000,1102111000,207725000,894386000,9.04,1422194000,27929000,35650000,21000000,90395000,80547000,454638000,,1793452000,1627952000,165500000,28215723000,3949577000,98984644,99338401
GL,320335,Financials,2023,2023-12-31,2026-02-25,5447533000,1259942000,1265012000,1194266000,223511000,970755000,10.07,1482425000,49553000,30736000,21000000,102316000,84116000,511100000,,1629559000,1629559000,0,28051499000,4486803000,96363841,96497627
GL,320335,Financials,2024,2024-12-31,2026-02-25,5778069000,,,1326637000,255875000,1070762000,11.94,1402440000,71045000,40118000,27000000,127092000,85485000,1002109000,,,2324251000,,29076181000,5305520000,89661422,93707838
GL,320335,Financials,2025,2025-12-31,2026-02-25,5994318000,,,1435975000,274737000,1161238000,14.07,1396391000,142484000,53355000,30000000,141221000,86067000,880983000,,,2320793000,,30813692000,5974579000,82524992,83848424
GL,320335,Financials,2026,2026-01-30,2026-02-25,,,,,,,,,,,,,,,,,,,,,,78637130
GLW,24741,Information Technology,2019,2019-12-31,2022-02-14,11503000000,4035000000,1306000000,1216000000,256000000,960000000,1.07,2031000000,,56000000,1390000000,,,940000000,,,,,28898000000,12907000000,899000000,786761073
GLW,24741,Information Technology,2020,2020-12-31,2023-02-13,11303000000,3531000000,509000000,634000000,111000000,512000000,0.54,2180000000,,207000000,1399000000,,,105000000,,,,,30775000000,13257000000,772000000,763628266
GLW,24741,Information Technology,2021,2021-12-31,2024-02-12,14082000000,5063000000,2112000000,2426000000,491000000,1906000000,1.28,3412000000,,190000000,1352000000,,,274000000,,,,,30154000000,12333000000,844000000,768367889
GLW,24741,Information Technology,2022,2022-12-31,2025-02-13,14189000000,4506000000,1438000000,1797000000,411000000,1316000000,1.54,2615000000,,175000000,1329000000,292000000,,221000000,,,,,29499000000,12008000000,857000000,845849498
GLW,24741,Information Technology,2023,2023-12-31,2026-02-12,12588000000,3931000000,890000000,816000000,168000000,581000000,0.68,2005000000,,218000000,1247000000,329000000,,,1779000000,,,,28500000000,11551000000,859000000,846563422
GLW,24741,Information Technology,2024,2024-12-31,2026-02-12,13118000000,4276000000,1135000000,813000000,221000000,506000000,0.58,1939000000,,273000000,1229000000,329000000,,165000000,1768000000,,,,27735000000,10686000000,869000000,853474317
GLW,24741,Information Technology,2025,2025-12-31,2026-02-12,15629000000,5621000000,2279000000,2052000000,310000000,1596000000,1.83,2695000000,,286000000,1237000000,336000000,,163000000,1526000000,,,,30976000000,11807000000,871000000,856564001
GLW,24741,Information Technology,2026,2026-01-30,2026-02-12,,,,,,,,,,,,,,,,,,,,,,857948109
GM,1467858,Consumer Discretionary,2019,2019-12-31,2022-02-02,137237000000,,5481000000,7436000000,769000000,6732000000,4.57,15021000000,7592000000,456000000,14060000000,4423000000,,0,19069000000,,,,228037000000,41792000000,1439000000,1409478926
GM,1467858,Consumer Discretionary,2020,2020-12-31,2023-01-31,122485000000,,6634000000,8095000000,1774000000,6427000000,4.33,16670000000,5300000000,351000000,12676000000,4121000000,,90000000,19992000000,,,,235194000000,45030000000,1442000000,1429002063
GM,1467858,Consumer Discretionary,2021,2021-12-31,2024-01-30,127004000000,,9324000000,12716000000,2771000000,10019000000,6.7,15188000000,7509000000,391000000,12047000000,,,0,20067000000,,,,244718000000,59744000000,1468000000,1440912820
GM,1467858,Consumer Discretionary,2022,2022-12-31,2025-01-28,156735000000,,10315000000,11597000000,1888000000,9934000000,6.13,16043000000,9238000000,419000000,11276000000,,,2500000000,19153000000,,,,264037000000,67792000000,1454000000,1453021337
GM,1467858,Consumer Discretionary,2023,2023-12-31,2026-01-27,171842000000,,9298000000,10403000000,563000000,10127000000,7.32,20930000000,10970000000,340000000,11737000000,,,11115000000,18853000000,,,,273064000000,64286000000,1369000000,1394637226
GM,1467858,Consumer Discretionary,2024,2024-12-31,2026-01-27,187442000000,,12784000000,8519000000,2556000000,6008000000,6.37,20129000000,10830000000,332000000,11456000000,,,7064000000,19872000000,,,,279761000000,63072000000,1129000000,1154433287
GM,1467858,Consumer Discretionary,2025,2025-12-31,2026-01-27,185019000000,,2909000000,3117000000,338000000,2697000000,3.27,26867000000,9303000000,334000000,11980000000,,,6012000000,20945000000,,,,281284000000,61119000000,973000000,995001891
GM,1467858,Consumer Discretionary,2026,2026-01-15,2026-01-27,,,,,,,,,,,,,,,,,,,,,,903967853
GNRC,1474735,Industrials,2019,2019-12-31,2022-02-22,2204336000,797752000,372163000,319607000,67299000,252007000,4.03,308887000,60802000,16694000,60767000,41544000,285000,0,322883000,,832236000,553000,2665669000,1032382000,62865446,62129621
GNRC,1474735,Industrials,2020,2020-12-31,2023-02-22,2485200000,957654000,479106000,446191000,98973000,350576000,5.48,486533000,62128000,20882000,68773000,32991000,0,0,655128000,,833990000,1836000,3235423000,1390293000,63737734,62567525
GNRC,1474735,Industrials,2021,2021-12-31,2024-02-21,3737184000,1360082000,721136000,691526000,134957000,550494000,8.3,411156000,109992000,23954000,92041000,32953000,0,125992000,147339000,,882060000,1721000,4877780000,2213774000,64253408,62861442
GNRC,1474735,Industrials,2022,2022-12-31,2025-02-19,4564737000,1522004000,566330000,508466000,99596000,399502000,5.42,58516000,86188000,29481000,156141000,54826000,309000,345840000,132723000,,1370966000,10083000,5169462000,2257381000,64681357,63783651
GNRC,1474735,Industrials,2023,2023-12-31,2026-02-18,4022667000,1365431000,386199000,290300000,73180000,214606000,3.27,521670000,129060000,35492000,166602000,97627000,0,251513000,200994000,,1434825000,42110000,5093312000,2340252000,62058387,61887460
GNRC,1474735,Industrials,2024,2024-12-31,2026-02-18,4295834000,1665626000,536742000,409438000,92460000,316315000,5.39,741301000,136733000,49248000,171768000,89713000,273000,152743000,281277000,,1211250000,60753000,5109331000,2494278000,60350412,60269310
GNRC,1474735,Industrials,2025,2025-12-31,2026-02-18,4209147000,1611737000,289191000,199060000,37706000,159554000,2.69,437978000,169850000,49947000,194835000,70697000,293000,147917000,341413000,,1193750000,12729000,5573679000,2632422000,59275781,59614025
GNRC,1474735,Industrials,2026,2026-02-13,2026-02-18,,,,,,,,,,,,,,,,,,,,,,58675827
GOOG,1652044,Communication Services,2018,2018-12-31,2021-02-03,136819000000,,27524000000,34913000000,4177000000,30736000000,43.7,47971000000,25139000000,9353000000,,114000000,,9075000000,16701000000,4062000000,3950000000,,232792000000,177628000000,,695556000
GOOG,1652044,Communication Services,2019,2019-12-31,2022-02-02,161857000000,,34231000000,39625000000,5282000000,34343000000,49.16,54520000000,23548000000,10794000000,,100000000,,18396000000,18498000000,4685000000,3958000000,0,275909000000,201442000000,,688335000
GOOG,1652044,Communication Services,2020,2020-12-31,2022-02-02,182527000000,,41224000000,48082000000,7813000000,40269000000,2.93,65124000000,22281000000,12991000000,,135000000,,31149000000,26465000000,15319000000,,999000000,319616000000,222544000000,,675222000
GOOG,1652044,Communication Services,2021,2021-12-31,2022-02-02,257637000000,,78714000000,90734000000,14701000000,76033000000,5.61,91652000000,24640000000,15376000000,10273000000,346000000,,50274000000,20945000000,15440000000,,0,359268000000,251635000000,,13242000000
GOOG,1652044,Communication Services,2022,2022-12-31,2025-02-05,,,74842000000,71328000000,11356000000,59972000000,4.56,91495000000,31485000000,19362000000,13475000000,357000000,0,59296000000,21879000000,15312000000,,0,365264000000,256144000000,13159000000,12849000000
GOOG,1652044,Communication Services,2023,2023-12-31,2026-02-05,307394000000,,84293000000,85717000000,11922000000,73795000000,5.8,101746000000,32251000000,22460000000,11946000000,308000000,0,61504000000,24048000000,13000000000,11870000000,1000000000,402392000000,283379000000,12722000000,12460000000
GOOG,1652044,Communication Services,2024,2024-12-31,2026-02-05,350018000000,,112390000000,119815000000,19697000000,100118000000,8.04,125299000000,52535000000,22785000000,15311000000,,7363000000,62222000000,23466000000,12000000000,10883000000,999000000,450256000000,325084000000,12447000000,12211000000
GOOG,1652044,Communication Services,2025,2025-12-31,2026-02-05,402836000000,,129039000000,158826000000,26656000000,132170000000,10.81,164713000000,91447000000,24953000000,21136000000,,10049000000,45709000000,30708000000,49085000000,46547000000,1996000000,595281000000,415265000000,12230000000,12088000000
GOOGL,1652044,Communication Services,2018,2018-12-31,2021-02-03,136819000000,,27524000000,34913000000,4177000000,30736000000,43.7,47971000000,25139000000,9353000000,,114000000,,9075000000,16701000000,4062000000,3950000000,,232792000000,177628000000,,695556000
GOOGL,1652044,Communication Services,2019,2019-12-31,2022-02-02,161857000000,,34231000000,39625000000,5282000000,34343000000,49.16,54520000000,23548000000,10794000000,,100000000,,18396000000,18498000000,4685000000,3958000000,0,275909000000,201442000000,,688335000
GOOGL,1652044,Communication Services,2020,2020-12-31,2022-02-02,182527000000,,41224000000,48082000000,7813000000,40269000000,2.93,65124000000,22281000000,12991000000,,135000000,,31149000000,26465000000,15319000000,,999000000,319616000000,222544000000,,675222000
GOOGL,1652044,Communication Services,2021,2021-12-31,2022-02-02,257637000000,,78714000000,90734000000,14701000000,76033000000,5.61,91652000000,24640000000,15376000000,10273000000,346000000,,50274000000,20945000000,15440000000,,0,359268000000,251635000000,,13242000000
GOOGL,1652044,Communication Services,2022,2022-12-31,2025-02-05,,,74842000000,71328000000,11356000000,59972000000,4.56,91495000000,31485000000,19362000000,13475000000,357000000,0,59296000000,21879000000,15312000000,,0,365264000000,256144000000,13159000000,12849000000
GOOGL,1652044,Communication Services,2023,2023-12-31,2026-02-05,307394000000,,84293000000,85717000000,11922000000,73795000000,5.8,101746000000,32251000000,22460000000,11946000000,308000000,0,61504000000,24048000000,13000000000,11870000000,1000000000,402392000000,283379000000,12722000000,12460000000
GOOGL,1652044,Communication Services,2024,2024-12-31,2026-02-05,350018000000,,112390000000,119815000000,19697000000,100118000000,8.04,125299000000,52535000000,22785000000,15311000000,,7363000000,62222000000,23466000000,12000000000,10883000000,999000000,450256000000,325084000000,12447000000,12211000000
GOOGL,1652044,Communication Services,2025,2025-12-31,2026-02-05,402836000000,,129039000000,158826000000,26656000000,132170000000,10.81,164713000000,91447000000,24953000000,21136000000,,10049000000,45709000000,30708000000,49085000000,46547000000,1996000000,595281000000,415265000000,12230000000,12088000000
GPC,40987,Consumer Discretionary,2019,2019-12-31,2022-02-17,17522234000,5859683000,,859283000,212808000,621085000,4.24,892010000,277873000,28703000,257263000,91405000,438890000,74187000,276992000,3426099000,2802056000,624043000,14645629000,3674707000,146417000,145943765
GPC,40987,Consumer Discretionary,2020,2020-12-31,2023-02-23,16537433000,5654841000,,379368000,215973000,-29102000,-0.2,,153502000,22621000,272842000,91048000,453277000,96215000,,2677145000,2516614000,160531000,13440215000,3204796000,145115000,145381623
GPC,40987,Consumer Discretionary,2021,2021-12-31,2024-02-22,18870510000,6634136000,,1200346000,301556000,898790000,6.23,1258285000,266136000,25597000,290971000,62150000,465649000,333599000,,2409363000,2409363000,0,14352102000,3490742000,144221000,144404012
GPC,40987,Consumer Discretionary,2022,2022-12-31,2025-02-21,22095973000,7740104000,,1572602000,389901000,1182701000,8.31,1466971000,339632000,38058000,347819000,73887000,495917000,222726000,,3328823000,3076794000,252029000,16495379000,3790363000,142322000,141963257
GPC,40987,Consumer Discretionary,2023,2023-12-31,2026-02-20,23090610000,8290672000,,1742348000,425824000,1316524000,9.33,1435610000,512675000,57226000,350529000,64469000,526674000,261473000,,3906228000,3550930000,355298000,17968454000,4401047000,141034000,140807089
GPC,40987,Consumer Discretionary,2024,2024-12-31,2026-02-20,23486569000,8523615000,,1175968000,271892000,904076000,6.47,1251251000,567339000,40693000,407978000,,554931000,149999000,,4284345000,3742640000,500000000,19282705000,4337407000,139670000,139423152
GPC,40987,Consumer Discretionary,2025,2025-12-31,2026-02-20,24300141000,8940698000,,52168000,-13777000,65945000,0.47,890762000,469838000,48847000,538023000,,563842000,0,,4795751000,3498423000,353788000,20795540000,4422991000,139250000,138782030
GPC,40987,Consumer Discretionary,2026,2026-02-17,2026-02-20,,,,,,,,,,,,,,,,,,,,,,137622108
GPN,1123360,Financials,2019,2019-12-31,2022-02-18,,,791417000,,62190000,430613000,2.16,1391278000,,89634000,878335000,301200000,63498000,311383000,1678273000,9125501000,9090364000,35137000,44480162000,27855747000,199134000,157603304
GPN,1123360,Financials,2020,2020-12-31,2023-02-17,,,893953000,,77153000,584520000,1.95,2314150000,,148792000,1614440000,326800000,233216000,631148000,1945868000,,,,44201545000,27332370000,300516000,299627279
GPN,1123360,Financials,2021,2021-12-31,2024-02-14,,,1358876000,,169034000,965460000,3.29,2780825000,,180779000,1691384000,328000000,259726000,2533629000,1979308000,11408600000,,,45279713000,25628201000,293669000,295243402
GPN,1123360,Financials,2022,2022-12-31,2025-02-14,,,640151000,,166694000,111493000,0.4,2244040000,,163261000,1662455000,437000000,273955000,2921307000,1997566000,13496885000,,,44809014000,22303506000,275576000,281968006
GPN,1123360,Financials,2023,2023-12-31,2026-02-20,,,1315614000,,186517000,986233000,3.77,2549805000,,208994000,1141894000,627600000,260431000,418272000,2088887000,16368080000,,,50570186000,22999210000,261698000,263154052
GPN,1123360,Financials,2024,2024-12-31,2026-02-20,,,1974500000,,241513000,1570365000,6.16,3057583000,,164244000,1217288000,608400000,252811000,1551950000,2356470000,16326073000,,,46890255000,22280686000,254845000,257984986
GPN,1123360,Financials,2025,2025-12-31,2026-02-20,,,1754624000,,251557000,1400107000,5.78,2656592000,,153647000,1229208000,633500000,238521000,1191020000,8336402000,21551201000,,,53338484000,22888767000,242008000,247616186
GPN,1123360,Financials,2026,2026-02-10,2026-02-20,,,,,,,,,,,,,,,,,,,,,,279901327
GRMN,1121788,Consumer Discretionary,2019,2019-12-28,2022-02-16,3757505000,2233976000,945586000,987222000,34736000,952486000,4.99,698549000,118031000,63400000,71921000,,417264000,,1027567000,,,,6166799000,4793496000,190899000,198077418
GRMN,1121788,Consumer Discretionary,2020,2020-12-26,2023-02-22,4186573000,2481336000,1054240000,1103410000,111086000,992324000,5.17,1135267000,185401000,80885000,78121000,,450631000,,1458442000,,,,7031373000,5516116000,191895,190687357
GRMN,1121788,Consumer Discretionary,2021,2021-12-25,2024-02-21,4982795000,2890459000,1218620000,1206796000,124596000,1082200000,5.61,1012427000,307645000,92522000,103498000,,491457000,,1498058000,,,,7854427000,6114159000,193043,191571374
GRMN,1121788,Consumer Discretionary,2022,2022-12-31,2025-02-19,4860286000,2806775000,1027845000,1064974000,91389000,973585000,5.04,788259000,244286000,76801000,118743000,,679096000,,1279194000,,,,7731170000,6204340000,193042000,192787080
GRMN,1121788,Consumer Discretionary,2023,2023-12-30,2026-02-18,5228252000,3004955000,1092160000,1200356000,-89280000,1289636000,6.71,1376265000,193524000,101422000,132347000,,558769000,,1693452000,,,,8603569000,7012060000,192058000,191359482
GRMN,1121788,Consumer Discretionary,2024,2024-12-28,2026-02-18,6296903000,3696555000,1593994000,1695401000,283965000,1411436000,7.3,1432471000,193571000,137162000,140494000,,572355000,,2079468000,,,,9630527000,7848398000,193281000,191777417
GRMN,1121788,Consumer Discretionary,2025,2025-12-27,2026-02-18,7245519000,4256303000,1876076000,2014535000,350648000,1663887000,8.59,1633359000,270446000,166003000,152611000,,663885000,,2278646000,,,,10993669000,8972564000,193616000,192403775
GRMN,1121788,Consumer Discretionary,2026,2026-02-13,2026-02-18,,,,,,,,,,,,,,,,,,,,,,192480830
GS,886982,Financials,2019,2019-12-31,2022-02-25,36546000000,,,10583000000,2117000000,8466000000,21.03,23868000000,8443000000,2018000000,1704000000,17376000000,2104000000,5335000000,133546000000,,,,992968000000,90265000000,375500000,368272261
GS,886982,Financials,2020,2020-12-31,2023-02-24,44560000000,,,12479000000,3020000000,9459000000,24.74,-18535000000,6309000000,1920000000,1902000000,8938000000,2336000000,1928000000,155842000000,,,,1163028000000,95932000000,360300000,345672769
GS,886982,Financials,2021,2021-12-31,2024-02-23,59339000000,,,27044000000,5409000000,21635000000,59.45,6298000000,4667000000,2348000000,2015000000,5650000000,2725000000,5200000000,261036000000,,,,1463988000000,109926000000,355800000,345794361
GS,886982,Financials,2022,2022-12-31,2025-02-27,47365000000,,,13486000000,2225000000,11261000000,30.06,8708000000,3748000000,4083000000,2455000000,21346000000,3682000000,3500000000,241825000000,,,,1441799000000,117189000000,358100000,337922970
GS,886982,Financials,2023,2023-12-31,2026-02-25,46254000000,,,10739000000,2223000000,8516000000,22.87,-12587000000,2316000000,2085000000,4856000000,62164000000,4189000000,5796000000,241577000000,,,,1641594000000,116905000000,345800000,335423289
GS,886982,Financials,2024,2024-12-31,2026-02-25,53512000000,,,18397000000,4121000000,14276000000,40.54,-13212000000,2091000000,2663000000,2392000000,73341000000,4497000000,8000000000,182092000000,,,,1675972000000,121996000000,333600000,325562747
GS,886982,Financials,2025,2025-12-31,2026-02-25,58283000000,,,21852000000,4676000000,17176000000,51.32,-45154000000,2064000000,3445000000,2182000000,66814000000,5277000000,12360000000,164259000000,,,,1809320000000,124972000000,317600000,312039033
GS,886982,Financials,2026,2026-02-06,2026-02-25,,,,,,,,,,,,,,,,,,,,,,296752922
GWW,277135,Industrials,2019,2019-12-31,2022-02-23,,4397000000,1262000000,1209000000,314000000,849000000,15.32,1042000000,221000000,40000000,210000000,,328000000,700000000,360000000,,1914000000,246000000,6005000000,1855000000,54900000,55679223
GWW,277135,Industrials,2020,2020-12-31,2023-02-21,,4238000000,1019000000,947000000,192000000,695000000,12.82,1123000000,197000000,46000000,169000000,,338000000,601000000,585000000,,2389000000,8000000,6295000000,1828000000,53700000,53656306
GWW,277135,Industrials,2021,2021-12-31,2024-02-22,,4720000000,1547000000,1485000000,371000000,1043000000,19.84,937000000,255000000,42000000,173000000,,357000000,695000000,241000000,,2362000000,0,6592000000,1874000000,52200000,52375717
GWW,277135,Industrials,2022,2022-12-31,2025-02-20,,5849000000,2215000000,2146000000,533000000,1547000000,30.06,1333000000,256000000,48000000,206000000,,370000000,603000000,325000000,,2284000000,35000000,7588000000,2440000000,51100000,51107898
GWW,277135,Industrials,2023,2023-12-31,2026-02-19,,6496000000,2565000000,2500000000,597000000,1829000000,36.23,2031000000,445000000,62000000,277000000,,392000000,850000000,660000000,2300000000,2266000000,34000000,8147000000,3115000000,50100000,50199270
GWW,277135,Industrials,2024,2024-12-31,2026-02-19,,6758000000,2637000000,2584000000,595000000,1909000000,38.71,2111000000,541000000,62000000,311000000,,421000000,1201000000,1036000000,2778000000,2279000000,499000000,8829000000,3358000000,49000000,49173357
GWW,277135,Industrials,2025,2025-12-31,2026-02-19,,7009000000,2495000000,2430000000,622000000,1706000000,35.4,2015000000,684000000,64000000,330000000,,467000000,1045000000,585000000,2488000000,2362000000,126000000,8962000000,3736000000,48000000,48216708
GWW,277135,Industrials,2026,2026-02-12,2026-02-19,,,,,,,,,,,,,,,,,,,,,,47373024
HAL,45012,Energy,2019,2019-12-31,2022-02-04,,,-448000000,-1122000000,7000000,-1131000000,-1.29,2445000000,1530000000,,1625000000,,630000000,100000000,2268000000,,10316000000,11000000,25377000000,8012000000,875000000,872542842
HAL,45012,Energy,2020,2020-12-31,2023-02-07,,,-2436000000,-3220000000,-278000000,-2945000000,,1881000000,728000000,,1058000000,,278000000,100000000,2563000000,,9132000000,695000000,20680000000,4974000000,881000000,879911447
HAL,45012,Energy,2021,2021-12-31,2024-02-06,,,1800000000,1252000000,-216000000,1457000000,,1911000000,799000000,,904000000,,161000000,0,3044000000,,9127000000,7000000,22321000000,6713000000,892000000,888632775
HAL,45012,Energy,2022,2022-12-31,2025-02-12,,,2707000000,2110000000,515000000,1572000000,,2242000000,1011000000,,940000000,,435000000,250000000,2346000000,,7928000000,,23255000000,7948000000,908000000,898571517
HAL,45012,Energy,2023,2023-12-31,2026-02-06,,,4083000000,3363000000,701000000,2638000000,,3458000000,1379000000,,998000000,,576000000,800000000,2264000000,,7636000000,0,24683000000,9391000000,902000000,904081200
HAL,45012,Energy,2024,2024-12-31,2026-02-06,,,3822000000,3234000000,718000000,2501000000,,3865000000,1442000000,,1079000000,,600000000,1005000000,2618000000,7160000000,7160000000,381000000,25587000000,10506000000,883000000,890101601
HAL,45012,Energy,2025,2025-12-31,2026-02-06,,,2260000000,1771000000,479000000,1283000000,,2926000000,1254000000,,1136000000,,579000000,1007000000,2206000000,7158000000,7158000000,0,25010000000,10461000000,853000000,868091623
HAL,45012,Energy,2026,2026-01-30,2026-02-06,,,,,,,,,,,,,,,,,,,,,,837548345
HAS,46080,Consumer Discretionary,2019,2019-12-29,2022-02-23,4720200000,,652100000,594300000,73800000,520500000,4.05,653100000,133600000,28000000,180800000,101900000,336600000,61400000,4580369000,4046457000,4046457000,0,8855600000,2995530000,128500000,125842470
HAS,46080,Consumer Discretionary,2020,2020-12-27,2023-02-22,5465400000,,501800000,322100000,96700000,222500000,1.62,976300000,125800000,49700000,265000000,201100000,372700000,0,1449700000,4660015000,4660000000,432600000,10818400000,,137600000,136876923
HAS,46080,Consumer Discretionary,2021,2021-12-26,2024-02-28,6420400000,,763300000,581900000,146600000,428700000,3.1,817900000,132700000,97800000,280100000,179700000,374500000,0,,,3824200000,200100000,10037800000,,138400000,137351697
HAS,46080,Consumer Discretionary,2022,2022-12-25,2025-02-27,6666500000,,407700000,261500000,58500000,203500000,1.46,372900000,128200000,83400000,232500000,171000000,385300000,125000000,,,3711200000,113200000,9295900000,,138900000,138959768
HAS,46080,Consumer Discretionary,2023,2023-12-31,2026-02-25,5710600000,,-1538800000,-1709100000,-221300000,-1489300000,-10.73,725600000,135500000,72400000,210700000,186300000,388000000,0,,,2965800000,500000000,6540900000,,138800000,138219857
HAS,46080,Consumer Discretionary,2024,2024-12-29,2026-02-25,4745900000,,690000000,497000000,102600000,385600000,2.75,847400000,87200000,50800000,163000000,,389900000,0,,,3380800000,0,6340300000,,140300000,138791480
HAS,46080,Consumer Discretionary,2025,2025-12-28,2026-02-25,5365900000,,11100000,-102000000,216200000,-322400000,-2.3,893200000,63300000,80400000,135500000,,392500000,,,,2767900000,497000000,5552000000,,140200000,139531311
HAS,46080,Consumer Discretionary,2026,2026-02-13,2026-02-25,,,,,,,,,,,,,,,,,,,,,,140685758
HBAN,49196,Financials,2019,2019-12-31,2022-02-18,939000000,,,1659000000,248000000,1411000000,1.27,1574000000,107000000,83000000,386000000,988000000,597000000,441000000,,9849000000,,,109002000000,11795000000,1056079000,1019194130
HBAN,49196,Financials,2020,2020-12-31,2023-02-17,884000000,,,972000000,155000000,817000000,0.69,1323000000,119000000,77000000,367000000,423000000,614000000,92000000,,8352000000,,,123038000000,12993000000,1032683000,
HBAN,49196,Financials,2021,2021-12-31,2024-02-16,1113000000,,,1591000000,294000000,1295000000,0.9,2062000000,247000000,129000000,391000000,89000000,750000000,650000000,,7108000000,,,174064000000,19297000000,1286733000,1017194968
HBAN,49196,Financials,2022,2022-12-31,2025-02-14,1318000000,,,2764000000,515000000,2238000000,1.45,4027000000,214000000,105000000,484000000,696000000,897000000,0,,9686000000,,,182906000000,17731000000,1465220000,1438088216
HBAN,49196,Financials,2023,2023-12-31,2026-02-13,1400000000,,,2384000000,413000000,1951000000,1.24,2657000000,140000000,97000000,798000000,3477000000,900000000,0,,12394000000,,,189368000000,19353000000,1468016000,1443016884
HBAN,49196,Financials,2024,2024-12-31,2026-02-13,1468000000,,,2403000000,443000000,1940000000,1.22,1836000000,143000000,106000000,622000000,,903000000,,,16374000000,,,204230000000,19740000000,1476442000,1448345863
HBAN,49196,Financials,2025,2025-12-31,2026-02-13,1562000000,,,2688000000,459000000,2211000000,1.39,2482000000,267000000,113000000,,,908000000,,,17221000000,,,225106000000,24342000000,1504836000,1453758267
HBAN,49196,Financials,2026,2026-02-01,2026-02-13,,,,,,,,,,,,,,,,,,,,,,2029792391
HCA,860730,Health Care,2019,2019-12-31,2022-02-18,51336000000,,,5244000000,1099000000,3505000000,10.07,7602000000,4158000000,347000000,2596000000,1824000000,,1031000000,621000000,33722000000,33577000000,145000000,45058000000,-2808000000,348226000,342376700
HCA,860730,Health Care,2020,2020-12-31,2023-02-17,51533000000,,,5430000000,1043000000,3754000000,10.93,9232000000,2835000000,362000000,2721000000,1584000000,,441000000,1793000000,31004000000,30795000000,209000000,47490000000,572000000,343605000,338427300
HCA,860730,Health Care,2021,2021-12-31,2024-02-16,58752000000,,,9833000000,2112000000,6956000000,21.16,8959000000,3577000000,440000000,2853000000,1566000000,,8215000000,1451000000,34579000000,34342000000,237000000,50742000000,-933000000,328752000,339917500
HCA,860730,Health Care,2022,2022-12-31,2025-02-14,60233000000,,,8580000000,1746000000,5643000000,19.15,8522000000,4395000000,341000000,2969000000,1741000000,,7000000000,908000000,38084000000,37714000000,370000000,52438000000,-2767000000,294666000,303600000
HCA,860730,Health Care,2023,2023-12-31,2026-02-10,64968000000,,,7706000000,1615000000,5242000000,18.97,9431000000,4744000000,262000000,3077000000,1938000000,,3811000000,935000000,39593000000,37169000000,2424000000,56211000000,-1774000000,276412000,276966400
HCA,860730,Health Care,2024,2024-12-31,2026-02-10,70603000000,,,8523000000,1866000000,5760000000,22,10514000000,4875000000,360000000,3312000000,2061000000,,6042000000,1933000000,43031000000,38333000000,4698000000,59513000000,-2499000000,261806000,264498700
HCA,860730,Health Care,2025,2025-12-31,2026-02-10,75600000000,,,9832000000,2050000000,6784000000,28.33,12636000000,4944000000,401000000,3523000000,2248000000,,10067000000,1040000000,44285000000,41603000000,,60720000000,-6027000000,239495000,248341900
HCA,860730,Health Care,2026,2026-01-31,2026-02-10,,,,,,,,,,,,,,,,,,,,,,223622200
HD,354950,Consumer Discretionary,2019,2019-02-03,2021-03-24,,37160000000,15530000000,,3435000000,11121000000,9.73,13165000000,2442000000,282000000,2152000000,1051000000,4704000000,9963000000,1778000000,,,,44003000000,-1878000000,1143000000,1103903507
HD,354950,Consumer Discretionary,2020,2020-02-02,2022-03-23,,37572000000,15843000000,14715000000,3473000000,11242000000,10.25,13687000000,2678000000,251000000,2296000000,1201000000,5958000000,6965000000,2133000000,29500000000,,,51236000000,-3116000000,1097000000,1074741592
HD,354950,Consumer Discretionary,2021,2021-01-31,2023-03-15,,44853000000,18278000000,16978000000,4112000000,12866000000,11.94,18839000000,2463000000,310000000,2519000000,1347000000,6451000000,791000000,7895000000,34750000000,,,70581000000,3299000000,1078000000,1077069383
HD,354950,Consumer Discretionary,2022,2022-01-30,2024-03-13,,50832000000,23040000000,21737000000,5304000000,16433000000,15.53,16571000000,2566000000,399000000,2862000000,1347000000,6985000000,14809000000,2343000000,36400000000,,,71876000000,-1696000000,1058000000,1033349933
HD,354950,Consumer Discretionary,2023,2023-01-29,2025-03-21,,52778000000,24039000000,22477000000,5372000000,17105000000,16.69,14615000000,3119000000,366000000,2796000000,1617000000,7789000000,6696000000,2757000000,41150000000,,,76445000000,1562000000,1025000000,1014955506
HD,354950,Consumer Discretionary,2024,2024-01-28,2026-03-18,,50960000000,21689000000,19924000000,4781000000,15143000000,15.11,21172000000,3226000000,380000000,3061000000,1943000000,8383000000,7951000000,3760000000,42150000000,,,76530000000,1044000000,1002000000,991015773
HD,354950,Consumer Discretionary,2025,2025-02-02,2026-03-18,,53308000000,21526000000,19406000000,4600000000,14806000000,14.91,19810000000,3485000000,442000000,3336000000,,8929000000,649000000,1659000000,51365000000,,,96119000000,6640000000,993000000,994032168
HD,354950,Consumer Discretionary,2026,2026-02-01,2026-03-18,,54865000000,20890000000,18602000000,4446000000,14156000000,14.23,16325000000,3679000000,522000000,3514000000,,9152000000,0,1389000000,49397000000,,,105095000000,12813000000,995000000,996011466
HIG,874766,Financials,2019,2019-12-31,2022-02-18,20740000000,,,2560000000,475000000,2085000000,5.66,3489000000,105000000,,283000000,259000000,433000000,200000000,262000000,4348000000,4348000000,,70817000000,16270000000,364900000,
HIG,874766,Financials,2020,2020-12-31,2023-02-24,20523000000,,,2120000000,383000000,1737000000,4.76,3871000000,114000000,,271000000,236000000,457000000,150000000,239000000,4352000000,4352000000,,74111000000,18556000000,360600000,358252183
HIG,874766,Financials,2021,2021-12-31,2024-02-23,22390000000,,,2905000000,534000000,2371000000,6.64,4093000000,133000000,,282000000,234000000,485000000,1702000000,337000000,4944000000,4944000000,,76578000000,18491000000,354100000,357514315
HIG,874766,Financials,2022,2022-12-31,2025-02-21,22362000000,,,2262000000,443000000,1819000000,5.46,4008000000,175000000,,213000000,213000000,506000000,1550000000,344000000,4357000000,4357000000,,73008000000,13676000000,329500000,331646836
HIG,874766,Financials,2023,2023-12-31,2026-02-20,24527000000,,,3088000000,584000000,2504000000,7.97,4220000000,215000000,,204000000,199000000,528000000,1400000000,189000000,4362000000,4362000000,,76780000000,15327000000,311500000,313057095
HIG,874766,Financials,2024,2024-12-31,2026-02-20,26535000000,,,3849000000,738000000,3111000000,10.35,5909000000,145000000,,177000000,199000000,556000000,1514000000,234000000,4366000000,4366000000,,80917000000,16447000000,298600000,297350060
HIG,874766,Financials,2025,2025-12-31,2026-02-20,28368000000,,,4760000000,924000000,3836000000,13.32,5922000000,169000000,,187000000,199000000,592000000,1615000000,177000000,4371000000,4371000000,,85997000000,18979000000,286500000,285386985
HIG,874766,Financials,2026,2026-02-19,2026-02-20,,,,,,,,,,,,,,,,,,,,,,275863220
HII,1501585,Industrials,2019,2019-12-31,2022-02-10,8899000000,,736000000,683000000,134000000,549000000,13.26,896000000,530000000,30000000,227000000,70000000,149000000,262000000,75000000,1286000000,1286000000,,7031000000,1588000000,41400000,41529911
HII,1501585,Industrials,2020,2020-12-31,2023-02-09,9361000000,,799000000,810000000,114000000,696000000,17.14,1093000000,353000000,23000000,247000000,114000000,172000000,84000000,512000000,1686000000,1686000000,,8157000000,1901000000,40600000,40759988
HII,1501585,Industrials,2021,2021-12-31,2024-02-01,9524000000,,513000000,622000000,78000000,544000000,13.5,760000000,331000000,33000000,293000000,89000000,186000000,101000000,627000000,3298000000,3298000000,,10627000000,2808000000,40300000,40316760
HII,1501585,Industrials,2022,2022-12-31,2025-02-06,10676000000,,565000000,719000000,140000000,579000000,14.44,766000000,284000000,36000000,358000000,102000000,192000000,52000000,467000000,2905000000,2506000000,399000000,10857000000,3489000000,40100000,39989022
HII,1501585,Industrials,2023,2023-12-31,2026-02-05,11454000000,,781000000,853000000,172000000,681000000,17.07,970000000,292000000,34000000,347000000,95000000,200000000,75000000,430000000,,2214000000,231000000,11215000000,4093000000,39900000,39855814
HII,1501585,Industrials,2024,2024-12-31,2026-02-05,11535000000,,535000000,643000000,93000000,550000000,13.96,393000000,367000000,23000000,326000000,95000000,206000000,162000000,,,2700000000,503000000,12141000000,4666000000,39400000,39590687
HII,1501585,Industrials,2025,2025-12-31,2026-02-05,12484000000,,657000000,777000000,172000000,605000000,15.39,1196000000,402000000,54000000,329000000,105000000,213000000,,,,2700000000,,12749000000,5073000000,39300000,39130163
HII,1501585,Industrials,2026,2026-01-30,2026-02-05,,,,,,,,,,,,,,,,,,,,,,39242688
HLT,1585689,Consumer Discretionary,2019,2019-12-31,2022-02-16,9452000000,,1657000000,1244000000,358000000,881000000,3.04,1384000000,81000000,154000000,346000000,414000000,172000000,1538000000,538000000,7956000000,,,14957000000,-482000000,290000000,292847337
HLT,1585689,Consumer Discretionary,2020,2020-12-31,2023-02-09,4307000000,,-418000000,-924000000,-204000000,-715000000,-2.58,708000000,46000000,97000000,331000000,429000000,42000000,296000000,3218000000,10431000000,,,16755000000,-1490000000,277000000,277447716
HLT,1585689,Consumer Discretionary,2021,2021-12-31,2024-02-07,5788000000,,1010000000,560000000,153000000,410000000,1.46,109000000,35000000,193000000,188000000,397000000,0,0,1427000000,8712000000,,,15441000000,-821000000,281000000,277607799
HLT,1585689,Consumer Discretionary,2022,2022-12-31,2025-02-06,8773000000,,2094000000,1734000000,477000000,1255000000,4.53,1681000000,39000000,162000000,162000000,415000000,123000000,1590000000,1209000000,8708000000,,,15512000000,-1102000000,277000000,279139082
HLT,1585689,Consumer Discretionary,2023,2023-12-31,2026-02-11,10235000000,,2225000000,1692000000,541000000,1141000000,4.33,1946000000,151000000,169000000,147000000,464000000,158000000,2338000000,800000000,9157000000,,,15401000000,-2360000000,264000000,266450664
HLT,1585689,Consumer Discretionary,2024,2024-12-31,2026-02-11,11174000000,,2370000000,1783000000,244000000,1535000000,6.14,2013000000,96000000,176000000,146000000,569000000,150000000,2893000000,1301000000,10616000000,,,16522000000,-3727000000,250000000,252160518
HLT,1585689,Consumer Discretionary,2025,2025-12-31,2026-02-11,12039000000,,2693000000,2072000000,611000000,1457000000,6.12,2129000000,101000000,170000000,177000000,,143000000,3182000000,918000000,12338000000,,,16774000000,-5388000000,238000000,240596519
HLT,1585689,Consumer Discretionary,2026,2026-02-06,2026-02-11,,,,,,,,,,,,,,,,,,,,,,229291615
HON,773840,Industrials,2019,2019-12-31,2021-02-12,,12370000000,,7559000000,1329000000,6143000000,8.41,6897000000,839000000,153000000,1088000000,,2442000000,4400000000,9067000000,12486000000,,1376000000,58679000000,18494000000,730300000,729085890
HON,773840,Industrials,2020,2020-12-31,2021-02-12,,10468000000,,6012000000,1147000000,4779000000,6.72,6208000000,906000000,168000000,1003000000,,2592000000,3714000000,14275000000,18787000000,,2445000000,64586000000,17549000000,711200000,712599803
HON,773840,Industrials,2021,2021-12-31,2024-02-16,,,,7235000000,1625000000,5542000000,7.91,6038000000,895000000,217000000,1138000000,,2626000000,3380000000,10959000000,16057000000,,1803000000,64470000000,18569000000,700400000,695501159
HON,773840,Industrials,2022,2022-12-31,2025-02-14,,,8022000000,6379000000,1412000000,4966000000,7.27,5274000000,766000000,188000000,1204000000,,2719000000,4200000000,9627000000,16853000000,,1730000000,62275000000,16697000000,683100000,685818771
HON,773840,Industrials,2023,2023-12-31,2026-02-17,,,7563000000,6191000000,1262000000,5658000000,8.47,5340000000,741000000,197000000,1004000000,,2855000000,3715000000,7925000000,18358000000,,1796000000,61525000000,15856000000,668200000,668140252
HON,773840,Industrials,2024,2024-12-31,2026-02-17,,,7667000000,6244000000,1249000000,5705000000,8.71,6097000000,871000000,189000000,1153000000,,2902000000,1655000000,9906000000,27265000000,,1325000000,75196000000,18619000000,655300000,652181812
HON,773840,Industrials,2025,2025-12-31,2026-02-17,,,8127000000,5476000000,1008000000,4729000000,7.36,6408000000,986000000,196000000,1388000000,,2976000000,3804000000,12487000000,29046000000,,1546000000,73681000000,13904000000,642800000,649918551
HON,773840,Industrials,2026,2026-01-23,2026-02-17,,,,,,,,,,,,,,,,,,,,,,635675701
HOOD,1783879,Financials,2018,2018-12-31,2022-02-24,,,,,,,,,,,,,,,,,,,,-21482000,,
HOOD,1783879,Financials,2019,2019-12-31,2022-02-24,277533000,,,-107587000,-1018000,-106569000,-0.48,1260085000,7255000,26667000,5444000,,,,644050000,,,,,-97000000,221664610,
HOOD,1783879,Financials,2020,2020-12-31,2023-02-27,958000000,,,13000000,6000000,7000000,0.01,1876000000,24000000,24000000,10000000,,,,1403000000,,,,10988474000,-55000000,244997388,229031546
HOOD,1783879,Financials,2021,2021-12-31,2024-02-27,1815000000,,,-3685000000,2000000,-3687000000,-7.49,-885000000,63000000,1572000000,26000000,,,0,6253000000,,,,19769000000,7293000000,492381190,0
HOOD,1783879,Financials,2022,2022-12-31,2025-02-18,1358000000,,,-1027000000,1000000,-1028000000,-1.17,-852000000,28000000,654000000,61000000,,,0,6339000000,,,,23337000000,6956000000,878630024,
HOOD,1783879,Financials,2023,2023-12-31,2026-02-20,1865000000,,,-533000000,8000000,-541000000,-0.61,1181000000,,871000000,71000000,,,608000000,4835000000,,,,17624000000,6696000000,890857659,
HOOD,1783879,Financials,2024,2024-12-31,2026-02-20,2951000000,,,1064000000,-347000000,1411000000,1.56,-157000000,,304000000,77000000,,,257000000,4332000000,,,,26187000000,7972000000,906171504,
HOOD,1783879,Financials,2025,2025-12-31,2026-02-20,4473000000,,,2108000000,225000000,1883000000,2.05,1638000000,,305000000,86000000,,,653000000,4261000000,,,,38137000000,,918781846,
HPE,1645590,Information Technology,2018,2018-10-31,2020-12-10,30852000000,,1737000000,268000000,-1744000000,1908000000,1.23,2964000000,2956000000,286000000,2576000000,631000000,570000000,3568000000,4880000000,,,1196000000,55493000000,21239000000,1553000000,1398678425
HPE,1645590,Information Technology,2019,2019-10-31,2021-12-10,29135000000,,1274000000,1553000000,504000000,1049000000,0.77,3997000000,2856000000,268000000,2535000000,608000000,608000000,2249000000,3753000000,,,3441000000,51803000000,17098000000,1366000000,1292925893
HPE,1645590,Information Technology,2020,2020-10-31,2022-12-08,26982000000,,-329000000,-442000000,-120000000,-322000000,-0.25,2240000000,2383000000,274000000,2625000000,603000000,618000000,355000000,4233000000,14797000000,12186000000,2768000000,54015000000,16049000000,1294000000,1293499810
HPE,1645590,Information Technology,2021,2021-10-31,2023-12-22,27784000000,,1132000000,3587000000,160000000,3427000000,2.58,5871000000,2502000000,382000000,2597000000,501000000,625000000,213000000,3996000000,12457000000,9896000000,2613000000,57699000000,19971000000,1330000000,1293439907
HPE,1645590,Information Technology,2022,2022-10-31,2024-12-19,28496000000,,782000000,876000000,8000000,868000000,0.66,4593000000,3122000000,391000000,2480000000,471000000,621000000,512000000,4163000000,11943000000,7853000000,3876000000,57123000000,19864000000,1322000000,1281816851
HPE,1645590,Information Technology,2023,2023-10-31,2025-12-18,29135000000,,2089000000,2230000000,205000000,2025000000,1.54,4428000000,2828000000,428000000,2616000000,709000000,619000000,421000000,4270000000,11694000000,7487000000,4022000000,57153000000,21182000000,1316000000,1300000000
HPE,1645590,Information Technology,2024,2024-10-31,2025-12-18,30127000000,,2190000000,2953000000,374000000,2579000000,1.93,4341000000,2367000000,430000000,2564000000,777000000,676000000,150000000,14846000000,17660000000,13504000000,3969000000,71262000000,24816000000,1337000000,1315333942
HPE,1645590,Information Technology,2025,2025-10-31,2025-12-18,34296000000,,-437000000,-285000000,-342000000,57000000,-0.04,2919000000,2292000000,643000000,2737000000,1098000000,684000000,202000000,5773000000,21748000000,17756000000,3796000000,75906000000,24688000000,1324000000,1334533171
HPQ,47217,Information Technology,2018,2018-10-31,2020-12-10,58472000000,,3831000000,3013000000,-2314000000,5327000000,3.26,4528000000,,268000000,528000000,,899000000,2557000000,5166000000,,,,34622000000,-639000000,1634000000,1553494507
HPQ,47217,Information Technology,2019,2019-10-31,2021-12-09,58756000000,,3877000000,2523000000,-629000000,3152000000,2.07,4654000000,,297000000,744000000,,970000000,2405000000,4537000000,,4780000000,307000000,33467000000,-1211000000,1524000000,1453187484
HPQ,47217,Information Technology,2020,2020-10-31,2023-09-11,56638000000,,3442000000,3211000000,396000000,2815000000,1.98,4316000000,,278000000,789000000,,997000000,3107000000,4864000000,6261000000,5543000000,633000000,34681000000,-2275000000,1420000000,1289636312
HPQ,47217,Information Technology,2021,2021-10-31,2023-12-18,63460000000,,5359000000,7568000000,1027000000,6541000000,5.36,6409000000,,330000000,785000000,,938000000,6249000000,4299000000,7573000000,6386000000,672000000,38605000000,-1644000000,1220000000,1082722559
HPQ,47217,Information Technology,2022,2022-10-31,2024-12-13,62910000000,12263000000,4559000000,4324000000,1192000000,3132000000,2.98,4463000000,,343000000,780000000,,1037000000,4297000000,3145000000,11190000000,10796000000,165000000,38494000000,-3025000000,1050000000,982145796
HPQ,47217,Information Technology,2023,2023-10-31,2025-12-10,53718000000,11508000000,3456000000,2937000000,-326000000,3263000000,3.26,3571000000,,438000000,850000000,,1037000000,100000000,3107000000,9612000000,9254000000,179000000,37004000000,-1069000000,1000000000,990902449
HPQ,47217,Information Technology,2024,2024-10-31,2025-12-10,53559000000,11818000000,3818000000,3279000000,504000000,2775000000,2.81,3749000000,,452000000,830000000,,1075000000,2100000000,3238000000,9748000000,8263000000,1358000000,39909000000,-1323000000,989000000,937797736
HPQ,47217,Information Technology,2025,2025-10-31,2025-12-10,55295000000,11392000000,3174000000,2668000000,139000000,2529000000,2.65,3697000000,,522000000,916000000,,1088000000,850000000,3690000000,9723000000,8821000000,788000000,41769000000,-346000000,953000000,917984523
HRL,48465,Consumer Staples,2018,2018-10-28,2020-12-04,,1979473000,1179961000,1181284000,168702000,1012140000,1.86,1241729000,389607000,20595000,161858000,26494000,388107000,46898000,459136000,,624840000,0,8142292000,5600811000,543869000,
HRL,48465,Consumer Staples,2019,2019-10-27,2021-12-10,,1884648000,1196265000,1209715000,230567000,978806000,1.8,922996000,293838000,19707000,165210000,18070000,437053000,174246000,672901000,250000000,250000000,0,8109004000,5921458000,545232000,
HRL,48465,Consumer Staples,2020,2020-10-25,2022-12-06,,1825963000,1100220000,1114747000,206393000,908082000,1.66,1128024000,367501000,22458000,205781000,21069000,487376000,12360000,1714309000,1044936000,1044936000,258691000,9908282000,6425548000,546592000,
HRL,48465,Consumer Staples,2021,2021-10-31,2023-12-06,,1927906000,1122599000,1126170000,217029000,908839000,1.66,1001934000,232416000,24744000,209309000,43307000,523114000,19958000,613530000,3315147000,3315147000,8756000,12696329000,6972883000,547580000,
HRL,48465,Consumer Staples,2022,2022-10-30,2024-12-05,,2164686000,1312607000,1278103000,277877000,999987000,1.82,1134977000,278918000,24943000,235885000,62515000,557839000,0,982107000,3290549000,3290549000,8796000,13306919000,7535284000,549566000,
HRL,48465,Consumer Staples,2023,2023-10-29,2025-12-05,,1999841000,1072046000,1013472000,220552000,793572000,1.45,1047847000,270211000,24077000,253311000,73402000,592932000,12303000,736532000,2358719000,2358719000,950529000,13448772000,7734885000,548982000,
HRL,48465,Consumer Staples,2024,2024-10-27,2025-12-05,,2022138000,1067932000,1035434000,230803000,805038000,1.47,1266738000,256441000,23233000,257756000,,614960000,0,741881000,2850944000,2850944000,7813000,13434729000,7993420000,548832000,
HRL,48465,Consumer Staples,2025,2025-10-26,2025-12-05,,1891816000,718603000,663449000,185684000,478197000,0.87,845251000,310902000,25602000,263901000,,633192000,0,670679000,2850778000,2850778000,6646000,13393119000,7901171000,550496000,
HSIC,1000228,Health Care,2019,2019-12-28,2022-02-15,,3090886000,718261000,680307000,159515000,694734000,4.65,654087000,76219000,44920000,184942000,50792000,,525000000,,,,,7151101000,2998044000,149257000,151403703
HSIC,1000228,Health Care,2020,2020-12-26,2023-02-21,,2816000000,535000000,500000000,95000000,404000000,2.82,599000000,49000000,9000000,186000000,41000000,,74000000,,,,,7773000000,3348172000,143403682,143390505
HSIC,1000228,Health Care,2021,2021-12-25,2024-02-28,,3674000000,852000000,831000000,198000000,631000000,4.45,710000000,79000000,78000000,210000000,27000000,,401000000,,822000000,,,8481000000,3425000000,141772781,142464090
HSIC,1000228,Health Care,2022,2022-12-31,2025-02-25,,3831000000,747000000,721000000,170000000,538000000,3.91,602000000,96000000,54000000,212000000,35000000,,485000000,,1046000000,,,8607000000,3446000000,137755670,137172800
HSIC,1000228,Health Care,2023,2023-12-30,2026-02-24,,3860000000,615000000,542000000,120000000,416000000,3.16,500000000,147000000,39000000,248000000,87000000,,250000000,,,,,10573000000,3655000000,131748171,131283515
HSIC,1000228,Health Care,2024,2024-12-28,2026-02-24,,4016000000,621000000,513000000,128000000,390000000,3.05,848000000,148000000,39000000,297000000,131000000,,385000000,,,,,10218000000,3393000000,127779228,128505719
HSIC,1000228,Health Care,2025,2025-12-27,2026-02-24,,4105000000,653000000,533000000,126000000,398000000,3.27,712000000,139000000,39000000,311000000,150000000,,850000000,,,,,11215000000,3245000000,121717876,124176781
HSIC,1000228,Health Care,2026,2026-02-17,2026-02-24,,,,,,,,,,,,,,,,,,,,,,114704121
HST,1070750,Real Estate,2019,2019-12-31,2022-02-24,,,799000000,962000000,30000000,920000000,1.26,1250000000,,15000000,676000000,222000000,623000000,482000000,1573000000,445000000,,,12305000000,7319000000,731.1,740473371
HST,1070750,Real Estate,2020,2020-12-31,2023-02-22,,,-953000000,-961000000,-220000000,-732000000,-1.04,-307000000,,17000000,665000000,194000000,320000000,147000000,2335000000,442000000,,,12890000000,6321000000,705.9,705881741
HST,1070750,Real Estate,2021,2021-12-31,2024-02-28,,,-250000000,-102000000,-91000000,-11000000,-0.02,292000000,,18000000,762000000,191000000,0,0,807000000,436000000,,,12352000000,6441000000,710300000,705364549
HST,1070750,Real Estate,2022,2022-12-31,2025-02-26,,,775000000,669000000,26000000,633000000,0.88,1416000000,,26000000,664000000,156000000,150000000,27000000,667000000,758000000,,,12269000000,6710000000,717500000,714150096
HST,1070750,Real Estate,2023,2023-12-31,2026-02-25,,,827000000,788000000,36000000,740000000,1.04,1441000000,,30000000,697000000,191000000,547000000,182000000,1144000000,746000000,,,12243000000,6633000000,712800000,713479055
HST,1070750,Real Estate,2024,2024-12-31,2026-02-25,,,875000000,721000000,14000000,697000000,0.99,1498000000,,24000000,762000000,,737000000,107000000,554000000,896000000,,,13048000000,6609000000,704000000,703621808
HST,1070750,Real Estate,2025,2025-12-31,2026-02-25,,,855000000,818000000,42000000,765000000,1.1,1510000000,,26000000,795000000,,623000000,205000000,768000000,1274000000,,,13049000000,6558000000,694100000,699106842
HST,1070750,Real Estate,2026,2026-02-20,2026-02-25,,,,,,,,,,,,,,,,,,,,,,687802181
HSY,47111,Consumer Staples,2018,2018-12-31,2021-02-17,7791069000,3575325000,1623664000,1410061000,239010000,1177562000,,1599993000,328601000,49286000,295144000,146858000,562521000,247500000,587998000,3259667000,3254280000,5387000,7703020000,1398721000,,
HSY,47111,Consumer Staples,2019,2019-12-31,2021-02-17,7986252000,3622478000,1595952000,1380784000,234032000,1149692000,,1763873000,318192000,51899000,291544000,152122000,610312000,527211000,,4234203000,3530813000,703390000,8140395000,1739222000,,
HSY,47111,Consumer Staples,2020,2020-12-31,2021-02-17,8149719000,3701269000,1782698000,1494997000,219584000,1278708000,,1699657000,441626000,57584000,294907000,153471000,640732000,211196000,,4528584000,4089755000,438829000,9131845000,2234352000,,
HSY,47111,Consumer Staples,2021,2021-12-31,2024-02-20,,4048598000,2043722000,1797224000,314405000,1477512000,,2082884000,495877000,66711000,315002000,129846000,685987000,457946000,,4089471000,4086627000,2844000,10412231000,2757229000,,
HSY,47111,Consumer Staples,2022,2022-12-31,2025-02-18,,4498785000,2260787000,1917071000,272254000,1644817000,,2327837000,519481000,65991000,378959000,140095000,775030000,388964000,,4097555000,3343977000,753578000,10948820000,3299544000,,
HSY,47111,Consumer Staples,2023,2023-12-31,2026-02-17,,4997816000,2560867000,2171864000,310077000,1861787000,,2323190000,771109000,81021000,419815000,161511000,889071000,264913000,,4094190000,3789132000,305058000,11902941000,4099086000,,
HSY,47111,Consumer Staples,2024,2024-12-31,2026-02-17,,5300888000,2898232000,2473936000,252697000,2221239000,,2531596000,605942000,44414000,455255000,174317000,1084802000,494191000,,3795175000,3190210000,604965000,12946861000,4714654000,,
HSY,47111,Consumer Staples,2025,2025-12-31,2026-02-17,,3922691000,1441528000,1214208000,330949000,883259000,,2277367000,454622000,65460000,503701000,224806000,1085296000,0,,5184521000,4681194000,503327000,13741297000,4636750000,,
HUBB,48898,Industrials,2019,2019-12-31,2022-02-11,3946600000,1171600000,526700000,469200000,101200000,400900000,7.31,591600000,86700000,14500000,137900000,69400000,186600000,35000000,182000000,1540400000,1506000000,34400000,4903000000,1947100000,54700000,54601694
HUBB,48898,Industrials,2020,2020-12-31,2023-02-09,3682500000,1085800000,494500000,424500000,89800000,351200000,6.43,648000000,82800000,21900000,144500000,60300000,201400000,41300000,258600000,1436900000,1436900000,,5085100000,2070000000,54500000,54434310
HUBB,48898,Industrials,2021,2021-12-31,2024-02-08,4194100000,1151500000,532300000,459300000,88200000,399500000,7.28,,90200000,17500000,149100000,,,11200000,286200000,,1435500000,,5281500000,2229800000,54700000,54296993
HUBB,48898,Industrials,2022,2022-12-31,2025-02-13,4947900000,1471600000,709100000,657000000,140200000,545900000,10.07,,129300000,24500000,148500000,,,182000000,440500000,,1437900000,,5402600000,2360900000,54100000,54409067
HUBB,48898,Industrials,2023,2023-12-31,2026-02-12,5372900000,1877000000,1027400000,972200000,214600000,751400000,13.89,880800000,165700000,26500000,149700000,,,30000000,336100000,2038200000,2023200000,15000000,7081100000,2877000000,54000000,53600592
HUBB,48898,Industrials,2024,2024-12-31,2026-02-12,5628500000,1905600000,1093100000,1006800000,222100000,779000000,14.39,991200000,180400000,30600000,212100000,,,40000000,329100000,1442700000,1442700000,,6847700000,3396200000,54000000,53626956
HUBB,48898,Industrials,2025,2025-12-31,2026-02-12,5844600000,2064100000,1208800000,1119100000,227200000,887100000,16.54,1029800000,155100000,33000000,206100000,,,225000000,482500000,,2036300000,,8228800000,3847900000,53500000,53667674
HUBB,48898,Industrials,2026,2026-02-05,2026-02-12,,,,,,,,,,,,,,,,,,,,,,53161602
HUM,49071,Health Care,2019,2019-12-31,2022-02-17,64888000000,,3192000000,3470000000,763000000,2707000000,20.1,5284000000,736000000,163000000,,242000000,,1070000000,4054000000,,4967000000,699000000,29074000000,12037000000,134727000,135566909
HUM,49071,Health Care,2020,2020-12-31,2023-02-16,77155000000,,4986000000,4674000000,1307000000,3367000000,25.31,5639000000,964000000,181000000,,283000000,,1820000000,4673000000,,6060000000,600000000,34969000000,13728000000,133012000,132106497
HUM,49071,Health Care,2021,2021-12-31,2024-02-15,83064000000,,3148000000,3419000000,485000000,2933000000,22.67,2262000000,1342000000,180000000,596000000,326000000,90000000,79000000,3394000000,,10541000000,1953000000,44358000000,16080000000,129396000,128861929
HUM,49071,Health Care,2022,2022-12-31,2025-02-20,92870000000,,3800000000,3564000000,762000000,2806000000,22.08,4587000000,1137000000,216000000,709000000,401000000,98000000,2096000000,5061000000,,9034000000,2092000000,43055000000,15311000000,127094000,126633599
HUM,49071,Health Care,2023,2023-12-31,2026-02-19,106374000000,,4013000000,3325000000,836000000,2489000000,20,3981000000,1004000000,175000000,779000000,493000000,,1573000000,4694000000,,10213000000,1443000000,47065000000,16262000000,124441000,124974862
HUM,49071,Health Care,2024,2024-12-31,2026-02-19,117761000000,,2562000000,1620000000,413000000,1207000000,9.98,2966000000,575000000,207000000,839000000,,,817000000,2221000000,,11144000000,577000000,46479000000,16375000000,120869000,120653315
HUM,49071,Health Care,2025,2025-12-31,2026-02-19,129664000000,,2704000000,1438000000,250000000,1188000000,9.84,921000000,546000000,241000000,698000000,,,151000000,4200000000,,12369000000,0,48909000000,17657000000,120826000,120644737
HUM,49071,Health Care,2026,2026-01-31,2026-02-19,,,,,,,,,,,,,,,,,,,,,,120595967
HWM,4281,Industrials,2019,2019-12-31,2022-02-14,,,579000000,210000000,84000000,470000000,1.03,461000000,641000000,69000000,536000000,338000000,,1150000000,1577000000,5940000000,4906000000,1034000000,17562000000,4591000000,463000000,484940842
HWM,4281,Industrials,2020,2020-12-31,2023-02-14,,,626000000,171000000,-40000000,261000000,,9000000,267000000,46000000,338000000,317000000,,73000000,1610000000,5075000000,4699000000,376000000,11443000000,3577000000,439000000,435918568
HWM,4281,Industrials,2021,2021-12-31,2024-02-13,,,748000000,324000000,66000000,258000000,0.59,449000000,199000000,40000000,270000000,259000000,,430000000,720000000,4232000000,4227000000,5000000,10219000000,3508000000,435000000,433614667
HWM,4281,Industrials,2022,2022-12-31,2025-02-14,,,919000000,606000000,137000000,469000000,1.11,733000000,193000000,54000000,265000000,229000000,,400000000,791000000,4162000000,4162000000,0,10255000000,3601000000,421000000,418904876
HWM,4281,Industrials,2023,2023-12-31,2026-02-12,,,1203000000,975000000,210000000,765000000,1.83,901000000,219000000,50000000,272000000,218000000,,250000000,610000000,3706000000,3500000000,206000000,10428000000,4037000000,416000000,412282856
HWM,4281,Industrials,2024,2024-12-31,2026-02-12,,,1633000000,1383000000,228000000,1155000000,2.81,1298000000,321000000,63000000,277000000,,,500000000,564000000,3315000000,3309000000,6000000,10519000000,4554000000,410000000,410303651
HWM,4281,Industrials,2025,2025-12-31,2026-02-12,,,2046000000,1840000000,332000000,1508000000,3.71,1884000000,453000000,73000000,283000000,,,700000000,742000000,3050000000,2859000000,191000000,11179000000,5353000000,406000000,405022519
HWM,4281,Industrials,2026,2026-02-09,2026-02-12,,,,,,,,,,,,,,,,,,,,,,400940063
IBKR,1381197,Financials,2018,2018-12-31,2020-02-28,2366000000,,,1196000000,71000000,,2.28,2356000000,,58000000,26000000,463000000,29000000,,2597000000,,,,60547000000,1282000000,74266370,
IBKR,1381197,Financials,2019,2019-12-31,2020-02-28,2580000000,,,1157000000,68000000,,2.1,2666000000,,60000000,31000000,643000000,31000000,,2882000000,,,,71676000000,1452000000,76825863,
IBKR,1381197,Financials,2020,2020-12-31,2023-02-24,,,,1256000000,77000000,,2.42,8068000000,,65000000,42000000,261000000,32000000,,4292000000,,,,95679000000,1951000000,80638908,
IBKR,1381197,Financials,2021,2021-12-31,2024-02-27,,,,1787000000,151000000,,3.24,5896000000,,80000000,50000000,224000000,38000000,,2395000000,,,,109113000000,2395000000,95009880,
IBKR,1381197,Financials,2022,2022-12-31,2025-02-27,,,,1998000000,156000000,,3.75,3968000000,,92000000,58000000,1018000000,40000000,,3436000000,,,,115143000000,2848000000,101299609,
IBKR,1381197,Financials,2023,2023-12-31,2026-02-27,,,,3069000000,257000000,,1.42,4544000000,,100000000,65000000,3436000000,42000000,,3753000000,,,,128251000000,3584000000,423387508,
IBKR,1381197,Financials,2024,2024-12-31,2026-02-27,,,,3695000000,288000000,,1.73,8724000000,,112000000,67000000,,92000000,,3633000000,,,,150142000000,4280000000,436011752,
IBKR,1381197,Financials,2025,2025-12-31,2026-02-27,,,,4771000000,414000000,,2.22,15811000000,,118000000,61000000,,134000000,,4963000000,,,,203240000000,5363000000,443859546,
IBM,51143,Information Technology,2019,2019-12-31,2022-02-22,57714000000,31533000000,,7206000000,60000000,9431000000,10.56,14770000000,2286000000,679000000,4209000000,1344000000,5707000000,1361000000,8172000000,,54102000000,,152186000000,20841000000,892813376,889866256
IBM,51143,Information Technology,2020,2020-12-31,2023-02-28,55179000000,30865000000,,2572000000,-1360000000,5590000000,6.23,18197000000,2618000000,937000000,4227000000,1288000000,5797000000,,13188000000,,54217000000,,155971000000,20597000000,896563971,888408023
IBM,51143,Information Technology,2021,2021-12-31,2024-02-26,57350000000,31486000000,,4837000000,124000000,5743000000,6.35,12796000000,2062000000,982000000,3888000000,1155000000,5869000000,,6650000000,,44917000000,,132001000000,18901000000,904641001,893594090
IBM,51143,Information Technology,2022,2022-12-31,2025-02-25,60530000000,32687000000,,1156000000,-626000000,1639000000,1.8,10435000000,1346000000,987000000,2407000000,1216000000,5948000000,,7886000000,,46189000000,,127243000000,21944000000,912269062,899309986
IBM,51143,Information Technology,2023,2023-12-31,2026-02-24,61860000000,34300000000,,8690000000,1176000000,7502000000,8.14,13931000000,1245000000,1133000000,2109000000,1607000000,6040000000,,13068000000,,50121000000,,135241000000,22533000000,922073828,907105611
IBM,51143,Information Technology,2024,2024-12-31,2026-02-24,62753000000,35551000000,,5797000000,-218000000,6023000000,6.43,13445000000,1048000000,1311000000,2168000000,1712000000,6147000000,,13947000000,,49884000000,,137175000000,27307000000,937161224,916744848
IBM,51143,Information Technology,2025,2025-12-31,2026-02-24,67535000000,39297000000,,10328000000,-242000000,10593000000,11.17,13193000000,1091000000,1715000000,2284000000,1935000000,6255000000,,13587000000,,54836000000,,151880000000,32648000000,948675228,927264332
IBM,51143,Information Technology,2026,2026-02-10,2026-02-24,,,,,,,,,,,,,,,,,,,,,,938034404
ICE,1571949,Financials,2019,2019-12-31,2022-02-03,,,2673000000,2481000000,521000000,1933000000,3.42,2659000000,153000000,139000000,662000000,285000000,621000000,1460000000,841000000,7819000000,5250000000,2569000000,94493000000,17255000000,565000000,568498076
ICE,1571949,Financials,2020,2020-12-31,2023-02-02,,,3033000000,2766000000,658000000,2089000000,3.77,2881000000,207000000,139000000,751000000,357000000,669000000,1247000000,583000000,16537000000,14126000000,2411000000,126200000000,19498000000,555000000,553450116
ICE,1571949,Financials,2021,2021-12-31,2024-02-08,,,3449000000,5698000000,1629000000,4058000000,7.18,3123000000,179000000,188000000,1009000000,423000000,747000000,250000000,607000000,13918000000,12397000000,1521000000,193502000000,22709000000,565000000,561706616
ICE,1571949,Financials,2022,2022-12-31,2025-02-06,,,3638000000,1808000000,310000000,1446000000,2.58,3554000000,225000000,155000000,1031000000,616000000,853000000,632000000,1799000000,18122000000,18118000000,4000000,194338000000,22706000000,561000000,561852310
ICE,1571949,Financials,2023,2023-12-31,2026-02-05,,,3694000000,2894000000,456000000,2368000000,4.19,3542000000,190000000,257000000,1215000000,808000000,955000000,0,899000000,,20659000000,1954000000,136084000000,25717000000,565000000,558851248
ICE,1571949,Financials,2024,2024-12-31,2026-02-05,,,4309000000,3628000000,826000000,2754000000,4.78,4609000000,406000000,231000000,1537000000,,1039000000,0,844000000,,17341000000,3027000000,139428000000,27647000000,576000000,572616425
ICE,1571949,Financials,2025,2025-12-31,2026-02-05,,,4929000000,4346000000,976000000,3315000000,5.77,4662000000,373000000,238000000,1560000000,,1105000000,1294000000,837000000,,18609000000,1035000000,136887000000,28915000000,575000000,574564858
ICE,1571949,Financials,2026,2026-02-02,2026-02-05,,,,,,,,,,,,,,,,,,,,,,567896513
IDXX,874716,Health Care,2019,2019-12-31,2022-02-16,2406908000,1365549000,552846000,522218000,94426000,427720000,4.89,459158000,154969000,39278000,88011000,31055000,,301658000,90326000,699400000,698910000,0,1832475000,177473000,87542000,86006526
IDXX,874716,Health Care,2020,2020-12-31,2023-02-16,2706655000,1571040000,694524000,661985000,79854000,581776000,6.71,648063000,106958000,30951000,95998000,33125000,,182815000,383928000,909100000,858492000,49988000,2294561000,632088000,86722000,85329642
IDXX,874716,Health Care,2021,2021-12-31,2024-02-22,3215360000,1889432000,932028000,902654000,157810000,744845000,8.6,755546000,119549000,37755000,104596000,29808000,,746777000,144454000,850711000,775205000,74996000,2437203000,689992000,86572000,85426080
IDXX,874716,Health Care,2022,2022-12-31,2025-02-21,3367324000,2004338000,898765000,859972000,180883000,679089000,8.03,542984000,148838000,49770000,111900000,39858000,,819711000,112546000,769775000,694387000,74982000,2746765000,608737000,84600000,84249085
IDXX,874716,Health Care,2023,2023-12-31,2026-02-20,3660953000,2189970000,1097128000,1061176000,216134000,845042000,10.06,906510000,133631000,59739000,114908000,41581000,,71920000,453932000,698187000,622883000,74997000,3259925000,1484530000,83978000,82903371
IDXX,874716,Health Care,2024,2024-12-31,2026-02-20,3897504000,2378927000,1128337000,1109831000,221964000,887867000,10.67,929001000,120922000,60295000,129936000,,,837034000,288266000,617803000,449786000,167787000,3293443000,1595313000,83246000,83089381
IDXX,874716,Health Care,2025,2025-12-31,2026-02-20,4303702000,2659579000,1360031000,1324189000,264725000,1059464000,13.08,1181805000,124676000,60013000,145183000,,,1216964000,180070000,450000000,374842000,74995000,3350759000,1605383000,81025000,81328233
IDXX,874716,Health Care,2026,2026-02-13,2026-02-20,,,,,,,,,,,,,,,,,,,,,,79624034
IEX,832101,Industrials,2019,2019-12-31,2022-02-24,2494600000,1125000000,579000000,532900000,107400000,425500000,5.56,528100000,50900000,22100000,76900000,44300000,147200000,54700000,632581000,850622000,848864000,388000,3813900000,2263229000,76500000,75792814
IEX,832101,Industrials,2020,2020-12-31,2023-02-23,2351600000,1027400000,520700000,470300000,92500000,377800000,4.94,569300000,51600000,14800000,83500000,44800000,151800000,110300000,1025900000,1050215000,1044400000,100000,4414400000,2540200000,76400000,76205390
IEX,832101,Industrials,2021,2021-12-31,2024-02-22,2764800000,1224500000,637000000,579800000,130500000,449400000,5.88,565300000,72700000,20400000,103000000,41000000,161100000,0,855400000,1200100000,1190300000,0,4917200000,2803100000,76400000,75889737
IEX,832101,Industrials,2022,2022-12-31,2025-02-20,3181900000,1426900000,751400000,749400000,162700000,586900000,7.71,557400000,68000000,21600000,119700000,40700000,177400000,148100000,430200000,1477800000,1468700000,0,5511900000,3039300000,76000000,76119749
IEX,832101,Industrials,2023,2023-12-31,2026-02-19,3273900000,1446900000,732500000,760300000,164700000,596100000,7.85,716700000,89900000,21800000,152100000,51700000,190700000,24200000,534300000,1333300000,1325100000,600000,5865200000,3541400000,75900000,75518200
IEX,832101,Industrials,2024,2024-12-31,2026-02-19,3268800000,1445200000,677200000,639300000,134700000,505000000,6.64,668100000,65100000,25800000,,,205300000,0,620800000,1971300000,1859500000,100700000,6745300000,3794700000,75900000,75644654
IEX,832101,Industrials,2025,2025-12-31,2026-02-19,3457500000,1538800000,699300000,632600000,150100000,483200000,6.41,680400000,63600000,27300000,,,212600000,247800000,580000000,1829800000,1820100000,700000,6927000000,4027500000,75300000,75784047
IEX,832101,Industrials,2026,2026-02-13,2026-02-19,,,,,,,,,,,,,,,,,,,,,,74347824
IFF,51253,Materials,2019,2019-12-31,2022-02-28,,2113000000,665000000,557000000,97000000,,4,699000000,236000000,34000000,323000000,138000000,314000000,0,607000000,4417353000,3997438000,384958000,13287411000,6217304000,113000000,106633296
IFF,51253,Materials,2020,2020-12-31,2023-02-27,,2086000000,566000000,441000000,74000000,,3.21,714000000,192000000,36000000,325000000,132000000,323000000,0,650000000,4444112000,3779000000,634000000,13555000000,6310000000,114000000,106802194
IFF,51253,Materials,2021,2021-12-31,2024-02-28,,3735000000,585000000,354000000,75000000,,1.1,1437000000,393000000,54000000,1156000000,289000000,667000000,,711000000,10971000000,10768000000,632000000,39658000000,21082000000,243000000,248726256
IFF,51253,Materials,2022,2022-12-31,2025-02-28,,4151000000,-1326000000,-1625000000,239000000,,-7.32,397000000,504000000,49000000,1179000000,336000000,810000000,,483000000,10580000000,10373000000,597000000,35522000000,17655000000,255000000,254684699
IFF,51253,Materials,2023,2023-12-31,2026-02-27,,3681000000,-2110000000,-2518000000,69000000,,-10.14,1455000000,503000000,65000000,1142000000,380000000,826000000,0,703000000,9980000000,9186000000,885000000,30978000000,14611000000,255000000,255061711
IFF,51253,Materials,2024,2024-12-31,2026-02-27,,4124000000,766000000,308000000,41000000,,1.04,1070000000,463000000,77000000,1015000000,,514000000,0,469000000,8891000000,7564000000,1413000000,28723000000,13834000000,256000000,255314909
IFF,51253,Materials,2025,2025-12-31,2026-02-27,,3938000000,-382000000,-412000000,-53000000,,-1.41,850000000,594000000,88000000,962000000,,409000000,38000000,590000000,5637000000,4740000000,1254000000,25539000000,14154000000,256000000,255714083
IFF,51253,Materials,2026,2026-02-20,2026-02-27,,,,,,,,,,,,,,,,,,,,,,255477487
INCY,879169,Health Care,2019,2019-12-31,2022-02-08,2158759000,,402006000,486791000,39885000,446906000,2.05,710656000,,166589000,54533000,1855000,,,1832684000,,,,3426750000,2598406000,217657000,214048325
INCY,879169,Health Care,2020,2020-12-31,2023-02-07,2666702000,,-263676000,-232218000,63479000,-295697000,-1.36,-124599000,,177877000,51807000,2174000,,,1513008000,,,,3560918000,2611268000,218073000,216775534
INCY,879169,Health Care,2021,2021-12-31,2023-02-07,2986267000,,585777000,570444000,-378137000,948581000,4.27,749488000,,183006000,57844000,1908000,,,2057440000,,,,4933352000,3770004000,222074000,219843497
INCY,879169,Health Care,2022,2022-12-31,2023-02-07,3394635000,,579440000,529116000,188456000,340660000,1.52,969941000,,188420000,67855000,2666000,,0,2951422000,,,,5840984000,4370119000,223958000,221325189
INCY,879169,Health Care,2023,2023-12-31,2026-02-10,,,620525000,834215000,236616000,597599000,2.65,496487000,,215889000,82660000,2551000,,0,3213376000,,,,6782107000,5189837000,225928000,222965018
INCY,879169,Health Care,2024,2024-12-31,2026-02-10,,,61366000,316630000,284015000,32615000,0.15,335337000,,266058000,89248000,,,2004790000,1687829000,,,,5444322000,3447628000,210530000,224526128
INCY,879169,Health Care,2025,2025-12-31,2026-02-10,,,1514859000,1664451000,377801000,1286650000,6.41,1413498000,,249346000,93286000,,,0,3097817000,,,,6957973000,5167478000,200700000,193524350
INCY,879169,Health Care,2026,2026-02-03,2026-02-10,,,,,,,,,,,,,,,,,,,,,,199014486
INTC,50863,Information Technology,2019,2019-12-28,2022-01-27,71965000000,42140000000,22035000000,24058000000,3010000000,21048000000,4.71,33145000000,16213000000,1705000000,200000000,489000000,5576000000,13576000000,4194000000,29003000000,25308000000,3695000000,136524000000,77504000000,4473000000,4497000000
INTC,50863,Information Technology,2020,2020-12-26,2023-01-27,77867000000,43612000000,23678000000,25078000000,4179000000,20899000000,4.94,35864000000,14259000000,1854000000,,629000000,5568000000,14229000000,5865000000,36401000000,33897000000,2504000000,153091000000,81038000000,4232000000,4277000000
INTC,50863,Information Technology,2021,2021-12-25,2024-01-26,79024000000,43815000000,19456000000,21703000000,1835000000,19868000000,4.86,29456000000,18733000000,2036000000,,597000000,5644000000,2415000000,,38101000000,33510000000,4591000000,168406000000,95391000000,4090000000,4063000000
INTC,50863,Information Technology,2022,2022-12-31,2025-01-31,63054000000,26866000000,2334000000,7768000000,-249000000,8014000000,1.94,15433000000,24844000000,3128000000,,496000000,5997000000,0,,38107000000,37684000000,423000000,182103000000,101423000000,4123000000,4072000000
INTC,50863,Information Technology,2023,2023-12-30,2026-01-23,54228000000,21711000000,93000000,762000000,-913000000,1689000000,0.4,11471000000,25750000000,3229000000,,878000000,3088000000,0,,49266000000,46978000000,2288000000,191572000000,105590000000,4212000000,4137000000
INTC,50863,Information Technology,2024,2024-12-28,2026-01-23,53101000000,17345000000,-11678000000,-11210000000,8023000000,-18756000000,-4.38,8288000000,23944000000,3410000000,,,1599000000,,8249000000,50011000000,46282000000,3729000000,196485000000,99270000000,4280000000,4228000000
INTC,50863,Information Technology,2025,2025-12-27,2026-01-23,52853000000,18375000000,-2214000000,1557000000,1531000000,-267000000,-0.06,9697000000,14646000000,2434000000,,,0,,14265000000,46585000000,44086000000,2499000000,211429000000,114281000000,4530000000,4330000000
INTC,50863,Information Technology,2026,2026-01-16,2026-01-23,,,,,,,,,,,,,,,,,,,,,,4995000000
INTU,896878,Information Technology,2018,2018-07-31,2020-08-31,6025000000,,1560000000,1566000000,237000000,1329000000,5.09,2112000000,38000000,382000000,228000000,20000000,407000000,272000000,1464000000,388000000,,,5134000000,2816000000,261000000,258671620
INTU,896878,Information Technology,2019,2019-07-31,2021-09-08,6784000000,,1854000000,1881000000,324000000,1557000000,5.89,2324000000,76000000,401000000,199000000,15000000,501000000,556000000,2116000000,386000000,386000000,,6283000000,3749000000,264000000,260073642
INTU,896878,Information Technology,2020,2020-07-31,2022-09-02,7679000000,,2176000000,2198000000,372000000,1826000000,6.92,2414000000,59000000,435000000,189000000,14000000,561000000,323000000,6442000000,2048000000,2031000000,,10931000000,5106000000,264000000,261807204
INTU,896878,Information Technology,2021,2021-07-31,2023-09-01,9633000000,,2500000000,2556000000,494000000,2062000000,7.56,3250000000,53000000,753000000,166000000,29000000,646000000,1005000000,2562000000,2034000000,2034000000,0,15516000000,9869000000,273000000,273091929
INTU,896878,Information Technology,2022,2022-07-31,2024-09-04,12726000000,,2571000000,2542000000,476000000,2066000000,7.28,3889000000,157000000,1308000000,187000000,81000000,774000000,1861000000,2796000000,6914000000,6415000000,499000000,27734000000,16441000000,284000000,281869879
INTU,896878,Information Technology,2023,2023-07-31,2025-09-03,14368000000,,3141000000,2989000000,605000000,2384000000,8.42,5046000000,210000000,1712000000,160000000,248000000,889000000,1967000000,2848000000,6120000000,6120000000,0,27780000000,17269000000,283000000,280259493
INTU,896878,Information Technology,2024,2024-07-31,2025-09-03,16285000000,,3630000000,3550000000,587000000,2963000000,10.43,4884000000,191000000,1940000000,159000000,242000000,1034000000,1988000000,3609000000,6038000000,5539000000,499000000,32132000000,18436000000,284000000,280292000
INTU,896878,Information Technology,2025,2025-07-31,2025-09-03,18831000000,,4923000000,4834000000,965000000,3869000000,13.67,6207000000,84000000,1968000000,172000000,247000000,1189000000,2772000000,2884000000,5973000000,5973000000,0,36958000000,19710000000,283000000,278805000
INVH,1687229,Real Estate,2019,2019-12-31,2022-02-22,1764685000,,,,2490000,145463000,0.27,662130000,,18158000,533719000,367173000,,,92258000,8467485000,,,17392910000,8214422000,532499787,
INVH,1687229,Real Estate,2020,2020-12-31,2023-02-22,1822828000,,,,870000,196212000,0.35,696712000,,17090000,552530000,353923000,,,213422000,8031504000,,,17506222000,8504825000,555458607,541882811
INVH,1687229,Real Estate,2021,2021-12-31,2024-02-21,1996615000,,,,551000,261425000,0.45,907660000,,27170000,592135000,322661000,,,610166000,7998659000,,,18537846000,9797742000,579209523,567220432
INVH,1687229,Real Estate,2022,2022-12-31,2025-02-27,2238121000,,,,150000,383329000,0.63,1023587000,,28962000,638114000,304092000,,,262870000,7769077000,,,18536708000,10291342000,611112396,607652169
INVH,1687229,Real Estate,2023,2023-12-31,2026-02-19,2432278000,,,,253000,519470000,0.85,1107088000,,29503000,674287000,333457000,,0,700618000,8546052000,,,19220967000,10155971000,613288708,611411460
INVH,1687229,Real Estate,2024,2024-12-31,2026-02-19,2618942000,,,,,453917000,0.74,1081805000,,27918000,714326000,,,0,174491000,8202302000,,,18700951000,9756764000,613631617,611958239
INVH,1687229,Real Estate,2025,2025-12-31,2026-02-19,2729296000,,,,,587924000,0.96,1206230000,,27830000,746933000,,,53207000,129971000,8380020000,,,18680290000,9530132000,613177806,612689592
INVH,1687229,Real Estate,2026,2026-02-18,2026-02-19,,,,,,,,,,,,,,,,,,,,,,609386093
IP,51434,Materials,2019,2019-12-31,2022-02-18,18317000000,,,921000000,477000000,1225000000,3.07,3610000000,,,1072000000,701000000,796000000,535000000,511000000,,9597000000,168000000,33471000000,7713000000,398800000,400236119
IP,51434,Materials,2020,2020-12-31,2023-02-17,17565000000,,,329000000,176000000,482000000,1.22,3063000000,,,1091000000,597000000,806000000,42000000,595000000,,8042000000,26000000,31718000000,7854000000,395700000,393117117
IP,51434,Materials,2021,2021-12-31,2024-02-16,19363000000,,,999000000,188000000,1752000000,4.47,2030000000,,,1097000000,430000000,780000000,839000000,1295000000,,5383000000,196000000,25243000000,9082000000,392400000,376364434
IP,51434,Materials,2022,2022-12-31,2025-02-21,21161000000,,,1511000000,-236000000,1504000000,4.1,2174000000,,,1040000000,403000000,673000000,1284000000,804000000,,4816000000,763000000,23940000000,8497000000,367000000,350084361
IP,51434,Materials,2023,2023-12-31,2026-02-27,16033000000,,,402000000,68000000,288000000,0.82,1833000000,,,1146000000,418000000,642000000,218000000,1113000000,,5455000000,138000000,23261000000,8355000000,349100000,
IP,51434,Materials,2024,2024-12-31,2026-02-27,15835000000,,,369000000,-361000000,557000000,1.57,1678000000,,,851000000,432000000,643000000,23000000,1062000000,,5362000000,193000000,22800000000,8173000000,354200000,346353824
IP,51434,Materials,2025,2025-12-31,2026-02-27,23634000000,,,-3368000000,-533000000,-3516000000,-6.95,1698000000,,,2747000000,551000000,977000000,65000000,1145000000,,8839000000,992000000,37964000000,14827000000,505700000,526125614
IP,51434,Materials,2026,2026-02-20,2026-02-27,,,,,,,,,,,,,,,,,,,,,,529469427
IQV,1478242,Health Care,2019,2019-12-31,2022-02-16,,,777000000,352000000,116000000,191000000,0.96,1417000000,582000000,146000000,1202000000,447000000,,949000000,837000000,,11545000000,100000000,23251000000,6003000000,199600000,197599861
IQV,1478242,Health Care,2020,2020-12-31,2023-02-15,,,731000000,373000000,72000000,279000000,1.43,1959000000,616000000,95000000,1287000000,416000000,,447000000,1814000000,,12384000000,149000000,24564000000,6001000000,195000000,192339093
IQV,1478242,Health Care,2021,2021-12-31,2024-02-15,,,1393000000,1128000000,163000000,966000000,4.95,2942000000,640000000,170000000,1264000000,375000000,,406000000,1366000000,,12034000000,91000000,24689000000,6042000000,195000000,191281286
IQV,1478242,Health Care,2022,2022-12-31,2025-02-13,,,1799000000,1363000000,260000000,1091000000,5.72,2260000000,674000000,194000000,1130000000,416000000,,1168000000,1216000000,,12595000000,152000000,25337000000,5765000000,190600000,190485264
IQV,1478242,Health Care,2023,2023-12-31,2026-02-17,,,1977000000,1459000000,101000000,1358000000,7.29,2149000000,649000000,217000000,1125000000,672000000,,992000000,1376000000,,12955000000,718000000,26681000000,6112000000,186300000,185722621
IQV,1478242,Health Care,2024,2024-12-31,2026-02-17,,,2202000000,1669000000,301000000,1373000000,7.49,2716000000,602000000,206000000,1114000000,670000000,,1350000000,1702000000,,12838000000,1145000000,26899000000,6067000000,183400000,181500000
IQV,1478242,Health Care,2025,2025-12-31,2026-02-17,,,2182000000,1591000000,252000000,1360000000,7.84,2654000000,603000000,247000000,1144000000,729000000,,1244000000,1980000000,,13884000000,1840000000,29944000000,6503000000,173500000,176100000
IQV,1478242,Health Care,2026,2026-02-06,2026-02-17,,,,,,,,,,,,,,,,,,,,,,169700000
IR,1699150,Industrials,2019,2019-12-31,2022-02-25,,778300000,194100000,110200000,12900000,159100000,0.76,343300000,37900000,18700000,146500000,88400000,0,18600000,505500000,,,,4628400000,1869900000,208900000,198884808
IR,1699150,Industrials,2020,2020-12-31,2023-02-21,,1404900000,59600000,-45400000,11400000,-33300000,-0.09,914300000,42000000,47500000,412500000,111100000,0,2100000,1750900000,,,,16058600000,9119700000,382800000,205211761
IR,1699150,Industrials,2021,2021-12-31,2024-02-23,,1988500000,565700000,513000000,-21800000,562500000,1.34,,64100000,87200000,422100000,87700000,8200000,736800000,2109600000,2778100000,,38800000,15154500000,9001500000,421200000,418764695
IR,1699150,Industrials,2022,2022-12-31,2025-02-19,,2325600000,817300000,,149600000,604700000,1.47,,94600000,78900000,432800000,103200000,32400000,261100000,1613000000,,,36500000,14765900000,9195800000,410200000,407967909
IR,1699150,Industrials,2023,2023-12-31,2026-02-17,,2882200000,1164300000,,240000000,778700000,1.9,1377400000,105400000,51900000,459100000,156700000,32400000,263000000,1595500000,,,30600000,15563500000,9783800000,409000000,404956695
IR,1699150,Industrials,2024,2024-12-31,2026-02-17,,3170000000,1300100000,,262500000,838600000,2.06,1396700000,149100000,58800000,482000000,,32300000,260700000,1541200000,,,3100000,18009800000,10179000000,407200000,403435985
IR,1699150,Industrials,2025,2025-12-31,2026-02-17,,3336300000,1144600000,,219400000,581400000,1.45,1355700000,135600000,53000000,505800000,,31800000,1018000000,1248800000,,,1400000,18297200000,10089800000,401000000,403083248
IR,1699150,Industrials,2026,2026-02-13,2026-02-17,,,,,,,,,,,,,,,,,,,,,,391617994
IRM,1020569,Real Estate,2019,2019-12-31,2022-02-24,4262584000,,781338000,,59931000,,0.93,966655000,692983000,35654000,658201000,,704526000,,193555000,8664579000,8275566000,389013000,13816816000,1463962000,287686944,286365695
IRM,1020569,Real Estate,2020,2020-12-31,2022-02-24,4147270000,,934785000,372705000,29609000,,1.19,987657000,438263000,37674000,652069000,,716290000,,205063000,8703314000,8509555000,193759000,14149267000,1136729000,288643190,287343251
IRM,1020569,Real Estate,2021,2021-12-31,2022-02-24,4491531000,,854172000,629015000,176290000,,1.55,758902000,611082000,61001000,680422000,,718340000,,255828000,9271941000,8962513000,309428000,14450031000,855952000,290975090,288421215
IRM,1020569,Real Estate,2022,2022-12-31,2025-02-14,,,1049871000,631638000,69489000,,1.9,927695000,875378000,56861000,727595000,,724388000,,141797000,10568995000,10481449000,87546000,16140514000,636668000,292444177,289830119
IRM,1020569,Real Estate,2023,2023-12-31,2026-02-12,,,921778000,227206000,39943000,,0.63,1113567000,1339223000,73799000,776159000,,737650000,,222789000,11933170000,11812500000,120670000,17473802000,211648000,293965000,290896121
IRM,1020569,Real Estate,2024,2024-12-31,2026-02-12,,,1009519000,244538000,60872000,,0.61,1196708000,1791564000,118138000,900905000,,789527000,,155716000,13719086000,13003977000,715109000,18717115000,-503122000,296234000,292275668
IRM,1020569,Real Estate,2025,2025-12-31,2026-02-12,,,1163822000,211188000,58934000,,0.49,1339999000,2271628000,140280000,1024435000,,919388000,,158535000,16431959000,16215885000,216074000,21125019000,-981007000,297816000,293740905
IRM,1020569,Real Estate,2026,2026-02-06,2026-02-12,,,,,,,,,,,,,,,,,,,,,,295835206
ISRG,1035267,Health Care,2019,2019-12-31,2022-02-03,4478500000,3110200000,1374500000,1502200000,120400000,1379300000,3.85,1598200000,,335800000,157000000,,,269500000,1167600000,,,,9733200000,8263800000,358400000,114488602
ISRG,1035267,Health Care,2020,2020-12-31,2023-02-10,4358400000,2861200000,1049800000,1207000000,140200000,1060600000,2.94,1484800000,,395400000,221000000,,,134300000,1622600000,,,,11168900000,9731500000,361000000,115984044
ISRG,1035267,Health Care,2021,2021-12-31,2024-01-31,5710100000,3958500000,1821000000,1890300000,162200000,1704600000,4.66,2089400000,,449200000,280000000,,,0,1290900000,,,,13555000000,11901100000,365800000,117718298
ISRG,1035267,Health Care,2022,2022-12-31,2025-01-31,6222200000,4196000000,1577100000,1606800000,262400000,1322300000,3.65,1490800000,,513200000,326000000,,,2607400000,1581200000,,,,12974000000,11041900000,362000000,357744031
ISRG,1035267,Health Care,2023,2023-12-31,2026-02-03,7124100000,4729500000,1766800000,1958900000,141600000,1798000000,5.03,1813800000,,592800000,382000000,,,416300000,2750100000,,,,15441500000,13307600000,357400000,350389679
ISRG,1035267,Health Care,2024,2024-12-31,2026-02-03,8352100000,5634200000,2348900000,2673800000,336300000,2322600000,6.42,2415000000,,676800000,439000000,,,0,2027400000,,,,18743200000,16433700000,362000000,352325863
ISRG,1035267,Health Care,2025,2025-12-31,2026-02-03,10064700000,6642300000,2945500000,3311400000,434800000,2856000000,7.87,3030500000,,788200000,600000000,,,2295300000,3368000000,,,,20458700000,17824000000,362700000,356656964
ISRG,1035267,Health Care,2026,2026-01-28,2026-02-03,,,,,,,,,,,,,,,,,,,,,,355130237
IT,749251,Information Technology,2019,2019-12-31,2022-02-23,,,370087000,275739000,42449000,233290000,2.56,565436000,149016000,69008000,,102831000,,199042000,280836000,,2043888000,139718000,7151294000,938593000,90971000,89711737
IT,749251,Information Technology,2020,2020-12-31,2023-02-16,,,490150000,326133000,59388000,266745000,2.96,903278000,83888000,62540000,,115636000,,176302000,712583000,,1958286000,20515000,7315967000,1090428000,90017000,89101606
IT,749251,Information Technology,2021,2021-12-31,2024-02-15,,,915751000,969870000,176310000,793560000,9.21,1312470000,59834000,98570000,,118513000,,1655547000,756493000,,2456833000,5931000,7416324000,371058000,86177000,88721548
IT,749251,Information Technology,2022,2022-12-31,2025-02-13,,3815134000,1100106000,1027195000,219396000,807799000,9.96,1101422000,108050000,90566000,191946000,126203000,,1043742000,697999000,,2453607000,7800000,7299736000,227798000,81067000,82287402
IT,749251,Information Technology,2023,2023-12-31,2026-02-12,,4035383000,1236894000,1147129000,264663000,882466000,11.08,1155737000,103124000,129841000,191103000,132772000,,606188000,1318999000,,2448696000,9600000,7835919000,680634000,79680000,79060595
IT,749251,Information Technology,2024,2024-12-31,2026-02-12,,4277544000,1156287000,1387374000,133659000,1253715000,16,1484922000,101737000,154784000,202315000,,,735358000,1933147000,,2459915000,0,8534671000,1359169000,78338000,77967884
IT,749251,Information Technology,2025,2025-12-31,2026-02-12,,4468216000,1025711000,968118000,238887000,729231000,9.65,1290365000,115142000,155877000,200309000,,,1991147000,1722521000,,2976674000,5000000,8085400000,319908000,75605000,76818191
IT,749251,Information Technology,2026,2026-02-05,2026-02-12,,,,,,,,,,,,,,,,,,,,,,70450294
ITW,49826,Industrials,2019,2019-12-31,2022-02-11,,,3402000000,,767000000,2521000000,7.74,2995000000,326000000,41000000,267000000,221000000,1321000000,1500000000,1981000000,7758000000,7754000000,4000000,15068000000,,325600000,328108383
ITW,49826,Industrials,2020,2020-12-31,2023-02-10,,,2882000000,,595000000,2109000000,6.63,2807000000,236000000,42000000,273000000,206000000,1379000000,706000000,2564000000,8122000000,7772000000,350000000,15612000000,,318300000,318864237
ITW,49826,Industrials,2021,2021-12-31,2024-02-09,,,3477000000,,632000000,2694000000,8.51,2557000000,296000000,53000000,277000000,202000000,1463000000,1000000000,1527000000,7477000000,6909000000,568000000,16077000000,,316400000,316662263
ITW,49826,Industrials,2022,2022-12-31,2025-02-14,,,3790000000,,808000000,3034000000,9.77,2348000000,412000000,63000000,276000000,203000000,1542000000,1750000000,708000000,6708000000,6173000000,535000000,15422000000,,310700000,312926939
ITW,49826,Industrials,2023,2023-12-31,2026-02-13,,,4040000000,,866000000,2957000000,9.74,3539000000,455000000,69000000,282000000,266000000,1615000000,1500000000,1065000000,7700000000,6339000000,1361000000,15518000000,,303600000,305068141
ITW,49826,Industrials,2024,2024-12-31,2026-02-13,,,4264000000,,934000000,3488000000,11.71,3281000000,437000000,61000000,301000000,,1695000000,1500000000,948000000,7085000000,6308000000,777000000,15067000000,,297800000,298800000
ITW,49826,Industrials,2025,2025-12-31,2026-02-13,,,4216000000,,900000000,3066000000,10.49,3126000000,419000000,69000000,317000000,,1785000000,1500000000,851000000,7682000000,6683000000,999000000,16148000000,,292300000,293500000
ITW,49826,Industrials,2026,2026-01-31,2026-02-13,,,,,,,,,,,,,,,,,,,,,,288200000
IVZ,914208,Financials,2019,2019-12-31,2022-02-18,,,808200000,972900000,235100000,564700000,1.28,1116600000,124300000,207500000,177600000,135700000,529100000,110800000,1049000000,2080300000,,,39420300000,13862500000,440500000,397071683
IVZ,914208,Financials,2020,2020-12-31,2023-02-23,,,920400000,1069100000,261600000,524800000,1.13,1230300000,115000000,188500000,203500000,129300000,357400000,,1408400000,2082600000,,,36504100000,14361800000,462500000,453404987
IVZ,914208,Financials,2021,2021-12-31,2024-02-21,,,1788200000,2500500000,531100000,1393000000,2.99,1078100000,108800000,140100000,205300000,94700000,307700000,60900000,1896400000,2085100000,,,32685600000,15495800000,465400000,459072262
IVZ,914208,Financials,2022,2022-12-31,2025-02-25,,,1317700000,1247700000,322200000,683900000,1.49,703200000,192900000,106200000,195300000,85200000,334800000,244700000,1234700000,1487600000,,,29756800000,15213600000,459500000,460750636
IVZ,914208,Financials,2023,2023-12-31,2026-02-24,,,-434800000,-237900000,-69700000,-333700000,-0.73,1300800000,164300000,114600000,182800000,70500000,357900000,187500000,1469200000,1489500000,,,28933800000,14597600000,456200000,454751498
IVZ,914208,Financials,2024,2024-12-31,2026-02-24,,,832100000,1005300000,252900000,538000000,1.18,1190000000,69100000,104600000,179600000,,371500000,79300000,986500000,890600000,,,27008900000,14559900000,457700000,449204268
IVZ,914208,Financials,2025,2025-12-31,2026-02-24,,,-695700000,-379400000,-204600000,,-1.6,1525300000,84300000,80000000,155900000,,377300000,123600000,1037500000,1825100000,,,27094000000,12231000000,455000000,447601799
IVZ,914208,Financials,2026,2026-01-31,2026-02-24,,,,,,,,,,,,,,,,,,,,,,443673777
J,52988,Industrials,2018,2018-09-28,2018-11-21,14984646000,2158550000,387443000,330981000,325632000,163431000,1.18,481152000,94884000,79242000,117856000,76760000,,2981000,634870000,,2144167000,,12645795000,5854345000,137536000,142263898
J,52988,Industrials,2019,2019-09-27,2021-11-23,,2477028000,404851000,350959000,36954000,847979000,6.08,-366436000,135977000,69137000,90171000,83867000,,853676000,631068000,,1201245000,,11462711000,5714691000,139206000,132854642
J,52988,Industrials,2020,2020-10-02,2022-11-21,,2586668000,535973000,441203000,55320000,491845000,3.71,806849000,118269000,48150000,91070000,62206000,97900000,337251000,862424000,,1676941000,0,12354353000,5815712000,132721000,129623428
J,52988,Industrials,2021,2021-10-01,2023-11-21,,3043772000,688089000,695602000,274781000,477030000,3.2,726276000,92814000,56221000,101024000,72714000,107188000,274948000,1014249000,,2839933000,53456000,14632609000,5940041000,131274000,128948685
J,52988,Industrials,2022,2022-09-30,2024-11-25,,2579959000,539884000,477497000,66328000,644039000,4.98,474709000,127615000,53383000,102454000,100246000,115948000,281926000,1140479000,,3357256000,50415000,14660419000,6060056000,129445000,126332274
J,52988,Industrials,2023,2023-09-29,2025-11-20,,2710860000,676484000,520975000,101336000,665777000,5.3,974763000,137486000,74337000,103346000,168108000,128420000,265714000,770853000,,2813471000,51773000,14617109000,6546220000,127214000,126024433
J,52988,Industrials,2024,2024-09-27,2025-11-20,,2832756000,692436000,777286000,131493000,806093000,6.32,1054673000,121114000,74193000,99232000,,142779000,402668000,1144795000,,1348594000,870415000,11759005000,4549467000,125881000,123966838
J,52988,Industrials,2025,2025-09-26,2025-11-20,,2984934000,863634000,543477000,215555000,289336000,2.38,686704000,79232000,60960000,82059000,,153027000,754130000,1235448000,,2236456000,0,11252535000,3640807000,121932000,118749162
JBHT,728535,Industrials,2019,2019-12-31,2022-02-25,,,733825000,680895000,164575000,516320000,4.77,1098347000,854115000,53324000,499145000,54684000,111817000,275657000,35000000,,1295740000,0,5470854000,2267029000,108307000,108738788
JBHT,728535,Industrials,2020,2020-12-31,2023-02-24,,,713119000,666025000,159990000,506035000,4.74,1122859000,738545000,60698000,527375000,47580000,114234000,92548000,313302000,,1305424000,0,5928348000,2600138000,106766000,106258961
JBHT,728535,Industrials,2021,2021-12-31,2024-02-23,,,1045530000,999772000,238966000,760806000,7.14,1223898000,947563000,61505000,557093000,46251000,124442000,151720000,355549000,945200000,945257000,355972000,6794348000,3117816000,106593000,83657096
JBHT,728535,Industrials,2022,2022-12-31,2025-02-21,,,1331553000,1281373000,312022000,969351000,9.21,1776882000,1540796000,77535000,644520000,51249000,166724000,300030000,51927000,1261700000,1261738000,0,7787000000,3666768000,105276000,104850002
JBHT,728535,Industrials,2023,2023-12-31,2026-02-24,,,993196000,934887000,206600000,728287000,6.97,1744618000,1862431000,79189000,737954000,65933000,173898000,159576000,53344000,1326100000,1326107000,249961000,8588000000,4103758000,104451000,103770366
JBHT,728535,Industrials,2024,2024-12-31,2026-02-24,,,831225000,759516000,188630000,570886000,5.56,1483156000,865373000,65686000,761141000,79020000,175543000,513924000,46983000,977700000,977702000,500000000,8312270000,4014505000,102754000,103298462
JBHT,728535,Industrials,2025,2025-12-31,2026-02-24,,,865069000,794112000,195830000,598282000,6.12,1678272000,730687000,71753000,714785000,,171048000,923292000,17284000,,766938000,699859000,7927155000,3565085000,97688000,100008209
JBHT,728535,Industrials,2026,2026-02-17,2026-02-24,,,,,,,,,,,,,,,,,,,,,,94604083
JBL,898293,Information Technology,2018,2018-08-31,2019-10-22,22095416000,1706792000,542153000,373401000,285860000,86330000,0.49,-1105448000,1036651000,,773704000,149002000,57833000,450319000,1257949000,2518699000,2493502000,25197000,12045641000,1950257000,175044000,161878931
JBL,898293,Information Technology,2019,2019-08-31,2019-10-22,25282320000,1913000000,701000000,451000000,162000000,287000000,1.81,1193000000,1005000000,,772000000,188000000,52000000,350000000,1163343000,2496465000,2121284000,375181000,12970475000,1887443000,158600000,152656443
JBL,898293,Information Technology,2020,2020-08-31,2022-10-25,,1931000000,500000000,261000000,204000000,54000000,0.35,1257000000,983000000,,795000000,174000000,50000000,215000000,1394000000,2728000000,2678000000,50000000,14397000000,1811000000,155300000,149550360
JBL,898293,Information Technology,2021,2021-08-31,2023-10-20,,2359000000,1055000000,944000000,246000000,696000000,4.58,1433000000,1159000000,,876000000,130000000,50000000,428000000,1567000000,2878000000,2878000000,0,16654000000,2136000000,152100000,143334977
JBL,898293,Information Technology,2022,2022-08-31,2024-10-28,,2632000000,1393000000,1231000000,235000000,996000000,6.9,1651000000,1385000000,,925000000,151000000,48000000,696000000,1478000000,2875000000,2575000000,300000000,19717000000,2451000000,144400000,134638571
JBL,898293,Information Technology,2023,2023-08-31,2025-10-17,,2867000000,1537000000,1262000000,444000000,818000000,6.02,1734000000,1030000000,,924000000,,45000000,487000000,1804000000,2875000000,2875000000,0,19424000000,2866000000,135900000,127945064
JBL,898293,Information Technology,2024,2024-08-31,2025-10-17,,2676000000,2013000000,1751000000,363000000,1388000000,11.17,1716000000,784000000,,696000000,,42000000,2500000000,2201000000,2880000000,2880000000,0,17351000000,1737000000,124300000,112843194
JBL,898293,Information Technology,2025,2025-08-31,2025-10-17,,2646000000,1182000000,892000000,235000000,657000000,5.92,1640000000,468000000,,674000000,,36000000,1000000000,1933000000,2885000000,2386000000,499000000,18543000000,1513000000,110900000,106837337
JCI,833444,Industrials,2018,2018-09-30,2020-11-16,,7667000000,,1546000000,197000000,2162000000,2.32,1520000000,645000000,106000000,824000000,409000000,,300000000,185000000,,,,48797000000,21164000000,931700000,924058960
JCI,833444,Industrials,2019,2019-09-30,2021-11-15,,7693000000,,1056000000,-233000000,5674000000,6.49,1743000000,586000000,95000000,825000000,335000000,,5983000000,2805000000,,,,42287000000,19766000000,874300000,771419761
JCI,833444,Industrials,2020,2020-09-30,2022-11-15,,7411000000,,903000000,108000000,631000000,0.84,2479000000,443000000,74000000,822000000,240000000,790000000,2204000000,1951000000,,,,40815000000,17447000000,753600000,723907803
JCI,833444,Industrials,2021,2021-09-30,2023-12-14,,8059000000,,2614000000,868000000,1637000000,2.27,2551000000,552000000,76000000,845000000,219000000,762000000,1307000000,1336000000,,,,41890000000,17562000000,721100000,704332395
JCI,833444,Industrials,2022,2022-09-30,2024-11-19,,7090000000,,1112000000,-182000000,1532000000,2.19,,487000000,98000000,717000000,225000000,916000000,1441000000,2029000000,,,,42158000000,16268000000,699600000,686703889
JCI,833444,Industrials,2023,2023-09-30,2025-11-14,,7804000000,,1113000000,-468000000,1849000000,2.69,,446000000,107000000,745000000,,980000000,625000000,828000000,8462000000,,,42242000000,16545000000,687400000,680673839
JCI,833444,Industrials,2024,2024-09-30,2025-11-14,,8077000000,,1522000000,111000000,1705000000,2.52,,494000000,107000000,816000000,,1000000000,1246000000,606000000,8568000000,,,42695000000,16098000000,676000000,662185383
JCI,833444,Industrials,2025,2025-09-30,2025-11-14,,8592000000,,1969000000,245000000,3291000000,5.03,,434000000,140000000,865000000,,976000000,5991000000,379000000,9195000000,,,37939000000,12927000000,654100000,611135655
JKHY,779152,Financials,2019,2019-06-30,2021-08-25,,,347285000,,75350000,271885000,3.52,431128000,53598000,12589000,47378000,926000,118745000,54864000,93628000,0,,,2184829000,1429013000,77347000,77000307
JKHY,779152,Financials,2020,2020-06-30,2022-08-25,,,380627000,381076000,84408000,296668000,3.86,510532000,53538000,16883000,52206000,688000,127421000,71549000,213345000,,,,2428474000,1549688000,76934000,76641833
JKHY,779152,Financials,2021,2021-06-30,2023-08-24,,,398719000,397725000,86256000,311469000,4.12,462129000,22988000,20746000,52515000,1144000,133800000,431529000,50992000,,,,2336156000,1319292000,75658000,74013999
JKHY,779152,Financials,2022,2022-06-30,2024-08-26,,,474619000,472267000,109351000,362916000,4.94,504631000,34659000,24780000,50789000,2384000,139070000,193916000,48787000,115000000,,,2455564000,1381623000,73486000,72902797
JKHY,779152,Financials,2023,2023-06-30,2025-08-25,,,480688000,474574000,107928000,366646000,5.02,381559000,39179000,28611000,48720000,15073000,147237000,25000000,12243000,275000000,275000000,0,2773826000,1608510000,73096000,72935131
JKHY,779152,Financials,2024,2024-06-30,2026-08-28,,,489391000,498019000,116203000,381816000,5.23,568041000,58118000,28873000,46342000,,155877000,28055000,38284000,60000000,60000000,90000000,2924481000,1842364000,73025000,72908319
JKHY,779152,Financials,2025,2025-06-30,2026-08-28,,,568715000,586036000,130288000,455748000,6.24,641504000,53358000,28392000,43700000,,164644000,35051000,101953000,0,0,0,3043970000,2130832000,73045000,72871385
JKHY,779152,Financials,2026,2026-06-30,2026-08-28,,,635033000,652790000,150014000,502776000,6.98,761960000,67103000,32460000,42103000,,170405000,448173000,,40000000,,,3145711000,2051949000,72043000,70112608
JNJ,200406,Health Care,2019,2019-12-29,2022-02-17,,54503000000,,17328000000,2209000000,15119000000,5.63,23416000000,3498000000,977000000,7009000000,318000000,,6746000000,17305000000,,26494000000,,157728000000,,2684300000,2663138579
JNJ,200406,Health Care,2020,2020-02-10,2020-02-18,,,,,,,,,,,,,,,,,,,,,,2634721257
JNJ,200406,Health Care,2021,2021-01-03,2023-02-16,,54157000000,,16497000000,1783000000,14714000000,5.51,23536000000,3347000000,1005000000,7231000000,201000000,,3221000000,13985000000,34434000000,32635000000,1799000000,174894000000,,2670700000,2628679824
JNJ,200406,Health Care,2022,2022-01-02,2024-02-16,,55338000000,,19178000000,1377000000,20878000000,7.81,23410000000,3652000000,1135000000,7390000000,183000000,,3456000000,14487000000,32116000000,29985000000,2131000000,182018000000,,2674000000,2629268158
JNJ,200406,Health Care,2023,2023-12-31,2026-02-11,,58606000000,,15062000000,1736000000,35153000000,13.72,22791000000,4543000000,1162000000,7486000000,276000000,,5054000000,21859000000,27350000000,25881000000,1469000000,167558000000,68774000000,2560400000,2604286303
JNJ,200406,Health Care,2024,2024-12-29,2026-02-11,,61350000000,,16687000000,2621000000,14066000000,5.79,24266000000,4424000000,1176000000,7339000000,,,2432000000,24105000000,32400000000,30651000000,1749000000,180104000000,71490000000,2429400000,2408767228
JNJ,200406,Health Care,2025,2025-12-28,2026-02-11,,63937000000,,32581000000,5777000000,26804000000,11.03,24530000000,4832000000,1354000000,7503000000,,,5953000000,19709000000,41438000000,39438000000,2000000000,199210000000,81544000000,2429400000,2407616693
JNJ,200406,Health Care,2026,2026-02-06,2026-02-11,,,,,,,,,,,,,,,,,,,,,,2409898936
JPM,19617,Financials,2019,2019-12-31,2022-02-22,115720000000,,,44866000000,8435000000,36431000000,10.72,4092000000,,2256000000,8368000000,26795000000,12343000000,24001000000,,,,,2686477000000,261330000000,3230400000,3274241726
JPM,19617,Financials,2020,2020-12-31,2023-02-21,119951000000,,,35815000000,6684000000,29131000000,8.88,-79910000000,,2451000000,8614000000,9960000000,12690000000,6517000000,,,,,3384757000000,279354000000,3087400000,3073976616
JPM,19617,Financials,2021,2021-12-31,2024-02-16,121649000000,,,59562000000,11228000000,48334000000,15.36,78084000000,,2929000000,7932000000,5553000000,12858000000,18408000000,,,,,3743567000000,294127000000,3026600000,3051506436
JPM,19617,Financials,2022,2022-12-31,2025-02-14,128695000000,,,46166000000,8490000000,37676000000,12.09,107119000000,,2794000000,7051000000,26097000000,13562000000,3162000000,,,,,3665743000000,292332000000,2970000000,2952808970
JPM,19617,Financials,2023,2023-12-31,2026-02-13,158104000000,,,61612000000,12060000000,49552000000,16.23,12974000000,,3117000000,7512000000,81321000000,13463000000,9824000000,,,,,3875393000000,327878000000,2943100000,2943355459
JPM,19617,Financials,2024,2024-12-31,2026-02-13,177556000000,,,75081000000,16610000000,58471000000,19.75,-42012000000,,3504000000,7938000000,,14783000000,18830000000,,,,,4002814000000,344758000000,2879000000,2880371498
JPM,19617,Financials,2025,2025-12-31,2026-02-13,182447000000,,,72595000000,15547000000,57048000000,20.02,-147782000000,,3614000000,8821000000,,16625000000,31591000000,,,,,4424900000000,362438000000,2781500000,2796106099
JPM,19617,Financials,2026,2026-01-31,2026-02-13,,,,,,,,,,,,,,,,,,,,,,2697032375
KDP,1418135,Consumer Staples,2019,2019-12-31,2022-02-24,11120000000,6342000000,2378000000,1694000000,440000000,1254000000,0.88,2474000000,330000000,64000000,,654000000,,,75000000,13174000000,12827000000,347000000,49518000000,23257000000,1419100000,
KDP,1418135,Consumer Staples,2020,2020-12-31,2023-02-23,11618000000,6486000000,2480000000,1753000000,428000000,1325000000,0.93,2456000000,461000000,85000000,,604000000,,0,240000000,13488000000,11143000000,2345000000,49779000000,23829000000,1422100000,1406986313
KDP,1418135,Consumer Staples,2021,2021-12-31,2024-02-22,12683000000,6977000000,2894000000,2798000000,653000000,2146000000,1.5,2874000000,423000000,88000000,,500000000,,0,567000000,11733000000,11578000000,155000000,50598000000,24972000000,1427900000,1407267272
KDP,1418135,Consumer Staples,2022,2022-12-31,2025-02-25,14057000000,7323000000,2605000000,1719000000,284000000,1436000000,1.01,2837000000,353000000,52000000,,693000000,,379000000,535000000,11568000000,11072000000,496000000,51837000000,25126000000,1428500000,1418158363
KDP,1418135,Consumer Staples,2023,2023-12-31,2026-02-24,14814000000,8080000000,3192000000,2757000000,576000000,2181000000,1.55,1329000000,425000000,116000000,,496000000,,706000000,267000000,,9945000000,1150000000,52130000000,25676000000,1408400000,1406447151
KDP,1418135,Consumer Staples,2024,2024-12-31,2026-02-24,15351000000,8529000000,2591000000,1914000000,473000000,1441000000,1.05,2219000000,563000000,98000000,,,,1110000000,510000000,,12912000000,1026000000,53430000000,24243000000,1368300000,1387591010
KDP,1418135,Consumer Staples,2025,2025-12-31,2026-02-24,16603000000,8999000000,3575000000,2687000000,608000000,2079000000,1.53,1991000000,486000000,97000000,,,,9000000,1026000000,,13036000000,895000000,55459000000,25516000000,1362800000,1356750877
KDP,1418135,Consumer Staples,2026,2026-02-20,2026-02-24,,,,,,,,,,,,,,,,,,,,,,1358666059
KEY,91576,Financials,2019,2019-12-31,2022-02-22,6400000000,,,2022000000,314000000,1717000000,1.62,2906000000,,96000000,118000000,1326000000,804000000,835000000,732000000,12448000000,,,144988000000,17038000000,1002254000,1008787761
KEY,91576,Financials,2020,2020-12-31,2023-02-22,6715000000,,,1556000000,227000000,1343000000,1.27,1673000000,,101000000,115000000,651000000,829000000,134000000,1091000000,13709000000,,,170336000000,17981000000,974807000,969889701
KEY,91576,Financials,2021,2021-12-31,2024-02-22,7292000000,,,3254000000,642000000,2625000000,2.63,1153000000,,104000000,107000000,296000000,823000000,585000000,913000000,12042000000,,,186346000000,17423000000,957414000,968815152
KEY,91576,Financials,2022,2022-12-31,2025-02-21,7272000000,,,2333000000,422000000,1917000000,1.93,4469000000,,120000000,96000000,885000000,854000000,0,887000000,19307000000,,,189813000000,13454000000,933059000,927761031
KEY,91576,Financials,2023,2023-12-31,2026-02-23,6413000000,,,1160000000,196000000,967000000,0.88,2903000000,,121000000,89000000,4014000000,911000000,0,941000000,19554000000,,,188281000000,14637000000,932759000,931825509
KEY,91576,Financials,2024,2024-12-31,2026-02-23,4619000000,,,-306000000,-143000000,-161000000,-0.32,664000000,,104000000,91000000,,927000000,,1743000000,12105000000,,,187168000000,18176000000,949561000,933841692
KEY,91576,Financials,2025,2025-12-31,2026-02-23,7513000000,,,2304000000,476000000,1829000000,1.52,2208000000,,132000000,87000000,,1054000000,,1287000000,9917000000,,,184381000000,20381000000,1107994000,1105119318
KEY,91576,Financials,2026,2026-02-19,2026-02-23,,,,,,,,,,,,,,,,,,,,,,1089647432
KEYS,1601046,Information Technology,2018,2018-10-31,2020-12-17,,,-394000000,735000000,-576000000,,0.86,555000000,132000000,59000000,,83000000,,120000000,913000000,1291000000,1291000000,499000000,5824000000,2433000000,191000000,187641764
KEYS,1601046,Information Technology,2019,2019-10-31,2021-12-17,4303000000,,711000000,715000000,94000000,,3.25,998000000,120000000,82000000,,80000000,,159000000,1598000000,1788000000,1788000000,,6623000000,3004000000,191000000,188447566
KEYS,1601046,Information Technology,2020,2020-10-31,2022-12-15,4221000000,,765000000,761000000,134000000,,3.31,1016000000,117000000,92000000,,78000000,,411000000,1756000000,1789000000,1789000000,,7218000000,3297000000,189000000,186094056
KEYS,1601046,Information Technology,2021,2021-10-31,2023-12-15,4941000000,,1080000000,1010000000,116000000,,4.78,1322000000,174000000,103000000,,79000000,,673000000,2052000000,1791000000,1791000000,,7781000000,3784000000,187000000,183042478
KEYS,1601046,Information Technology,2022,2022-10-31,2024-12-17,5420000000,,1334000000,1285000000,161000000,1124000000,6.18,1144000000,185000000,125000000,,79000000,,849000000,2042000000,1793000000,1793000000,0,8098000000,4161000000,182000000,178795460
KEYS,1601046,Information Technology,2023,2023-10-31,2025-12-17,5464000000,,1358000000,1357000000,300000000,1057000000,5.91,1408000000,197000000,135000000,,78000000,,702000000,2472000000,1794000000,1195000000,599000000,8683000000,4654000000,179000000,175044604
KEYS,1601046,Information Technology,2024,2024-10-31,2025-12-17,4979000000,,833000000,865000000,251000000,614000000,3.51,1052000000,154000000,137000000,,84000000,,439000000,1796000000,1790000000,1790000000,0,9269000000,5105000000,175000000,173172764
KEYS,1601046,Information Technology,2025,2025-10-31,2025-12-17,5375000000,,876000000,1082000000,213000000,850000000,4.91,1409000000,128000000,162000000,,96000000,,375000000,1873000000,2534000000,2534000000,0,11301000000,5881000000,173000000,171817127
KHC,1637459,Consumer Staples,2019,2019-12-28,2022-02-17,,8147000000,3070000000,2661000000,728000000,1935000000,1.58,3552000000,768000000,46000000,994000000,1361000000,1953000000,,2279000000,,,1022000000,101450000000,51623000000,1224000000,1219938804
KHC,1637459,Consumer Staples,2020,2020-12-26,2023-02-16,,9177000000,2128000000,1030000000,669000000,356000000,0.29,4929000000,596000000,156000000,969000000,1394000000,,,3417000000,,,230000000,99830000000,50103000000,1228000000,1221399549
KHC,1637459,Consumer Staples,2021,2021-12-25,2024-02-15,,8682000000,3460000000,1708000000,684000000,1012000000,0.82,5364000000,905000000,197000000,910000000,2047000000,,271000000,3445000000,,,740000000,93394000000,49298000000,1236000000,1223175747
KHC,1637459,Consumer Staples,2022,2022-12-31,2025-02-13,,8122000000,3634000000,2966000000,598000000,2363000000,1.91,2469000000,916000000,148000000,933000000,921000000,,280000000,1040000000,,,831000000,90513000000,48678000000,1235000000,1223740203
KHC,1637459,Consumer Staples,2023,2023-12-30,2026-02-12,,8926000000,4572000000,3633000000,787000000,2855000000,2.31,3976000000,1013000000,141000000,961000000,912000000,,455000000,1400000000,,,638000000,90339000000,49526000000,1235000000,1225003377
KHC,1637459,Consumer Staples,2024,2024-12-28,2026-02-12,,8968000000,1683000000,856000000,-1890000000,2744000000,2.26,4184000000,1024000000,109000000,948000000,912000000,,988000000,1334000000,,,654000000,88287000000,49185000000,1215000000,1213099787
KHC,1637459,Consumer Staples,2025,2025-12-27,2026-02-12,,8309000000,-4669000000,-5445000000,403000000,-5846000000,-4.93,4462000000,801000000,95000000,968000000,947000000,,436000000,2615000000,,,1908000000,81786000000,41664000000,1187000000,1194989953
KHC,1637459,Consumer Staples,2026,2026-02-07,2026-02-12,,,,,,,,,,,,,,,,,,,,,,1183744751
KIM,879101,Real Estate,2019,2019-12-31,2022-03-01,1158884000,,477587000,312006000,-3317000,410605000,,583628000,,20200000,277879000,177395000,531565000,0,123947000,4831800000,,,10997867000,4864892000,421799000,421385972
KIM,879101,Real Estate,2020,2020-12-31,2023-02-24,1057893000,,332612000,927874000,978000,1000833000,,589913000,,23685000,288955000,186904000,379874000,0,292953000,5044200000,,,11614498000,5608044000,431633000,431820951
KIM,879101,Real Estate,2021,2021-12-31,2024-02-26,1364585000,,424286000,745126000,3380000,844059000,,618875000,,23150000,395320000,204133000,382132000,,325631000,7027100000,,,18459199000,9899389000,511385000,432439820
KIM,879101,Real Estate,2022,2022-12-31,2025-02-21,1727684000,,565464000,44304000,56654000,125976000,,861114000,,26639000,505000000,226823000,544740000,,146970000,6781000000,,,17826122000,9515508000,617858000,616719061
KIM,879101,Real Estate,2023,2023-12-31,2026-02-20,1783400000,,638777000,643914000,60952000,654273000,,1071607000,,33054000,507265000,250201000,657460000,0,780518000,7262900000,,,18274022000,9525465000,618199000,618609347
KIM,879101,Real Estate,2024,2024-12-31,2026-02-20,2037014000,,629088000,351208000,25417000,410785000,,1005621000,,34900000,603685000,307806000,,0,688622000,7964700000,,,20309896000,10652547000,672136000,672904480
KIM,879101,Real Estate,2025,2025-12-31,2026-02-20,2140116000,,770823000,493635000,1046000,584741000,,1120015000,18400000,33225000,627090000,330196000,,120329000,211648000,7718700000,,,19688250000,10391836000,675279000,679482034
KIM,879101,Real Estate,2026,2026-02-10,2026-02-20,,,,,,,,,,,,,,,,,,,,,,674066654
KKR,1404912,Financials,2019,2019-12-31,2022-02-28,4220900000,,,5168290000,528750000,2005049000,,-5682155000,194569000,297708000,17700000,1043551000,271486000,72124000,2346713000,27151710000,,,60899319000,10807490000,,
KKR,1404912,Financials,2020,2020-12-31,2023-02-27,4230891000,,,5726695000,609097000,2002509000,,-5953693000,,326758000,18600000,969871000,297324000,246160000,5363009000,33501204000,,,79806502000,13716818000,,
KKR,1404912,Financials,2021,2021-12-31,2024-02-29,16226040000,,,13846599000,1394882000,4732406000,,-7176708000,,529816000,,1070368000,331429000,269710000,,36914472000,,,,17582164000,,576611174
KKR,1404912,Financials,2022,2022-12-31,2025-02-28,5704180000,,,-292221000,125393000,-521664000,,-5279259000,,730236000,,1550777000,444341000,346651000,,,,,275346636000,18807767000,,591145410
KKR,1404912,Financials,2023,2023-12-31,2026-02-27,14499312000,,,6554609000,1197523000,3732261000,,-1493812000,,618469000,,2772088000,563285000,289844000,,,,,317294194000,22858694000,,861107985
KKR,1404912,Financials,2024,2024-12-31,2026-02-27,21878698000,,,5860433000,954396000,3076245000,,6649878000,,746443000,,,612068000,0,,,,,360099411000,23651568000,,885005588
KKR,1404912,Financials,2025,2025-12-31,2026-02-27,19464307000,,,7099160000,953748000,2370463000,,477760000,,722109000,,,649942000,3362000,,,,,410144072000,30902561000,,888250533
KKR,1404912,Financials,2026,2026-02-24,2026-02-27,,,,,,,,,,,,,,,,,,,,,,891550894
KLAC,319201,Information Technology,2019,2019-06-30,2021-08-06,,,,,121214000,1175617000,7.49,1152632000,130498000,94194000,233224000,124604000,472263000,1095202000,1015994000,3423382000,3173383000,249999000,9008516000,2659108000,156949000,159255950
KLAC,319201,Information Technology,2020,2020-06-30,2022-08-05,,,,1316711000,101686000,1216785000,7.7,1778850000,152675000,111381000,348049000,160274000,522421000,829084000,1234409000,3469670000,3469670000,0,9279960000,2665424000,158005000,155461444
KLAC,319201,Information Technology,2021,2021-06-30,2023-08-04,,,,2360454000,283101000,2078292000,13.37,2185026000,231628000,111836000,333335000,157328000,559353000,938607000,1434610000,3422767000,,,10271124000,3377554000,155437000,152737157
KLAC,319201,Information Technology,2022,2022-06-30,2024-08-05,,,,3489237000,167177000,3321807000,21.92,3312702000,307320000,126918000,363344000,160339000,638528000,3967806000,1584908000,6660718000,,,12597088000,1401351000,151555000,141803776
KLAC,319201,Information Technology,2023,2023-06-30,2025-08-08,,,,3789190000,401839000,3387277000,24.15,3669805000,341591000,171424000,415113000,296940000,732556000,1311864000,1927865000,5890736000,,0,14072357000,2919753000,140235000,136720074
KLAC,319201,Information Technology,2024,2024-06-30,2026-08-06,,,,3190032000,428136000,2761896000,2.03,3308575000,277384000,212695000,401730000,,773041000,1735746000,1977129000,5880199000,,749936000,15433566000,3368328000,1361869000,134425022
KLAC,319201,Information Technology,2025,2025-06-30,2026-08-06,,,,4644448000,582805000,4061643000,3.04,4081903000,335259000,265011000,394088000,,904594000,2149946000,2078908000,5884257000,,0,16067926000,4692453000,1337502000,131961370
KLAC,319201,Information Technology,2026,2026-06-30,2026-08-06,,,,5605925000,775154000,4830771000,3.66,4143079000,375945000,310171000,393978000,,1057832000,2289769000,1649842000,5887415000,,,17951535000,6349820000,1319633000,1306546783
KMB,55785,Consumer Staples,2019,2019-12-31,2022-02-10,18450000000,6035000000,2991000000,,576000000,2157000000,6.24,2736000000,1209000000,96000000,917000000,261000000,,800000000,442000000,,,,15283000000,-33000000,345600000,344431630
KMB,55785,Consumer Staples,2020,2020-12-31,2023-02-09,19140000000,6822000000,3244000000,,676000000,2352000000,6.87,3729000000,1217000000,147000000,796000000,252000000,,700000000,303000000,,,,17523000000,626000000,342500000,341795666
KMB,55785,Consumer Staples,2021,2021-12-31,2024-02-08,19440000000,5988000000,2561000000,,479000000,1814000000,5.35,2730000000,1007000000,26000000,766000000,256000000,,400000000,270000000,,,,17837000000,514000000,338800000,338363924
KMB,55785,Consumer Staples,2022,2022-12-31,2025-02-13,20175000000,6219000000,2681000000,2340000000,495000000,1934000000,5.72,2733000000,876000000,150000000,754000000,282000000,1558000000,100000000,427000000,,,,17970000000,547000000,338300000,336993302
KMB,55785,Consumer Staples,2023,2023-12-31,2026-02-12,17146000000,6269000000,1928000000,2021000000,343000000,1764000000,5.21,3542000000,766000000,169000000,753000000,293000000,1588000000,225000000,1093000000,,,,17344000000,915000000,338800000,337507349
KMB,55785,Consumer Staples,2024,2024-12-31,2026-02-12,16805000000,6289000000,2700000000,2927000000,442000000,2545000000,7.55,3234000000,721000000,131000000,781000000,270000000,1628000000,1000000000,1010000000,,,,16546000000,840000000,337000000,336883198
KMB,55785,Consumer Staples,2025,2025-12-31,2026-02-12,16447000000,5923000000,2351000000,,599000000,2021000000,6.07,2777000000,1138000000,140000000,805000000,256000000,1660000000,141000000,688000000,,,,17098000000,1502000000,333200000,331684601
KMB,55785,Consumer Staples,2026,2026-01-30,2026-02-12,,,,,,,,,,,,,,,,,,,,,,331922371
KMI,1506307,Energy,2019,2019-12-31,2022-02-07,13209000000,,4873000000,3165000000,926000000,2190000000,0.96,4748000000,2270000000,,2411000000,,2163000000,2000000,185000000,,31915000000,,74157000000,33742000000,2264000000,2263656419
KMI,1506307,Energy,2020,2020-12-31,2023-02-08,11700000000,,1560000000,661000000,481000000,119000000,0.05,4550000000,1707000000,,2164000000,,2362000000,50000000,1184000000,,32131000000,,71973000000,31436000000,2263000000,2265063459
KMI,1506307,Energy,2021,2021-12-31,2024-02-20,16610000000,,2916000000,2219000000,369000000,1784000000,0.78,5708000000,1281000000,,2135000000,,2443000000,0,1140000000,,30674000000,,70416000000,30823000000,2266000000,2264450220
KMI,1506307,Energy,2022,2022-12-31,2025-02-13,19200000000,,4065000000,3335000000,710000000,2548000000,1.12,4967000000,1621000000,,2186000000,,2504000000,368000000,745000000,,28403000000,,70078000000,30742000000,2258000000,2267484557
KMI,1506307,Energy,2023,2023-12-31,2026-02-13,15334000000,,4263000000,3201000000,715000000,2391000000,1.06,6491000000,2317000000,,2250000000,,2529000000,522000000,83000000,,28067000000,,71020000000,30306000000,2234000000,2248003224
KMI,1506307,Energy,2024,2024-12-31,2026-02-13,15100000000,,4384000000,3407000000,687000000,2613000000,1.17,5635000000,2629000000,,2354000000,,2557000000,7000000,88000000,,29881000000,,71407000000,30531000000,2220000000,2219369970
KMI,1506307,Energy,2025,2025-12-31,2026-02-13,16937000000,,4724000000,3992000000,832000000,3056000000,1.37,5917000000,3026000000,,2453000000,,2604000000,0,63000000,,30777000000,,72748000000,31162000000,2223000000,2221963025
KMI,1506307,Energy,2026,2026-02-12,2026-02-13,,,,,,,,,,,,,,,,,,,,,,2224806397
KO,21344,Consumer Staples,2019,2019-12-31,2022-02-22,37266000000,22647000000,10086000000,10786000000,1801000000,8920000000,2.07,10471000000,2054000000,201000000,1365000000,946000000,6845000000,1103000000,6480000000,31769000000,27516000000,4253000000,86381000000,18981000000,4314000000,4275340031
KO,21344,Consumer Staples,2020,2020-12-31,2023-02-21,33014000000,19581000000,8997000000,9749000000,1981000000,7747000000,1.79,9844000000,1177000000,126000000,1536000000,1437000000,7047000000,118000000,6795000000,40610000000,40125000000,485000000,87296000000,19299000000,4323000000,4290276067
KO,21344,Consumer Staples,2021,2021-12-31,2024-02-20,38655000000,23298000000,10308000000,12425000000,2621000000,9771000000,2.25,12625000000,1367000000,337000000,1452000000,1597000000,7252000000,111000000,9684000000,39454000000,38116000000,1338000000,94354000000,22999000000,4340000000,4309311676
KO,21344,Consumer Staples,2022,2022-12-31,2025-02-20,43004000000,25004000000,10909000000,11686000000,2115000000,9542000000,2.19,11018000000,1484000000,356000000,1260000000,882000000,7616000000,1418000000,9519000000,36776000000,36377000000,399000000,92763000000,24105000000,4350000000,4335473308
KO,21344,Consumer Staples,2023,2023-12-31,2026-02-20,45754000000,27234000000,11311000000,12952000000,2249000000,10714000000,2.47,11599000000,1852000000,254000000,1128000000,1527000000,7952000000,2289000000,9366000000,37507000000,35547000000,1960000000,97703000000,25941000000,4339000000,4326691783
KO,21344,Consumer Staples,2024,2024-12-31,2026-02-20,47061000000,28737000000,9992000000,13086000000,2437000000,10631000000,2.46,6805000000,2064000000,286000000,1075000000,1656000000,8359000000,1795000000,10828000000,,,,100549000000,24856000000,4320000000,4312456168
KO,21344,Consumer Staples,2025,2025-12-31,2026-02-20,47941000000,29544000000,13762000000,15998000000,2861000000,13107000000,3.04,7408000000,2112000000,279000000,1050000000,1654000000,8779000000,746000000,10270000000,,,,104816000000,32169000000,4313000000,4301000395
KO,21344,Consumer Staples,2026,2026-02-18,2026-02-20,,,,,,,,,,,,,,,,,,,,,,4300723069
KR,56873,Consumer Staples,2019,2019-02-02,2021-03-30,121852000000,,2614000000,,900000000,3110000000,3.76,4164000000,2967000000,154000000,2465000000,620000000,437000000,2010000000,429000000,14351000000,11248000000,3103000000,38118000000,7886000000,818000000,798327065
KR,56873,Consumer Staples,2020,2020-02-01,2022-03-29,122286000000,,2251000000,1981000000,469000000,1659000000,2.04,4664000000,3128000000,155000000,2649000000,603000000,486000000,465000000,399000000,13256000000,11330000000,1926000000,45256000000,8602000000,805000000,777891827
KR,56873,Consumer Staples,2021,2021-01-30,2023-03-28,132498000000,,2780000000,3370000000,782000000,2585000000,3.27,6815000000,2865000000,185000000,2747000000,544000000,534000000,1324000000,1687000000,12410000000,11566000000,844000000,48662000000,9576000000,781000000,751993701
KR,56873,Consumer Staples,2022,2022-01-29,2024-04-02,137888000000,,3477000000,2051000000,385000000,1655000000,2.17,6190000000,2614000000,203000000,2824000000,571000000,589000000,1647000000,1821000000,11745000000,11294000000,451000000,49086000000,9452000000,754000000,723308230
KR,56873,Consumer Staples,2023,2023-01-28,2025-04-01,148258000000,,4126000000,2902000000,653000000,2244000000,3.06,4498000000,3078000000,190000000,2965000000,535000000,682000000,993000000,1015000000,11292000000,10139000000,1153000000,49623000000,10042000000,727000000,717467532
KR,56873,Consumer Staples,2024,2024-02-03,2026-03-31,150039000000,,3096000000,2836000000,667000000,2164000000,2.96,6788000000,3904000000,172000000,3125000000,441000000,796000000,62000000,1883000000,10187000000,10162000000,25000000,50505000000,11615000000,725000000,721687844
KR,56873,Consumer Staples,2025,2025-02-01,2026-03-31,147123000000,,3849000000,3342000000,670000000,2665000000,3.67,5794000000,4017000000,175000000,3246000000,,883000000,4156000000,3959000000,15909000000,15805000000,104000000,52616000000,8285000000,720000000,660893475
KR,56873,Consumer Staples,2026,2026-01-31,2026-03-31,147642000000,,1890000000,1200000000,176000000,1016000000,1.54,7311000000,3855000000,157000000,3332000000,,885000000,2699000000,3334000000,15875000000,14509000000,1366000000,49953000000,5927000000,655000000,612575611
KVUE,1944048,Consumer Staples,2021,2021-01-03,2024-03-01,,,,,,,,,,,,,,,,,,,,18398000000,,
KVUE,1944048,Consumer Staples,2022,2022-01-02,2024-03-01,15054000000,8419000000,2920000000,2925000000,847000000,2078000000,1.21,334000000,295000000,141000000,731000000,0,0,,,,,,,20491000000,1716160000,
KVUE,1944048,Consumer Staples,2023,2023-12-31,2026-02-20,15444000000,8643000000,2512000000,2190000000,526000000,1664000000,0.9,3168000000,469000000,188000000,627000000,0,766000000,7000000,1170000000,0,,0,27851000000,19970000000,1850000000,
KVUE,1944048,Consumer Staples,2024,2024-12-29,2026-02-20,15455000000,8959000000,1841000000,1415000000,385000000,1030000000,0.54,1769000000,434000000,254000000,622000000,,1552000000,235000000,1070000000,,,750000000,25601000000,9668000000,1923000000,1914581851
KVUE,1944048,Consumer Staples,2025,2025-12-28,2026-02-20,15124000000,8792000000,2414000000,1999000000,529000000,1470000000,0.76,2197000000,475000000,136000000,557000000,,1581000000,197000000,1062000000,,,750000000,27076000000,10765000000,1924000000,1911240720
KVUE,1944048,Consumer Staples,2026,2026-02-13,2026-02-20,,,,,,,,,,,,,,,,,,,,,,1916732090
L,60086,Financials,2019,2019-12-31,2022-02-08,14931000000,,,,248000000,932000000,3.07,1741000000,1041000000,,898000000,591000000,76000000,1051000000,336000000,11456000000,,,82243000000,19119000000,303350000,311299326
L,60086,Financials,2020,2020-12-31,2023-02-07,12583000000,,,-1464000000,-173000000,-931000000,-3.32,1745000000,710000000,,673000000,515000000,70000000,923000000,478000000,10072000000,,,80236000000,17860000000,280320000,287770405
L,60086,Financials,2021,2021-12-31,2024-02-06,14657000000,,,2160000000,475000000,1562000000,6,2623000000,482000000,,503000000,424000000,65000000,1136000000,621000000,,,,81626000000,17846000000,260200000,267046558
L,60086,Financials,2022,2022-12-31,2025-02-11,14044000000,,,1114000000,223000000,822000000,3.38,3314000000,660000000,,509000000,378000000,61000000,729000000,532000000,,,,75567000000,14349000000,243280000,248202443
L,60086,Financials,2023,2023-12-31,2026-02-10,15901000000,,,1996000000,451000000,1434000000,6.29,3907000000,686000000,,534000000,376000000,57000000,849000000,399000000,,,,79197000000,15704000000,227810000,234997673
L,60086,Financials,2024,2024-12-31,2026-02-10,17510000000,,,1874000000,380000000,1414000000,6.41,3025000000,632000000,,580000000,441000000,55000000,608000000,541000000,,,,81943000000,17066000000,220530000,222201139
L,60086,Financials,2025,2025-12-31,2026-02-10,18454000000,,,2283000000,511000000,1667000000,7.97,3279000000,579000000,,607000000,437000000,52000000,806000000,495000000,,,,86348000000,18686000000,209100000,212861300
L,60086,Financials,2026,2026-02-06,2026-02-10,,,,,,,,,,,,,,,,,,,,,,206052874
LDOS,1336920,Industrials,2019,2019-02-11,2019-02-19,,,,,,,,,,,,,,,,,,,,,,146160889
LDOS,1336920,Industrials,2020,2020-01-03,2022-02-15,11094000000,,912000000,866000000,196000000,667000000,4.6,992000000,121000000,52000000,234000000,147000000,,25000000,668000000,,,61000000,9367000000,3413000000,145000000,141402269
LDOS,1336920,Industrials,2021,2021-12-31,2024-02-13,13737000000,,1152000000,967000000,208000000,753000000,5.27,1033000000,,67000000,325000000,182000000,,237000000,727000000,,,483000000,13261000000,4291000000,143000000,141894753
LDOS,1336920,Industrials,2022,2022-12-30,2025-02-11,14396000000,,1088000000,886000000,193000000,685000000,4.96,992000000,,73000000,333000000,,,0,516000000,,,992000000,13071000000,4299000000,138000000,140505454
LDOS,1336920,Industrials,2023,2023-12-29,2026-02-17,15438000000,,621000000,403000000,195000000,199000000,1.44,1187000000,,77000000,331000000,,,225000000,641000000,,,18000000,12695000000,4201000000,138000000,136937673
LDOS,1336920,Industrials,2024,2024-02-06,2024-02-13,,,,,,,,,,,,,,,,,,,,,,135779301
LDOS,1336920,Industrials,2025,2025-01-03,2026-02-17,16662000000,,1827000000,1639000000,388000000,1254000000,9.22,1435000000,,85000000,290000000,,,850000000,849000000,,,618000000,13010000000,4412000000,136000000,131167372
LDOS,1336920,Industrials,2026,2026-01-02,2026-02-17,17174000000,,2109000000,1909000000,447000000,1448000000,11.14,1750000000,,95000000,290000000,,,400000000,1108000000,,,20000000,13493000000,4916000000,130000000,126392684
LEN,920760,Consumer Discretionary,2018,2018-11-30,2021-01-22,20571631000,,2463191000,2262684000,545171000,1695831000,5.44,1691747000,130439000,72655000,,,49159000,299833000,1558458000,,,,28566181000,14581535000,308565000,
LEN,920760,Consumer Discretionary,2019,2019-11-30,2022-01-28,22259561000,,2775406000,2434292000,592173000,1849052000,5.74,1482343000,86497000,86940000,,,51454000,523074000,1445996000,9573696000,,,29359511000,15949517000,318422000,
LEN,920760,Consumer Discretionary,2020,2020-11-30,2022-01-28,22488854000,,3482206000,3123788000,656235000,2465036000,7.85,4190819000,72752000,107131000,,,195043000,321524000,2863038000,7421583000,,,29935177000,17994856000,309407000,
LEN,920760,Consumer Discretionary,2021,2021-11-30,2024-01-26,27130676000,,,5819058000,1362509000,4430111000,14.27,2532774000,65172000,134621000,,,309776000,1430212000,,,,,33207778000,20816425000,306612000,
LEN,920760,Consumer Discretionary,2022,2022-11-30,2025-01-23,33671010000,,,6014566000,1366065000,4614125000,15.72,3265668000,57214000,184086000,,,438038000,1039309000,,,,,37984295000,24100500000,289824000,
LEN,920760,Consumer Discretionary,2023,2023-11-30,2026-01-28,34233366000,,,5202304000,1241013000,3938511000,13.73,5179738000,99799000,160720000,,,430560000,1182711000,,,,,39234303000,26580664000,283319000,
LEN,920760,Consumer Discretionary,2024,2024-11-30,2026-01-28,35441452000,,,5184908000,1217253000,3932533000,14.31,2403379000,171503000,176676000,,,548823000,2256464000,4909664000,4189239000,,,41312781000,27870135000,272019000,
LEN,920760,Consumer Discretionary,2025,2025-11-30,2026-01-28,34186934000,,,2813863000,705563000,2078179000,,216812000,188629000,163494000,,,520959000,1808369000,3756305000,5874995000,,,34430437000,21959417000,,
LH,920148,Health Care,2019,2019-12-31,2022-02-25,11554800000,3252500000,1330200000,784400000,280000000,823800000,8.35,1444700000,400200000,107000000,577200000,240700000,,450000000,337500000,6205000000,5789800000,,18046400000,7643900000,98600000,98600000
LH,920148,Health Care,2020,2020-12-31,2023-02-28,13978500000,4952800000,2445400000,1846500000,662100000,1556100000,15.88,2135300000,381700000,111700000,624700000,207400000,,100000000,1320800000,,5419000000,,20071700000,9436600000,98000000,97300000
LH,920148,Health Care,2021,2021-12-31,2024-02-26,13136100000,4992400000,3048600000,2455000000,690000000,2377300000,24.39,3109600000,421500000,132900000,577000000,211800000,,1668500000,1472700000,,5416500000,,20385400000,10273400000,97500000,97600000
LH,920148,Health Care,2022,2022-12-31,2025-02-25,11863900000,3708900000,1436500000,1097900000,233900000,1279100000,13.97,1955900000,429300000,116800000,537200000,179800000,195200000,1100000000,320600000,,5038800000,,20155100000,10096600000,91600000,93400000
LH,920148,Health Care,2023,2023-12-31,2026-02-24,12161600000,3364900000,725600000,504000000,188500000,418000000,4.77,1327700000,453600000,128700000,577300000,199600000,254000000,1000000000,536800000,,4054700000,,16725100000,7875000000,87600000,88500000
LH,920148,Health Care,2024,2024-12-31,2026-02-24,13008900000,3624400000,1086700000,629700000,212400000,746000000,8.84,1585800000,489900000,116700000,643500000,208300000,243100000,250100000,1518700000,,5331200000,1000300000,18379000000,8052200000,84400000,84100000
LH,920148,Health Care,2025,2025-12-31,2026-02-24,13951700000,4012500000,1384700000,728900000,229800000,876500000,10.46,1640500000,434500000,125800000,681100000,224100000,240700000,450000000,532300000,,5084600000,500100000,18392700000,8619800000,83800000,83700000
LH,920148,Health Care,2026,2026-02-23,2026-02-24,,,,,,,,,,,,,,,,,,,,,,82400000
LHX,202058,Industrials,2019,2019-06-28,2022-02-25,,,1446000000,1113000000,160000000,949000000,7.86,1185000000,161000000,58000000,258000000,169000000,325000000,200000000,530000000,3419000000,2763000000,,10117000000,3363000000,120500000,223280849
LHX,202058,Industrials,2020,2020-01-03,2022-02-25,,,,1493000000,146000000,1333000000,7.89,,,,,217000000,,,824000000,,6694000000,,38336000000,22587000000,169000000,
LHX,202058,Industrials,2021,2021-12-31,2024-02-20,,,2109000000,2283000000,440000000,1846000000,9.09,2687000000,342000000,129000000,967000000,270000000,817000000,3675000000,941000000,,7048000000,,34709000000,19213000000,203200000,205565782
LHX,202058,Industrials,2022,2022-12-30,2025-02-14,,,1127000000,1273000000,212000000,1062000000,5.49,2158000000,252000000,109000000,938000000,,864000000,1083000000,880000000,,6225000000,,33524000000,18523000000,193500000,193065899
LHX,202058,Industrials,2023,2023-12-29,2026-02-12,,,1426000000,1221000000,23000000,1227000000,6.44,2096000000,449000000,89000000,1166000000,,868000000,518000000,560000000,,11160000000,,41687000000,18765000000,190600000,190089405
LHX,202058,Industrials,2024,2024-02-09,2024-02-20,,,,,,,,,,,,,,,,,,,,,,190107856
LHX,202058,Industrials,2025,2025-01-03,2026-02-12,,,1918000000,1597000000,85000000,1502000000,7.87,2559000000,408000000,97000000,1289000000,,886000000,554000000,615000000,,11081000000,,42001000000,19514000000,190700000,188313839
LHX,202058,Industrials,2026,2026-01-02,2026-02-12,,,2110000000,1932000000,326000000,1606000000,8.53,3106000000,424000000,113000000,1224000000,,903000000,1154000000,1069000000,,10443000000,,41195000000,19635000000,188400000,186776263
LII,1069202,Industrials,2019,2019-12-31,2022-02-15,3807200000,1079800000,656900000,507900000,99100000,408700000,10.38,396100000,105600000,21300000,71100000,47500000,110500000,400000000,37300000,1171200000,,321900000,2034900000,-170200000,39400000,39872002
LII,1069202,Industrials,2020,2020-12-31,2023-02-21,3634100000,1040100000,478500000,445200000,88100000,356300000,9.24,612400000,78500000,24300000,72600000,28300000,118100000,100000000,123900000,980600000,,9900000,2032500000,-17100000,38600000,38598884
LII,1069202,Industrials,2021,2021-12-31,2024-02-13,4194100000,1188400000,590300000,560100000,96100000,464000000,12.39,515500000,106800000,24300000,72400000,25000000,126500000,600000000,31000000,1237800000,,11300000,2171900000,-269000000,37500000,37733565
LII,1069202,Industrials,2022,2022-12-31,2025-02-11,4718400000,1284700000,656200000,615800000,118700000,497100000,13.88,302300000,101100000,21800000,77900000,38700000,142000000,300000000,52600000,1524800000,,710600000,2567600000,-203100000,35800000,36636874
LII,1069202,Industrials,2023,2023-12-31,2026-02-17,4981900000,1549200000,791500000,738900000,147700000,591200000,16.58,736200000,250200000,30100000,86000000,51700000,153400000,0,60700000,1305200000,,12100000,2941000000,393000000,35700000,35474054
LII,1069202,Industrials,2024,2024-12-31,2026-02-17,5341300000,1777500000,1040400000,999400000,188300000,811100000,22.66,945700000,163600000,28500000,95100000,38700000,160300000,53600000,415100000,1147600000,,314500000,3620000000,962100000,35800000,35586684
LII,1069202,Industrials,2025,2025-12-31,2026-02-17,5195300000,1734800000,1041500000,996800000,191000000,805800000,22.79,757600000,118800000,29100000,112500000,40900000,173000000,482300000,34200000,1388400000,,18300000,4081800000,1163100000,35400000,35579664
LII,1069202,Industrials,2026,2026-02-03,2026-02-17,,,,,,,,,,,,,,,,,,,,,,34802911
LIN,1707925,Materials,2019,2019-12-31,2022-02-28,28228000000,,2933000000,2927000000,769000000,2285000000,4.19,,3682000000,95000000,,284000000,1891000000,2658000000,2700000000,12224000000,10693000000,,86612000000,49074000000,545170000,544910125
LIN,1707925,Materials,2020,2020-12-31,2023-02-28,27243000000,,3322000000,3384000000,847000000,2501000000,4.71,7429000000,3400000000,133000000,,277000000,2028000000,2457000000,3754000000,12903000000,12152000000,,88229000000,47317000000,531157000,532959736
LIN,1707925,Materials,2021,2021-12-31,2024-02-28,30793000000,,4984000000,5099000000,1262000000,3826000000,7.33,9725000000,3086000000,128000000,,227000000,2189000000,4612000000,2823000000,13044000000,11335000000,1709000000,81605000000,44035000000,521875000,522836425
LIN,1707925,Materials,2022,2022-12-31,2025-02-26,33364000000,,5369000000,5543000000,1434000000,4147000000,8.23,8864000000,3173000000,107000000,,277000000,2344000000,5168000000,5436000000,13797000000,12198000000,1599000000,79658000000,40028000000,504038000,507744577
LIN,1707925,Materials,2023,2023-12-31,2026-02-25,32854000000,,8024000000,7988000000,1814000000,6199000000,12.59,9305000000,3787000000,,,480000000,2482000000,3958000000,4664000000,14660000000,13397000000,1263000000,80811000000,39720000000,492290000,492160806
LIN,1707925,Materials,2024,2024-12-31,2026-02-25,33005000000,,8635000000,8569000000,2002000000,6565000000,13.62,9423000000,4497000000,,,555000000,2655000000,4482000000,4850000000,17400000000,15343000000,2057000000,80147000000,38092000000,482092000,481576472
LIN,1707925,Materials,2025,2025-12-31,2026-02-25,33986000000,,8923000000,8897000000,1989000000,6898000000,14.61,10350000000,5261000000,,,575000000,2811000000,4601000000,5056000000,22479000000,20683000000,1796000000,86817000000,38245000000,472195000,472911618
LIN,1707925,Materials,2026,2026-01-31,2026-02-25,,,,,,,,,,,,,,,,,,,,,,463394156
LITE,1633978,Information Technology,2019,2019-06-29,2021-08-31,,425900000,-21600000,-33300000,3100000,-36400000,-0.54,330100000,166000000,60700000,102900000,36300000,,0,432600000,,,,2716600000,1497100000,70700000,76900000
LITE,1633978,Information Technology,2020,2020-06-27,2022-08-24,,650200000,204100000,,38800000,135500000,1.75,524300000,86000000,73200000,113300000,61200000,,200000000,298000000,1538600000,,,3292600000,1749200000,77600000,75200000
LITE,1633978,Information Technology,2021,2021-07-03,2023-08-23,,783100000,527000000,,65800000,397300000,5.07,738700000,84800000,92900000,91400000,66700000,,236000000,774300000,1532300000,,,3551600000,1972800000,78400000,72700000
LITE,1633978,Information Technology,2022,2022-07-02,2024-08-21,,788600000,303300000,,36200000,198900000,2.68,459300000,91200000,103100000,81600000,80200000,,543900000,1290200000,2410900000,1466100000,,4162200000,1875000000,74200000,68100000
LITE,1633978,Information Technology,2023,2023-07-01,2025-08-19,,569000000,-115700000,,29200000,-131600000,-1.93,179800000,128500000,148400000,106600000,35500000,,175600000,859000000,,,,4632100000,1355800000,68300000,66700000
LITE,1633978,Information Technology,2024,2024-06-29,2026-08-17,,251500000,-434000000,,140800000,-546500000,-8.12,24700000,133000000,128800000,110600000,,,0,436700000,,2503200000,0,3931900000,957300000,67300000,68000000
LITE,1633978,Information Technology,2025,2025-06-28,2026-08-17,,459900000,-180100000,,-198000000,25900000,0.37,126300000,231000000,177200000,104300000,,,0,520700000,,2562600000,10600000,4218700000,1134700000,69600000,69900000
LITE,1633978,Information Technology,2026,2026-06-27,2026-08-17,,1255900000,524800000,,-237700000,-6935100000,-92.96,751400000,451300000,170200000,128800000,,,,2043500000,,40500000,1596900000,7307500000,4643900000,74600000,89700000
LLY,59478,Health Care,2019,2019-12-31,2022-02-23,22319500000,,,5265900000,628000000,8318400000,8.89,4836600000,,312400000,1232600000,400600000,2409800000,4400000000,2337500000,13638500000,13817900000,,39286100000,2606900000,935684000,1035418562
LLY,59478,Health Care,2020,2020-12-31,2023-02-22,24539800000,,,7229900000,1036200000,6193700000,6.79,6499600000,,308100000,1323900000,359600000,2687100000,500000000,3657100000,16348700000,16586600000,,46633100000,5641600000,912505000,956382203
LLY,59478,Health Care,2021,2021-12-31,2024-02-21,28318400000,,,6155500000,573800000,5581700000,6.12,7365900000,,342800000,1547600000,339800000,3086800000,1250000000,3818500000,16741200000,15346400000,,48806000000,8979200000,911681000,958425693
LLY,59478,Health Care,2022,2022-12-31,2025-02-19,28541400000,,,6806400000,561600000,6244800000,6.9,7585700000,,371100000,1522500000,331600000,3535800000,1500000000,2067000000,14815300000,14737500000,,49489800000,10649800000,904619000,952347126
LLY,59478,Health Care,2023,2023-12-31,2026-02-12,34124000000,,,6554000000,1314000000,5240000000,5.8,4240000000,,629000000,1527000000,485900000,4069000000,750000000,2818600000,19104600000,18320800000,,64006300000,10771900000,903300000,950296118
LLY,59478,Health Care,2024,2024-12-31,2026-02-12,45043000000,,,12680000000,2090000000,10590000000,11.71,8818000000,,646000000,1767000000,,4680000000,2500000000,3268000000,29474000000,28527000000,,78715000000,14272000000,904100000,950164452
LLY,59478,Health Care,2025,2025-12-31,2026-02-12,65179000000,,,25731000000,5091000000,20640000000,22.95,16813000000,,626000000,1997000000,,5384000000,4108000000,7268000000,,40868000000,,112476000000,26535000000,899300000,948169999
LLY,59478,Health Care,2026,2026-02-09,2026-02-12,,,,,,,,,,,,,,,,,,,,,,943357420
LMT,936468,Industrials,2019,2019-12-31,2022-01-25,59812000000,8367000000,8545000000,7241000000,1011000000,6230000000,21.95,7311000000,,189000000,906000000,653000000,2556000000,1200000000,1514000000,12654000000,11404000000,1250000000,47528000000,3127000000,283800000,282562534
LMT,936468,Industrials,2020,2020-12-31,2023-01-26,65398000000,8654000000,8644000000,8235000000,1347000000,6833000000,24.3,8183000000,,221000000,1019000000,591000000,2764000000,1100000000,3160000000,12169000000,11669000000,500000000,50710000000,6015000000,281200000,281937366
LMT,936468,Industrials,2021,2021-12-31,2024-01-23,67044000000,9061000000,9123000000,7550000000,1235000000,6315000000,22.76,9221000000,,227000000,1364000000,569000000,2940000000,4087000000,3604000000,11676000000,11670000000,6000000,50873000000,10959000000,277400000,280103431
LMT,936468,Industrials,2022,2022-12-31,2025-01-28,65984000000,8287000000,8348000000,6680000000,948000000,5732000000,21.66,7802000000,,238000000,1404000000,623000000,3016000000,7900000000,2547000000,15547000000,15429000000,118000000,52880000000,9266000000,264600000,272326925
LMT,936468,Industrials,2023,2023-12-31,2026-01-29,67571000000,8479000000,8507000000,8098000000,1178000000,6920000000,27.55,7920000000,,265000000,1430000000,916000000,3056000000,6000000000,1442000000,17459000000,17291000000,168000000,52456000000,6835000000,251200000,255297298
LMT,936468,Industrials,2024,2024-12-31,2026-01-29,71043000000,6930000000,7013000000,6220000000,884000000,5336000000,22.31,6972000000,,277000000,1559000000,,3059000000,3700000000,2483000000,20270000000,19627000000,643000000,55617000000,6333000000,239200000,241643304
LMT,936468,Industrials,2025,2025-12-31,2026-01-29,75048000000,7619000000,7731000000,5922000000,905000000,5017000000,21.49,8557000000,,304000000,1687000000,,3131000000,3000000000,4121000000,21700000000,20532000000,1168000000,59840000000,6721000000,233500000,235385902
LMT,936468,Industrials,2026,2026-01-26,2026-01-29,,,,,,,,,,,,,,,,,,,,,,230080240
LNT,352541,Utilities,2019,2019-12-31,2022-02-18,3648000000,,778000000,636000000,69000000,567000000,2.33,660000000,1640000000,26000000,567000000,273000000,337000000,,16000000,,5533000000,657000000,16701000000,5205000000,239000000,236074475
LNT,352541,Utilities,2020,2020-12-31,2023-02-24,3416000000,,740000000,567000000,-57000000,624000000,2.47,501000000,1366000000,16000000,615000000,275000000,377000000,,54000000,,6769000000,8000000,17710000000,5688000000,248700000,245031019
LNT,352541,Utilities,2021,2021-12-31,2024-02-16,3669000000,,795000000,600000000,-74000000,674000000,2.63,582000000,1169000000,14000000,657000000,277000000,403000000,,39000000,,6735000000,633000000,18553000000,5990000000,250700000,249881050
LNT,352541,Utilities,2022,2022-12-31,2025-02-21,4205000000,,928000000,708000000,22000000,686000000,2.73,486000000,1484000000,13000000,671000000,325000000,428000000,,20000000,,7668000000,408000000,20163000000,6276000000,251200000,250478681
LNT,352541,Utilities,2023,2023-12-31,2026-02-20,4027000000,,943000000,707000000,4000000,703000000,2.78,867000000,,12000000,676000000,394000000,456000000,,62000000,,8225000000,809000000,21237000000,6777000000,253300000,251137522
LNT,352541,Utilities,2024,2024-12-31,2026-02-20,3981000000,,886000000,576000000,-114000000,690000000,2.69,1167000000,,12000000,772000000,449000000,492000000,,81000000,,8677000000,1171000000,22714000000,7004000000,256800000,256100293
LNT,352541,Utilities,2025,2025-12-31,2026-02-20,4362000000,,1025000000,661000000,-149000000,810000000,3.14,1169000000,,22000000,846000000,512000000,521000000,,556000000,,10954000000,1074000000,24991000000,7334000000,257800000,256692381
LNT,352541,Utilities,2026,2026-01-31,2026-02-20,,,,,,,,,,,,,,,,,,,,,,257140829
LOW,60667,Consumer Discretionary,2019,2019-02-01,2021-03-22,71309000000,22908000000,4018000000,3394000000,1080000000,2314000000,2.84,6193000000,1174000000,74000000,1607000000,,1455000000,3037000000,511000000,,,,34508000000,3644000000,812000000,795922717
LOW,60667,Consumer Discretionary,2020,2020-01-31,2022-03-21,72148000000,22943000000,6314000000,5623000000,1342000000,4281000000,5.49,4296000000,1484000000,98000000,1410000000,,1618000000,4313000000,716000000,,,,39471000000,1972000000,778000000,754948648
LOW,60667,Consumer Discretionary,2021,2021-01-29,2023-03-27,89597000000,29572000000,9647000000,7739000000,1904000000,5835000000,7.75,11049000000,1791000000,155000000,1594000000,,1704000000,4971000000,4690000000,,,,46735000000,1437000000,750000000,717256852
LOW,60667,Consumer Discretionary,2022,2022-01-28,2024-03-25,96250000000,32056000000,12093000000,11208000000,2766000000,8442000000,12.04,10113000000,1853000000,230000000,1882000000,,1984000000,13012000000,1133000000,24285000000,,,44640000000,-4816000000,699000000,661561297
LOW,60667,Consumer Discretionary,2023,2023-02-03,2025-03-24,97059000000,32257000000,10159000000,9036000000,2599000000,6437000000,10.17,8589000000,1829000000,223000000,1981000000,,2370000000,14124000000,1348000000,33270000000,,,43708000000,-14254000000,631000000,596356261
LOW,60667,Consumer Discretionary,2024,2024-02-02,2026-03-23,86377000000,28844000000,11557000000,10175000000,2449000000,7726000000,13.2,8140000000,1964000000,210000000,1923000000,,2531000000,6138000000,921000000,35770000000,,,41795000000,-15050000000,584000000,572184243
LOW,60667,Consumer Discretionary,2025,2025-01-31,2026-03-23,83674000000,27877000000,10466000000,9153000000,2196000000,6957000000,12.23,9625000000,1927000000,221000000,1972000000,,2566000000,4053000000,1761000000,35319000000,,,43102000000,-14231000000,568000000,559706540
LOW,60667,Consumer Discretionary,2026,2026-01-30,2026-03-23,86286000000,28885000000,10153000000,8747000000,2093000000,6654000000,11.85,9864000000,2213000000,247000000,2194000000,,2636000000,211000000,982000000,39819000000,,,54144000000,-9917000000,560000000,560063429
LRCX,707549,Information Technology,2019,2019-06-30,2021-08-17,,4358459000,2464732000,,255141000,2191430000,13.7,3176013000,303491000,187234000,309281000,117263000,678348000,3780611000,3658219000,4430011000,3767703000,662308000,12001333000,4673865000,159915000,144532998
LRCX,707549,Information Technology,2020,2020-06-28,2022-08-24,,4608693000,2673802000,2574978000,323225000,2251753000,15.1,2126451000,203239000,189197000,268525000,177440000,656838000,1369649000,4915172000,5795478000,4959371000,836107000,14559047000,5172494000,149090000,145625225
LRCX,707549,Information Technology,2021,2021-06-27,2023-08-15,,6805306000,4482023000,4370804000,462346000,3908458000,26.9,3588163000,349096000,220164000,307151000,208597000,726992000,2697704000,4418263000,4960935000,4960935000,0,15892152000,6027188000,145320000,141953681
LRCX,707549,Information Technology,2022,2022-06-26,2024-08-29,,7871807000,5381822000,5193114000,587828000,4605286000,32.75,3099674000,546034000,259064000,333739000,184759000,815290000,3865663000,3522001000,4962459000,4962459000,0,17195632000,6278366000,140628000,136987792
LRCX,707549,Information Technology,2023,2023-06-25,2025-08-11,,7776925000,5174860000,5109210000,598279000,4510931000,3.32,5178938000,501568000,286600000,342432000,186462000,907907000,2017012000,5337056000,4965365000,4964944000,421000,18781643000,8210172000,1358336000,132511701
LRCX,707549,Information Technology,2024,2024-06-30,2026-08-07,,7052791000,4263913000,4360222000,532450000,3827772000,2.9,4652269000,396670000,293058000,359699000,,1018915000,2842807000,5847856000,4967361000,4466045000,501316000,18744728000,8539454000,1319949000,129876000
LRCX,707549,Information Technology,2025,2025-06-29,2026-08-07,,8979059000,5900968000,5958129000,599912000,5358217000,4.15,6173264000,759186000,343371000,386277000,,1149542000,3422321000,6390659000,4469364000,3719694000,749670000,21345260000,9861619000,1290142000,1265621000
LRCX,707549,Information Technology,2026,2026-06-28,2026-08-07,,11725308000,8199795000,8262473000,997077000,7265396000,5.76,5857657000,966405000,386381000,441533000,,1270635000,3851343000,5579171000,3722061000,3721914000,147000,23529743000,12470921000,1261102000,1251321000
LULU,1397187,Consumer Discretionary,2019,2019-02-03,2021-03-30,3288319000,1816287000,705836000,,231449000,483801000,3.61,742779000,225807000,28568000,122484000,,,598340000,881320000,,,,2084711000,1445975000,133971000,123280140
LULU,1397187,Consumer Discretionary,2020,2020-02-02,2022-03-29,3979296000,2223386000,889110000,897393000,251797000,645596000,4.93,669316000,283048000,45593000,161933000,,,173399000,,,,,3281354000,1952218000,130955000,124115144
LULU,1397187,Consumer Discretionary,2021,2021-01-31,2023-03-28,4401879000,2463991000,819986000,819350000,230437000,588913000,4.5,803336000,229226000,50797000,185478000,,,63663000,,,,,4185215000,2558566000,130871000,125164616
LULU,1397187,Consumer Discretionary,2022,2022-01-30,2024-03-21,6256617000,3608565000,1333355000,1333869000,358547000,975322000,7.49,1389108000,394502000,69137000,224206000,,,812602000,,,,,4942478000,2740046000,130295000,122710357
LULU,1397187,Consumer Discretionary,2023,2023-01-29,2025-03-27,8110518000,4492340000,1328408000,1332571000,477771000,854800000,6.68,966463000,638657000,78075000,291791000,,,444001000,,,,,5607038000,3148799000,128017000,122048680
LULU,1397187,Consumer Discretionary,2024,2024-01-28,2026-03-17,9619278000,5609405000,2132676000,2175735000,625545000,1550190000,12.2,2296164000,651865000,93560000,379384000,,,558652000,,,,,7091941000,4232081000,127060000,120892132
LULU,1397187,Consumer Discretionary,2025,2025-02-02,2026-03-17,10588126000,6270811000,2505697000,2576077000,761461000,1814616000,14.64,2272713000,689232000,90011000,446524000,,,1636879000,,,,,7603292000,4324047000,123935000,115521231
LULU,1397187,Consumer Discretionary,2026,2026-02-01,2026-03-17,11102600000,6284132000,2210615000,2238967000,659784000,1579183000,13.26,1602477000,680802000,62203000,496228000,,,1178349000,,,,,8456743000,4961840000,119068000,110482671
LUV,92380,Industrials,2019,2019-12-31,2022-02-07,,,2957000000,2957000000,657000000,2300000000,4.27,3987000000,,,1219000000,118000000,,2000000000,2548000000,,,,25895000000,9832000000,539000000,552688849
LUV,92380,Industrials,2020,2020-12-31,2023-02-07,,,-3816000000,-4256000000,-1182000000,-3074000000,-5.44,-1127000000,,,1255000000,,,451000000,11063000000,,,,34588000000,8876000000,565000000,517295540
LUV,92380,Industrials,2021,2021-12-31,2024-02-06,,,1721000000,1325000000,348000000,977000000,1.61,2322000000,,,1272000000,,,0,12480000000,,,,36320000000,10414000000,609000000,590677474
LUV,92380,Industrials,2022,2022-12-31,2025-02-07,,,1017000000,728000000,189000000,539000000,0.87,3790000000,,,1351000000,,,0,9492000000,8097000000,,,35369000000,10687000000,642000000,592341878
LUV,92380,Industrials,2023,2023-12-31,2026-02-05,,,224000000,633000000,168000000,465000000,0.76,3164000000,,,1522000000,,,0,9288000000,8012000000,,,36487000000,10515000000,640000000,594286577
LUV,92380,Industrials,2024,2024-12-31,2026-02-05,,,321000000,598000000,133000000,465000000,0.76,462000000,,,1657000000,,,250000000,7509000000,6697000000,,,33750000000,10350000000,643000000,596664523
LUV,92380,Industrials,2025,2025-12-31,2026-02-05,,,428000000,563000000,122000000,441000000,0.79,1842000000,,,1560000000,,,2550000000,3231000000,4929000000,,,29061000000,7981000000,558000000,592661084
LUV,92380,Industrials,2026,2026-02-03,2026-02-06,,,,,,,,,,,,,,,,,,,,,,491317990
LVS,1300514,Consumer Discretionary,2019,2019-12-31,2022-02-04,12127000000,,3365000000,3600000000,432000000,2698000000,3.5,3038000000,1018000000,35000000,1020000000,449000000,,754000000,4226000000,,,70000000,23199000000,5187000000,771000000,775051979
LVS,1300514,Consumer Discretionary,2020,2020-12-31,2023-02-03,2940000000,,-1393000000,-1876000000,24000000,-1685000000,-2.21,-1312000000,1227000000,22000000,997000000,523000000,,0,2082000000,,,75000000,20807000000,2973000000,764000000,763684915
LVS,1300514,Consumer Discretionary,2021,2021-12-31,2024-02-07,4234000000,,-689000000,-1474000000,-5000000,-961000000,-1.26,,828000000,22000000,1041000000,621000000,,0,1854000000,,,74000000,20059000000,1996000000,764000000,763842938
LVS,1300514,Consumer Discretionary,2022,2022-12-31,2025-02-07,4110000000,,-792000000,-1387000000,154000000,1832000000,2.4,,651000000,39000000,1036000000,702000000,,0,6311000000,,,2031000000,22039000000,3881000000,764000000,763989752
LVS,1300514,Consumer Discretionary,2023,2023-12-31,2026-02-06,10372000000,,2313000000,1775000000,344000000,1221000000,1.6,3227000000,1017000000,44000000,1208000000,818000000,,505000000,5105000000,,,1900000000,21778000000,4118000000,765000000,764273371
LVS,1300514,Consumer Discretionary,2024,2024-12-31,2026-02-06,11298000000,,2402000000,1960000000,208000000,1446000000,1.96,3204000000,1567000000,55000000,1308000000,727000000,,1750000000,3650000000,,,3160000000,20666000000,2884000000,737000000,753621428
LVS,1300514,Consumer Discretionary,2025,2025-12-31,2026-02-06,13017000000,,2818000000,2213000000,347000000,1627000000,2.35,3023000000,1168000000,54000000,1464000000,746000000,,2217000000,3841000000,,,1128000000,21920000000,1590000000,693000000,715934671
LVS,1300514,Consumer Discretionary,2026,2026-02-04,2026-02-06,,,,,,,,,,,,,,,,,,,,,,671910723
LYB,1489393,Materials,2019,2019-12-31,2022-02-24,34727000000,,4116000000,4052000000,648000000,3397000000,9.58,4961000000,2694000000,48000000,1312000000,347000000,1462000000,3752000000,858000000,,,,30435000000,8044000000,,371156998
LYB,1489393,Materials,2020,2020-12-31,2023-02-23,27753000000,,1559000000,1386000000,-43000000,,4.24,3404000000,1947000000,55000000,1385000000,526000000,1405000000,4000000,1763000000,,,,35403000000,7971000000,,333554886
LYB,1489393,Materials,2021,2021-12-31,2024-02-22,46173000000,,6773000000,6786000000,1163000000,,16.75,7695000000,1959000000,66000000,1393000000,519000000,1486000000,463000000,1472000000,,,,36742000000,11858000000,,334132558
LYB,1489393,Materials,2022,2022-12-31,2025-02-27,50451000000,,5101000000,4776000000,882000000,,11.81,6119000000,1890000000,70000000,1267000000,287000000,3246000000,420000000,2151000000,,,,36365000000,12615000000,,328009583
LYB,1489393,Materials,2023,2023-12-31,2026-02-20,33336000000,,2725000000,2299000000,433000000,,6.46,4942000000,1531000000,91000000,1534000000,477000000,1610000000,211000000,3390000000,,,,37000000000,12930000000,,325992173
LYB,1489393,Materials,2024,2024-12-31,2026-02-20,33394000000,,1918000000,1701000000,259000000,,4.15,3819000000,1839000000,91000000,1522000000,,1720000000,195000000,3375000000,,,,35746000000,12462000000,,324523140
LYB,1489393,Materials,2025,2025-12-31,2026-02-20,30153000000,,-420000000,-715000000,70000000,,-2.34,2262000000,1878000000,91000000,1390000000,,1764000000,201000000,3443000000,,,,34003000000,10082000000,,323446166
LYB,1489393,Materials,2026,2026-02-18,2026-02-20,,,,,,,,,,,,,,,,,,,,,,322169978
LYV,1335258,Communication Services,2019,2019-12-31,2022-02-23,11547969000,,324844000,185104000,66892000,69889000,,469783000,323566000,48785000,443991000,157521000,,,2470362000,,,37795000,10975615000,1145820000,,210898225
LYV,1335258,Communication Services,2020,2020-12-31,2023-02-23,1861178000,,-1653192000,-1856665000,-28875000,-1724535000,-8.12,-1083388000,213746000,116889000,485025000,226832000,,,2537787000,,,53415000,10589303000,-471772000,212270944,214531042
LYV,1335258,Communication Services,2021,2021-12-31,2024-02-22,6268447000,,-417858000,-611267000,-2481000,-650904000,-3.09,1780568000,152734000,209337000,416277000,282440000,,,4884729000,,,585254000,14402318000,-582651000,217190862,218047105
LYV,1335258,Communication Services,2022,2022-12-31,2025-02-21,16681254000,,722031000,490524000,115941000,266440000,0.52,1835047000,347206000,110049000,449976000,278483000,,,5606457000,,,620032000,16460841000,-367569000,231556866,224625821
LYV,1335258,Communication Services,2023,2023-12-31,2026-02-19,22726317000,,1084933000,913274000,209476000,556893000,1.34,1362974000,438604000,115959000,516797000,350244000,,0,6231866000,,,1134386000,19029640000,-52305000,230977326,231591254
LYV,1335258,Communication Services,2024,2024-12-31,2026-02-19,23155625000,,824510000,739426000,-391698000,896287000,2.74,1725175000,646634000,110348000,549923000,325974000,,0,6095424000,,,260901000,19638771000,173263000,236352449,230797704
LYV,1335258,Communication Services,2025,2025-12-31,2026-02-19,25201406000,,1251217000,1030527000,339787000,495972000,-0.24,1395316000,1061705000,155219000,638872000,316033000,,23531000,7094200000,,,587630000,22912533000,271007000,231844300,233401156
LYV,1335258,Communication Services,2026,2026-02-12,2026-02-19,,,,,,,,,,,,,,,,,,,,,,234801922
MA,1141391,Financials,2018,2018-12-31,2021-02-12,14950000000,,7282000000,,1345000000,,5.6,6223000000,330000000,196000000,459000000,186000000,1044000000,4933000000,6682000000,,5834000000,500000000,24860000000,5395000000,1047000000,
MA,1141391,Financials,2019,2019-12-31,2022-02-11,16883000000,,9664000000,,1613000000,,7.94,8183000000,422000000,250000000,522000000,224000000,1345000000,6497000000,6988000000,,8527000000,0,29236000000,5893000000,1022000000,
MA,1141391,Financials,2020,2020-12-31,2023-02-14,15301000000,,8081000000,,1349000000,,6.37,7224000000,339000000,254000000,580000000,380000000,1605000000,4473000000,10113000000,,12023000000,649000000,33584000000,6391000000,1006000000,
MA,1141391,Financials,2021,2021-12-31,2024-02-13,18884000000,,10082000000,,1620000000,,8.76,9463000000,407000000,273000000,726000000,431000000,1741000000,5904000000,7421000000,,13109000000,792000000,37669000000,7312000000,992000000,
MA,1141391,Financials,2022,2022-12-31,2025-02-12,22237000000,,12264000000,11732000000,1802000000,,10.22,11195000000,442000000,295000000,750000000,471000000,1903000000,8753000000,7008000000,,13749000000,274000000,38724000000,6298000000,971000000,
MA,1141391,Financials,2023,2023-12-31,2026-02-11,25098000000,,14008000000,13639000000,2444000000,,11.83,11980000000,371000000,460000000,799000000,575000000,2158000000,9032000000,8588000000,,14344000000,1337000000,42448000000,6929000000,946000000,
MA,1141391,Financials,2024,2024-12-31,2026-02-11,28167000000,,15582000000,15254000000,2380000000,,13.89,14780000000,474000000,526000000,897000000,,2448000000,10954000000,8442000000,,17476000000,750000000,48081000000,6485000000,927000000,
MA,1141391,Financials,2025,2025-12-31,2026-02-11,32791000000,,18897000000,18578000000,3610000000,,16.52,17648000000,489000000,597000000,1143000000,,2756000000,11727000000,10566000000,,18251000000,749000000,54157000000,7737000000,906000000,
MAA,912595,Real Estate,2019,2019-12-31,2022-02-17,1641017000,,,368660000,3696000,353811000,3.07,781420000,190204000,13654000,497790000,179847000,437743000,,20476000,,,,11230450000,6068565000,114113000,113888340
MAA,912595,Real Estate,2020,2020-12-31,2023-02-14,1677984000,,,265841000,3327000,254962000,2.19,823949000,225506000,14329000,511678000,167562000,457355000,,25198000,,,,11194791000,5871633000,114500000,114271414
MAA,912595,Real Estate,2021,2021-12-31,2024-02-09,1778082000,,,563128000,13637000,533791000,4.61,894967000,279635000,16665000,534415000,156881000,470401000,,54302000,,,,11285182000,5965177000,115039000,114389362
MAA,912595,Real Estate,2022,2022-12-31,2025-02-07,2019866000,,,646989000,-6208000,637436000,5.48,1058479000,296176000,18798000,544004000,154747000,539605000,,38659000,,,,11241165000,6005089000,115583000,115341027
MAA,912595,Real Estate,2023,2023-12-31,2026-02-06,2148468000,,,570845000,4744000,552806000,4.71,1137187000,341224000,15699000,565857000,149234000,651717000,0,41314000,,,,11484503000,6094071000,116645000,116598821
MAA,912595,Real Estate,2024,2024-12-31,2026-02-06,2191015000,,,544865000,5240000,527543000,4.49,1098292000,322372000,15789000,586402000,168544000,686900000,0,43018000,,,,11812369000,5942131000,116776000,116715633
MAA,912595,Real Estate,2025,2025-12-31,2026-02-06,2209126000,,,459086000,4595000,446909000,3.78,1078175000,360238000,16839000,622969000,185257000,709024000,27235000,60258000,,,,11975383000,5662851000,117149000,116901778
MAA,912595,Real Estate,2026,2026-02-03,2026-02-06,,,,,,,,,,,,,,,,,,,,,,116901020
MAR,1048286,Consumer Discretionary,2019,2019-12-31,2022-02-15,20972000000,,1800000000,1599000000,326000000,1273000000,3.8,1685000000,653000000,187000000,,394000000,612000000,2260000000,225000000,247000000,,,25051000000,703000000,335500000,339668839
MAR,1048286,Consumer Discretionary,2020,2020-12-31,2023-02-14,10571000000,,84000000,-466000000,-199000000,-267000000,-0.82,1639000000,135000000,201000000,,445000000,156000000,150000000,877000000,143000000,,,24701000000,430000000,325800000,324214545
MAR,1048286,Consumer Discretionary,2021,2021-12-31,2024-02-13,13857000000,,1750000000,1180000000,81000000,1099000000,3.34,1177000000,183000000,182000000,,420000000,0,0,1393000000,135000000,,,25553000000,1414000000,329300000,324414150
MAR,1048286,Consumer Discretionary,2022,2022-12-31,2025-02-11,20773000000,,3462000000,3114000000,756000000,2358000000,7.24,2363000000,332000000,192000000,,403000000,321000000,2566000000,507000000,92000000,,,24815000000,568000000,325800000,326311111
MAR,1048286,Consumer Discretionary,2023,2023-12-31,2026-02-10,23713000000,,3864000000,3378000000,295000000,3083000000,10.18,3170000000,452000000,205000000,,565000000,587000000,3953000000,338000000,56000000,,,25674000000,-682000000,302900000,308121159
MAR,1048286,Consumer Discretionary,2024,2024-12-31,2026-02-10,25100000000,,3767000000,3151000000,776000000,2375000000,8.33,2749000000,750000000,237000000,,,682000000,3762000000,396000000,55000000,,,26182000000,-2992000000,285200000,289485338
MAR,1048286,Consumer Discretionary,2025,2025-12-31,2026-02-10,26186000000,,4141000000,3394000000,793000000,2601000000,9.51,3212000000,,236000000,,,718000000,3300000000,358000000,23000000,,,27540000000,-3771000000,273600000,275695298
MAR,1048286,Consumer Discretionary,2026,2026-01-31,2026-02-10,,,,,,,,,,,,,,,,,,,,,,264984554
MAS,62996,Industrials,2019,2019-12-31,2022-02-08,6707000000,2371000000,1088000000,914000000,230000000,935000000,3.22,833000000,,35000000,159000000,159000000,144000000,896000000,697000000,2773000000,2771000000,,5027000000,-235000000,288000000,294492500
MAS,62996,Industrials,2020,2020-12-31,2023-02-09,7188000000,2587000000,1295000000,1131000000,269000000,1224000000,4.59,953000000,,45000000,133000000,144000000,145000000,727000000,1326000000,2795000000,2792000000,,5777000000,195000000,264000000,277735100
MAS,62996,Industrials,2021,2021-12-31,2024-02-08,8375000000,2863000000,1405000000,688000000,210000000,410000000,1.62,930000000,,61000000,151000000,278000000,211000000,1026000000,926000000,2959000000,2949000000,,5575000000,-179000000,251000000,257142348
MAS,62996,Industrials,2022,2022-12-31,2025-02-11,8680000000,2713000000,1297000000,1193000000,288000000,844000000,3.63,840000000,,49000000,145000000,108000000,258000000,914000000,452000000,3151000000,2946000000,,5187000000,-480000000,232000000,239926257
MAS,62996,Industrials,2023,2023-12-31,2026-02-10,7967000000,2836000000,1348000000,1238000000,278000000,908000000,4.02,1413000000,,31000000,149000000,106000000,257000000,353000000,634000000,2948000000,2945000000,,5363000000,-126000000,226000000,225203119
MAS,62996,Industrials,2024,2024-12-31,2026-02-10,7828000000,2831000000,1363000000,1161000000,287000000,822000000,3.76,1075000000,,39000000,150000000,,254000000,751000000,634000000,2948000000,2945000000,,5016000000,-279000000,219000000,219764935
MAS,62996,Industrials,2025,2025-12-31,2026-02-10,7562000000,2679000000,1248000000,1135000000,277000000,810000000,3.86,1022000000,,30000000,148000000,,261000000,571000000,647000000,2947000000,2945000000,,5201000000,-185000000,210000000,211983493
MAS,62996,Industrials,2026,2026-01-31,2026-02-10,,,,,,,,,,,,,,,,,,,,,,203607085
MCD,63908,Consumer Discretionary,2019,2019-12-31,2022-02-24,21364400000,,9069800000,2159100000,1992700000,6025400000,7.88,8122100000,2393700000,109600000,262500000,1121900000,3581900000,4976200000,898500000,34177200000,34118100000,59100000,47510800000,-8210300000,764900000,765317332
MCD,63908,Consumer Discretionary,2020,2020-12-31,2023-02-24,19207800000,,7324000000,1390400000,1410200000,4730500000,6.31,6265200000,1640800000,92400000,300600000,1218100000,3752900000,907800000,3449100000,37440400000,35196800000,2243600000,52626800000,-7824900000,750100000,745446655
MCD,63908,Consumer Discretionary,2021,2021-12-31,2024-02-22,23222900000,,10356000000,2413900000,1582700000,7545200000,10.04,9141500000,2040000000,139200000,329700000,1185800000,3918600000,845500000,4709200000,35622700000,35622700000,0,53854300000,-4601000000,751.8,745572145
MCD,63908,Consumer Discretionary,2022,2022-12-31,2025-02-25,23183000000,,9371000000,1846000000,1648000000,6177000000,8.33,7387000000,1899000000,167000000,370000000,1207000000,4168000000,3896000000,2583800000,35903500000,35903500000,,50436000000,-6003000000,741.3,743584718
MCD,63908,Consumer Discretionary,2023,2023-12-31,2026-02-24,25494000000,,11647000000,3665000000,2053000000,8469000000,11.56,9612000000,2357000000,175000000,382000000,1361000000,4533000000,3054000000,4579000000,39345000000,37153000000,,56147000000,-4707000000,732.3,731496951
MCD,63908,Consumer Discretionary,2024,2024-12-31,2026-02-24,25920000000,,11712000000,3282000000,2121000000,8223000000,11.39,9447000000,2775000000,172000000,447000000,1506000000,4870000000,2824000000,1085000000,38424000000,38424000000,,55182000000,-3797000000,721.9,722051488
MCD,63908,Consumer Discretionary,2025,2025-12-31,2026-02-24,26885000000,,12393000000,3291000000,2334000000,8563000000,11.95,10551000000,3365000000,165000000,457000000,1582000000,5115000000,2056000000,774000000,39973000000,39973000000,725000000,59515000000,-1791000000,716.4,714461139
MCD,63908,Consumer Discretionary,2026,2026-01-31,2026-02-24,,,,,,,,,,,,,,,,,,,,,,710398642
MCHP,827054,Information Technology,2019,2019-03-31,2019-05-30,5349500000,2931300000,714300000,204500000,-151400000,355900000,1.42,1674800000,228900000,166400000,876400000,502900000,,,428600000,10307000000,8946200000,1360800000,18350000000,5287500000,249900000,237926508
MCHP,827054,Information Technology,2020,2020-03-31,2022-05-20,,3242100000,647100000,150400000,-420200000,570600000,1.11,1543800000,67600000,170200000,1215600000,497300000,,0,401000000,9482200000,8873400000,608800000,17426100000,5585500000,512400000,245332497
MCHP,827054,Information Technology,2021,2021-03-31,2023-05-25,,3378800000,998100000,339500000,-9900000,349400000,0.65,1916500000,92600000,198300000,1153300000,356900000,,0,280000000,8904100000,7581200000,1322900000,16478800000,5337100000,541200000,273531409
MCHP,827054,Information Technology,2022,2022-03-31,2024-05-23,,4449600000,1849600000,1482500000,197000000,1285500000,2.27,2842700000,370100000,210200000,1143500000,257000000,,425600000,317400000,7687400000,7687400000,0,16199500000,5894800000,565900000,554501300
MCHP,827054,Information Technology,2023,2023-03-31,2025-05-23,,5697900000,3116000000,2909700000,672000000,2237700000,4.02,3621000000,486200000,170400000,998400000,203900000,,945800000,234000000,6439900000,5041700000,1398200000,16370300000,6513600000,557300000,545384035
MCHP,827054,Information Technology,2024,2024-03-31,2026-05-21,,4995700000,2571000000,2365900000,459000000,1906900000,3.48,2892700000,285100000,177500000,879500000,198300000,911500000,982100000,319700000,5999800000,5000400000,999400000,15873200000,6657800000,548000000,536885996
MCHP,827054,Information Technology,2025,2025-03-31,2026-05-21,,2467900000,296300000,38900000,39400000,-500000,-0.01,898100000,126000000,180400000,750100000,,975700000,96500000,771700000,5630400000,5630400000,0,15374600000,7078300000,537300000,539399446
MCHP,827054,Information Technology,2026,2026-03-31,2026-05-21,,2721100000,490100000,273500000,43500000,230000000,0.22,962100000,91100000,255400000,689300000,,984000000,0,240300000,5496400000,5496400000,0,14370100000,6432400000,545200000,542079281
MCK,927653,Health Care,2019,2019-03-31,2021-05-12,,11754000000,886000000,610000000,356000000,34000000,0.17,4036000000,426000000,,317000000,264000000,292000000,1639000000,2981000000,7595000000,7265000000,330000000,59672000000,8094000000,197300000,189961556
MCK,927653,Health Care,2020,2020-03-31,2022-05-09,,12023000000,2489000000,1144000000,18000000,900000000,4.95,4374000000,362000000,,335000000,249000000,294000000,1934000000,4015000000,7387000000,6335000000,1052000000,61247000000,5092000000,181600000,161853218
MCK,927653,Health Care,2021,2021-03-31,2023-05-09,,12148000000,-5040000000,-5034000000,-695000000,-4539000000,-28.26,4542000000,451000000,,344000000,217000000,276000000,742000000,6278000000,7148000000,6406000000,,65015000000,-21000000,160600000,158186277
MCK,927653,Health Care,2022,2022-03-31,2024-05-08,,13130000000,2038000000,1928000000,636000000,1114000000,7.23,4434000000,388000000,,312000000,178000000,277000000,3516000000,3532000000,5879000000,,,63298000000,-2272000000,154100000,145365324
MCK,927653,Health Care,2023,2023-03-31,2025-05-09,,12358000000,4381000000,4630000000,905000000,3560000000,25.03,5159000000,390000000,,272000000,248000000,292000000,3638000000,4678000000,5594000000,,,62320000000,-1857000000,142200000,135602262
MCK,927653,Health Care,2024,2024-03-31,2026-05-08,,12828000000,3909000000,3789000000,629000000,3002000000,22.39,4314000000,431000000,,279000000,252000000,314000000,3025000000,4583000000,5629000000,,,67443000000,-1971000000,134100000,129985514
MCK,927653,Health Care,2025,2025-03-31,2026-05-08,,13323000000,4422000000,4359000000,878000000,3295000000,25.72,6085000000,537000000,,272000000,,345000000,3146000000,5691000000,5654000000,,,75140000000,-2074000000,128100000,125112236
MCK,927653,Health Care,2026,2026-03-31,2026-05-08,,14550000000,6212000000,6201000000,1102000000,4762000000,38.38,6155000000,436000000,,287000000,,381000000,4750000000,3975000000,6526000000,,,82323000000,-2172000000,124100000,120204051
MCO,1059556,Financials,2019,2019-12-31,2022-02-22,,,1998000000,1810000000,381000000,1422000000,7.42,1675000000,69000000,136000000,,,378000000,991000000,1832000000,5581000000,5581000000,0,10265000000,612000000,191600000,
MCO,1059556,Financials,2020,2020-12-31,2023-02-15,,,2388000000,2229000000,452000000,1778000000,9.39,2146000000,103000000,154000000,,,420000000,503000000,2597000000,6422000000,6422000000,0,12409000000,1569000000,189300000,187400000
MCO,1059556,Financials,2021,2021-12-31,2024-02-14,,,2844000000,2755000000,541000000,2214000000,11.78,2005000000,139000000,175000000,,,463000000,750000000,1811000000,7413000000,7413000000,0,14680000000,2727000000,187900000,187100000
MCO,1059556,Financials,2022,2022-12-31,2025-02-14,,,1883000000,1760000000,386000000,1374000000,7.44,1474000000,283000000,169000000,,,515000000,983000000,1769000000,7389000000,7389000000,0,14349000000,2519000000,184700000,185200000
MCO,1059556,Financials,2023,2023-12-31,2026-02-18,,,2137000000,1935000000,327000000,1607000000,8.73,2151000000,271000000,193000000,,,564000000,490000000,2130000000,7001000000,7001000000,0,14622000000,3318000000,184000000,183200000
MCO,1059556,Financials,2024,2024-12-31,2026-02-18,,,2875000000,2699000000,640000000,2058000000,11.26,2838000000,317000000,220000000,,,620000000,1292000000,2408000000,7428000000,6731000000,697000000,15505000000,3565000000,182700000,182500000
MCO,1059556,Financials,2025,2025-12-31,2026-02-18,,,3351000000,3130000000,668000000,2459000000,13.67,2901000000,326000000,232000000,,,701000000,1607000000,2384000000,6994000000,6994000000,0,15830000000,4054000000,179900000,180000000
MCO,1059556,Financials,2026,2026-01-31,2026-02-18,,,,,,,,,,,,,,,,,,,,,,177300000
MDLZ,1103982,Consumer Staples,2019,2019-12-31,2022-02-04,25868000000,10337000000,3843000000,,2000000,3929000000,2.69,3965000000,925000000,135000000,1047000000,484000000,1542000000,1480000000,,15875000000,,,64515000000,27241000000,1458000000,1444169449
MDLZ,1103982,Consumer Staples,2020,2020-12-31,2023-02-03,26581000000,10446000000,3853000000,,1224000000,3555000000,2.47,3964000000,863000000,126000000,1116000000,423000000,1678000000,1390000000,,,,,67810000000,27578000000,1441000000,1432943006
MDLZ,1103982,Consumer Staples,2021,2021-12-31,2024-02-02,28720000000,11254000000,4653000000,,1190000000,4300000000,3.04,4141000000,965000000,121000000,1113000000,365000000,1826000000,2110000000,,,,,67092000000,28269000000,1413000000,1412114559
MDLZ,1103982,Consumer Staples,2022,2022-12-31,2025-02-05,31496000000,11312000000,3534000000,,865000000,2717000000,1.96,3908000000,906000000,120000000,1107000000,428000000,1985000000,2017000000,,,,,71161000000,26883000000,1385000000,1388328044
MDLZ,1103982,Consumer Staples,2023,2023-12-31,2026-02-04,36016000000,13764000000,5502000000,,1537000000,4959000000,3.62,4714000000,1112000000,146000000,1215000000,550000000,2160000000,1547000000,,,,,71391000000,28332000000,1370000000,1363306849
MDLZ,1103982,Consumer Staples,2024,2024-12-31,2026-02-04,36441000000,14257000000,6345000000,,1469000000,4611000000,3.42,4910000000,1387000000,147000000,1302000000,508000000,2349000000,2334000000,,,,,68497000000,26932000000,1347000000,1346477411
MDLZ,1103982,Consumer Staples,2025,2025-12-31,2026-02-04,38537000000,10935000000,3548000000,,782000000,2451000000,1.89,4514000000,1279000000,114000000,1358000000,599000000,2487000000,2385000000,,,,,71487000000,25838000000,1298000000,1293525167
MDLZ,1103982,Consumer Staples,2026,2026-01-30,2026-02-04,,,,,,,,,,,,,,,,,,,,,,1281845669
MDT,1613103,Health Care,2019,2019-04-26,2021-06-25,30557000000,,6268000000,,547000000,4631000000,3.41,7007000000,1134000000,290000000,2659000000,1444000000,2693000000,2877000000,4393000000,24486000000,24552000000,838000000,89694000000,50091000000,1357500000,1341156703
MDT,1613103,Health Care,2020,2020-04-24,2022-06-23,28913000000,,4791000000,4055000000,-751000000,4789000000,3.54,7234000000,1213000000,297000000,2663000000,1092000000,2894000000,1326000000,4140000000,22021000000,22140000000,2776000000,90689000000,50737000000,1351100000,1341298882
MDT,1613103,Health Care,2021,2021-04-30,2023-06-22,30117000000,,4484000000,3895000000,265000000,3606000000,2.66,6240000000,1355000000,344000000,2702000000,925000000,3120000000,652000000,3593000000,26378000000,,,93083000000,51428000000,1354000000,1343904180
MDT,1613103,Health Care,2022,2022-04-29,2024-06-20,31686000000,,5752000000,5517000000,456000000,5039000000,3.73,7346000000,1368000000,359000000,2707000000,553000000,3383000000,2544000000,3714000000,20372000000,,,90981000000,52551000000,1351400000,1328709310
MDT,1613103,Health Care,2023,2023-04-28,2025-06-20,31227000000,,5485000000,5364000000,1580000000,3758000000,2.82,6039000000,1459000000,355000000,2697000000,636000000,3616000000,645000000,1543000000,24344000000,,,90948000000,51483000000,1332800000,1330405428
MDT,1613103,Health Care,2024,2024-04-26,2026-06-18,32364000000,,5144000000,4837000000,1133000000,3676000000,2.76,6787000000,1587000000,393000000,2647000000,719000000,3666000000,2138000000,1284000000,23932000000,,,89981000000,50214000000,1330200000,1282269783
MDT,1613103,Health Care,2025,2025-04-25,2026-06-18,33537000000,,5955000000,5628000000,936000000,4662000000,3.61,7044000000,1859000000,429000000,2861000000,,3589000000,3235000000,2218000000,25642000000,,,91680000000,48024000000,1289900000,1281264703
MDT,1613103,Health Care,2026,2026-04-24,2026-06-18,36364000000,,6467000000,6136000000,1299000000,4801000000,3.73,7330000000,1904000000,457000000,2958000000,,3639000000,1035000000,1949000000,26173000000,,,93028000000,49463000000,1288100000,1280045190
MET,1099219,Financials,2019,2019-12-31,2022-02-18,69620000000,,,6795000000,886000000,5899000000,6.06,13786000000,,,,,1643000000,2285000000,16598000000,,,,740463000000,66144000000,944400000,957270842
MET,1099219,Financials,2020,2020-12-31,2023-02-23,67842000000,,,6927000000,1509000000,5407000000,5.68,11639000000,,,,,1657000000,1151000000,19795000000,,,,795146000000,74558000000,913200000,915828071
MET,1099219,Financials,2021,2021-12-31,2024-02-16,68696000000,,,8518000000,1642000000,6855000000,7.65,12347000000,,,,,1647000000,4303000000,20047000000,,,,759708000000,67482000000,869400000,884399222
MET,1099219,Financials,2022,2022-12-31,2025-02-21,68770000000,,5978000000,6364000000,1062000000,5284000000,6.3,13044000000,,,,,1598000000,3326000000,20195000000,,,,663072000000,29881000000,808900000,825078244
MET,1099219,Financials,2023,2023-12-31,2026-02-19,66905000000,,5723000000,2162000000,560000000,1578000000,1.81,13721000000,,,,,1566000000,3103000000,20639000000,,,,687584000000,30015000000,762300000,774362092
MET,1099219,Financials,2024,2024-12-31,2026-02-19,70986000000,,5996000000,5622000000,1178000000,4426000000,5.94,14598000000,,,,,1527000000,3207000000,20068000000,,,,677457000000,27445000000,711100000,723020313
MET,1099219,Financials,2025,2025-12-31,2026-02-19,77084000000,,6137000000,4661000000,1258000000,3379000000,4.71,17092000000,,,,,1509000000,2883000000,22032000000,,,,745166000000,28398000000,673300000,681228028
MET,1099219,Financials,2026,2026-02-12,2026-02-19,,,,,,,,,,,,,,,,,,,,,,652053867
META,1326801,Communication Services,2018,2018-12-31,2021-01-28,,,24913000000,25361000000,3249000000,22112000000,7.57,29274000000,13915000000,4152000000,4315000000,9000000,,12879000000,10019000000,,,,97334000000,84127000000,2921000000,
META,1326801,Communication Services,2019,2019-12-31,2022-02-03,,,23986000000,24812000000,6327000000,18485000000,6.43,36314000000,15102000000,4836000000,5741000000,20000000,,4202000000,19079000000,,,,133376000000,101054000000,2876000000,
META,1326801,Communication Services,2020,2020-12-31,2023-02-02,,,32671000000,33180000000,4034000000,29146000000,10.09,38747000000,15163000000,6536000000,6862000000,,,6272000000,17576000000,,,,159316000000,128290000000,2888000000,
META,1326801,Communication Services,2021,2021-12-31,2024-02-02,,,46753000000,47284000000,7914000000,39370000000,13.77,57683000000,18690000000,9164000000,7967000000,23000000,,44537000000,16601000000,,0,,165987000000,124879000000,2859000000,
META,1326801,Communication Services,2022,2022-12-31,2025-01-30,,,28944000000,28819000000,5619000000,23200000000,8.59,50475000000,31186000000,11992000000,8686000000,185000000,,27956000000,14681000000,9923000000,9923000000,,185727000000,125713000000,2702000000,
META,1326801,Communication Services,2023,2023-12-31,2026-01-29,,,46751000000,47428000000,8330000000,39098000000,14.87,71113000000,27045000000,14027000000,11178000000,446000000,,19774000000,41862000000,18385000000,18385000000,,229623000000,153168000000,2629000000,
META,1326801,Communication Services,2024,2024-12-31,2026-01-29,,,69380000000,70663000000,8303000000,62360000000,23.86,91328000000,37256000000,16690000000,15498000000,,,30125000000,43889000000,28826000000,28826000000,,276054000000,182637000000,2614000000,
META,1326801,Communication Services,2025,2025-12-31,2026-01-29,,,83276000000,85932000000,25474000000,60458000000,23.49,115800000000,69691000000,20427000000,18616000000,,,26248000000,35873000000,58744000000,58744000000,,366021000000,217243000000,2574000000,
MGM,789570,Consumer Discretionary,2019,2019-12-31,2022-02-25,,,3940215000,2846725000,632345000,2049146000,3.88,1810401000,739006000,88838000,1304649000,847932000,271288000,1031534000,2329604000,11168904000,11168904000,0,33876356000,7727265000,527645000,536916609
MGM,789570,Consumer Discretionary,2020,2020-12-31,2023-02-24,,,-642434000,-1511479000,-191572000,-1032724000,-2.02,-1493043000,270579000,106956000,1210556000,676380000,77606000,353720000,5101637000,12376684000,12376684000,0,36494934000,6504726000,494152000,492434341
MGM,789570,Consumer Discretionary,2021,2021-12-31,2024-02-23,,,2278699000,1461804000,253415000,1254370000,2.41,1373423000,490697000,65183000,1150610000,799593000,4789000,1753509000,4703059000,12770797000,11770797000,1000000000,40899116000,6070645000,487356000,494853355
MGM,789570,Consumer Discretionary,2022,2022-12-31,2025-02-18,,,1439372000,903799000,697068000,1473093000,3.49,1756462000,765067000,71296000,3482050000,594954000,4048000,2775217000,5911893000,8719290000,7432817000,1286473000,45692206000,4831529000,412993000,439172269
MGM,789570,Consumer Discretionary,2023,2023-12-31,2026-02-11,,,1891497000,1472763000,157839000,1142180000,3.19,2690777000,931813000,73607000,814128000,460293000,0,2291917000,2927833000,6343810000,6343810000,0,42368548000,3811170000,358627000,373913450
MGM,789570,Consumer Discretionary,2024,2024-12-31,2026-02-11,,,1490456000,1117065000,52457000,746558000,2.4,2362495000,1150589000,80224000,831097000,,0,1357890000,2415532000,6362098000,6362098000,,42231627000,3023481000,310232000,319678271
MGM,789570,Consumer Discretionary,2025,2025-12-31,2026-02-11,,,1001780000,280779000,-240093000,205862000,0.76,2529378000,1068927000,90471000,1017794000,,,1228272000,2062994000,6230141000,6230141000,,41373786000,2429917000,277275000,285550604
MGM,789570,Consumer Discretionary,2026,2026-02-09,2026-02-11,,,,,,,,,,,,,,,,,,,,,,255828519
MKC,63754,Consumer Staples,2018,2018-11-30,2021-01-28,5302800000,2093300000,891100000,741300000,-157300000,933400000,3.5,821200000,169100000,25600000,150700000,174600000,273400000,62300000,96600000,4136400000,4052900000,83500000,10256400000,3170900000,266500000,
MKC,63754,Consumer Staples,2019,2019-11-30,2022-01-27,5347400000,2145300000,957700000,819200000,157400000,702700000,2.62,946800000,173700000,37200000,158800000,165200000,302200000,95100000,155400000,3723500000,3625800000,97700000,10362100000,3444200000,268100000,
MKC,63754,Consumer Staples,2020,2020-11-30,2023-01-26,5601300000,2300400000,999500000,881500000,174900000,747400000,2.78,1041300000,225300000,46000000,165000000,135600000,330100000,47300000,423600000,4017700000,3753800000,263900000,12089700000,3926100000,269100000,
MKC,63754,Consumer Staples,2021,2021-11-30,2024-01-25,6317900000,2494600000,1015100000,895800000,192700000,755300000,2.8,828300000,278000000,66600000,186300000,136600000,363300000,8600000,351700000,4743600000,3973300000,770300000,12905800000,4411000000,269900000,
MKC,63754,Consumer Staples,2022,2022-11-30,2025-01-23,6350500000,2274500000,863600000,812800000,168600000,682000000,2.52,651500000,262000000,60300000,200600000,149100000,396700000,38800000,334000000,3912900000,3642300000,270600000,13124900000,4680500000,270200000,
MKC,63754,Consumer Staples,2023,2023-11-30,2026-01-22,6662200000,2502500000,963000000,798700000,174500000,680600000,2.52,1237300000,,63400000,199300000,208200000,418500000,35700000,166600000,4139200000,3339900000,799300000,12862300000,5060700000,269800000,
MKC,63754,Consumer Staples,2024,2024-11-30,2026-01-22,6723700000,2591000000,1060300000,898300000,184000000,788500000,2.92,921900000,,47400000,208800000,209400000,451000000,53100000,186100000,3858800000,3593600000,265200000,13070300000,5291000000,269600000,
MKC,63754,Consumer Staples,2025,2025-11-30,2026-01-22,6840300000,2592200000,1070800000,913000000,195800000,789400000,2.93,962200000,,46200000,231300000,196200000,483000000,34800000,95900000,3614900000,3105800000,509100000,13200400000,5736500000,269400000,
MLM,916076,Materials,2019,2019-12-31,2022-02-22,4739100000,1179000000,884900000,748300000,136300000,611900000,9.74,966100000,393500000,34100000,371500000,129300000,129800000,98200000,21000000,2773600000,2433600000,340000000,10131600000,5350800000,62700000,62430548
MLM,916076,Materials,2020,2020-12-31,2023-02-24,4729900000,1252800000,1005400000,889300000,168200000,721000000,11.54,1050100000,359700000,30000000,393500000,118100000,140300000,50000000,207300000,2625800000,2625800000,,10580800000,5890700000,62400000,62198867
MLM,916076,Materials,2021,2021-12-31,2024-02-23,5414000000,1348400000,973800000,855500000,153200000,702500000,11.22,1137700000,423100000,43000000,451700000,142700000,147800000,0,258400000,5100900000,5100800000,100000,14393000000,6535300000,62600000,62286775
MLM,916076,Materials,2022,2022-12-31,2025-02-21,6161000000,1423000000,1207000000,1091000000,235000000,867000000,13.87,991000000,482000000,43000000,506000000,169000000,160000000,150000000,358000000,5040000000,4340900000,699100000,14993600000,7170500000,62500000,62394593
MLM,916076,Materials,2023,2023-12-31,2026-02-19,5851000000,1745000000,1333000000,1226000000,234000000,1169000000,18.82,1528000000,650000000,50000000,513000000,165000000,174000000,150000000,1272000000,4346000000,3946000000,400000000,15125000000,8034000000,62100000,62103551
MLM,916076,Materials,2024,2024-12-31,2026-02-19,5662000000,1636000000,2479000000,2366000000,550000000,1995000000,32.41,1459000000,855000000,58000000,573000000,169000000,189000000,450000000,670000000,5413000000,5288000000,125000000,18170000000,9453000000,61600000,61822465
MLM,916076,Materials,2025,2025-12-31,2026-02-19,6150000000,1889000000,1437000000,1226000000,236000000,1137000000,18.77,1785000000,807000000,46000000,637000000,230000000,197000000,450000000,67000000,5323000000,5293000000,30000000,18711000000,10032000000,60600000,60974146
MLM,916076,Materials,2026,2026-02-16,2026-02-19,,,,,,,,,,,,,,,,,,,,,,60312046
MMM,66740,Industrials,2019,2019-12-31,2022-02-09,32136000000,,6174000000,5712000000,1114000000,4517000000,7.72,7070000000,1699000000,278000000,1593000000,448000000,3316000000,1407000000,,19359000000,17518000000,,44659000000,10063000000,585100000,575800000
MMM,66740,Industrials,2020,2020-12-31,2023-02-08,32184000000,,7161000000,,1337000000,5449000000,9.36,8113000000,1501000000,262000000,1911000000,529000000,3388000000,368000000,,18783000000,17989000000,794000000,47344000000,12867000000,582200000,575600000
MMM,66740,Industrials,2021,2021-12-31,2024-02-07,35355000000,,7369000000,7204000000,1285000000,5921000000,10.12,7454000000,1603000000,274000000,1915000000,488000000,3420000000,2199000000,,17347000000,16056000000,1291000000,47072000000,15046000000,585300000,579100000
MMM,66740,Industrials,2022,2022-12-31,2025-02-05,26161000000,,4369000000,4204000000,188000000,5777000000,10.18,5591000000,1749000000,263000000,1831000000,462000000,3369000000,1464000000,,15939000000,14001000000,1938000000,46455000000,14722000000,567600000,571100000
MMM,66740,Industrials,2023,2023-12-31,2026-02-03,24610000000,,-10689000000,-11271000000,-2867000000,-6995000000,-12.63,6680000000,1615000000,274000000,1987000000,942000000,3311000000,33000000,,14240000000,13088000000,1152000000,50580000000,4807000000,553900000,550500000
MMM,66740,Industrials,2024,2024-12-31,2026-02-03,24575000000,,4822000000,4819000000,804000000,4173000000,7.55,1819000000,1181000000,289000000,1363000000,,1982000000,1801000000,,13044000000,11125000000,1919000000,39868000000,3842000000,552400000,552700000
MMM,66740,Industrials,2025,2025-12-31,2026-02-03,24948000000,,4629000000,4213000000,1003000000,3250000000,6,2306000000,910000000,225000000,1308000000,,1562000000,3251000000,,12602000000,10932000000,1670000000,37733000000,4702000000,541300000,542900000
MMM,66740,Industrials,2026,2026-01-31,2026-02-03,,,,,,,,,,,,,,,,,,,,,,526700000
MNST,865752,Consumer Staples,2019,2019-12-31,2022-02-28,4200819000,2518585000,1402939000,1415962000,308127000,1107835000,,1113762000,101661000,63356000,60727000,,,707300000,797957000,,,,5150352000,4171281000,546608000,543148169
MNST,865752,Consumer Staples,2020,2020-12-31,2023-03-01,4598638000,2723880000,1633153000,1626157000,216563000,1409594000,,1364163000,48722000,70289000,57030000,,,595918000,1180413000,,,,6202716000,5160860000,534807000,536896142
MNST,865752,Consumer Staples,2021,2021-12-31,2024-02-29,5541352000,3108513000,1797467000,1801419000,423944000,1377475000,,1155741000,43868000,70483000,50155000,,,13830000,1326462000,,,,7804784000,6566951000,1071278000,528137036
MNST,865752,Consumer Staples,2022,2022-12-31,2025-02-28,6311050000,3174567000,1584721000,1571964000,380340000,1191624000,,887699000,188726000,64109000,61241000,,,771028000,1307141000,,,,8293105000,7025041000,1066442000,529358860
MNST,865752,Consumer Staples,2023,2023-12-31,2026-02-27,7140027000,3794206000,1953355000,2068482000,437494000,1630988000,,1717753000,221428000,68836000,68898000,,,658952000,2297675000,0,0,0,9686522000,8228744000,1057981000,522409358
MNST,865752,Consumer Staples,2024,2024-12-31,2026-02-27,7492709000,4048878000,1930294000,1989459000,480411000,1509048000,,1928533000,264074000,90985000,80434000,,,3771875000,1533287000,373951000,373951000,0,7719089000,5957718000,1013107000,1040636235
MNST,865752,Consumer Staples,2025,2025-12-31,2026-02-27,8294343000,4632195000,2419354000,2482529000,577097000,1905432000,,2098177000,132275000,125687000,114441000,,,103646000,2088117000,,,,9988945000,8254108000,984451000,973158896
MNST,865752,Consumer Staples,2026,2026-02-13,2026-02-27,,,,,,,,,,,,,,,,,,,,,,978270734
MO,764180,Consumer Staples,2019,2019-12-31,2022-02-25,25110000000,12711000000,10326000000,766000000,2064000000,-1293000000,-0.7,7837000000,246000000,,226000000,1322000000,6069000000,845000000,2117000000,28042000000,27042000000,1000000000,49271000000,6222000000,1869000000,1874430847
MO,764180,Consumer Staples,2020,2020-12-31,2023-02-27,26153000000,13023000000,10873000000,6890000000,2436000000,4467000000,2.4,8385000000,231000000,,257000000,1223000000,6290000000,0,4945000000,29471000000,27971000000,1500000000,47414000000,2839000000,1859000000,1858366804
MO,764180,Consumer Staples,2021,2021-12-31,2024-02-27,26013000000,13992000000,11560000000,3824000000,1349000000,2475000000,1.34,8405000000,169000000,,244000000,1188000000,6446000000,1675000000,4544000000,28044000000,26939000000,1105000000,39523000000,-1606000000,1845000000,1858689654
MO,764180,Consumer Staples,2022,2022-12-31,2025-02-26,25096000000,14246000000,11919000000,7389000000,1625000000,5764000000,3.19,8256000000,205000000,,226000000,1128000000,6599000000,1825000000,4030000000,26680000000,25124000000,1556000000,36954000000,-3973000000,1804000000,1817257322
MO,764180,Consumer Staples,2023,2023-12-31,2026-02-25,24483000000,14284000000,11547000000,10928000000,2798000000,8130000000,4.57,9287000000,196000000,,272000000,1149000000,6779000000,1000000000,3686000000,26233000000,25112000000,1121000000,38570000000,-3540000000,1777000000,1785563827
MO,764180,Consumer Staples,2024,2024-12-31,2026-02-25,24018000000,14367000000,11241000000,13658000000,2394000000,11264000000,6.54,8753000000,142000000,,286000000,,6845000000,3400000000,3127000000,24926000000,23399000000,1527000000,35177000000,-2238000000,1718000000,1763461775
MO,764180,Consumer Staples,2025,2025-12-31,2026-02-25,23279000000,14542000000,9899000000,9389000000,2442000000,6947000000,4.12,9290000000,216000000,,266000000,,6960000000,1000000000,4474000000,25709000000,24140000000,1569000000,35017000000,-3502000000,1683000000,1690661641
MO,764180,Consumer Staples,2026,2026-02-13,2026-05-27,,,,,,,,,,,,,,,,,,,,,,1671898087
MOS,1285785,Materials,2019,2019-12-31,2022-02-23,8906300000,897300000,-1094900000,,-224700000,-1067400000,-2.78,1095400000,1272200000,27900000,882700000,216000000,67200000,149900000,519100000,,,47200000,19298500000,9185500000,383800000,385470499
MOS,1285785,Materials,2020,2020-12-31,2023-02-23,8681700000,1064900000,412900000,180900000,-578500000,666100000,1.75,1582600000,1170600000,17800000,847600000,214100000,75800000,0,574000000,,,504200000,19789800000,9581400000,381300000,378764442
MOS,1285785,Materials,2021,2021-12-31,2024-02-22,12357400000,3200300000,2468500000,2224800000,597700000,1630600000,4.27,2187000000,1288600000,29500000,812900000,194300000,103700000,410900000,769500000,,,596600000,22036400000,10604100000,381600000,379093342
MOS,1285785,Materials,2022,2022-12-31,2025-03-03,19125200000,5755800000,4785300000,4642500000,1224300000,3582800000,10.06,3935800000,1247300000,27900000,933900000,168800000,197700000,1665200000,735400000,,,985300000,23386000000,12054600000,356000000,368309275
MOS,1285785,Materials,2023,2023-12-31,2026-02-27,13696100000,2210600000,1338100000,1325900000,177000000,1164900000,3.5,2407200000,1402400000,33000000,960600000,189000000,351600000,756000000,348800000,,,130100000,23032800000,12290200000,333200000,336486715
MOS,1285785,Materials,2024,2024-12-31,2026-02-27,11122800000,1511900000,621500000,315400000,186700000,174900000,0.55,1299200000,1251800000,31800000,1025500000,230000000,270700000,235400000,272800000,,,45300000,22924000000,11482400000,320700000,321688938
MOS,1285785,Materials,2025,2025-12-31,2026-02-27,12052400000,1901900000,821500000,1212900000,639800000,540700000,1.7,824800000,1359400000,30700000,1049900000,241500000,280400000,0,276600000,,,43100000,24480100000,12084900000,318900000,317505258
MOS,1285785,Materials,2026,2026-02-20,2026-02-27,,,,,,,,,,,,,,,,,,,,,,317505258
MPC,1510295,Energy,2019,2019-12-31,2022-02-24,,,4462000000,3233000000,784000000,2637000000,3.97,9441000000,4810000000,153000000,3225000000,,1398000000,1950000000,1393000000,,,,98556000000,33694000000,664000000,673619190
MPC,1510295,Energy,2020,2020-12-31,2023-02-23,,,-12247000000,-13612000000,-2430000000,-9826000000,-15.13,2419000000,2787000000,100000000,3375000000,,1510000000,0,415000000,,,,85158000000,22199000000,649000000,649503967
MPC,1510295,Energy,2021,2021-12-31,2024-02-28,,,4300000000,2817000000,264000000,9738000000,15.24,4360000000,1464000000,88000000,3364000000,,1484000000,4654000000,5291000000,,,,85373000000,26206000000,638000000,651274842
MPC,1510295,Energy,2022,2022-12-31,2025-02-27,,,21469000000,20469000000,4491000000,14516000000,28.12,16361000000,2420000000,153000000,3215000000,,1279000000,11922000000,8625000000,,,,89904000000,27715000000,516000000,565212958
MPC,1510295,Energy,2023,2023-12-31,2026-02-26,,,14514000000,13989000000,2817000000,9681000000,23.63,14117000000,1890000000,211000000,3307000000,,1261000000,11572000000,5443000000,,,,85987000000,24404000000,409000000,445546907
MPC,1510295,Energy,2024,2024-12-31,2026-02-26,,,6796000000,5957000000,890000000,3445000000,10.08,8665000000,2533000000,137000000,3337000000,,1154000000,9189000000,3210000000,,,,78858000000,17745000000,341000000,361358732
MPC,1510295,Energy,2025,2025-12-31,2026-02-26,,,8291000000,7015000000,1137000000,4047000000,13.22,8253000000,3486000000,160000000,3251000000,,1140000000,3488000000,3672000000,,,,83955000000,17314000000,306000000,312575833
MPC,1510295,Energy,2026,2026-02-20,2026-02-26,,,,,,,,,,,,,,,,,,,,,,294740164
MPWR,1280452,Information Technology,2019,2019-12-31,2022-02-25,,346325000,102562000,113120000,4281000,108839000,2.38,216303000,95806000,78699000,14867000,,67294000,,172960000,,,,956375000,773491000,45763000,42916000
MPWR,1280452,Information Technology,2020,2020-12-31,2023-02-24,,465954000,158882000,169342000,4967000,164375000,3.5,267803000,55610000,85551000,19186000,,88786000,,334944000,,,,1208491000,966587000,47014000,44602000
MPWR,1280452,Information Technology,2021,2021-12-31,2024-02-29,,685459000,262417000,272219000,30196000,242023000,5.05,320010000,94420000,123479000,28699000,,109364000,0,189265000,,,,1585825000,1243985000,47889000,45621000
MPWR,1280452,Information Technology,2022,2022-12-31,2025-03-03,,1048552000,526785000,524937000,87265000,437672000,9.05,246674000,58843000,160992000,37114000,,137965000,0,288607000,,,,2058885000,1668602000,48358000,46509000
MPWR,1280452,Information Technology,2023,2023-12-31,2026-02-27,,1021119000,481736000,505841000,78467000,427374000,8.76,638213000,57578000,149711000,40168000,,185844000,3700000,527843000,,,,2434353000,2049939000,48771000,47305000
MPWR,1280452,Information Technology,2024,2024-12-31,2026-02-27,,1220870000,539358000,572912000,-1019146000,1592058000,32.6,788410000,146118000,205640000,36430000,,240623000,636200000,691816000,,,,3515822000,2951125000,48835000,48661000
MPWR,1280452,Information Technology,2025,2025-12-31,2026-02-27,,1539741000,728636000,766216000,144733000,621483000,12.86,838202000,172013000,227491000,52513000,,284797000,6600000,637354000,,,,3705143000,3073629000,48309000,47866000
MPWR,1280452,Information Technology,2026,2026-02-20,2026-02-27,,,,,,,,,,,,,,,,,,,,,,49118000
MRK,310158,Health Care,2019,2019-12-31,2022-02-25,39121000000,,,7171000000,1565000000,9843000000,3.81,13440000000,,388000000,3652000000,893000000,5695000000,4780000000,9676000000,,22736000000,1900000000,84397000000,25907000000,2580000000,2581220308
MRK,310158,Health Care,2020,2020-12-31,2023-02-24,41518000000,,,5863000000,1340000000,7067000000,2.78,10253000000,,441000000,,831000000,6215000000,1281000000,8050000000,,25360000000,2300000000,91588000000,25317000000,2541000000,2536268760
MRK,310158,Health Care,2021,2021-12-31,2024-02-26,48704000000,,,13879000000,1521000000,13049000000,5.14,,4448000000,479000000,,806000000,6610000000,840000000,8096000000,,30690000000,2300000000,105694000000,38184000000,2538000000,2530315668
MRK,310158,Health Care,2022,2022-12-31,2025-02-25,59283000000,,,16444000000,1918000000,14519000000,5.71,19095000000,4388000000,541000000,,962000000,7012000000,0,12694000000,,28745000000,1700000000,109160000000,45991000000,2542000000,2527733606
MRK,310158,Health Care,2023,2023-12-31,2026-02-24,60115000000,,,1889000000,1512000000,365000000,0.14,13006000000,3863000000,645000000,,1146000000,7445000000,1346000000,6841000000,,33683000000,1300000000,106675000000,37581000000,2547000000,2538592467
MRK,310158,Health Care,2024,2024-12-31,2026-02-24,64168000000,,,19936000000,2803000000,17117000000,6.74,21468000000,3372000000,761000000,,,7840000000,1306000000,13242000000,,34462000000,2500000000,117106000000,46313000000,2541000000,2532643872
MRK,310158,Health Care,2025,2025-12-31,2026-02-24,65011000000,,,21067000000,2804000000,18254000000,7.28,16472000000,4112000000,820000000,,,8176000000,5084000000,14565000000,,46750000000,2300000000,136866000000,52606000000,2507000000,2526036240
MRK,310158,Health Care,2026,2026-01-31,2026-02-24,,,,,,,,,,,,,,,,,,,,,,2472392003
MRNA,1682852,Health Care,2019,2019-12-31,2022-02-25,60000000,,-546000000,-515000000,-1000000,-514000000,-1.55,-459000000,32000000,81000000,31000000,,,0,236000000,,,,1589422000,1175000000,331000000,329000469
MRNA,1682852,Health Care,2020,2020-12-31,2023-02-24,803000000,,-763000000,-744000000,3000000,-747000000,-1.96,2027000000,68000000,93000000,31000000,,,0,2624000000,,,,7337000000,2561000000,381000000,368642548
MRNA,1682852,Health Care,2021,2021-12-31,2023-02-24,18471000000,,13296000000,13285000000,1083000000,12202000000,28.29,13620000000,284000000,142000000,232000000,,,857000000,6848000000,,,,24669000000,14145000000,431000000,399769582
MRNA,1682852,Health Care,2022,2022-12-31,2023-02-24,19263000000,,9420000000,9575000000,1213000000,8362000000,20.12,4981000000,400000000,226000000,348000000,,,3329000000,3205000000,,,,25858000000,19123000000,416000000,402872986
MRNA,1682852,Health Care,2023,2023-12-31,2026-02-20,,,-4239000000,-3942000000,772000000,-4714000000,-12.33,-3118000000,707000000,305000000,617000000,,,1153000000,2907000000,,,,18426000000,13854000000,382000000,386339594
MRNA,1682852,Health Care,2024,2024-12-31,2026-02-20,,,-3945000000,-3607000000,-46000000,-3561000000,-9.28,-3004000000,1051000000,429000000,185000000,,,0,1927000000,,0,,14142000000,10901000000,384000000,382073208
MRNA,1682852,Health Care,2025,2025-12-31,2026-02-20,,,-3074000000,-2768000000,54000000,-2822000000,-7.26,-1873000000,192000000,483000000,211000000,,,2000000,2595000000,,590000000,,12338000000,8650000000,389000000,385815877
MRNA,1682852,Health Care,2026,2026-02-13,2026-02-20,,,,,,,,,,,,,,,,,,,,,,394939424
MRSH,62709,Financials,2019,2019-12-31,2022-02-16,,,2677000000,2439000000,666000000,1742000000,3.41,2361000000,421000000,252000000,647000000,524000000,890000000,485000000,1155000000,11956000000,10741000000,1215000000,31357000000,,511000000,505108980
MRSH,62709,Financials,2020,2020-12-31,2023-02-13,,,3066000000,2793000000,747000000,2016000000,3.94,3382000000,348000000,290000000,741000000,515000000,943000000,0,2089000000,11313000000,10796000000,517000000,33049000000,,512000000,503897894
MRSH,62709,Financials,2021,2021-12-31,2024-02-12,,,4312000000,4208000000,1034000000,3143000000,6.13,3516000000,406000000,348000000,747000000,444000000,1026000000,1159000000,1752000000,10950000000,10933000000,17000000,44010000000,,513000000,508186561
MRSH,62709,Financials,2022,2022-12-31,2025-02-10,20720000000,,4280000000,4082000000,995000000,3050000000,6.04,3465000000,470000000,367000000,381000000,469000000,1138000000,1950000000,1442000000,11495000000,11227000000,268000000,44114000000,,505000000,502765629
MRSH,62709,Financials,2023,2023-12-31,2026-02-09,22736000000,,5282000000,5026000000,1224000000,3756000000,7.53,4258000000,416000000,363000000,370000000,578000000,1298000000,1150000000,3358000000,13463000000,11844000000,1619000000,48030000000,,499000000,494571451
MRSH,62709,Financials,2024,2024-12-31,2026-02-09,24458000000,,5817000000,5480000000,1363000000,4060000000,8.18,4302000000,316000000,368000000,369000000,,1513000000,900000000,2398000000,19947000000,19428000000,519000000,56481000000,,496000000,491656196
MRSH,62709,Financials,2025,2025-12-31,2026-02-09,26981000000,,6223000000,5539000000,1305000000,4160000000,8.43,5292000000,291000000,394000000,361000000,,1699000000,2012000000,2687000000,19587000000,18320000000,1267000000,58710000000,,494000000,491131126
MRSH,62709,Financials,2026,2026-02-05,2026-02-09,,,,,,,,,,,,,,,,,,,,,,484124253
MRVL,1835632,Information Technology,2019,2019-02-02,2022-03-10,,,,,,,,,,,,,,,,,,,,7306410000,,
MRVL,1835632,Information Technology,2020,2020-02-01,2022-03-10,2699161000,1356941000,-243358000,798382000,-786009000,1584391000,2.34,360297000,81921000,242207000,156658000,85631000,159573000,364272000,,,,,,8678600000,676094000,
MRVL,1835632,Information Technology,2021,2021-01-30,2023-03-09,2968900000,1488300000,-258400000,-322200000,-44900000,-277300000,-0.41,817300000,106800000,241500000,197900000,69300000,160600000,25200000,748467000,1192811000,993170000,199641000,10764924000,8435800000,668800000,
MRVL,1835632,Information Technology,2022,2022-01-29,2024-03-13,4462400000,2064200000,-347700000,-483500000,-62500000,-421000000,-0.53,819300000,169200000,460700000,265900000,139300000,191000000,0,613500000,4548000000,4484800000,63200000,22108600000,15702100000,796900000,847800000
MRVL,1835632,Information Technology,2023,2023-01-28,2025-03-12,5919600000,2987500000,238000000,85100000,248600000,-163500000,-0.19,1288800000,206200000,552400000,304900000,170600000,204400000,115000000,911000000,4492100000,3907700000,584400000,22522100000,15637200000,851400000,856900000
MRVL,1835632,Information Technology,2024,2024-02-03,2026-03-11,5507700000,2293600000,-567700000,-758700000,174700000,-933400000,-1.08,1370500000,336300000,609800000,,211700000,206800000,150000000,950800000,4165900000,4058600000,,21228500000,14831400000,861300000,866000000
MRVL,1835632,Information Technology,2025,2025-02-01,2026-03-11,5767300000,2382200000,-720300000,-894700000,-9700000,-885000000,-1.02,1681200000,284600000,597400000,,,207500000,725000000,948300000,4063800000,3934300000,,20204500000,13427000000,865500000,866100000
MRVL,1835632,Information Technology,2026,2026-01-31,2026-03-11,8194600000,4180700000,1322900000,3046600000,376500000,2670100000,3.07,1750500000,354100000,590800000,,,205100000,2040100000,2638800000,4470600000,3970800000,499800000,22285300000,14308400000,869700000,874300000
MS,895421,Financials,2019,2019-12-31,2022-02-24,,,,11301000000,2064000000,9042000000,5.19,40773000000,,1153000000,2643000000,12404000000,2627000000,,82171000000,190060000000,,20402000000,895429000000,81549000000,1640000000,1708787567
MS,895421,Financials,2020,2020-12-31,2023-02-24,,,,14418000000,3239000000,10996000000,6.46,-25231000000,,1312000000,3769000000,3849000000,2739000000,,105654000000,213388000000,,24241000000,1115862000000,101781000000,1624000000,1599276515
MS,895421,Financials,2021,2021-12-31,2024-02-22,,,,19668000000,4548000000,15034000000,8.03,33971000000,,2085000000,4216000000,1366000000,4171000000,,127725000000,227363000000,,,1188140000000,105441000000,1814000000,1813552280
MS,895421,Financials,2022,2022-12-31,2025-02-21,,,,14089000000,2910000000,11029000000,6.15,-6397000000,,1875000000,3998000000,12268000000,5401000000,,128127000000,233867000000,,,1180231000000,100141000000,1713000000,1781299489
MS,895421,Financials,2023,2023-12-31,2026-02-19,,,,11813000000,2583000000,9087000000,5.18,-33536000000,,1709000000,4256000000,42051000000,5763000000,,89232000000,260544000000,,,1193693000000,99038000000,1646000000,1681940155
MS,895421,Financials,2024,2024-12-31,2026-02-19,,,,17596000000,4067000000,13390000000,7.95,1362000000,,1622000000,5161000000,,6138000000,,105386000000,284307000000,,,1215071000000,104511000000,1611000000,1635268297
MS,895421,Financials,2025,2025-12-31,2026-02-19,,,,21954000000,4929000000,16861000000,10.21,-17889000000,,1926000000,4658000000,,6593000000,,111695000000,341681000000,,,1420270000000,111632000000,1592000000,1612855585
MS,895421,Financials,2026,2026-01-31,2026-02-19,,,,,,,,,,,,,,,,,,,,,,1587860206
MSCI,1408198,Financials,2019,2019-12-31,2022-02-11,,,755701000,603318000,39670000,563648000,6.59,709523000,29116000,41199000,29999000,148041000,222922000,292075000,1506567000,,3071926000,,4204439000,-76714000,85536000,84323295
MSCI,1408198,Financials,2020,2020-12-31,2023-02-10,,,884764000,686225000,84403000,601822000,7.12,811109000,21826000,51094000,29805000,156324000,246444000,778519000,1300521000,3366777000,3366777000,,4198647000,-443234000,84517000,84808104
MSCI,1408198,Financials,2021,2021-12-31,2024-02-09,,,1072725000,858136000,132153000,725983000,8.7,936069000,13509000,54917000,28901000,159614000,302449000,198374000,1421449000,4161422000,4161422000,0,5506703000,-163467000,83479000,82574643
MSCI,1408198,Financials,2022,2022-12-31,2025-02-07,,,1207640000,1043841000,173268000,870573000,10.72,1095369000,13617000,58094000,26893000,171571000,372915000,1397506000,993564000,4511947000,4503233000,8713000,4997535000,-1007925000,81215000,81268195
MSCI,1408198,Financials,2023,2023-12-31,2026-02-06,,,1384609000,1369061000,220469000,1148592000,14.39,1236029000,22757000,71653000,21009000,186679000,440993000,504188000,461693000,4507728000,4496826000,10902000,5518219000,-739764000,79843000,79959989
MSCI,1408198,Financials,2024,2024-12-31,2026-02-06,,,1528518000,1356168000,247040000,1109128000,14.05,1501627000,33762000,95204000,16978000,,509109000,885266000,409351000,4510816000,4510816000,0,5445439000,-939997000,78960000,79091212
MSCI,1408198,Financials,2025,2025-12-31,2026-02-06,,,1713567000,1494256000,291951000,1202305000,15.69,1588446000,39319000,111343000,23405000,,556521000,2484305000,515332000,6202119000,6202286000,,5702459000,-2654540000,76636000,77651999
MSCI,1408198,Financials,2026,2026-01-30,2026-02-06,,,,,,,,,,,,,,,,,,,,,,73474042
MSFT,789019,Information Technology,2019,2019-06-30,2021-07-29,,82933000000,42959000000,,4448000000,39240000000,5.06,52185000000,13925000000,4652000000,9700000000,2686000000,13811000000,19543000000,11356000000,72178000000,66662000000,5516000000,286556000000,102330000000,7753000000,7635409400
MSFT,789019,Information Technology,2020,2020-06-30,2022-07-28,,96937000000,52959000000,53036000000,8755000000,44281000000,5.76,60675000000,15441000000,5289000000,10700000000,2591000000,15137000000,22968000000,13576000000,63327000000,59578000000,3749000000,301311000000,118304000000,7683000000,7567652935
MSFT,789019,Information Technology,2021,2021-06-30,2023-07-27,,115856000000,69916000000,71102000000,9831000000,61271000000,8.05,76740000000,20622000000,6118000000,9300000000,2346000000,16521000000,27385000000,14224000000,58146000000,50074000000,8072000000,333779000000,141988000000,7608000000,7514891248
MSFT,789019,Information Technology,2022,2022-06-30,2024-07-30,,135620000000,83383000000,83716000000,10978000000,72738000000,9.65,89035000000,23886000000,7502000000,12600000000,2063000000,18135000000,32696000000,13931000000,49781000000,47032000000,2749000000,364840000000,166542000000,7540000000,7457891872
MSFT,789019,Information Technology,2023,2023-06-30,2025-07-30,,146052000000,88523000000,89311000000,16950000000,72361000000,9.68,87582000000,28107000000,9611000000,11000000000,1968000000,19800000000,22245000000,34704000000,47237000000,41990000000,5247000000,411976000000,206223000000,7472000000,7429763722
MSFT,789019,Information Technology,2024,2024-06-30,2026-07-29,,171008000000,109433000000,107787000000,19651000000,88136000000,11.8,118548000000,44477000000,10734000000,15200000000,2935000000,21771000000,17254000000,18315000000,44937000000,42688000000,2249000000,512163000000,268477000000,7469000000,7433038381
MSFT,789019,Information Technology,2025,2025-06-30,2026-07-29,,193893000000,128528000000,123627000000,21795000000,101832000000,13.64,136162000000,64551000000,11974000000,22000000000,,24082000000,18420000000,30242000000,43151000000,40152000000,2999000000,619003000000,343479000000,7465000000,7433166379
MSFT,789019,Information Technology,2026,2026-06-30,2026-07-29,,225465000000,155237000000,165934000000,32185000000,133749000000,17.95,182935000000,115948000000,12405000000,34300000000,,26445000000,22271000000,20935000000,40294000000,31067000000,9227000000,758376000000,442387000000,7453000000,7425545491
MSI,68505,Information Technology,2019,2019-12-31,2022-02-16,,3931000000,1581000000,1001000000,130000000,868000000,4.95,1823000000,248000000,118000000,394000000,237000000,379000000,315000000,1001000000,,5113000000,16000000,10642000000,-700000000,175600000,163871288
MSI,68505,Information Technology,2020,2020-12-31,2023-02-16,,3608000000,1383000000,1174000000,221000000,949000000,5.45,1613000000,217000000,129000000,409000000,233000000,436000000,612000000,1254000000,,5163000000,12000000,10876000000,-558000000,174100000,170579096
MSI,68505,Information Technology,2021,2021-12-31,2024-02-15,,4040000000,1667000000,1552000000,302000000,1245000000,7.17,1837000000,243000000,129000000,438000000,215000000,482000000,528000000,1874000000,,5688000000,5000000,12189000000,-40000000,173600000,169028294
MSI,68505,Information Technology,2022,2022-12-31,2025-02-14,,4229000000,1661000000,1515000000,148000000,1363000000,7.93,1823000000,256000000,172000000,440000000,240000000,530000000,836000000,1325000000,,6013000000,1000000,12814000000,116000000,171900000,168209089
MSI,68505,Information Technology,2023,2023-12-31,2026-02-12,,4970000000,2294000000,2146000000,432000000,1709000000,9.93,2044000000,253000000,212000000,356000000,249000000,589000000,804000000,1705000000,,4705000000,1313000000,13336000000,724000000,172100000,167250071
MSI,68505,Information Technology,2024,2024-12-31,2026-02-12,,5512000000,2688000000,1972000000,390000000,1577000000,9.23,2391000000,257000000,243000000,336000000,295000000,654000000,244000000,2102000000,,5675000000,322000000,14595000000,1703000000,170800000,166132981
MSI,68505,Information Technology,2025,2025-12-31,2026-02-12,,6035000000,2988000000,2812000000,652000000,2154000000,12.75,2837000000,265000000,293000000,425000000,360000000,728000000,1154000000,1165000000,,8413000000,0,19389000000,2410000000,169000000,166936952
MSI,68505,Information Technology,2026,2026-02-06,2026-02-12,,,,,,,,,,,,,,,,,,,,,,165658912
MTB,36270,Financials,2019,2019-12-31,2022-02-16,6191943000,,,2547261000,618112000,1929149000,13.75,2357555000,178000000,76000000,,749329000,552138000,1349785000,,6986186000,,,119872757000,15716649000,134462000,138526278
MTB,36270,Financials,2020,2020-12-31,2023-02-22,5954761000,,,1769521000,416369000,1353152000,9.94,789187000,172000000,80000000,,326395000,568112000,373750000,,4382193000,,,142601105000,16187000000,128704000,130436633
MTB,36270,Financials,2021,2021-12-31,2024-02-21,5992000000,,,2455000000,596000000,1859000000,13.8,2715000000,149000000,85000000,,114000000,580000000,,,3485369000,,,155107160000,17903000000,128812000,128636592
MTB,36270,Financials,2022,2022-12-31,2024-02-21,8179000000,,,2612000000,620000000,1992000000,11.53,4574000000,214000000,111000000,282000000,425000000,784000000,1800000000,,3965000000,,,200730000000,25318000000,164030000,129034484
MTB,36270,Financials,2023,2023-12-31,2024-02-21,9643000000,,,3619000000,878000000,2741000000,15.79,3905000000,256000000,118000000,304000000,3109000000,868000000,594000000,,8201000000,,,208264000000,26957000000,167002000,167792740
MTB,36270,Financials,2024,2024-12-31,2026-02-18,,,,3310000000,722000000,2588000000,14.64,3610000000,,116000000,316000000,,895000000,396000000,,12605000000,,,208105000000,29027000000,167319000,166624291
MTB,36270,Financials,2025,2025-12-31,2026-02-18,,,,3692000000,841000000,2851000000,17,3003000000,,136000000,323000000,,899000000,2631000000,,10911000000,,,213510000000,29177000000,158791000,164333454
MTB,36270,Financials,2026,2026-02-13,2026-02-18,,,,,,,,,,,,,,,,,,,,,,149000252
MTD,1037646,Health Care,2019,2019-12-31,2022-02-11,3008652000,1741211000,,681394000,120285000,561109000,22.47,603450000,97341000,18285000,38991000,37411000,,774999000,207785000,1235350000,1235350000,55868000,2789321000,420780000,24974457,
MTD,1037646,Health Care,2020,2020-12-31,2023-02-10,3085177000,1801031000,,748743000,146004000,602739000,24.91,724699000,92494000,18687000,42044000,38616000,,774998000,94254000,1284174000,1284174000,50317000,2814549000,282675000,24199230,24052834
MTD,1037646,Health Care,2021,2021-12-31,2024-02-09,3717930000,2171553000,,949361000,180376000,768985000,32.78,908825000,107580000,19595000,44982000,43242000,,999998000,98564000,1580808000,1580808000,101134000,3326798000,171421000,23457630,23408050
MTD,1037646,Health Care,2022,2022-12-31,2025-02-07,3919709000,2308042000,,1070592000,198090000,872502000,38.41,859067000,121241000,19661000,46784000,55392000,,1099998000,95966000,1908480000,1908480000,106054000,3492395000,24793000,22718290,22805615
MTD,1037646,Health Care,2023,2023-12-31,2026-02-06,3788309000,2241286000,,973728000,184950000,788778000,35.9,965874000,105323000,17928000,48951000,77366000,,900000000,69807000,1888620000,1888620000,192219000,3355555000,-149938000,21971528,22106175
MTD,1037646,Health Care,2024,2024-12-31,2026-02-06,3872361000,2325583000,,1037223000,174083000,863140000,40.48,968346000,103898000,19979000,50352000,74631000,,849997000,59362000,1831265000,1831265000,182623000,3239999000,-126890000,21320641,21478705
MTD,1037646,Health Care,2025,2025-12-31,2026-02-06,4026399000,2390646000,,1048909000,179716000,869193000,42.05,955772000,107124000,22512000,51141000,68515000,,799995000,66888000,2088241000,2088241000,63931000,3712646000,-23636000,20671708,20916459
MTD,1037646,Health Care,2026,2026-01-23,2026-02-06,,,,,,,,,,,,,,,,,,,,,,20325250
MU,723125,Information Technology,2018,2018-08-30,2018-10-15,30391000000,17891000000,14994000000,14307000000,168000000,14135000000,11.51,17400000000,8879000000,198000000,4759000000,342000000,,71000000,6506000000,,,,43376000000,32294000000,1229000000,1134255375
MU,723125,Information Technology,2019,2019-08-29,2021-10-08,,10702000000,7376000000,7048000000,693000000,6313000000,5.51,13189000000,9780000000,243000000,5424000000,128000000,,2729000000,7152000000,,,,48887000000,35881000000,1143000000,1107050823
MU,723125,Information Technology,2020,2020-09-03,2022-10-07,,6552000000,3003000000,2983000000,280000000,2687000000,2.37,8306000000,8223000000,328000000,5650000000,194000000,0,176000000,7624000000,6157000000,,,53678000000,38996000000,1131000000,1113221799
MU,723125,Information Technology,2021,2021-09-02,2023-10-06,,10423000000,6283000000,6218000000,394000000,5861000000,5.14,12468000000,10030000000,378000000,6214000000,183000000,0,1200000000,7763000000,5968000000,,,58849000000,43933000000,1141000000,1118623738
MU,723125,Information Technology,2022,2022-09-01,2024-10-04,,13898000000,9702000000,9571000000,888000000,8687000000,7.75,15181000000,12067000000,514000000,7116000000,189000000,461000000,2432000000,8262000000,6020000000,,,66283000000,49907000000,1122000000,1087168584
MU,723125,Information Technology,2023,2023-08-31,2025-10-03,,-1416000000,-5745000000,-5658000000,177000000,-5833000000,-5.34,1559000000,7676000000,596000000,7756000000,388000000,504000000,425000000,8577000000,12049000000,,,64254000000,44120000000,1093000000,1098034471
MU,723125,Information Technology,2024,2024-08-29,2025-10-03,,5613000000,1304000000,1240000000,451000000,778000000,0.7,8507000000,8386000000,833000000,7780000000,,513000000,300000000,7041000000,11343000000,,,69416000000,45131000000,1118000000,1108742682
MU,723125,Information Technology,2025,2025-08-28,2025-10-03,,14873000000,9770000000,9654000000,1124000000,8539000000,7.59,17525000000,15857000000,972000000,8352000000,,522000000,0,9642000000,11533000000,,,82798000000,54165000000,1125000000,1122466035
NCLH,1513761,Consumer Discretionary,2019,2019-12-31,2022-03-01,,,1178077000,911365000,-18863000,930228000,4.3,1822605000,1637170000,95055000,647102000,272900000,,349860000,252876000,,,746358000,16684599000,6515579000,216475076,217727855
NCLH,1513761,Consumer Discretionary,2020,2020-12-31,2023-02-28,,,-3484135000,-4000047000,12467000,-4012514000,-15.75,-2556243000,946545000,111297000,739619000,482300000,,,3300482000,1552480000,,124885000,18399317000,4354105000,254728932,213202541
NCLH,1513761,Consumer Discretionary,2021,2021-12-31,2024-02-28,,,-2552348000,-4501320000,5267000,-4506587000,-12.33,-2468009000,752843000,124077000,758604000,2100000000,,,1506647000,,,876890000,18729837000,2432650000,365449967,315741941
NCLH,1513761,Consumer Discretionary,2022,2022-12-31,2025-02-27,,,-1551757000,-2276703000,-6794000,-2269909000,-5.41,210020000,1783857000,113563000,810053000,801500000,,,946987000,,,991128000,18557694000,68591000,419773195,417086224
NCLH,1513761,Consumer Discretionary,2023,2023-12-31,2026-03-02,,,930911000,163176000,-3002000,166178000,0.39,2005714000,2750362000,118940000,883236000,727500000,,,402415000,,,1744778000,19492990000,300807000,427400849,421929861
NCLH,1513761,Consumer Discretionary,2024,2024-12-31,2026-03-02,,,1465906000,772907000,-137350000,910257000,1.89,2049823000,1210952000,91781000,973512000,,,,190765000,,,1323769000,19969811000,1425439000,515030548,425657468
NCLH,1513761,Consumer Discretionary,2025,2025-12-31,2026-03-02,,,1560868000,428721000,5475000,423246000,0.92,2089746000,3259606000,88393000,1162108000,,,,209893000,,,875899000,22541401000,2209888000,477742311,439944822
NCLH,1513761,Consumer Discretionary,2026,2026-02-17,2026-03-02,,,,,,,,,,,,,,,,,,,,,,455545641
NDAQ,1120193,Financials,2019,2019-12-31,2022-02-23,,2535000000,1017000000,1019000000,245000000,774000000,4.63,963000000,127000000,79000000,89000000,124000000,305000000,200000000,332000000,2996000000,2996000000,,13924000000,5639000000,166970161,165420039
NDAQ,1120193,Financials,2020,2020-12-31,2023-02-23,,2903000000,1234000000,1212000000,279000000,933000000,1.86,1252000000,188000000,87000000,99000000,101000000,320000000,222000000,2745000000,4944000000,5541000000,,17979000000,6433000000,500711823,165011712
NDAQ,1120193,Financials,2021,2021-12-31,2024-02-21,,3420000000,1441000000,1534000000,347000000,1187000000,2.35,1083000000,163000000,90000000,108000000,125000000,350000000,468000000,393000000,4313000000,4812000000,,20115000000,6395000000,505087566,164795634
NDAQ,1120193,Financials,2022,2022-12-31,2025-02-21,,3582000000,1564000000,1475000000,352000000,1125000000,2.26,1706000000,152000000,106000000,105000000,129000000,383000000,308000000,502000000,4735000000,4735000000,,20868000000,6151000000,497857565,164412114
NDAQ,1120193,Financials,2023,2023-12-31,2026-02-12,,3895000000,1578000000,1401000000,344000000,1059000000,2.08,1696000000,158000000,122000000,117000000,284000000,,269000000,453000000,9666000000,10163000000,,32294000000,10816000000,508392982,489002956
NDAQ,1120193,Financials,2024,2024-12-31,2026-02-12,,4649000000,1798000000,1449000000,334000000,1117000000,1.93,1939000000,207000000,141000000,125000000,,,145000000,592000000,8582000000,9081000000,,30395000000,11191000000,579189522,575206570
NDAQ,1120193,Financials,2025,2025-12-31,2026-02-12,,5249000000,2331000000,2145000000,358000000,1788000000,3.09,2255000000,266000000,165000000,145000000,,,616000000,604000000,8573000000,8573000000,,31053000000,12227000000,578597687,575145323
NDAQ,1120193,Financials,2026,2026-02-03,2026-02-12,,,,,,,,,,,,,,,,,,,,,,568443856
NDSN,72331,Industrials,2018,2018-10-31,2018-12-14,2254668000,,502579000,448519000,71144000,377375000,6.4,504638000,89790000,21550000,,49576000,72443000,24012000,95678000,1314091000,1285357000,28734000,3421012000,1450741000,58931000,57927038
NDSN,72331,Industrials,2019,2019-10-31,2021-12-17,,,483113000,431104000,94013000,337091000,5.79,382893000,64244000,18086000,,47145000,82145000,120510000,151164000,1244142000,1075404000,168738000,3516447000,1581045000,58202000,57708386
NDSN,72331,Industrials,2020,2020-10-31,2022-12-19,,,349545000,301489000,51950000,249539000,4.27,502421000,50535000,12856000,,32160000,88347000,52614000,208293000,1105995000,1067952000,38043000,3674656000,1758991000,58473000,58094487
NDSN,72331,Industrials,2021,2021-10-31,2023-12-20,,,615127000,574176000,119808000,454368000,7.74,545927000,38303000,22757000,103883000,25491000,97683000,60970000,299972000,812352000,781709000,34188000,3790961000,2159130000,58734000,58176606
NDSN,72331,Industrials,2022,2022-10-31,2024-12-18,,,702360000,649279000,136176000,513103000,8.81,513131000,51428000,30748000,99923000,22413000,125914000,262869000,163457000,737857000,345320000,392537000,3820375000,2294375000,58249000,57156824
NDSN,72331,Industrials,2023,2023-10-31,2025-12-17,,,672761000,615339000,127846000,487493000,8.46,641282000,34583000,22710000,59719000,59505000,150356000,89708000,115679000,1732037000,1621394000,115662000,5251770000,2598060000,57631000,57016026
NDSN,72331,Industrials,2024,2024-10-31,2025-12-17,,,674001000,585481000,118197000,467284000,8.11,556193000,64410000,18957000,76972000,,161438000,33339000,115952000,2186840000,2101197000,103928000,6000966000,2932192000,57616000,57016026
NDSN,72331,Industrials,2025,2025-10-31,2025-12-17,,,711725000,597648000,113174000,484474000,8.51,719175000,58060000,18944000,79264000,,179069000,306367000,108442000,1996254000,1681254000,315000000,5917681000,3043571000,56916000,55823516
NEE,753308,Utilities,2019,2019-12-31,2022-02-18,,,5353000000,3836000000,448000000,3769000000,1.94,8155000000,,100000000,4216000000,,2408000000,,600000000,,37543000000,2124000000,117691000000,37005000000,1941900000,478167505
NEE,753308,Utilities,2020,2020-12-31,2023-02-17,,,5116000000,2413000000,44000000,2919000000,1.48,7983000000,,107000000,4052000000,,2743000000,,1105000000,,41944000000,4138000000,127684000000,36513000000,1968800000,488965893
NEE,753308,Utilities,2021,2021-12-31,2024-02-16,,,2913000000,3175000000,348000000,3573000000,1.81,7553000000,,119000000,3924000000,,3024000000,,639000000,,50960000000,1785000000,140912000000,37202000000,1972200000,1959874682
NEE,753308,Utilities,2022,2022-12-31,2025-02-14,,,4081000000,3832000000,586000000,4147000000,2.1,8262000000,,142000000,4503000000,,3352000000,,1601000000,,55256000000,6633000000,158935000000,39229000000,1978600000,1962744998
NEE,753308,Utilities,2023,2023-12-31,2026-02-13,,,10237000000,7288000000,1006000000,7310000000,3.6,11301000000,,139000000,5879000000,,3782000000,,2690000000,,61405000000,6901000000,177489000000,47468000000,2030800000,1987495306
NEE,753308,Utilities,2024,2024-12-31,2026-02-13,,,7479000000,6037000000,339000000,6946000000,3.37,13260000000,,138000000,5462000000,,4235000000,,1487000000,,72385000000,8061000000,190144000000,50101000000,2059200000,2052429154
NEE,753308,Utilities,2025,2025-12-31,2026-02-13,,,8280000000,4530000000,-802000000,6835000000,3.3,12485000000,,185000000,6580000000,,4680000000,,2812000000,,89556000000,3500000000,212721000000,54608000000,2070600000,2057026280
NEE,753308,Utilities,2026,2026-01-31,2026-02-13,,,,,,,,,,,,,,,,,,,,,,2083521964
NEM,1164727,Materials,2019,2019-12-31,2022-02-24,,,,3693000000,832000000,2805000000,3.81,2866000000,1463000000,,1960000000,,889000000,479000000,2243000000,6166000000,6138000000,0,39974000000,21420000000,737000000,532669445
NEM,1164727,Materials,2020,2020-12-31,2023-02-23,,,,3143000000,704000000,2829000000,3.51,4882000000,1302000000,,2300000000,,834000000,521000000,5540000000,6080000000,5480000000,551000000,41369000000,23008000000,806000000,807583184
NEM,1164727,Materials,2021,2021-12-31,2024-02-29,,,,1108000000,1098000000,1166000000,1.46,4279000000,1653000000,,2323000000,,1757000000,525000000,4992000000,5711000000,5565000000,87000000,40564000000,22022000000,801000000,800314223
NEM,1164727,Materials,2022,2022-12-31,2025-02-21,,,,-51000000,455000000,-429000000,-0.54,3220000000,2131000000,,2185000000,,1746000000,0,2877000000,5571000000,5571000000,0,38482000000,19354000000,795000000,793680485
NEM,1164727,Materials,2023,2023-12-31,2026-02-19,,,,-2031000000,526000000,-2494000000,-2.97,2763000000,2666000000,,2108000000,,1415000000,0,3002000000,8874000000,6951000000,1923000000,55506000000,29027000000,841000000,793794062
NEM,1164727,Materials,2024,2024-12-31,2026-02-19,,,,4577000000,1397000000,3348000000,2.92,6363000000,3402000000,,2576000000,,1145000000,1246000000,3619000000,8476000000,7552000000,924000000,56349000000,29928000000,1148000000,1152551607
NEM,1164727,Materials,2025,2025-12-31,2026-02-19,,,,11342000000,4596000000,7085000000,6.39,10334000000,3035000000,,2521000000,,1106000000,2303000000,7647000000,5115000000,5115000000,0,57121000000,33867000000,1108000000,1126861075
NEM,1164727,Materials,2026,2026-02-12,2026-02-19,,,,,,,,,,,,,,,,,,,,,,1087874212
NFLX,1065280,Communication Services,2018,2018-12-31,2021-01-28,15794341000,,1605226000,,15216000,1211242000,2.68,-2680479000,173946000,320657000,83157000,420493000,,,3794483000,14873195000,10360058000,,25974400000,5238765000,451244000,436598597
NFLX,1065280,Communication Services,2019,2019-12-31,2022-01-27,20156447000,,2604254000,2062231000,195315000,1866916000,4.13,-2887322000,253035000,405376000,103579000,626023000,,0,5018437000,20723441000,14759260000,,33975712000,7582157000,451765000,438806649
NFLX,1065280,Communication Services,2020,2020-12-31,2023-01-26,24996056000,,4585289000,3199349000,437954000,2761395000,6.08,2427077000,497923000,415180000,115710000,767499000,,0,8205550000,21857087000,15809095000,,39280359000,11065240000,454208000,442895261
NFLX,1065280,Communication Services,2021,2021-12-31,2024-01-26,29697844000,,6194509000,5840103000,723875000,5116228000,11.24,392610000,524585000,403220000,208412000,765620000,,600022000,6027804000,,14693072000,,44584663000,15849248000,455372000,443963107
NFLX,1065280,Communication Services,2022,2022-12-31,2025-01-27,31615550000,,5632831000,5263929000,772005000,4491924000,9.95,2026257000,407729000,575452000,336682000,706212000,,0,5147176000,,14353076000,,48594768000,20777401000,451290000,445346776
NFLX,1065280,Communication Services,2023,2023-12-31,2026-01-23,33723297000,,6954003000,6205405000,797415000,5407990000,1.2,7274301000,348552000,339368000,356947000,699826000,,6045347000,7116913000,,14143417000,,48731992000,20588313000,4494966000,432759584
NFLX,1065280,Communication Services,2024,2024-12-31,2026-01-23,39000966000,,10417614000,9965657000,1254026000,8711631000,1.98,7361364000,439538000,272588000,328914000,,,6263746000,7804733000,,13798351000,,53630374000,24743567000,4392608000,427757100
NFLX,1065280,Communication Services,2025,2025-12-31,2026-01-23,45183036000,,13326603000,12722552000,1741351000,10981201000,2.53,10149273000,688220000,368449000,333389000,,,9127167000,9033681000,,13463971000,,55596993000,26615488000,4343863000,4222162150
NI,1111711,Utilities,2019,2019-12-31,2020-02-28,,5208900000,890700000,506600000,123500000,383100000,0.87,1583300000,1802400000,25900000,717400000,378900000,298500000,0,139300000,,,,22659800000,5986700000,376000000,372494365
NI,1111711,Utilities,2020,2020-12-31,2023-02-22,,,550800000,-31300000,-17100000,-17600000,-0.19,1104000000,1758100000,17400000,725900000,370700000,321600000,0,116500000,,,,22040500000,5752200000,384300000,382263348
NI,1111711,Utilities,2021,2021-12-31,2024-02-21,,,1006900000,706600000,117800000,584900000,1.27,1217900000,1838000000,24300000,748400000,341100000,345200000,,84200000,,,,24156900000,6947300000,417300000,391859711
NI,1111711,Utilities,2022,2022-12-31,2025-02-12,,,1265800000,956400000,164600000,804100000,1.7,1409400000,2203100000,24900000,820800000,361600000,381500000,,40800000,,,,26736600000,7575400000,442700000,405385010
NI,1111711,Utilities,2023,2023-12-31,2026-02-11,,,1295500000,813900000,139500000,714300000,1.48,1935100000,2645800000,33500000,908200000,489600000,413500000,,2245400000,,,23800000,31077200000,8269600000,447900000,412507944
NI,1111711,Utilities,2024,2024-12-31,2026-02-11,,,1455500000,1002800000,158100000,760400000,1.62,1781500000,2614000000,43600000,1043200000,,481000000,,156600000,,,1281200000,31788100000,8684200000,456000000,447524529
NI,1111711,Utilities,2025,2025-12-31,2026-02-11,,,1835300000,1216400000,203800000,929500000,1.95,2362300000,2782300000,50900000,1167600000,,530400000,,110100000,,,19700000,35858700000,9450100000,474500000,469939639
NI,1111711,Utilities,2026,2026-02-04,2026-02-11,,,,,,,,,,,,,,,,,,,,,,478533171
NKE,320187,Consumer Discretionary,2019,2019-05-31,2021-07-20,39117000000,17474000000,,,772000000,4029000000,2.49,5903000000,1119000000,325000000,,,1332000000,4286000000,4466000000,3470000000,3464000000,6000000,23717000000,9040000000,1618400000,
NKE,320187,Consumer Discretionary,2020,2020-05-31,2022-07-21,37403000000,16241000000,,2887000000,348000000,2539000000,1.6,2485000000,1086000000,429000000,,,1452000000,3067000000,8348000000,9409000000,9406000000,3000000,31342000000,8055000000,1591600000,
NKE,320187,Consumer Discretionary,2021,2021-05-31,2023-07-20,44538000000,19962000000,,6661000000,934000000,5727000000,3.56,6657000000,695000000,611000000,,,1638000000,608000000,9889000000,9413000000,9413000000,0,37740000000,12767000000,1609400000,
NKE,320187,Consumer Discretionary,2022,2022-05-31,2024-07-25,46710000000,21479000000,,6651000000,605000000,6046000000,3.75,5188000000,758000000,638000000,,,1837000000,4014000000,8574000000,9420000000,8920000000,500000000,40321000000,15281000000,1610800000,
NKE,320187,Consumer Discretionary,2023,2023-05-31,2025-07-17,51217000000,22292000000,,6201000000,1131000000,5070000000,3.23,5841000000,969000000,755000000,703000000,,2012000000,5480000000,7441000000,8927000000,8927000000,0,37531000000,14004000000,1569800000,
NKE,320187,Consumer Discretionary,2024,2024-05-31,2026-07-15,51362000000,22887000000,,6700000000,1000000000,5700000000,3.73,7429000000,812000000,804000000,796000000,,2169000000,4250000000,9860000000,8903000000,7903000000,1000000000,38110000000,14430000000,1529700000,
NKE,320187,Consumer Discretionary,2025,2025-05-31,2026-07-15,46309000000,19790000000,,3885000000,666000000,3219000000,2.16,3698000000,430000000,709000000,775000000,,2300000000,2985000000,7464000000,7961000000,7961000000,0,36579000000,13213000000,1487600000,
NKE,320187,Consumer Discretionary,2026,2026-05-31,2026-07-15,46398000000,19911000000,,3900000000,792000000,3108000000,2.1,2868000000,684000000,715000000,747000000,,2407000000,146000000,7563000000,7942000000,5942000000,2000000000,38410000000,14865000000,1481000000,
NOC,1133421,Industrials,2019,2019-12-31,2022-01-27,33841000000,,3969000000,2548000000,300000000,2248000000,13.22,4297000000,1264000000,127000000,1265000000,528000000,880000000,744000000,2245000000,13879000000,12770000000,1109000000,41089000000,8819000000,170000000,169737507
NOC,1133421,Industrials,2020,2020-12-31,2023-01-26,36799000000,,4065000000,3728000000,539000000,3189000000,19.03,4305000000,1420000000,90000000,1267000000,593000000,953000000,490000000,4907000000,15003000000,14261000000,742000000,44469000000,10579000000,167600000,167637130
NOC,1133421,Industrials,2021,2021-12-31,2024-01-25,35667000000,,5651000000,8938000000,1933000000,7005000000,43.54,3567000000,1415000000,94000000,1239000000,556000000,983000000,3705000000,3530000000,12783000000,12777000000,6000000,42579000000,12926000000,160900000,166718384
NOC,1133421,Industrials,2022,2022-12-31,2025-01-30,36602000000,,3601000000,5836000000,940000000,4896000000,31.47,2901000000,1435000000,99000000,1342000000,506000000,1052000000,1504000000,2577000000,12877000000,11805000000,1072000000,43755000000,15312000000,155600000,156101934
NOC,1133421,Industrials,2023,2023-12-31,2026-01-27,39290000000,,2537000000,2346000000,290000000,2056000000,13.53,3875000000,1775000000,87000000,1338000000,545000000,1116000000,1500000000,3109000000,13856000000,13786000000,70000000,46544000000,14795000000,152000000,153053371
NOC,1133421,Industrials,2024,2024-12-31,2026-01-27,41033000000,,4370000000,5016000000,842000000,4174000000,28.34,4388000000,1767000000,101000000,1370000000,621000000,1186000000,2514000000,4353000000,16274000000,14692000000,1582000000,49359000000,15290000000,147300000,150035705
NOC,1133421,Industrials,2025,2025-12-31,2026-01-27,41954000000,,4511000000,5068000000,886000000,4182000000,29.08,4757000000,1450000000,119000000,1472000000,665000000,1293000000,1624000000,4403000000,15696000000,15162000000,534000000,51377000000,16674000000,143800000,144755659
NOC,1133421,Industrials,2026,2026-01-22,2026-01-27,,,,,,,,,,,,,,,,,,,,,,141921621
NOW,1373715,Information Technology,2019,2019-12-31,2022-02-03,,2664000000,42000000,67000000,-560000000,626698000,3.18,1236000000,265000000,662000000,252000000,33000000,,0,776000000,,694981000,,6022430000,2127000000,197223000,180500000
NOW,1373715,Information Technology,2020,2020-12-31,2023-01-31,,3532000000,199000000,150000000,31000000,119000000,0.59,1786000000,419000000,870000000,336000000,33000000,,,1677000000,,1640000000,0,8715000000,2834000000,202478000,189800000
NOW,1373715,Information Technology,2021,2021-12-31,2024-01-25,,4543000000,257000000,249000000,19000000,230000000,1.13,2191000000,392000000,1131000000,472000000,28000000,,0,1728000000,,,92000000,10798000000,3695000000,203167000,196100000
NOW,1373715,Information Technology,2022,2022-12-31,2025-01-30,,5672000000,355000000,399000000,74000000,325000000,1.6,2723000000,550000000,1401000000,433000000,27000000,,0,1470000000,,,0,13299000000,5032000000,203535000,200000000
NOW,1373715,Information Technology,2023,2023-12-31,2026-01-29,,7050000000,762000000,1008000000,-723000000,1731000000,1.68,3398000000,694000000,1604000000,562000000,,,538000000,1897000000,,,,17387000000,7628000000,1027953000,203000000
NOW,1373715,Information Technology,2024,2024-12-31,2026-01-29,,8697000000,1364000000,1738000000,313000000,1425000000,1.37,4267000000,852000000,1746000000,564000000,,,696000000,2304000000,,,,20383000000,9609000000,1042113000,205000000
NOW,1373715,Information Technology,2025,2025-12-31,2026-01-29,,10295000000,1824000000,2261000000,513000000,1748000000,1.67,5444000000,868000000,1955000000,738000000,,,1840000000,3726000000,1491000000,,,26038000000,12964000000,1046691000,206000000
NOW,1373715,Information Technology,2026,2026-01-23,2026-01-29,,,,,,,,,,,,,,,,,,,,,,1046000000
NRG,1013871,Utilities,2019,2019-12-31,2022-02-24,9821000000,,1290000000,786000000,-3334000000,4438000000,16.81,1413000000,228000000,20000000,373000000,413000000,32000000,1440000000,345000000,6042000000,5803000000,88000000,12531000000,1658000000,264000000,280997550
NRG,1013871,Utilities,2020,2020-12-31,2023-02-23,9093000000,,1105000000,761000000,251000000,510000000,2.07,1837000000,230000000,22000000,435000000,401000000,295000000,229000000,3905000000,8855000000,8691000000,1000000,14902000000,1680000000,246000000,247656747
NRG,1013871,Utilities,2021,2021-12-31,2024-02-28,26989000000,,3341000000,2859000000,672000000,2187000000,8.93,493000000,269000000,21000000,785000000,485000000,319000000,48000000,250000000,8100000000,7966000000,4000000,23182000000,3600000000,245000000,244687907
NRG,1013871,Utilities,2022,2022-12-31,2025-02-26,31543000000,,2018000000,1663000000,442000000,1221000000,5.17,360000000,367000000,28000000,720000000,417000000,332000000,600000000,430000000,8100000000,7976000000,63000000,29146000000,3828000000,236000000,242153239
NRG,1013871,Utilities,2023,2023-12-31,2026-02-24,28823000000,,384000000,-213000000,-11000000,-202000000,-1.12,-221000000,598000000,101000000,1295000000,667000000,381000000,1150000000,541000000,10940000000,10133000000,620000000,26038000000,2906000000,228000000,229774238
NRG,1013871,Utilities,2024,2024-12-31,2026-02-24,28130000000,,2424000000,1448000000,323000000,1125000000,4.99,2306000000,472000000,102000000,1403000000,,405000000,935000000,966000000,10892000000,9812000000,996000000,24022000000,2478000000,212000000,208021012
NRG,1013871,Utilities,2025,2025-12-31,2026-02-24,30713000000,,1845000000,1134000000,270000000,864000000,4.01,1913000000,1147000000,134000000,1406000000,,411000000,1311000000,4708000000,16576000000,16412000000,31000000,29140000000,1681000000,199000000,198068576
NRG,1013871,Utilities,2026,2026-01-31,2026-02-24,,,,,,,,,,,,,,,,,,,,,,214677543
NSC,702165,Industrials,2019,2019-12-31,2022-02-04,,,3989000000,3491000000,769000000,2722000000,10.25,3892000000,2019000000,53000000,1139000000,604000000,949000000,2099000000,580000000,,,,37923000000,15184000000,265600000,267455326
NSC,702165,Industrials,2020,2020-12-31,2023-02-03,,,3002000000,2530000000,517000000,2013000000,7.84,3637000000,1494000000,28000000,1154000000,625000000,960000000,1439000000,1115000000,,,,37962000000,14791000000,256600000,257844180
NSC,702165,Industrials,2021,2021-12-31,2024-02-05,,,4447000000,3878000000,873000000,3005000000,12.11,4255000000,1470000000,54000000,1181000000,646000000,1028000000,3390000000,839000000,,,553000000,38493000000,13641000000,248100000,251911634
NSC,702165,Industrials,2022,2022-12-31,2025-02-10,,,4809000000,4130000000,860000000,3270000000,13.88,4222000000,1948000000,53000000,1221000000,692000000,1167000000,3110000000,456000000,,,703000000,38885000000,12733000000,235600000,239777444
NSC,702165,Industrials,2023,2023-12-31,2026-02-09,,,2851000000,2320000000,493000000,1827000000,8.02,3179000000,2327000000,40000000,1298000000,722000000,1225000000,622000000,1568000000,,,4000000,41652000000,12781000000,227400000,227782202
NSC,702165,Industrials,2024,2024-12-31,2026-02-09,,,4071000000,3329000000,707000000,2622000000,11.57,4052000000,2381000000,40000000,1353000000,807000000,1221000000,0,1641000000,,,555000000,43682000000,14306000000,226400000,225881508
NSC,702165,Industrials,2025,2025-12-31,2026-02-09,,,4356000000,3665000000,792000000,2873000000,12.75,4361000000,2204000000,63000000,1393000000,,1215000000,534000000,1530000000,,,607000000,45236000000,15547000000,225300000,226434128
NSC,702165,Industrials,2026,2026-01-31,2026-02-09,,,,,,,,,,,,,,,,,,,,,,224572025
NTAP,1002047,Information Technology,2019,2019-04-26,2021-06-21,,3945000000,1221000000,1268000000,99000000,1169000000,4.51,1341000000,173000000,158000000,150000000,58000000,403000000,2111000000,2325000000,1544000000,1144000000,400000000,8741000000,1090000000,259000000,240022187
NTAP,1002047,Information Technology,2020,2020-04-24,2022-06-16,,3623000000,945000000,944000000,125000000,819000000,3.52,1060000000,124000000,153000000,154000000,55000000,439000000,1411000000,2658000000,1146000000,1146000000,0,7522000000,242000000,233000000,221816300
NTAP,1002047,Information Technology,2021,2021-04-30,2023-06-14,,3815000000,1031000000,962000000,232000000,730000000,3.23,1333000000,162000000,197000000,158000000,74000000,427000000,125000000,4529000000,2632000000,2632000000,0,9360000000,685000000,226000000,223217394
NTAP,1002047,Information Technology,2022,2022-04-29,2024-06-10,,4220000000,1157000000,1095000000,158000000,937000000,4.09,1211000000,226000000,245000000,148000000,73000000,446000000,600000000,4112000000,2636000000,2386000000,250000000,10026000000,838000000,229000000,221190424
NTAP,1002047,Information Technology,2023,2023-04-28,2025-06-09,,4209000000,1018000000,1066000000,-208000000,1274000000,5.79,1107000000,239000000,312000000,181000000,67000000,432000000,850000000,2316000000,2389000000,2389000000,0,9818000000,1159000000,220000000,212430865
NTAP,1002047,Information Technology,2024,2024-04-26,2026-06-05,5657000000,4433000000,1214000000,1263000000,277000000,986000000,4.63,1685000000,155000000,357000000,198000000,64000000,416000000,900000000,1903000000,2392000000,1992000000,400000000,9887000000,1146000000,213000000,205801761
NTAP,1002047,Information Technology,2025,2025-04-25,2026-06-05,5907000000,4613000000,1337000000,1383000000,197000000,1186000000,5.67,1506000000,168000000,386000000,196000000,,424000000,1150000000,2742000000,3235000000,2485000000,750000000,10823000000,1040000000,209000000,200366162
NTAP,1002047,Information Technology,2026,2026-04-24,2026-06-05,6237000000,4899000000,1674000000,1648000000,372000000,1276000000,6.35,2067000000,198000000,382000000,179000000,,413000000,950000000,2070000000,2487000000,2487000000,0,10744000000,1351000000,201000000,195919927
NTRS,73124,Financials,2019,2019-12-31,2022-02-28,6073100000,,,1944100000,451900000,1492200000,6.63,2592000000,158000000,107900000,458900000,822000000,529700000,1100200000,4459200000,,,,136828400000,11080900000,215601149,218411773
NTRS,73124,Financials,2020,2020-12-31,2023-02-28,6100800000,,,1627600000,418300000,1209300000,5.46,1896800000,135800000,91400000,500300000,200300000,584600000,299800000,4389500000,,,,170003900000,11688300000,209007986,209247666
NTRS,73124,Financials,2021,2021-12-31,2024-02-27,6464500000,,,2010100000,464800000,1545300000,7.14,1356000000,95500000,95500000,515600000,23800000,583300000,267600000,3056800000,,,,183889800000,12016800000,208899230,208314381
NTRS,73124,Financials,2022,2022-12-31,2025-02-24,6761200000,,,1766300000,430300000,1336000000,6.14,2392400000,128600000,125200000,553600000,990500000,750200000,35400000,4654200000,,,,155036700000,11259500000,208867264,207898329
NTRS,73124,Financials,2023,2023-12-31,2026-02-24,6773500000,,,1464800000,357500000,1107300000,5.08,2625600000,116500000,118200000,634600000,5343000000,621500000,347500000,4791500000,,,,150783100000,11897900000,207563746,208196935
NTRS,73124,Financials,2024,2024-12-31,2026-02-24,8290400000,,,2659500000,628400000,2031100000,9.77,-486000000,101500000,119400000,716800000,,602300000,937800000,4677200000,,,,155508400000,12788400000,201870105,204841515
NTRS,73124,Financials,2025,2025-12-31,2026-02-24,8086400000,,,2339500000,602600000,1736900000,8.74,5533500000,74000000,126500000,779100000,,591600000,1273500000,5873100000,,,,177132700000,12957900000,192246525,195697744
NTRS,73124,Financials,2026,2026-01-31,2026-02-24,,,,,,,,,,,,,,,,,,,,,,185827803
NUE,73309,Materials,2019,2019-12-31,2022-02-28,,,,1782807000,411897000,1271143000,4.14,2809413000,1477293000,90359000,648911000,157358000,492062000,298541000,1534605000,,,20000000,18344666000,10357866000,305503000,305381583
NUE,73309,Materials,2020,2020-12-31,2023-03-01,,,,835538000,-490000,721470000,2.36,2696877000,1543219000,73853000,702110000,166613000,491655000,39499000,2639671000,,,,20125394000,10788665000,303271000,301000375
NUE,73309,Materials,2021,2021-12-31,2024-02-27,,,,9200858000,2078488000,6827461000,23.16,6230776000,1621989000,135775000,735406000,163121000,483469000,3276088000,2364858000,,,601000000,25823072000,14016389000,293390000,298045858
NUE,73309,Materials,2022,2022-12-31,2025-02-27,,,,10245000000,2166000000,7607000000,28.79,10072000000,1948000000,137000000,827000000,219000000,534000000,2763000000,4280852000,,,10000000,32479000000,18414694000,263200000,269124863
NUE,73309,Materials,2023,2023-12-31,2026-02-25,,,,6273000000,1360000000,4525000000,18,7112000000,2214000000,130000000,931000000,246000000,515000000,1554000000,6383000000,,,60000000,35340000000,20940000000,250400000,251929269
NUE,73309,Materials,2024,2024-12-31,2026-02-25,,,,2902000000,583000000,2027000000,8.46,3979000000,3173000000,132000000,1094000000,228000000,522000000,2217000000,3558000000,,,1025000000,33940000000,20294000000,238500000,240745037
NUE,73309,Materials,2025,2025-12-31,2026-02-25,,,,2568000000,530000000,1744000000,7.52,3234000000,3422000000,133000000,1226000000,170000000,512000000,700000000,2260000000,,,66000000,35104000000,20936000000,231000000,230535835
NUE,73309,Materials,2026,2026-02-18,2026-02-25,,,,,,,,,,,,,,,,,,,,,,227774615
NVDA,1045810,Information Technology,2019,2019-01-27,2021-02-26,,7171000000,3804000000,,-245000000,4141000000,6.63,3743000000,,557000000,,58000000,371000000,1579000000,782000000,1988000000,,,13292000000,9342000000,625000000,606000000
NVDA,1045810,Information Technology,2020,2020-01-26,2022-03-18,10918000000,6768000000,2846000000,2970000000,174000000,2796000000,1.13,4761000000,,844000000,381000000,52000000,390000000,0,10896000000,1991000000,1991000000,0,17315000000,12204000000,2472000000,612000000
NVDA,1045810,Information Technology,2021,2021-01-31,2023-02-24,16675000000,10396000000,4532000000,4409000000,77000000,4332000000,1.73,5822000000,,1397000000,1098000000,184000000,395000000,0,847000000,6963000000,5964000000,999000000,28791000000,16893000000,2510000000,620000000
NVDA,1045810,Information Technology,2022,2022-01-30,2024-02-21,26914000000,17475000000,10041000000,9941000000,189000000,9752000000,3.85,9108000000,,2004000000,1174000000,236000000,399000000,0,1990000000,10946000000,10946000000,0,44187000000,26612000000,2535000000,2510000000
NVDA,1045810,Information Technology,2023,2023-01-29,2025-02-26,26974000000,15356000000,4224000000,4181000000,-187000000,4368000000,0.17,5641000000,,2709000000,1544000000,262000000,398000000,10039000000,3389000000,10953000000,9703000000,1250000000,41182000000,22101000000,25070000000,2470000000
NVDA,1045810,Information Technology,2024,2024-01-28,2026-02-25,60922000000,44301000000,32972000000,33818000000,4058000000,29760000000,1.19,28090000000,,3549000000,1508000000,257000000,395000000,9533000000,7280000000,9709000000,8459000000,1250000000,65728000000,42978000000,24940000000,2500000000
NVDA,1045810,Information Technology,2025,2025-01-26,2026-02-25,130497000000,97858000000,81453000000,84026000000,11146000000,72880000000,2.94,64089000000,,4737000000,1864000000,,834000000,33706000000,8589000000,8463000000,8463000000,0,111601000000,79327000000,24804000000,24400000000
NVDA,1045810,Information Technology,2026,2026-01-25,2026-02-25,215938000000,153463000000,130387000000,141450000000,21383000000,120067000000,4.9,102718000000,,6386000000,2843000000,,974000000,40086000000,10605000000,8468000000,7469000000,999000000,206803000000,157293000000,24514000000,24300000000
NVR,906163,Consumer Discretionary,2019,2019-12-31,2022-02-16,7388664000,,,,147256000,878539000,221.13,866535000,22699000,78532000,20818000,25380000,,698417000,1160804000,,,,3809815000,2341244000,3973027,3616917
NVR,906163,Consumer Discretionary,2020,2020-12-31,2023-02-15,7536923000,,,,176785000,901248000,230.11,925269000,16119000,50794000,21992000,40872000,,371078000,2809782000,,,,5777141000,3103074000,3916661,3677676
NVR,906163,Consumer Discretionary,2021,2021-12-31,2024-02-14,8951025000,,,,353684000,1236719000,320.48,1242393000,17875000,58234000,19463000,53117000,,1538019000,,,,,5834475000,3002378000,3858912,3681181
NVR,906163,Consumer Discretionary,2022,2022-12-31,2025-02-12,10526434000,,,,527619000,1725575000,491.82,1870101000,18428000,82537000,17396000,39524000,,1500358000,,,,,5660973000,3506849000,3508524,3382726
NVR,906163,Consumer Discretionary,2023,2023-12-31,2026-02-11,9518202000,,,,336762000,1591611000,463.31,1497993000,24877000,99507000,16916000,27740000,,1081815000,,,,,6601757000,4364725000,3435294,3249345
NVR,906163,Consumer Discretionary,2024,2024-12-31,2026-02-11,10524479000,,,,433578000,1681928000,506.69,1374462000,29212000,73925000,18375000,27783000,,2057677000,,,,,6380988000,4210072000,3319434,3186147
NVR,906163,Consumer Discretionary,2025,2025-12-31,2026-02-11,10323959000,,,,422116000,1339816000,436.55,1121320000,24508000,69213000,24510000,,,1833316000,,,,,5856930000,3864869000,3069103,2990451
NVR,906163,Consumer Discretionary,2026,2026-02-09,2026-02-11,,,,,,,,,,,,,,,,,,,,,,2793760
NWS,1564708,Communication Services,2019,2019-06-30,2021-08-10,10074000000,,,354000000,126000000,155000000,0.26,928000000,572000000,73000000,659000000,,161000000,,1643000000,1453000000,1004000000,449000000,15711000000,9144000000,587900000,
NWS,1564708,Communication Services,2020,2020-06-30,2022-08-12,9008000000,,,-1524000000,21000000,-1269000000,-2.16,780000000,438000000,69000000,644000000,,158000000,0,1517000000,1259000000,1183000000,76000000,14261000000,7582000000,587900000,
NWS,1564708,Communication Services,2021,2021-06-30,2023-08-15,9358000000,,,450000000,61000000,330000000,0.56,1237000000,390000000,128000000,680000000,,163000000,0,2236000000,2313000000,2285000000,28000000,16771000000,8211000000,593400000,
NWS,1564708,Communication Services,2022,2022-06-30,2024-08-13,10385000000,,,812000000,52000000,623000000,1.05,1354000000,499000000,59000000,688000000,,175000000,179000000,1822000000,3069000000,2776000000,293000000,17221000000,8222000000,592500000,
NWS,1564708,Communication Services,2023,2023-06-30,2025-08-06,8012000000,,,380000000,152000000,149000000,0.26,1092000000,347000000,87000000,415000000,,174000000,243000000,1761000000,2967000000,2940000000,27000000,16921000000,8064000000,578800000,
NWS,1564708,Communication Services,2024,2024-06-30,2026-08-07,8252000000,,,585000000,206000000,266000000,0.46,1098000000,357000000,91000000,440000000,,172000000,117000000,1872000000,2102000000,2093000000,9000000,16684000000,8120000000,573500000,
NWS,1564708,Communication Services,2025,2025-06-30,2026-08-07,8452000000,,,923000000,275000000,1180000000,2.07,,407000000,84000000,459000000,,185000000,150000000,2403000000,1962000000,1937000000,25000000,15504000000,8774000000,569900000,
NWS,1564708,Communication Services,2026,2026-06-30,2026-08-07,9028000000,,,1046000000,303000000,573000000,1.03,,426000000,77000000,485000000,,204000000,641000000,2095000000,1989000000,1989000000,0,15544000000,8526000000,558400000,
NWSA,1564708,Communication Services,2019,2019-06-30,2021-08-10,10074000000,,,354000000,126000000,155000000,0.26,928000000,572000000,73000000,659000000,,161000000,,1643000000,1453000000,1004000000,449000000,15711000000,9144000000,587900000,
NWSA,1564708,Communication Services,2020,2020-06-30,2022-08-12,9008000000,,,-1524000000,21000000,-1269000000,-2.16,780000000,438000000,69000000,644000000,,158000000,0,1517000000,1259000000,1183000000,76000000,14261000000,7582000000,587900000,
NWSA,1564708,Communication Services,2021,2021-06-30,2023-08-15,9358000000,,,450000000,61000000,330000000,0.56,1237000000,390000000,128000000,680000000,,163000000,0,2236000000,2313000000,2285000000,28000000,16771000000,8211000000,593400000,
NWSA,1564708,Communication Services,2022,2022-06-30,2024-08-13,10385000000,,,812000000,52000000,623000000,1.05,1354000000,499000000,59000000,688000000,,175000000,179000000,1822000000,3069000000,2776000000,293000000,17221000000,8222000000,592500000,
NWSA,1564708,Communication Services,2023,2023-06-30,2025-08-06,8012000000,,,380000000,152000000,149000000,0.26,1092000000,347000000,87000000,415000000,,174000000,243000000,1761000000,2967000000,2940000000,27000000,16921000000,8064000000,578800000,
NWSA,1564708,Communication Services,2024,2024-06-30,2026-08-07,8252000000,,,585000000,206000000,266000000,0.46,1098000000,357000000,91000000,440000000,,172000000,117000000,1872000000,2102000000,2093000000,9000000,16684000000,8120000000,573500000,
NWSA,1564708,Communication Services,2025,2025-06-30,2026-08-07,8452000000,,,923000000,275000000,1180000000,2.07,,407000000,84000000,459000000,,185000000,150000000,2403000000,1962000000,1937000000,25000000,15504000000,8774000000,569900000,
NWSA,1564708,Communication Services,2026,2026-06-30,2026-08-07,9028000000,,,1046000000,303000000,573000000,1.03,,426000000,77000000,485000000,,204000000,641000000,2095000000,1989000000,1989000000,0,15544000000,8526000000,558400000,
NXPI,1413447,Information Technology,2019,2019-12-31,2022-02-24,8877000000,4618000000,641000000,291000000,20000000,243000000,0.85,2373000000,526000000,346000000,2047000000,370000000,319000000,1443000000,1045000000,7400000000,,,20016000000,9441000000,285911000,
NXPI,1413447,Information Technology,2020,2020-12-31,2023-03-01,8612000000,4235000000,418000000,1000000,-83000000,52000000,0.18,2482000000,392000000,384000000,1988000000,362000000,420000000,627000000,2275000000,7650000000,,,19847000000,8944000000,283809000,279750659
NXPI,1413447,Information Technology,2021,2021-12-31,2024-02-22,11063000000,6067000000,2583000000,2180000000,272000000,1871000000,6.79,3077000000,767000000,353000000,1262000000,369000000,562000000,4015000000,2830000000,10650000000,,,20864000000,6528000000,275646000,277008199
NXPI,1413447,Information Technology,2022,2022-12-31,2025-02-20,13205000000,7517000000,3797000000,3363000000,529000000,2787000000,10.55,3895000000,1063000000,364000000,1250000000,427000000,815000000,1426000000,3845000000,11250000000,,,23236000000,7449000000,264053000,262538156
NXPI,1413447,Information Technology,2023,2023-12-31,2026-02-19,13276000000,7553000000,3661000000,3352000000,523000000,2797000000,10.7,3513000000,827000000,411000000,1106000000,438000000,1006000000,1053000000,3862000000,11250000000,10175000000,1000000000,24353000000,8644000000,261370000,259519410
NXPI,1413447,Information Technology,2024,2024-12-31,2026-02-19,12614000000,7119000000,3417000000,3099000000,545000000,2510000000,9.73,2782000000,727000000,461000000,925000000,398000000,1038000000,1373000000,3292000000,10420000000,10354000000,500000000,24385000000,9183000000,257848000,256459260
NXPI,1413447,Information Technology,2025,2025-12-31,2026-02-19,12269000000,6716000000,3047000000,2663000000,525000000,2021000000,7.95,2820000000,397000000,462000000,832000000,466000000,1025000000,899000000,3267000000,11040000000,10972000000,1250000000,26560000000,10056000000,254331000,253620117
NXPI,1413447,Information Technology,2026,2026-02-10,2026-02-19,,,,,,,,,,,,,,,,,,,,,,252692845
O,726728,Real Estate,2019,2019-12-31,2022-02-23,1488163000,,,443636000,6158000,436482000,1.38,1068937000,23536000,13662000,593961000,290991000,852134000,,54011000,,,,18554796000,9774456000,316159277,303791717
O,726728,Real Estate,2020,2020-12-31,2023-02-22,1647087000,,,411199000,14693000,395486000,1.14,1115543000,8708000,16503000,677038000,309336000,964167000,,824476000,,,,20740285000,10985483000,345415258,333627261
O,726728,Real Estate,2021,2021-12-31,2024-02-21,2080463000,,,392404000,31657000,359456000,0.87,1322189000,19080000,41773000,897835000,323644000,1169026000,,258579000,,,,43137502000,25052574000,414770000,373390661
O,726728,Real Estate,2022,2022-12-31,2025-02-25,3343681000,,,917599000,45183000,869408000,1.42,2563856000,95514000,21617000,1670389000,465223000,1813431000,,171102000,,,,49673092000,28713149000,612181000,591320553
O,726728,Real Estate,2023,2023-12-31,2026-02-25,4078993000,,,928935000,52021000,872309000,1.26,2958769000,68692000,26227000,1895177000,730423000,2111793000,,232923000,,,,57779357000,32941467000,693024000,660520906
O,726728,Real Estate,2024,2024-12-31,2026-02-25,5271142000,,,933942000,66601000,860772000,0.98,3573276000,121411000,57493000,2395644000,,2691719000,,444962000,,,,68835039000,38840738000,863792000,861123757
O,726728,Real Estate,2025,2025-12-31,2026-02-25,5749377000,,,1155129000,85346000,1058590000,1.17,3994754000,131800000,30770000,2524200000,,2920895000,,434842000,,,,72795612000,39438695000,908334000,891516161
O,726728,Real Estate,2026,2026-02-20,2026-02-25,,,,,,,,,,,,,,,,,,,,,,932440218
ODFL,878927,Industrials,2019,2019-12-31,2022-02-23,4109111000,,818706000,823949000,208431000,615518000,5.1,983888000,479325000,16717000,253681000,377000,,240960000,403571000,,,,3995568000,3080717000,120609599,81146989
ODFL,878927,Industrials,2020,2020-12-31,2023-02-22,4015129000,,906882000,901364000,228682000,672682000,5.68,933024000,225081000,11337000,261259000,2782000,,364057000,401430000,,,,4369410000,3326288000,118493203,79697285
ODFL,878927,Industrials,2021,2021-12-31,2024-02-26,5256328000,,1391602000,1388423000,354048000,1034375000,8.89,1212606000,550077000,15039000,259883000,1727000,,536465000,462564000,,,,4821544000,3679807000,116409989,116937111
ODFL,878927,Industrials,2022,2022-12-31,2025-02-25,6260077000,,1840632000,1841349000,464190000,1377159000,6.09,1691582000,775148000,15893000,276050000,1563000,,1277219000,186312000,,,20000000,4838610000,3652917000,226156000,114863803
ODFL,878927,Industrials,2023,2023-12-31,2026-02-24,5866152000,,1640673000,1647776000,408274000,1239502000,5.63,1569135000,757309000,11080000,324435000,464000,,453613000,433799000,,,20000000,5512393000,4257811000,220180000,110026430
ODFL,878927,Industrials,2024,2024-12-31,2026-02-24,5814810000,,1543998000,1557597000,371524000,1186073000,5.48,1659283000,771318000,11349000,344568000,212000,,967294000,108676000,,,20000000,5491395000,4244588000,216485000,108837146
ODFL,878927,Industrials,2025,2025-12-31,2026-02-24,5496389000,,1361045000,1361308000,337605000,1023703000,4.84,1370133000,415034000,12854000,364683000,296000,,730338000,120091000,,19995000,20000000,5470160000,4311057000,211598000,212545079
ODFL,878927,Industrials,2026,2026-02-17,2026-02-24,,,,,,,,,,,,,,,,,,,,,,208425619
OKE,1039684,Energy,2019,2019-12-31,2022-03-01,10164367000,,1914353000,1650991000,372414000,1278577000,3.07,1946779000,3848349000,37147000,476535000,491773000,1457628000,,20958000,12500000000,12479757000,7650000,21812121000,6225951000,415444000,411611382
OKE,1039684,Energy,2020,2020-12-31,2023-02-28,8542242000,,1361357000,802316000,189507000,612809000,1.42,1899068000,2195381000,,578662000,712886000,1605366000,,524496000,14200000000,14228421000,7650000,23078754000,6043000000,431782000,413319000
OKE,1039684,Energy,2021,2021-12-31,2023-02-28,16540309000,,2596000000,1984000000,484000000,,3.35,2546000000,697000000,,622000000,733000000,1667000000,,146391000,13600000000,12747636000,895814000,23622000000,6016000000,447400000,444983595
OKE,1039684,Energy,2022,2022-12-31,2023-02-28,22386892000,,2807000000,2250000000,528000000,1722000000,3.84,2906000000,1202000000,,626000000,676000000,1672000000,0,220000000,13600000000,12696000000,925000000,24379000000,6494000000,448400000,446213285
OKE,1039684,Energy,2023,2023-12-31,2026-02-24,,,4072000000,3497000000,838000000,2659000000,5.48,4421000000,1595000000,,769000000,866000000,1839000000,0,338000000,21700000000,21183000000,484000000,44266000000,16484000000,485400000,447220972
OKE,1039684,Energy,2024,2024-12-31,2026-02-24,,,4989000000,4110000000,998000000,3035000000,5.17,4888000000,2021000000,,1134000000,,2313000000,159000000,733000000,32100000000,31018000000,1059000000,64069000000,17036000000,586500000,583159446
OKE,1039684,Energy,2025,2025-12-31,2026-02-24,,,5741000000,4490000000,1028000000,3393000000,5.42,5599000000,3152000000,,1514000000,,2583000000,75000000,78000000,32000000000,30755000000,1241000000,66641000000,22485000000,625900000,624339588
OKE,1039684,Energy,2026,2026-02-16,2026-02-24,,,,,,,,,,,,,,,,,,,,,,629783634
OMC,29989,Communication Services,2019,2019-12-31,2022-02-09,14953700000,,2122300000,1938300000,504400000,1339100000,6.06,1856000000,102200000,72500000,231500000,244300000,564300000,610200000,4305700000,5122800000,,,26783400000,2853900000,220900000,223690798
OMC,29989,Communication Services,2020,2020-12-31,2023-02-08,13171100000,,1598800000,1409300000,381700000,945400000,4.37,1724600000,75400000,70800000,222600000,221800000,562700000,222000000,5600500000,5823000000,,,27647200000,3084400000,216200000,216867679
OMC,29989,Communication Services,2021,2021-12-31,2024-02-07,14289400000,,2197900000,1988800000,488700000,1407800000,6.53,1945400000,665800000,84700000,212100000,236400000,592300000,527300000,5316800000,5727000000,,,28421800000,3270200000,215600000,215014390
OMC,29989,Communication Services,2022,2022-12-31,2025-02-05,14289100000,,2083300000,1945400000,546800000,1316500000,6.36,926500000,78200000,81700000,219400000,208600000,581100000,611400000,,5611800000,,,27002500000,3252100000,207000000,208992475
OMC,29989,Communication Services,2023,2023-12-31,2026-02-20,14692200000,,2104700000,1992900000,524900000,1391400000,6.91,1421900000,78400000,84800000,211100000,218500000,562700000,570800000,,5669900000,,,28044600000,3616300000,201400000,202713338
OMC,29989,Communication Services,2024,2024-12-31,2026-02-20,15689100000,,2274600000,2127600000,560500000,1480600000,7.46,1733500000,140600000,91400000,241700000,247900000,552700000,370700000,,6073000000,,,29620700000,4193500000,198600000,197992717
OMC,29989,Communication Services,2025,2025-12-31,2026-02-20,17271900000,,444700000,278200000,242200000,-54500000,-0.27,2938200000,149800000,100800000,276700000,263400000,549600000,707900000,,9272900000,,,54415300000,12045800000,204900000,196490662
OMC,29989,Communication Services,2026,2026-01-30,2026-02-20,,,,,,,,,,,,,,,,,,,,,,310336344
ON,1097864,Information Technology,2019,2019-12-31,2022-02-14,,1973600000,432700000,,62700000,211700000,0.51,694700000,534600000,79400000,593100000,148300000,,139000000,894200000,3749200000,2876500000,736000000,8425500000,3301700000,416000000,409710366
ON,1097864,Information Technology,2020,2020-12-31,2023-02-06,,1715800000,348700000,,-59800000,234200000,0.56,884300000,383600000,67700000,625100000,168400000,,65400000,1080700000,3589500000,2959700000,531600000,8668000000,3538500000,418800000,411065636
ON,1097864,Information Technology,2021,2021-12-31,2024-02-05,,2714300000,1287600000,1157800000,146600000,1009600000,2.27,1782000000,444600000,101300000,596700000,130400000,,0,1352600000,3258300000,2913900000,160700000,9626000000,4585400000,443800000,411881071
ON,1097864,Information Technology,2022,2022-12-31,2025-02-10,,4077200000,2360000000,2362200000,458400000,1902200000,4.25,2633100000,1036000000,100800000,551800000,94900000,,259800000,2919000000,3228300000,3045700000,147800000,11978500000,6188500000,448200000,432497822
ON,1097864,Information Technology,2023,2023-12-31,2026-02-09,,3883500000,2538700000,2535800000,350200000,2183700000,4.89,1977500000,1539100000,121100000,609500000,74800000,,564200000,2483000000,3379900000,2542600000,794000000,13215200000,7782600000,446800000,431967907
ON,1097864,Information Technology,2024,2024-12-31,2026-02-09,,3216100000,1767700000,1837400000,262800000,1572800000,3.63,1906400000,694000000,136100000,642900000,,,654100000,2691300000,3345900000,3345900000,0,14089800000,8796400000,432700000,427328652
ON,1097864,Information Technology,2025,2025-12-31,2026-02-09,,1983900000,84200000,131300000,7700000,121000000,0.29,1759800000,341200000,144300000,686000000,,,1377600000,2147600000,2980500000,2980500000,0,12524100000,7673300000,411800000,421421127
ON,1097864,Information Technology,2026,2026-02-04,2026-02-09,,,,,,,,,,,,,,,,,,,,,,394020530
ORCL,1341439,Information Technology,2019,2019-05-31,2019-06-21,39506000000,,13535000000,,1185000000,11083000000,2.97,14551000000,1660000000,1653000000,1230000000,2082000000,2932000000,36140000000,20514000000,,,4494000000,108709000000,21785000000,3732000000,3335819000
ORCL,1341439,Information Technology,2020,2020-05-31,2022-06-21,,,13896000000,,1928000000,10135000000,3.08,13139000000,1564000000,1590000000,1382000000,1995000000,3070000000,19240000000,37239000000,,,2371000000,115438000000,12074000000,3294000000,3068682000
ORCL,1341439,Information Technology,2021,2021-05-31,2023-06-20,40479000000,,15213000000,,-747000000,13746000000,4.55,15887000000,2135000000,1837000000,1537000000,2496000000,3063000000,20934000000,30098000000,,,8250000000,131107000000,5238000000,3022000000,2792000000
ORCL,1341439,Information Technology,2022,2022-05-31,2024-06-20,42440000000,,10926000000,,932000000,6717000000,2.41,9539000000,4511000000,2613000000,1972000000,2755000000,3457000000,16248000000,21383000000,0,,3749000000,109297000000,-6220000000,2786000000,2664926000
ORCL,1341439,Information Technology,2023,2023-05-31,2025-06-18,49954000000,,13093000000,,623000000,8503000000,3.07,17165000000,8695000000,3547000000,2526000000,3505000000,3668000000,1300000000,9765000000,,,4061000000,134384000000,1073000000,2766000000,2714259000
ORCL,1341439,Information Technology,2024,2024-05-31,2026-06-22,52961000000,,15353000000,,1274000000,10467000000,3.71,18673000000,6866000000,3974000000,3129000000,3514000000,4391000000,1202000000,10454000000,,,10605000000,140976000000,8704000000,2823000000,2755860000
ORCL,1341439,Information Technology,2025,2025-05-31,2026-06-22,57399000000,,17678000000,,1717000000,12443000000,4.34,20821000000,21215000000,4674000000,3867000000,3578000000,4743000000,600000000,10786000000,,,7271000000,168361000000,20451000000,2866000000,2808833000
ORCL,1341439,Information Technology,2026,2026-05-31,2026-06-22,67357000000,,20606000000,,2467000000,17087000000,5.83,31977000000,55663000000,4811000000,7623000000,4599000000,5787000000,95000000,31289000000,,,7199000000,261759000000,42508000000,2914000000,2880471000
ORLY,898173,Consumer Discretionary,2019,2019-12-31,2022-02-28,10149985000,5394691000,1920726000,1790329000,399287000,1391042000,17.88,1708479000,628057000,21921000,270875000,139975000,,1432791000,40406000,3890527000,3890527000,0,10717160000,397340000,77788000,78375610
ORLY,898173,Consumer Discretionary,2020,2020-12-31,2023-02-28,11604493000,6085692000,2419336000,2266405000,514103000,1752302000,23.53,2836603000,465579000,22747000,314635000,161126000,,2087194000,465640000,4123217000,4123217000,0,11596642000,140258000,74462000,74897080
ORLY,898173,Consumer Discretionary,2021,2021-12-31,2024-02-28,13327563000,7019949000,2917168000,2781914000,617229000,2164685000,31.1,3207310000,442853000,24656000,328217000,144768000,,2476048000,362113000,,3826978000,,11718707000,-66423000,69611000,70206669
ORLY,898173,Consumer Discretionary,2022,2022-12-31,2025-02-28,14409860000,7381706000,2954491000,2798655000,626005000,2172650000,33.44,3148250000,563342000,26458000,357933000,157720000,,3282265000,108583000,,4371653000,,12627979000,-1060752000,64962000,66600918
ORLY,898173,Consumer Discretionary,2023,2023-12-31,2026-02-27,15812250000,8104803000,3186376000,3004750000,658169000,2346581000,2.56,3034084000,1006264000,27511000,409061000,201668000,,3151155000,279132000,,5570125000,,13872995000,-1739278000,914976000,61833215
ORLY,898173,Consumer Discretionary,2024,2024-12-31,2026-02-27,16708479000,8554489000,3251157000,3045064000,658384000,2386680000,2.71,3049576000,1023387000,28931000,461892000,222548000,,2076529000,130245000,,5520932000,,14893741000,-1370961000,880572000,59036585
ORLY,898173,Consumer Discretionary,2025,2025-12-31,2026-02-27,17781992000,9174141000,3460612000,3240171000,701962000,2538209000,2.97,2761993000,1168815000,35115000,511230000,235064000,,2096962000,193793000,,6016904000,,16538253000,-763352000,855919000,57272442
ORLY,898173,Consumer Discretionary,2026,2026-02-23,2026-02-27,,,,,,,,,,,,,,,,,,,,,,838487034
OTIS,1781335,Industrials,2019,2019-12-31,2022-02-04,,,1814000000,1861000000,594000000,1116000000,2.55,1469000000,145000000,37000000,180000000,,0,0,1446000000,5000000,5000000,0,9687000000,1700000000,433100000,
OTIS,1781335,Industrials,2020,2020-12-31,2023-02-03,,,1639000000,1511000000,455000000,906000000,2.08,1480000000,183000000,63000000,191000000,,260000000,0,1782000000,5262000000,5262000000,0,10710000000,-3862000000,434600000,
OTIS,1781335,Industrials,2021,2021-12-31,2024-02-02,,,2108000000,1961000000,541000000,1246000000,2.89,1750000000,156000000,65000000,203000000,,393000000,725000000,1565000000,7249000000,7249000000,0,12279000000,-3625000000,431400000,433671005
OTIS,1781335,Industrials,2022,2022-12-31,2025-02-04,,,2033000000,1888000000,519000000,1253000000,2.96,1560000000,115000000,67000000,191000000,,465000000,850000000,1189000000,6629000000,6098000000,531000000,9819000000,-4870000000,423000000,424962356
OTIS,1781335,Industrials,2023,2023-12-31,2026-02-05,,,2186000000,2031000000,533000000,1406000000,3.39,1627000000,138000000,64000000,193000000,,539000000,800000000,1274000000,6866000000,6866000000,0,10117000000,-4924000000,414600000,414869461
OTIS,1781335,Industrials,2024,2024-12-31,2026-02-05,,,2008000000,2039000000,305000000,1645000000,4.07,1563000000,126000000,73000000,181000000,,606000000,1007000000,2300000000,8273000000,6973000000,1300000000,11316000000,-4848000000,404400000,405454626
OTIS,1781335,Industrials,2025,2025-12-31,2026-02-05,,,2133000000,1934000000,479000000,1384000000,3.5,1596000000,152000000,80000000,175000000,,647000000,809000000,1096000000,7741000000,6900000000,841000000,10653000000,-5392000000,394900000,396518563
OTIS,1781335,Industrials,2026,2026-01-22,2026-02-05,,,,,,,,,,,,,,,,,,,,,,388720773
OXY,797468,Energy,2019,2019-12-31,2022-02-24,20911000000,,,354000000,861000000,-985000000,-1.22,7375000000,6367000000,208000000,6140000000,1066000000,2624000000,237000000,3032000000,38588000000,38537000000,51000000,107190000000,34232000000,809500000,749546443
OXY,797468,Energy,2020,2020-12-31,2023-05-09,17809000000,,,-15705000000,-2172000000,-14831000000,-17.06,3955000000,2535000000,202000000,8097000000,1424000000,1845000000,12000000,2008000000,35827000000,35745000000,440000000,80064000000,18573000000,918700000,895224961
OXY,797468,Energy,2021,2021-12-31,2024-02-14,25956000000,,,3705000000,915000000,2322000000,1.58,10434000000,2870000000,287000000,8447000000,1614000000,839000000,8000000,2764000000,29028000000,29431000000,186000000,75036000000,20327000000,958800000,931554718
OXY,797468,Energy,2022,2022-12-31,2025-02-18,36634000000,,,14117000000,813000000,13304000000,12.4,16810000000,4497000000,258000000,6926000000,1030000000,1184000000,3099000000,984000000,19146000000,19670000000,,72609000000,30085000000,1002000000,934063989
OXY,797468,Energy,2023,2023-12-31,2026-02-18,23156000000,,,4662000000,1330000000,4696000000,3.9,12308000000,5696000000,203000000,6449000000,957000000,,1798000000,1426000000,19001000000,18536000000,,74008000000,30250000000,960900000,900072447
OXY,797468,Energy,2024,2024-12-31,2026-02-18,22019000000,,,4024000000,1158000000,,2.44,11439000000,6263000000,213000000,6951000000,1169000000,,27000000,2125000000,25324000000,24978000000,,85445000000,34159000000,967100000,879499439
OXY,797468,Energy,2025,2025-12-31,2026-02-18,21593000000,,,3128000000,1021000000,,1.61,10532000000,6427000000,234000000,7533000000,1079000000,,0,1968000000,21397000000,20623000000,,84186000000,36034000000,1000100000,938500965
OXY,797468,Energy,2026,2026-01-31,2026-02-18,,,,,,,,,,,,,,,,,,,,,,986266656
PANW,1327567,Information Technology,2018,2018-07-31,2018-09-13,2273100000,1628500000,-104200000,-105300000,16900000,-122200000,,1038100000,,496700000,96400000,29600000,,259100000,2506900000,1920100000,,,5948900000,1160300000,,93822985
PANW,1327567,Information Technology,2019,2019-07-31,2021-09-03,,2091200000,-54100000,-74600000,7300000,-81900000,-0.87,1055600000,,567700000,153800000,83900000,,330000000,961400000,1430000000,,,6592200000,1586300000,94500000,96990480
PANW,1327567,Information Technology,2020,2020-07-31,2022-09-06,,2408900000,-179000000,-231800000,35200000,-267000000,-2.76,1035700000,,658400000,206100000,88700000,,1198100000,2958000000,3084100000,,,9065400000,1101800000,96900000,96373294
PANW,1327567,Information Technology,2021,2021-07-31,2023-09-01,,2981200000,-304100000,-465000000,33900000,-498900000,-1.73,1503000000,,894500000,260400000,163300000,,1178100000,1874200000,3226000000,,,10241600000,634500000,289100000,97406113
PANW,1327567,Information Technology,2022,2022-07-31,2024-09-06,,3782800000,-188800000,-207200000,59800000,-267000000,-0.9,1984700000,,1011100000,282600000,27400000,,892300000,2118500000,3676800000,,,12253600000,210000000,295600000,99737936
PANW,1327567,Information Technology,2023,2023-07-31,2025-08-29,,4983000000,387300000,566300000,126600000,439700000,0.64,2777500000,,1074500000,282200000,27200000,,272700000,1135300000,1991500000,,,14501100000,1748400000,684500000,308594604
PANW,1327567,Information Technology,2024,2024-07-31,2025-08-29,,5968300000,683900000,988300000,-1589300000,2577600000,3.64,3257600000,,1075400000,283300000,8300000,,566700000,1535200000,,,,19990900000,5169700000,707900000,325600000
PANW,1327567,Information Technology,2025,2025-07-31,2025-08-29,,6769900000,1242900000,1595700000,461800000,1133900000,1.6,3716000000,,1295100000,343400000,,,0,2268600000,,,,23576200000,7824400000,709300000,668900000
PAYX,723531,Industrials,2019,2019-05-31,2021-07-16,3772500000,,1371300000,1368000000,333600000,,2.86,1271500000,123800000,46200000,181500000,17600000,826800000,56900000,673600000,796400000,796400000,,8676000000,2619500000,361800000,359345511
PAYX,723531,Industrials,2020,2020-05-31,2022-07-15,4040500000,,1460500000,1437100000,339000000,,3.04,1440900000,127000000,47400000,209700000,38800000,889400000,171900000,905200000,796800000,796800000,,8550700000,2781400000,361000000,358769682
PAYX,723531,Industrials,2021,2021-05-31,2023-07-14,4056800000,,1460700000,1434200000,336700000,,3.03,1260300000,118400000,52500000,192000000,35800000,908700000,155700000,995200000,797300000,797300000,,9227200000,2948000000,362100000,359830185
PAYX,723531,Industrials,2022,2022-05-31,2024-07-11,4611700000,,1840000000,1824600000,431800000,,3.84,1589700000,133800000,52800000,191800000,36600000,999600000,145200000,370000000,797700000,797700000,,9635200000,3085200000,363100000,359906888
PAYX,723531,Industrials,2023,2023-05-31,2025-07-11,5007100000,,2033100000,2048200000,490900000,,4.3,1706200000,143000000,62600000,176600000,36700000,1175000000,0,1222000000,798200000,798200000,,10546400000,3493200000,362300000,360545780
PAYX,723531,Industrials,2024,2024-05-31,2026-07-17,5278300000,,2174100000,2218000000,527600000,1690400000,4.67,1897700000,161400000,61100000,176500000,37300000,1315300000,169200000,1468900000,798600000,798600000,0,10383100000,3801000000,362100000,360126911
PAYX,723531,Industrials,2025,2025-05-31,2026-07-17,5571700000,,2207700000,2175900000,518600000,1657300000,4.58,1900900000,191800000,111800000,209500000,,1448500000,104500000,1628600000,4948200000,4548400000,399800000,16564100000,4128000000,362000000,360243877
PAYX,723531,Industrials,2026,2026-05-31,2026-07-17,6512000000,,2510500000,2310900000,550800000,1760100000,4.89,2556700000,234900000,96100000,442600000,,1589600000,611000000,1088200000,4556100000,4556100000,0,16174500000,3735100000,360000000,355682860
PCAR,75362,Industrials,2019,2019-12-31,2022-02-23,25599700000,,,3099200000,711300000,2387900000,6.87,2860300000,574000000,15100000,322200000,,1138600000,110200000,,,,,28361100000,9706100000,347500000,346718291
PCAR,75362,Industrials,2020,2020-12-31,2023-02-22,18728500000,,,1661600000,360400000,1301200000,2.5,2987200000,550400000,13000000,249600000,,1239800000,42100000,,,,,28450000000,10533300000,521200000,346353327
PCAR,75362,Industrials,2021,2021-12-31,2024-02-21,23522300000,,,2396300000,530800000,1865500000,3.57,2186700000,559100000,14700000,270000000,,708000000,1500000,,,,,29509400000,11594000000,522700000,346936820
PCAR,75362,Industrials,2022,2022-12-31,2025-02-19,28819700000,,,3848700000,837100000,3011600000,5.75,3027000000,525000000,17100000,332200000,,1004700000,2100000,,,,,33275500000,13167100000,523400000,347571995
PCAR,75362,Industrials,2023,2023-12-31,2026-02-18,35127400000,,,5718200000,1117400000,4600800000,8.76,4190000000,695000000,21200000,415000000,,1518600000,3500000,,,,,40823400000,15878800000,525000000,522513846
PCAR,75362,Industrials,2024,2024-12-31,2026-02-18,33663800000,,,5400900000,1238900000,4162000000,7.9,4640900000,838700000,22900000,398400000,,2288500000,4500000,,,,,43418900000,17506900000,526600000,523883677
PCAR,75362,Industrials,2025,2025-12-31,2026-02-18,28444800000,,,3023500000,647700000,2375800000,4.51,4415800000,743000000,24100000,398200000,,2267100000,36100000,,,,,44336200000,19264000000,526800000,524802603
PCAR,75362,Industrials,2026,2026-01-31,2026-02-18,,,,,,,,,,,,,,,,,,,,,,525894443
PCG,1004980,Utilities,2019,2019-12-31,2022-02-10,17129000000,,-10094000000,-11042000000,-3400000000,,-14.5,4816000000,6313000000,50000000,,934000000,0,,1570000000,,0,0,85196000000,5136000000,528000000,529785896
PCG,1004980,Utilities,2020,2020-12-31,2023-02-23,18469000000,,1755000000,-942000000,362000000,,-1.05,-19130000000,7690000000,35000000,,1260000000,,,484000000,,37288000000,28000000,97856000000,21001000000,1257000000,529254082
PCG,1004980,Utilities,2021,2021-12-31,2024-02-22,20642000000,,1883000000,748000000,836000000,,-0.05,2262000000,7689000000,56000000,,1601000000,,,291000000,,38225000000,4481000000,103327000000,20971000000,1985000000,1984683820
PCG,1004980,Utilities,2022,2022-12-31,2025-02-13,21680000000,,1837000000,476000000,-1338000000,,0.84,3721000000,9584000000,115000000,,1917000000,0,,734000000,47742000000,47742000000,2268000000,118644000000,22823000000,2132000000,2463891104
PCG,1004980,Utilities,2023,2023-12-31,2026-02-12,24428000000,,2671000000,699000000,-1557000000,,1.05,4747000000,9714000000,91000000,,2850000000,0,,635000000,50975000000,50975000000,1376000000,125698000000,25040000000,2138000000,2466208388
PCG,1004980,Utilities,2024,2024-12-31,2026-02-12,24419000000,,4459000000,2312000000,-200000000,,1.15,8035000000,10369000000,98000000,,,86000000,,940000000,53569000000,53569000000,2146000000,133660000000,30149000000,2147000000,2611366666
PCG,1004980,Utilities,2025,2025-12-31,2026-02-12,24935000000,,4749000000,2423000000,-280000000,,1.18,8716000000,11787000000,134000000,,,,,713000000,57387000000,57387000000,821000000,141611000000,32540000000,2202000000,2671320389
PCG,1004980,Utilities,2026,2026-02-04,2026-02-12,,,,,,,,,,,,,,,,,,,,,,2675711544
PEG,788784,Utilities,2019,2019-12-31,2022-02-24,10076000000,,1943000000,1950000000,257000000,1693000000,3.33,3379000000,3166000000,33000000,,569000000,950000000,,147000000,15108000000,13743000000,1365000000,47730000000,,507000000,504999536
PEG,788784,Utilities,2020,2020-12-31,2023-02-22,9603000000,,2270000000,2301000000,396000000,1905000000,3.76,3102000000,2923000000,35000000,,600000000,991000000,0,543000000,16180000000,14496000000,1684000000,50050000000,,507000000,505127221
PEG,788784,Utilities,2021,2021-12-31,2024-02-26,9722000000,,-856000000,-1089000000,-441000000,-648000000,-1.29,1736000000,2719000000,28000000,,571000000,1031000000,0,818000000,15919000000,15219000000,700000000,48999000000,,504000000,505093089
PEG,788784,Utilities,2022,2022-12-31,2025-02-25,9800000000,,1381000000,1002000000,-29000000,1031000000,2.06,1503000000,2888000000,29000000,,628000000,1079000000,500000000,465000000,18070000000,16495000000,1575000000,48718000000,,501000000,502077935
PEG,788784,Utilities,2023,2023-12-31,2026-02-26,11237000000,,3685000000,3081000000,518000000,2563000000,5.13,3806000000,3325000000,18000000,,748000000,1137000000,0,54000000,19284000000,17784000000,1500000000,50741000000,,500000000,498769910
PEG,788784,Utilities,2024,2024-12-31,2026-02-26,10290000000,,2353000000,1825000000,53000000,1772000000,3.54,2133000000,3380000000,40000000,,882000000,1196000000,0,125000000,21114000000,18964000000,2150000000,54640000000,,500000000,498586596
PEG,788784,Utilities,2025,2025-12-31,2026-02-26,12168000000,,2980000000,2374000000,263000000,2111000000,4.22,3298000000,3272000000,43000000,,1005000000,1258000000,,132000000,22545000000,21670000000,875000000,57576000000,,501000000,498561467
PEG,788784,Utilities,2026,2026-02-20,2026-02-26,,,,,,,,,,,,,,,,,,,,,,498739910
PEP,77476,Consumer Staples,2019,2019-12-28,2022-02-10,67161000000,37029000000,10291000000,9312000000,1959000000,7314000000,5.2,9649000000,4232000000,237000000,2432000000,935000000,5304000000,3000000000,5509000000,31996000000,29148000000,,78547000000,14786000000,1407000000,1404686108
PEP,77476,Consumer Staples,2020,2020-12-26,2023-02-09,70372000000,38575000000,10080000000,9069000000,1894000000,7120000000,5.12,10613000000,4240000000,264000000,2548000000,1128000000,5509000000,2000000000,8185000000,43728000000,40370000000,,92918000000,13454000000,1392000000,1389544618
PEP,77476,Consumer Staples,2021,2021-12-25,2024-02-09,79474000000,42399000000,11162000000,9821000000,2142000000,7618000000,5.49,11616000000,4625000000,301000000,2710000000,1863000000,5815000000,106000000,5596000000,39898000000,36026000000,,92377000000,16043000000,1389000000,1379608641
PEP,77476,Consumer Staples,2022,2022-12-31,2025-02-04,86392000000,45816000000,11512000000,10705000000,1727000000,8910000000,6.42,10811000000,5207000000,343000000,2763000000,939000000,6172000000,1500000000,4954000000,38753000000,35657000000,,92187000000,17149000000,1387000000,1383451400
PEP,77476,Consumer Staples,2023,2023-12-30,2026-02-03,91471000000,49590000000,11986000000,11417000000,2262000000,9074000000,6.56,13442000000,5518000000,380000000,2948000000,819000000,6682000000,1000000000,9711000000,41519000000,37595000000,,100495000000,18503000000,1383000000,1377251316
PEP,77476,Consumer Staples,2024,2024-12-28,2026-02-03,91854000000,50110000000,12887000000,11946000000,2320000000,9578000000,6.95,12507000000,5318000000,362000000,3160000000,919000000,7229000000,1000000000,8505000000,41228000000,37224000000,,99467000000,18041000000,1378000000,1374429271
PEP,77476,Consumer Staples,2025,2025-12-27,2026-02-03,93925000000,50859000000,11498000000,10244000000,1949000000,8240000000,6,12087000000,4415000000,288000000,3451000000,1121000000,7638000000,1000000000,9159000000,46351000000,42321000000,,107399000000,20406000000,1373000000,1371499838
PEP,77476,Consumer Staples,2026,2026-01-23,2026-02-03,,,,,,,,,,,,,,,,,,,,,,1366649053
PFE,78003,Health Care,2019,2019-12-31,2022-02-24,,,,11321000000,583000000,16026000000,2.82,12588000000,2046000000,687000000,5755000000,1573000000,,8865000000,1121000000,,35955000000,1462000000,167594000000,63143000000,5675000000,5551804790
PFE,78003,Health Care,2020,2020-12-31,2023-02-23,41651000000,,,7036000000,370000000,9159000000,1.63,14403000000,2226000000,755000000,4681000000,1449000000,,0,1786000000,4000000000,37133000000,2002000000,154229000000,63238000000,5632000000,5547639005
PFE,78003,Health Care,2021,2021-12-31,2024-02-22,81288000000,,,24311000000,1852000000,21979000000,3.85,32580000000,2711000000,1182000000,5191000000,1291000000,,0,1944000000,,36195000000,1636000000,181476000000,77201000000,5708000000,5577629491
PFE,78003,Health Care,2022,2022-12-31,2025-02-27,101175000000,,,34729000000,3328000000,31372000000,5.47,29267000000,3236000000,872000000,5064000000,1238000000,,2000000000,416000000,,32884000000,2560000000,197205000000,95661000000,5733000000,5623346471
PFE,78003,Health Care,2023,2023-12-31,2026-02-26,59553000000,,,1058000000,-1115000000,2119000000,0.37,8700000000,3907000000,525000000,6290000000,2209000000,,0,2853000000,,61538000000,2254000000,226501000000,89014000000,5709000000,5619074621
PFE,78003,Health Care,2024,2024-12-31,2026-02-26,63627000000,,,8023000000,-28000000,8031000000,1.41,12744000000,2909000000,877000000,7013000000,3091000000,,0,1043000000,,57405000000,3747000000,213396000000,88203000000,5700000000,5646778425
PFE,78003,Health Care,2025,2025-12-31,2026-02-26,62579000000,,,7520000000,-266000000,7771000000,1.36,11704000000,2629000000,799000000,6592000000,2671000000,,,1142000000,,61641000000,2997000000,208160000000,86476000000,5713000000,5667340414
PFE,78003,Health Care,2026,2026-02-19,2026-02-26,,,,,,,,,,,,,,,,,,,,,,5686267431
PFG,1126328,Financials,2019,2019-12-31,2022-02-11,16222100000,,,1351900000,249200000,1394200000,4.96,5493200000,,82600000,166800000,,606000000,281000000,2515900000,3734100000,,,276087800000,14618000000,281000000,278313686
PFG,1126328,Financials,2020,2020-12-31,2023-02-16,14741700000,,,1323200000,265000000,1395800000,5.05,3709300000,,87200000,186600000,,614500000,307000000,2849800000,4279200000,,,296627700000,16558900000,276600000,274687952
PFG,1126328,Financials,2021,2021-12-31,2024-02-20,14427800000,,,1715200000,283900000,1580200000,5.79,3254400000,,96100000,208000000,,654100000,937200000,2332000000,4280200000,,,304657200000,16069400000,272900000,272613683
PFG,1126328,Financials,2022,2022-12-31,2025-02-19,17536100000,,,5766100000,1189500000,4756900000,18.63,3172900000,,91300000,230000000,,642300000,1661100000,4848000000,3997000000,,,290867000000,9976700000,255300000,261227525
PFG,1126328,Financials,2023,2023-12-31,2026-02-18,13665800000,,,412800000,68700000,623200000,2.55,3792400000,,99400000,202900000,,625500000,740400000,4707700000,3930900000,,,305046700000,10916000000,244600000,243104123
PFG,1126328,Financials,2024,2024-12-31,2026-02-18,16127700000,,,1662100000,291700000,1571000000,6.68,4602900000,,108700000,,,658400000,1042400000,4211900000,3955300000,,,313663600000,11086400000,235300000,235868487
PFG,1126328,Financials,2025,2025-12-31,2026-02-18,15625500000,,,1041100000,160500000,1185100000,5.25,4536700000,,109900000,,,684000000,902700000,4431000000,3926300000,,,341376500000,11883900000,225700000,225571329
PFG,1126328,Financials,2026,2026-02-11,2026-02-18,,,,,,,,,,,,,,,,,,,,,,216835141
PG,80424,Consumer Staples,2019,2019-06-30,2021-08-06,67684000000,,5487000000,,2103000000,3897000000,1.43,15242000000,3347000000,515000000,2824000000,509000000,7498000000,5003000000,4239000000,,20395000000,3388000000,115095000000,47579000000,2539500000,2502259668
PG,80424,Consumer Staples,2020,2020-06-30,2022-08-05,70950000000,,15706000000,,2731000000,13027000000,4.96,17403000000,3073000000,558000000,3013000000,465000000,7789000000,7405000000,,,23537000000,2508000000,120700000000,46878000000,2625800000,2486086692
PG,80424,Consumer Staples,2021,2021-06-30,2023-08-04,76118000000,,17986000000,,3263000000,14306000000,5.5,18371000000,2787000000,540000000,2735000000,502000000,8263000000,11009000000,,,23099000000,3620000000,119307000000,46654000000,2601000000,2427424874
PG,80424,Consumer Staples,2022,2022-06-30,2024-08-05,80187000000,,17813000000,17995000000,3202000000,14742000000,5.81,16723000000,3156000000,528000000,2807000000,439000000,8770000000,10003000000,,,22848000000,3647000000,117208000000,46854000000,2539100000,2389553883
PG,80424,Consumer Staples,2023,2023-06-30,2025-08-04,82006000000,,18134000000,18353000000,3615000000,14653000000,5.9,16848000000,3062000000,545000000,2714000000,756000000,8999000000,7353000000,,,24378000000,3951000000,120829000000,47065000000,2483900000,2357306187
PG,80424,Consumer Staples,2024,2024-06-30,2026-08-04,84039000000,,18545000000,18761000000,3787000000,14879000000,6.02,19846000000,3322000000,562000000,2896000000,,9312000000,5006000000,,,25269000000,3838000000,122370000000,50559000000,2471900000,2354050987
PG,80424,Consumer Staples,2025,2025-06-30,2026-08-04,84284000000,,20451000000,20167000000,4102000000,15974000000,6.51,17817000000,3773000000,476000000,2847000000,,9872000000,6500000000,,,24995000000,5377000000,125231000000,52284000000,2454400000,2342371488
PG,80424,Consumer Staples,2026,2026-06-30,2026-08-04,87032000000,,19748000000,20377000000,4233000000,16046000000,6.62,19556000000,4409000000,524000000,3160000000,,10232000000,5028000000,,,22842000000,6457000000,126521000000,54311000000,2422500000,2324433060
PGR,80661,Financials,2019,2019-12-31,2022-02-28,39022300000,,,5160300000,1180300000,3970300000,6.72,6261600000,363500000,,239800000,189700000,1643200000,,227400000,,,,54910500000,13673200000,587200000,583896232
PGR,80661,Financials,2020,2020-12-31,2023-02-27,42658100000,,,7173200000,1468600000,5704600000,9.66,6905600000,223500000,,274900000,217000000,1551000000,,76500000,,,500000000,64098300000,17038600000,587600000,585253659
PGR,80661,Financials,2021,2021-12-31,2024-02-26,47702000000,,,4210000000,859100000,3350900000,5.66,7761700000,243500000,,279700000,218600000,3746500000,,202000000,,,0,71132300000,18231600000,587100000,585747728
PGR,80661,Financials,2022,2022-12-31,2025-03-03,49611000000,,,922000000,200000000,722000000,1.18,6849000000,292000000,,306000000,244000000,234000000,,221000000,,,0,75465000000,15891000000,587100000,584848536
PGR,80661,Financials,2023,2023-12-31,2026-03-02,62109000000,,,4904000000,1001000000,3903000000,6.58,10643000000,252000000,121000000,285000000,268000000,234000000,,100000000,,,0,88691000000,20277000000,587500000,585340036
PGR,80661,Financials,2024,2024-12-31,2026-03-02,75372000000,,,10713000000,2233000000,8480000000,14.4,15119000000,285000000,122000000,284000000,279000000,674000000,,154000000,,,0,105745000000,25591000000,587700000,585677464
PGR,80661,Financials,2025,2025-12-31,2026-03-02,87671000000,,,14223000000,2915000000,11308000000,19.23,17548000000,348000000,132000000,313000000,278000000,2871000000,,138000000,,,0,123039000000,30323000000,588100000,586207679
PGR,80661,Financials,2026,2026-01-31,2026-03-02,,,,,,,,,,,,,,,,,,,,,,585906353
PH,76334,Industrials,2019,2019-06-30,2021-08-25,,,2236239000,1949475000,424392000,1524516000,11.57,1730140000,195089000,104078000,225675000,190138000,412468000,860052000,3219767000,6521059000,6520831000,587014000,17732028000,5961969000,131781617,128441799
PH,76334,Industrials,2020,2020-06-30,2022-08-24,,,1966704000,1506854000,304522000,1201970000,9.26,2070949000,232591000,111375000,252899000,308161000,453838000,216049000,685514000,7738285000,7652256000,809529000,19887753000,6227224000,129805034,128561616
PH,76334,Industrials,2021,2021-06-30,2023-08-24,,,2459941000,2246957000,500096000,1746100000,13.35,2575001000,209957000,121483000,269943000,250036000,475174000,218818000,733117000,6584872000,6582053000,2824000,20341200000,8398307000,130834478,129101437
PH,76334,Industrials,2022,2022-06-30,2024-08-22,,,2975035000,1614226000,298040000,1315605000,10.09,2441730000,230044000,137093000,257314000,255252000,569855000,460056000,535799000,10058105000,9755825000,1724310000,25943943000,8848011000,130355943,128402997
PH,76334,Industrials,2023,2023-06-30,2025-08-22,,,3404000000,2680000000,596000000,2082936000,16.04,2980000000,381000000,143000000,317000000,573894000,704000000,297000000,475182000,10770655000,8796284000,3763175000,29964000000,10326888000,129900000,128431401
PH,76334,Industrials,2024,2024-06-30,2026-08-21,,,4069000000,3595000000,750000000,2844215000,21.84,3384000000,400000000,155000000,349000000,,782000000,332000000,422000000,8412000000,,,29298000000,12072000000,130200000,128595729
PH,76334,Industrials,2025,2025-06-30,2026-08-21,,,4347000000,4107000000,575000000,,27.12,3776000000,435000000,159000000,354000000,,861000000,1766000000,467000000,7501000000,,,29494000000,13682000000,130200000,126682154
PH,76334,Industrials,2026,2026-06-30,2026-08-21,,,5068000000,4563000000,914000000,,28.48,4364000000,459000000,179000000,353000000,,936000000,1262000000,501000000,7472000000,,,30877000000,15404000000,128100000,126047469
PHM,822416,Consumer Discretionary,2019,2019-12-31,2022-02-07,,,,,322876000,1016700000,3.66,1076002000,58119000,28368000,53999000,584000,122350000,274333000,1217913000,,,,10715597000,5458180000,275297000,277142007
PHM,822416,Consumer Discretionary,2020,2020-12-31,2023-02-06,,,,,321855000,1406839000,5.18,1784342000,58354000,32843000,66081000,4248000,130179000,170676000,2582205000,,,,12205498000,6569989000,269414000,269975049
PHM,822416,Consumer Discretionary,2021,2021-12-31,2024-02-05,,,,,563525000,1946320000,7.43,1004021000,72781000,36745000,69953000,502000,147834000,897303000,1779088000,63900000,,,13352631000,7489515000,259928000,265894240
PHM,822416,Consumer Discretionary,2022,2022-12-31,2025-02-06,,,,,822241000,2617317000,11.01,668466000,112661000,42989000,70918000,284000,144115000,1074673000,1053104000,77300000,,,14796515000,8914098000,236166000,248650958
PHM,822416,Consumer Discretionary,2023,2023-12-31,2026-02-04,,,,,846895000,2602372000,11.72,2196762000,92201000,48200000,80824000,469000,142459000,1000000000,1806583000,73500000,,,16087050000,10383257000,221163000,225596780
PHM,822416,Consumer Discretionary,2024,2024-12-31,2026-02-04,,,,,922617000,3083262000,14.69,1680794000,118545000,54690000,89162000,479000,167707000,1199999000,1613327000,31100000,,,17363763000,12121964000,209829000,212112455
PHM,822416,Consumer Discretionary,2025,2025-12-31,2026-02-04,,,,,692591000,2218730000,11.12,1871249000,122716000,54823000,112507000,605000,176684000,1199996000,1980869000,43900000,,,18048423000,12985442000,199537000,202457952
PHM,822416,Consumer Discretionary,2026,2026-01-22,2026-02-04,,,,,,,,,,,,,,,,,,,,,,192327885
PKG,75677,Materials,2019,2019-12-31,2022-02-24,6964300000,1644000000,1053700000,917000000,220600000,696400000,7.34,1207400000,399500000,30400000,387500000,,298700000,0,679500000,2493100000,2476800000,0,7235800000,3071000000,94100000,94495930
PKG,75677,Materials,2020,2020-12-31,2023-02-23,6658200000,1369400000,723900000,632700000,171700000,461000000,4.84,1032800000,421200000,30000000,410000000,,299600000,0,974600000,2493700000,2479400000,0,7433200000,3246300000,94400000,94652815
PKG,75677,Materials,2021,2021-12-31,2024-02-29,7730300000,1873000000,1241400000,1108700000,267600000,841100000,8.83,1094100000,605100000,35500000,417500000,,379800000,193000000,618700000,2491000000,2471500000,,7836800000,3607200000,94500000,94828214
PKG,75677,Materials,2022,2022-12-31,2025-02-27,8478000000,2090600000,1420700000,1364800000,335000000,1029800000,11.03,1495000000,824200000,35600000,456800000,,420300000,522600000,320000000,2491500000,2473600000,0,8003800000,3667100000,92700000,93533810
PKG,75677,Materials,2023,2023-12-31,2026-02-26,7802400000,1698900000,1075100000,1014100000,248900000,765200000,8.48,1315100000,469700000,40000000,517700000,,448900000,41500000,648000000,2891700000,2472200000,399600000,8681100000,3997300000,89500000,89693421
PKG,75677,Materials,2024,2024-12-31,2026-02-26,8383300000,1783100000,1101300000,1064400000,259300000,805100000,8.93,1191200000,669700000,48800000,525600000,,448800000,0,685000000,2492200000,2474200000,0,8833200000,4404000000,89500000,89624119
PKG,75677,Materials,2025,2025-12-31,2026-02-26,8989300000,1889600000,1107000000,1027800000,253700000,774100000,8.58,1557500000,828900000,45200000,652800000,,449600000,153000000,529000000,3992500000,3967300000,,10725500000,4598000000,89600000,89801225
PKG,75677,Materials,2026,2026-02-20,2026-02-26,,,,,,,,,,,,,,,,,,,,,,89213394000
PLD,1045609,Real Estate,2019,2019-12-31,2022-02-09,3330621000,,1849766000,1776363000,74517000,1572959000,2.46,2264034000,,97557000,,239953000,,,1088855000,11905877000,,,40031850000,22653127000,654903000,630350000
PLD,1045609,Real Estate,2020,2020-12-31,2023-02-14,4438735000,,2118944000,1747088000,130458000,1481814000,2.01,2937005000,,109831000,,314507000,,,598000000,16849076000,,,56065005000,31971547000,754414000,738743000
PLD,1045609,Real Estate,2021,2021-12-31,2024-02-13,4759440000,,3206996000,3322848000,174258000,2939723000,3.94,2996042000,,113028000,,266228000,,,556000000,215300000,,,58486220000,33426873000,764762000,739500000
PLD,1045609,Real Estate,2022,2022-12-31,2025-02-14,5973692000,,3467538000,3690810000,135412000,3364856000,4.25,4126430000,,175356000,,309037000,,,278000000,23875961000,,,87897448000,53237282000,811608000,740000000
PLD,1045609,Real Estate,2023,2023-12-31,2026-02-13,8023469000,,3707792000,3464183000,211038000,3059214000,3.29,5373058000,,267648000,,641332000,,,530000000,29000501000,,,93020840000,53181724000,951791000,923429000
PLD,1045609,Real Estate,2024,2024-12-31,2026-02-13,8201610000,,4415920000,4114878000,166943000,3731635000,4.01,4912209000,,231747000,,863932000,,,1318591000,30879263000,,,95328909000,53951138000,953590000,924881000
PLD,1045609,Real Estate,2025,2025-12-31,2026-02-13,8790127000,,4357864000,3769316000,204017000,3328231000,3.56,5008434000,,185466000,,1002344000,,,1145647000,35037073000,,,98724256000,53193178000,956832000,926860000
PLD,1045609,Real Estate,2026,2026-02-11,2026-02-13,,,,,,,,,,,,,,,,,,,,,,929559000
PLTR,1321655,Information Technology,2018,2018-12-31,2021-02-26,595409000,430008000,-623440000,-570925000,9102000,-580027000,-1.17,-39012000,13004000,248503000,13910000,3440000,,7706000,1116342000,,,,,-1751428000,544014393,
PLTR,1321655,Information Technology,2019,2019-12-31,2022-02-24,742555000,500182000,-576444000,-567271000,12375000,-579646000,-1.02,-165215000,13096000,241970000,12255000,3061000,,11202000,1079154000,400000000,396065000,,1594025000,-1980642000,576959000,581497116
PLTR,1321655,Information Technology,2020,2020-12-31,2023-02-21,1092673000,740126000,-1173679000,-1179027000,-12636000,-1166391000,-1.2,-296608000,12236000,1270702000,13871000,14139000,,3777000,2011323000,200000000,197977000,,2690504000,1522550000,979330000,1792140000
PLTR,1321655,Information Technology,2021,2021-12-31,2024-02-20,1541889000,1202485000,-411046000,-488494000,31885000,-520379000,-0.27,333851000,12627000,778215000,14897000,3640000,,0,2290674000,,0,,3247450000,2291030000,1923617000,2027474000
PLTR,1321655,Information Technology,2022,2022-12-31,2025-02-18,1905871000,1497322000,-161201000,-361027000,10067000,-373705000,-0.18,223737000,40027000,564798000,22522000,4058000,,0,2598540000,,,,3461239000,2565326000,2063793000,2099075000
PLTR,1321655,Information Technology,2023,2023-12-31,2026-02-17,2225012000,1793907000,119966000,237091000,19716000,209825000,0.09,712183000,15114000,475903000,33354000,3470000,,0,831047000,,,,4522425000,3475561000,2297927000,2200128000
PLTR,1321655,Information Technology,2024,2024-12-31,2026-02-17,2865507000,2299517000,310403000,489173000,21255000,462190000,0.19,1153865000,12634000,691638000,31587000,,,64196000,2098524000,,,,6340884000,5003275000,2450818000,2338795000
PLTR,1321655,Information Technology,2025,2025-12-31,2026-02-17,4475446000,3686269000,1414015000,1657368000,22724000,1625033000,0.63,2134473000,33882000,684033000,26145000,,,74985000,1423796000,,,,8900392000,7387268000,2565197000,2391192000
PM,1413329,Consumer Staples,2019,2019-12-31,2022-02-11,29805000000,19292000000,10531000000,9872000000,2293000000,7185000000,4.61,10090000000,852000000,,,796000000,7161000000,0,6861000000,,,,42875000000,-11577000000,1556000000,1554584344
PM,1413329,Consumer Staples,2020,2020-12-31,2023-02-10,28694000000,19125000000,11668000000,10953000000,2377000000,8056000000,5.16,9812000000,602000000,,,728000000,7364000000,0,7280000000,,,,44815000000,-12567000000,1558000000,1555911930
PM,1413329,Consumer Staples,2021,2021-12-31,2024-02-08,31405000000,21375000000,12975000000,12232000000,2671000000,9109000000,5.83,11967000000,748000000,,998000000,737000000,7580000000,775000000,4496000000,,,,41290000000,-10106000000,1559000000,1557451856
PM,1413329,Consumer Staples,2022,2022-12-31,2025-02-06,31762000000,20360000000,12246000000,11634000000,2244000000,9048000000,5.81,10803000000,1077000000,,1077000000,768000000,7812000000,209000000,3207000000,,,,61681000000,-8957000000,1552000000,1549827817
PM,1413329,Consumer Staples,2023,2023-12-31,2026-02-06,35174000000,22281000000,11556000000,10450000000,2339000000,7813000000,5.02,9204000000,1321000000,,1398000000,1526000000,7964000000,0,3060000000,,,,65304000000,-11225000000,1553000000,1550232895
PM,1413329,Consumer Staples,2024,2024-12-31,2026-02-06,37878000000,24549000000,13402000000,12199000000,3017000000,7057000000,4.52,12217000000,1444000000,,1787000000,,8197000000,0,4216000000,,,,61784000000,-11750000000,1556000000,1552456597
PM,1413329,Consumer Staples,2025,2025-12-31,2026-02-06,40648000000,27282000000,14892000000,13880000000,2737000000,11348000000,7.26,12233000000,1569000000,,1996000000,,8624000000,,4872000000,,,,69185000000,-9994000000,1558000000,1554857221
PM,1413329,Consumer Staples,2026,2026-01-30,2026-02-06,,,,,,,,,,,,,,,,,,,,,,1556679579
PNC,713676,Financials,2019,2019-12-31,2022-02-25,16839000000,,,5492000000,901000000,,11.39,7363000000,,,1035000000,3797000000,1895000000,3578000000,5061000000,,,,410295000000,49314000000,448000000,453612522
PNC,713676,Financials,2020,2020-12-31,2023-02-22,16901000000,,,3429000000,426000000,,16.96,4659000000,,,983000000,1361000000,1980000000,1624000000,7017000000,,,,466679000000,54010000000,427000000,428726784
PNC,713676,Financials,2021,2021-12-31,2024-02-21,19211000000,,,6988000000,1263000000,,12.7,7214000000,,,1066000000,487000000,2056000000,1079000000,82254000000,,,,557191000000,55695000000,426000000,424020492
PNC,713676,Financials,2022,2022-12-31,2025-02-21,21120000000,,,7473000000,1360000000,,13.85,9083000000,,,1139000000,2422000000,2391000000,3731000000,34363000000,58726000000,,,557263000000,45774000000,412000000,418454799
PNC,713676,Financials,2023,2023-12-31,2026-02-20,21490000000,,,6736000000,1089000000,,12.79,10111000000,,,1149000000,10392000000,2461000000,651000000,50725000000,72737000000,,,561580000000,51105000000,401000000,399682159
PNC,713676,Financials,2024,2024-12-31,2026-02-20,21555000000,,,7242000000,1289000000,,13.74,7880000000,,,,,2537000000,687000000,46251000000,61673000000,,,560038000000,54425000000,400000000,397808112
PNC,713676,Financials,2025,2025-12-31,2026-02-20,23099000000,,,8486000000,1489000000,,16.59,4384000000,,,,,2635000000,1338000000,39713000000,57101000000,,,573572000000,60585000000,396000000,395749583
PNC,713676,Financials,2026,2026-02-03,2026-02-20,,,,,,,,,,,,,,,,,,,,,,403370923
PNR,77360,Industrials,2018,2018-12-31,2021-02-16,,1047700000,436700000,379800000,58100000,347400000,1.96,439100000,48200000,20900000,49700000,32600000,187200000,500000000,74300000,787600000,787600000,,3806500000,,177300000,171363615
PNR,77360,Industrials,2019,2019-12-31,2022-02-22,,1051500000,432500000,407500000,45800000,355700000,2.09,353000000,58500000,21400000,48300000,30100000,122700000,150000000,82500000,1029100000,1029100000,,4139500000,,170400000,168293375
PNR,77360,Industrials,2020,2020-12-31,2023-02-21,,1057600000,461400000,432100000,75000000,358600000,2.14,573600000,62200000,20300000,46700000,,127100000,150200000,82100000,839600000,839600000,,4197200000,,167400000,166063551
PNR,77360,Industrials,2021,2021-12-31,2024-02-20,,1319200000,636900000,626800000,70800000,553000000,3.3,613200000,60200000,29800000,51200000,,133000000,150000000,94500000,894100000,894100000,,4753600000,,167500000,165098847
PNR,77360,Industrials,2022,2022-12-31,2025-02-25,,1364600000,595300000,550600000,67400000,480900000,2.9,363300000,85200000,24900000,54100000,,138600000,50000000,108900000,2317300000,2317300000,,6447500000,,165600000,164542943
PNR,77360,Industrials,2023,2023-12-31,2026-02-24,,1519200000,739200000,618900000,-4000000,622700000,3.75,619200000,76000000,29100000,59500000,,145200000,0,170300000,1988300000,1988300000,,6563300000,,166300000,165334513
PNR,77360,Industrials,2024,2024-12-31,2026-02-24,,1598800000,803800000,718900000,93300000,625400000,3.74,766700000,74400000,39700000,60300000,,152300000,150000000,118700000,1638700000,1638700000,,6446500000,,167100000,164817183
PNR,77360,Industrials,2025,2025-12-31,2026-02-24,,1690300000,857500000,756500000,107000000,653800000,3.96,814800000,68800000,37000000,59600000,,164300000,225000000,101600000,1638600000,1638600000,,6868800000,,165500000,163235706
PNW,764622,Utilities,2019,2019-12-31,2022-02-25,3471209000,,671960000,,-15773000,,4.77,956726000,1191447000,18376000,664140000,216723000,329643000,,10283000,,4832558000,,18479247000,5430648000,112758000,112146511
PNW,764622,Utilities,2020,2020-12-31,2023-02-27,3586982000,,788152000,,78173000,,4.87,966365000,1326584000,18292000,686253000,228971000,350577000,,59968000,,6314266000,,20020421000,5633503000,112942000,112439441
PNW,764622,Utilities,2021,2021-12-31,2024-02-27,3803835000,,805310000,,110086000,,5.47,860014000,1473475000,18460000,719141000,233262000,369478000,,9969000,,6913735000,,22003222000,5906200000,113192000,112691601
PNW,764622,Utilities,2022,2022-12-31,2025-02-25,4324385000,,731911000,,74827000,,4.26,1241441000,1707490000,15942000,817814000,255539000,378881000,2653000,4832000,,7741286000,,22723405000,6048647000,113416000,112931929
PNW,764622,Utilities,2023,2023-12-31,2026-02-25,4695991000,,824640000,595693000,76912000,,4.41,1207697000,1846370000,17341000,854136000,331323000,386486000,4093000,4955000,,7540622000,875000000,24661153000,6177664000,113804000,113175507
PNW,764622,Utilities,2024,2024-12-31,2026-02-25,5124915000,,1012063000,736559000,110529000,,5.24,1609823000,2249195000,23532000,956184000,,394663000,,3838000,,8058648000,800000000,26102760000,6754311000,116232000,113427367
PNW,764622,Utilities,2025,2025-12-31,2026-02-25,5339939000,,1067630000,738369000,106726000,,5.05,1805095000,2624618000,27457000,969615000,,422792000,,6604000,,9205676000,600000000,30031599000,7046458000,121971000,119099064
PNW,764622,Utilities,2026,2026-02-19,2026-02-25,,,,,,,,,,,,,,,,,,,,,,120905390
PODD,1145197,Health Care,2019,2019-12-31,2022-02-24,,480300000,50000000,14500000,2900000,11600000,0.19,98400000,163700000,28700000,27900000,34600000,,,213700000,887900000,887900000,0,1142900000,75900000,62304000,59278993
PODD,1145197,Health Care,2020,2020-12-31,2023-02-24,904400000,582300000,51500000,9700000,2900000,6800000,0.1,84000000,129000000,35900000,55400000,48100000,,,907200000,1059300000,1043700000,15600000,1872900000,603600000,65946000,62863402
PODD,1145197,Health Care,2021,2021-12-31,2024-02-23,1098800000,752100000,126000000,20500000,3700000,16800000,0.24,-68100000,111900000,34400000,57400000,61700000,,,,1273900000,1248800000,25100000,2048800000,556300000,68579000,66080324
PODD,1145197,Health Care,2022,2022-12-31,2025-02-21,1305300000,805600000,37600000,9800000,5200000,4600000,0.07,119000000,122900000,40900000,63200000,36000000,,,,1401800000,1374300000,27500000,2251100000,476400000,69910000,69217620
PODD,1145197,Health Care,2023,2023-12-31,2026-02-18,1697100000,1159900000,220100000,214700000,8300000,206300000,2.94,145700000,75600000,48400000,72800000,36200000,,0,,,,49400000,2588200000,732700000,73633000,69542257
PODD,1145197,Health Care,2024,2024-12-31,2026-02-18,2071600000,1445700000,308900000,300200000,-118100000,418300000,5.78,430200000,124900000,69300000,80800000,,,0,,,,83800000,3087700000,1211600000,73891000,69925730
PODD,1145197,Health Care,2025,2025-12-31,2026-02-18,2708100000,1939900000,473800000,339500000,92400000,247100000,3.48,569300000,191600000,62700000,90400000,,,59600000,,,,18400000,3190400000,1515200000,71886000,70226104
PODD,1145197,Health Care,2026,2026-02-11,2026-02-18,,,,,,,,,,,,,,,,,,,,,,70395848
PPG,79879,Materials,2019,2019-12-31,2022-02-17,,,2271000000,1661000000,392000000,1243000000,5.22,2080000000,413000000,39000000,511000000,132000000,,325000000,1216000000,5031000000,4539000000,503000000,17708000000,5284000000,238200000,235898957
PPG,79879,Materials,2020,2020-12-31,2023-02-16,,,2109000000,1362000000,291000000,1059000000,4.45,2130000000,304000000,44000000,509000000,138000000,,0,1826000000,5334000000,5171000000,175000000,19556000000,5689000000,237900000,235755928
PPG,79879,Materials,2021,2021-12-31,2024-02-15,,,2171000000,1815000000,374000000,1439000000,6.01,1562000000,371000000,57000000,561000000,121000000,,210000000,1005000000,6565000000,6572000000,3000000,21351000000,6286000000,239400000,236788855
PPG,79879,Materials,2022,2022-12-31,2024-02-15,,,2042000000,1355000000,320000000,1026000000,4.32,963000000,486000000,34000000,502000000,167000000,,190000000,1099000000,6796000000,6503000000,303000000,20744000000,6592000000,237300000,235998952
PPG,79879,Materials,2023,2023-12-31,2024-02-15,,,2675000000,1690000000,428000000,1270000000,5.35,2411000000,516000000,56000000,514000000,247000000,,86000000,1493000000,6042000000,5748000000,302000000,21647000000,7832000000,237200000,235179993
PPG,79879,Materials,2024,2024-12-31,2026-02-19,,,,1852000000,475000000,1116000000,4.75,1420000000,721000000,42000000,492000000,,,752000000,1270000000,5801000000,4876000000,932000000,19433000000,6785000000,234900000,235254665
PPG,79879,Materials,2025,2025-12-31,2026-02-19,,,,2045000000,458000000,1576000000,6.94,1941000000,778000000,46000000,528000000,,,790000000,2163000000,7297000000,6602000000,702000000,22098000000,7941000000,227100000,226953559
PPG,79879,Materials,2026,2026-01-31,2026-02-19,,,,,,,,,,,,,,,,,,,,,,223494714
PPL,922224,Utilities,2019,2019-12-31,2022-02-18,5602000000,,1526000000,919000000,183000000,1746000000,2.37,2427000000,2243000000,36000000,949000000,621000000,1192000000,0,815000000,21893000000,20721000000,1172000000,45680000000,12991000000,736754000,720936897
PPL,922224,Utilities,2020,2020-12-31,2023-02-17,5474000000,,1586000000,954000000,314000000,1469000000,1.91,2746000000,2270000000,29000000,1022000000,634000000,1275000000,0,442000000,14689000000,13615000000,1074000000,48116000000,13373000000,769384000,767813625
PPL,922224,Utilities,2021,2021-12-31,2024-02-16,5783000000,,1424000000,521000000,503000000,-1480000000,-1.93,2270000000,1973000000,37000000,1082000000,918000000,1279000000,1003000000,3571000000,11140000000,10666000000,474000000,33223000000,13723000000,764819000,768984785
PPL,922224,Utilities,2022,2022-12-31,2025-02-13,7902000000,,1374000000,915000000,201000000,756000000,1.02,1730000000,2155000000,37000000,1181000000,513000000,787000000,0,356000000,13243000000,12889000000,354000000,37837000000,13915000000,736902000,735361885
PPL,922224,Utilities,2023,2023-12-31,2026-02-20,8312000000,,1630000000,924000000,184000000,740000000,1,1758000000,2390000000,33000000,1254000000,666000000,704000000,0,331000000,14612000000,14611000000,1000000,39236000000,13933000000,738166000,736677854
PPL,922224,Utilities,2024,2024-12-31,2026-02-20,8462000000,,1740000000,1116000000,228000000,888000000,1.2,2340000000,2805000000,46000000,1279000000,738000000,747000000,,306000000,16503000000,15952000000,551000000,41069000000,,739853000,737603408
PPL,922224,Utilities,2025,2025-12-31,2026-02-20,9042000000,,2129000000,1472000000,291000000,1181000000,1.59,2629000000,4030000000,49000000,1312000000,808000000,794000000,,1071000000,18894000000,17990000000,904000000,45244000000,,743348000,738294081
PPL,922224,Utilities,2026,2026-01-30,2026-02-20,,,,,,,,,,,,,,,,,,,,,,751306792
PRU,1137774,Financials,2019,2019-12-31,2022-02-17,64807000000,,,5085000000,947000000,4186000000,10.11,19625000000,,231000000,460000000,1551000000,1641000000,2500000000,16327000000,,18646000000,1933000000,896552000000,63115000000,410900000,409000000
PRU,1137774,Financials,2020,2020-12-31,2023-02-16,57033000000,,,-323000000,-81000000,-374000000,-1,8368000000,,226000000,457000000,1560000000,1766000000,500000000,13701000000,,19718000000,925000000,940722000000,67425000000,395800000,397000000
PRU,1137774,Financials,2021,2021-12-31,2024-02-21,71247000000,,,10835000000,1995000000,8868000000,22.4,9812000000,,268000000,206000000,1478000000,1814000000,2500000000,12888000000,,18622000000,722000000,937582000000,61876000000,390100000,397000000
PRU,1137774,Financials,2022,2022-12-31,2025-02-13,56881000000,,,-1892000000,-279000000,-1647000000,-4.49,5158000000,,208000000,117000000,1597000000,1817000000,1488000000,17251000000,,19908000000,775000000,689029000000,30593000000,372300000,376000000
PRU,1137774,Financials,2023,2023-12-31,2026-02-12,53979000000,,,3072000000,613000000,2488000000,6.74,6510000000,,254000000,,1763000000,1846000000,1012000000,19419000000,29252000000,18882000000,618000000,721212000000,27820000000,364600000,366000000
PRU,1137774,Financials,2024,2024-12-31,2026-02-12,70405000000,,,3209000000,507000000,2727000000,7.5,8502000000,,314000000,383000000,2030000000,1891000000,1000000000,18497000000,33935000000,19187000000,953000000,735587000000,27872000000,359300000,359000000
PRU,1137774,Financials,2025,2025-12-31,2026-02-12,60774000000,,,4656000000,1053000000,3576000000,9.99,6271000000,,257000000,128000000,,1926000000,1000000000,19712000000,34600000000,18856000000,1443000000,773740000000,32438000000,353700000,354000000
PRU,1137774,Financials,2026,2026-01-31,2026-02-12,,,,,,,,,,,,,,,,,,,,,,348000000
PSA,1393311,Real Estate,2019,2019-12-31,2022-02-22,2855108000,,,,,1520534000,7.29,2067634000,187300000,25833000,512918000,45641000,,,409743000,1902493000,,,11365444000,9062911000,174530000,174498758
PSA,1393311,Real Estate,2020,2020-12-31,2023-02-21,2915068000,,,,,1357213000,6.29,2042902000,,33363000,553257000,56283000,,,257560000,2544992000,,,11816546000,8558867000,174642000,174758632
PSA,1393311,Real Estate,2021,2021-12-31,2024-02-20,3415824000,,,1972004000,12365000,1953263000,9.87,2543555000,,59815000,713428000,90774000,,,734599000,7475279000,,,17380908000,9335177000,175568000,174912175
PSA,1393311,Real Estate,2022,2022-12-31,2025-02-24,4182163000,,,4380600000,14326000,4349147000,23.5,3117141000,,56703000,888146000,136319000,,0,775253000,6870826000,,,17552307000,10073402000,176280000,175462248
PSA,1393311,Real Estate,2023,2023-12-31,2026-02-12,4517690000,,,2170941000,10821000,2148327000,11.06,3246648000,,41566000,970056000,201132000,,0,370002000,9103277000,,,19809216000,10013178000,176143000,175757442
PSA,1393311,Real Estate,2024,2024-12-31,2026-02-12,4695616000,,,2089079000,4669000,2072011000,10.64,3128255000,,44747000,1129766000,287401000,,200000000,447416000,9353034000,,,19754934000,9712606000,176038000,175691404
PSA,1393311,Real Estate,2025,2025-12-31,2026-02-12,4824113000,,,1789804000,-7228000,1784348000,9.01,3186449000,,39902000,1151840000,304495000,,0,318095000,10253881000,,,20208604000,9248128000,175902000,175415530
PSA,1393311,Real Estate,2026,2026-02-05,2026-02-12,,,,,,,,,,,,,,,,,,,,,,175506447
PSKY,2041610,Communication Services,2023,2023-12-31,2026-02-25,29652000000,,-451000000,,-361000000,-608000000,-1.02,475000000,328000000,177000000,418000000,920000000,389000000,,,,,,,,652000000,
PSKY,2041610,Communication Services,2024,2024-12-31,2026-02-25,29213000000,,-5269000000,,-305000000,-6190000000,-9.34,752000000,263000000,245000000,392000000,860000000,139000000,,2661000000,14501000000,,0,46172000000,16320000000,664000000,
PSKY,2041610,Communication Services,2025,2025-12-31,2026-02-25,,,,,,,,,,,,,,,3274000000,13658000000,,433000000,43342000000,11693000000,,
PSX,1534701,Energy,2019,2019-12-31,2022-02-18,107293000000,,,4178000000,801000000,3076000000,6.77,4808000000,,169000000,1341000000,504000000,1570000000,1650000000,1614000000,,,,58720000000,24910000000,453888000,454913087
PSX,1534701,Energy,2020,2020-12-31,2023-02-22,64129000000,,,-4964000000,-1250000000,-3975000000,-9.06,2111000000,,127000000,1395000000,550000000,1575000000,443000000,2514000000,,,,54721000000,18984000000,439530000,439445842
PSX,1534701,Energy,2021,2021-12-31,2024-02-21,111476000000,,,,146000000,1317000000,2.97,6017000000,,144000000,1605000000,567000000,1585000000,0,3147000000,,,,55594000000,19166000000,440364000,436926058
PSX,1534701,Energy,2022,2022-12-31,2025-02-21,169990000000,,,,3248000000,11024000000,23.27,10813000000,,210000000,1629000000,611000000,1793000000,1513000000,6133000000,,,,76442000000,29494000000,473731000,438461584
PSX,1534701,Energy,2023,2023-12-31,2026-02-20,147399000000,,,,2230000000,7015000000,15.48,7029000000,,297000000,1977000000,842000000,1882000000,4014000000,3323000000,,,,75501000000,30583000000,453210000,463907156
PSX,1534701,Energy,2024,2024-12-31,2026-02-20,143153000000,,,,500000000,2117000000,4.99,4191000000,,210000000,2363000000,919000000,1882000000,3451000000,1738000000,,,,72582000000,27408000000,421888000,427824429
PSX,1534701,Energy,2025,2025-12-31,2026-02-20,132376000000,,,,892000000,4403000000,10.79,4962000000,,220000000,3251000000,997000000,1922000000,1207000000,1116000000,,,,73680000000,29093000000,408053000,407698347
PSX,1534701,Energy,2026,2026-01-31,2026-02-20,,,,,,,,,,,,,,,,,,,,,,400744022
PTC,857005,Information Technology,2018,2018-09-30,2020-11-20,1241824000,915322000,72613000,28656000,-23331000,51987000,0.44,247752000,36041000,82939000,87408000,41673000,,1100000000,259946000,643268000,,,2329022000,874589000,118158000,118675240
PTC,857005,Information Technology,2019,2019-09-30,2021-11-22,1255631000,930253000,63042000,20300000,47760000,-27460000,-0.23,285145000,64411000,86400000,77824000,43047000,,114994000,269579000,669134000,,,2664588000,1201998000,117724000,115492735
PTC,857005,Information Technology,2020,2020-09-30,2022-11-15,1458415000,1124144000,210863000,134706000,4011000,130695000,1.12,233808000,20196000,115149000,80817000,76428000,,0,275458000,1005314000,,,3382738000,1438248000,116267000,116662768
PTC,857005,Information Technology,2021,2021-09-30,2023-11-20,1807159000,1436057000,380748000,391755000,-85168000,476923000,4.03,368809000,24713000,177289000,85239000,50478000,,30000000,326532000,1439471000,,,4507560000,2038468000,118367000,117871872
PTC,857005,Information Technology,2022,2022-09-30,2024-11-14,1933347000,1547367000,447362000,397098000,84017000,313081000,2.65,435326000,19496000,174863000,87694000,54268000,,125000000,272182000,1350628000,,0,4687268000,2296034000,118233000,117471969
PTC,857005,Information Technology,2023,2023-09-30,2025-11-21,2097053000,1656047000,458474000,332566000,87026000,245540000,2.06,610861000,23814000,206459000,104760000,129417000,,0,288103000,1686410000,,9375000,6288842000,2677290000,119334000,119244754
PTC,857005,Information Technology,2024,2024-09-30,2025-11-21,2298472000,1853656000,588062000,468962000,92629000,376333000,3.12,749984000,14378000,223461000,108119000,119653000,,0,265808000,1227105000,,521467000,6383542000,3214398000,120742000,120129080
PTC,857005,Information Technology,2025,2025-09-30,2025-11-21,2739226000,2294243000,982385000,920177000,186180000,733997000,6.08,867696000,11008000,216205000,102504000,77019000,,299998000,184415000,1172434000,,25000000,6617172000,3826229000,120777000,
PWR,1050915,Industrials,2019,2019-12-31,2022-02-25,,1600252000,554874000,572287000,165472000,402044000,2.73,526551000,261762000,52013000,218107000,66890000,23236000,20092000,164798000,,,68327000,8331682000,4050292000,147534000,
PWR,1050915,Industrials,2020,2020-12-31,2023-02-23,,1660847000,611371000,571346000,119387000,445596000,3.07,1115977000,260052000,91641000,225256000,45013000,28891000,247249000,184620000,,,10531000,8398272000,4344181000,145247000,142508874
PWR,1050915,Industrials,2021,2021-12-31,2024-02-22,,1953259000,663521000,622901000,130918000,485956000,3.34,582390000,385852000,88259000,255529000,68899000,34022000,66687000,229097000,,,13418000,12855189000,5112301000,145373000,138365007
PWR,1050915,Industrials,2022,2022-12-31,2025-02-20,,2529155000,872058000,703886000,192243000,491189000,3.32,1130312000,427630000,105600000,290647000,124363000,41058000,127762000,428505000,,,,13464337000,5383464000,147992000,142690314
PWR,1050915,Industrials,2023,2023-12-31,2026-02-19,,2937086000,1127976000,969956000,219267000,744689000,5,1575952000,434803000,126762000,324786000,186913000,47752000,350000,1290248000,,,,16237225000,6272241000,148823000,144000522
PWR,1050915,Industrials,2024,2024-12-31,2026-02-19,,3510761000,1346468000,1212030000,284747000,904824000,6.03,2081196000,604078000,150526000,359363000,,54196000,0,741960000,,,,18683894000,7317731000,150056000,145748976
PWR,1050915,Industrials,2025,2025-12-31,2026-02-19,,4275081000,1611509000,1389505000,347588000,1028378000,6.8,2229970000,609154000,181947000,411538000,,60416000,134555000,439508000,,,763898000,24926901000,8938249000,151291000,148198321
PWR,1050915,Industrials,2026,2026-02-16,2026-02-19,,,,,,,,,,,,,,,,,,,,,,149619428
PYPL,1633917,Financials,2019,2019-12-31,2022-02-03,17772000000,,2719000000,2998000000,539000000,2459000000,2.07,4071000000,704000000,1021000000,912000000,115000000,,1411000000,7349000000,,4965000000,0,51333000000,16885000000,1188000000,1173209367
PYPL,1633917,Financials,2020,2020-12-31,2023-02-10,21454000000,,3289000000,5065000000,863000000,4202000000,3.54,6219000000,866000000,1376000000,1189000000,209000000,,1635000000,4794000000,,8939000000,,70379000000,20019000000,1187000000,1172955485
PYPL,1633917,Financials,2021,2021-12-31,2024-02-08,25371000000,,4262000000,4099000000,-70000000,4169000000,3.52,5797000000,908000000,1376000000,1265000000,232000000,,3373000000,5197000000,,8049000000,,75803000000,21727000000,1186000000,1171175760
PYPL,1633917,Financials,2022,2022-12-31,2025-02-04,27518000000,,3837000000,3366000000,947000000,2419000000,2.09,5813000000,706000000,1261000000,1317000000,304000000,,4199000000,7776000000,,10417000000,,78624000000,20274000000,1158000000,1165004913
PYPL,1633917,Financials,2023,2023-12-31,2026-02-03,29771000000,,5028000000,,1165000000,4246000000,3.84,4843000000,623000000,1475000000,1072000000,347000000,0,5002000000,9081000000,,9676000000,,82166000000,21051000000,1107000000,1131373298
PYPL,1633917,Financials,2024,2024-12-31,2026-02-03,31797000000,,5325000000,,1182000000,4147000000,3.99,7450000000,683000000,1230000000,1032000000,,0,6047000000,6662000000,,9879000000,,78725000000,20417000000,1039000000,1071741864
PYPL,1633917,Financials,2025,2025-12-31,2026-02-03,33172000000,,6065000000,,1059000000,5233000000,5.41,6416000000,852000000,1002000000,963000000,,130000000,6052000000,8049000000,,9987000000,,80173000000,20256000000,968000000,989242452
PYPL,1633917,Financials,2026,2026-01-28,2026-02-03,,,,,,,,,,,,,,,,,,,,,,920664542
Q,2058873,Information Technology,2023,2023-12-31,2026-02-26,4035000000,,,632000000,99000000,,2.42,882000000,231000000,13000000,403000000,0,0,,,,,,,,209400000,
Q,2058873,Information Technology,2024,2024-12-31,2026-02-26,4335000000,,,901000000,177000000,,3.31,1061000000,200000000,13000000,394000000,0,0,,166000000,,,0,12273000000,10644000000,209400000,
Q,2058873,Information Technology,2025,2025-12-31,2026-02-26,4754000000,,,962000000,233000000,,3.3,1273000000,285000000,20000000,376000000,65000000,13000000,,915000000,4100000000,,24000000,14070000000,7095000000,209800000,
Q,2058873,Information Technology,2026,2026-02-24,2026-02-26,,,,,,,,,,,,,,,,,,,,,,209658907
QCOM,804328,Information Technology,2018,2018-09-30,2020-11-04,22611000000,,621000000,392000000,5356000000,-4964000000,-3.39,3908000000,784000000,883000000,1561000000,768000000,,22580000000,11777000000,15365000000,15365000000,0,32718000000,807000000,1463000000,1212162586
QCOM,804328,Information Technology,2019,2019-09-29,2021-11-03,24273000000,,7667000000,7481000000,3095000000,4386000000,3.59,7286000000,887000000,1037000000,1401000000,627000000,,1793000000,11839000000,13437000000,13437000000,1997000000,32957000000,4909000000,1220000000,1141844863
QCOM,804328,Information Technology,2020,2020-09-27,2022-11-02,23531000000,,6255000000,5719000000,521000000,5198000000,4.52,5814000000,1407000000,1212000000,1393000000,602000000,,2450000000,6707000000,15226000000,15226000000,0,35594000000,,1149000000,1131000000
QCOM,804328,Information Technology,2021,2021-09-26,2023-11-01,33566000000,,9789000000,10274000000,1231000000,9043000000,7.87,10536000000,1888000000,1663000000,1582000000,559000000,,3366000000,7116000000,13701000000,13701000000,1544000000,41240000000,,1149000000,1120000000
QCOM,804328,Information Technology,2022,2022-09-25,2024-11-06,44200000000,,15860000000,14998000000,2012000000,12936000000,11.37,9096000000,2262000000,2031000000,1762000000,490000000,,3129000000,2773000000,13537000000,13537000000,1446000000,49014000000,,1137000000,1121000000
QCOM,804328,Information Technology,2023,2023-09-24,2025-11-05,35820000000,,7788000000,7443000000,104000000,7232000000,6.42,11299000000,1450000000,2484000000,1809000000,694000000,,2973000000,8450000000,14484000000,14484000000,914000000,51040000000,,1126000000,1113000000
QCOM,804328,Information Technology,2024,2024-09-29,2025-11-05,38962000000,,10071000000,10336000000,226000000,10142000000,8.97,12202000000,1041000000,2648000000,1706000000,697000000,,4121000000,7849000000,13270000000,13270000000,1364000000,55154000000,,1130000000,1111000000
QCOM,804328,Information Technology,2025,2025-09-28,2025-11-05,44284000000,,12355000000,12663000000,7122000000,5541000000,5.01,14012000000,1192000000,2783000000,1602000000,664000000,,8791000000,5520000000,14811000000,14811000000,0,50143000000,,1105000000,1071000000
RCL,884887,Consumer Discretionary,2019,2019-12-31,2022-03-01,,,2082701000,,,1878887000,8.95,3716366000,3024663000,75930000,1245942000,408513000,602674000,99582000,243738000,,,,30320284000,12163846000,209930000,209186598
RCL,884887,Consumer Discretionary,2020,2020-12-31,2023-02-23,,,-4601557000,,,-5797462000,-27.05,-3731653000,1965131000,39779000,1279254000,844238000,326421000,0,3684474000,,,,32465187000,8760669000,214335000,209000016
RCL,884887,Consumer Discretionary,2021,2021-12-31,2024-02-21,,,-3870000000,,-45000000,-5260000000,-20.89,-1878000000,2230000000,64000000,1293000000,1292000000,0,0,2701770000,,,,32258355000,5085556000,252000000,237535138
RCL,884887,Consumer Discretionary,2022,2022-12-31,2025-02-14,,,-766000000,,4000000,-2156000000,-8.45,481000000,2710000000,36000000,1407000000,1364000000,0,,1935000000,,,,33776000000,2869000000,255000000,255002771
RCL,884887,Consumer Discretionary,2023,2023-12-31,2026-02-11,,,2878000000,1711000000,6000000,1697000000,6.31,4477000000,3897000000,126000000,1455000000,1402000000,0,0,497000000,,,,35131000000,4724000000,283000000,255350697
RCL,884887,Consumer Discretionary,2024,2024-12-31,2026-02-11,,,4106000000,2941000000,46000000,2877000000,10.94,5265000000,3268000000,267000000,1600000000,,107000000,0,388000000,,,,37070000000,7563000000,279000000,256650147
RCL,884887,Consumer Discretionary,2025,2025-12-31,2026-02-11,,,4910000000,4373000000,82000000,4268000000,15.61,6465000000,5229000000,175000000,1718000000,,824000000,1159000000,825000000,,,,41619000000,10037000000,274000000,269128754
RCL,884887,Consumer Discretionary,2026,2026-02-09,2026-02-11,,,,,,,,,,,,,,,,,,,,,,270528303
RDDT,1713445,Communication Services,2021,2021-12-31,2025-02-13,,,,,,,,,,,,,,,,,,,,-286013000,,
RDDT,1713445,Communication Services,2022,2022-12-31,2025-02-13,666701000,,-172162000,-157928000,622000,-158550000,-2.77,-94021000,6233000,55310000,8000000,,,,435810000,,,,,-379064000,57251112,
RDDT,1713445,Communication Services,2023,2023-12-31,2026-02-06,804029000,,-140161000,-87023000,3801000,-90824000,-1.54,-75114000,9724000,47598000,13702000,,,,401176000,,,,1596467000,-412922000,59138086,
RDDT,1713445,Communication Services,2024,2024-12-31,2026-02-06,1300205000,,-560568000,-485207000,-931000,-484276000,-3.33,222068000,6248000,801646000,15643000,,,,562092000,,,,2336595000,2130749000,145472389,
RDDT,1713445,Communication Services,2025,2025-12-31,2026-02-06,2202506000,,441984000,528690000,-1031000,529721000,2.62,690875000,6706000,343180000,15948000,,,,953569000,,,,3239173000,2929038000,202107978,
REG,910606,Real Estate,2019,2019-12-31,2022-02-17,1133138000,,,182302000,1245000,239430000,,621271000,,14339000,374283000,151264000,390598000,32778000,,3919544000,,,11132253000,6213348000,167771000,167506148
REG,910606,Real Estate,2020,2020-12-31,2023-02-17,1016175000,,,13148000,1266000,44889000,,499118000,,13581000,345900000,156678000,300537000,0,,3923084000,,,10936904000,5984912000,169460000,167715882
REG,910606,Real Estate,2021,2021-12-31,2024-02-16,1166161000,,,319202000,1041000,361411000,,659388000,,12515000,303331000,145170000,403085000,,,3718944000,,,10792563000,6037371000,,169828953
REG,910606,Real Estate,2022,2022-12-31,2025-02-14,1224022000,,896786000,428211000,-39000,482865000,,655815000,,16521000,319697000,146186000,428276000,75419000,,3726754000,,,10860220000,6096985000,,171372548
REG,910606,Real Estate,2023,2023-12-31,2026-02-13,1322466000,,951288000,320326000,895000,364557000,,719591000,,20075000,352282000,154249000,453065000,20006000,,4153949000,,,12426913000,7032687000,,171307927
REG,910606,Real Estate,2024,2024-12-31,2026-02-13,1453904000,,1047368000,359546000,4545000,400388000,,790198000,,23504000,394714000,,490365000,200066000,,4408700000,,,12391961000,6724146000,,184578554
REG,910606,Real Estate,2025,2025-12-31,2026-02-13,1553524000,,1123441000,407452000,,527460000,,827692000,,19459000,405044000,,511564000,,,4739301000,,,13001283000,6906890000,,181365237
REG,910606,Real Estate,2026,2026-02-10,2026-02-13,,,,,,,,,,,,,,,,,,,,,,182906561
REGN,872589,Health Care,2018,2018-12-31,2021-02-08,,,2534400000,,109100000,2444400000,21.29,2195100000,383100000,427400000,148200000,28200000,,4400000,1467700000,,,,11734500000,8757300000,114800000,
REGN,872589,Health Care,2019,2019-12-31,2022-02-07,,,2209800000,2429100000,313300000,2115800000,18.46,2430000000,429600000,464300000,210300000,30200000,,275900000,1617800000,,0,,14805200000,11089700000,114600000,
REGN,872589,Health Care,2020,2020-12-31,2023-02-06,,,3576600000,3810400000,297200000,3513200000,30.52,2618100000,614600000,432000000,235900000,56900000,,5846800000,2193700000,,1978500000,,17163300000,11025300000,115100000,
REGN,872589,Health Care,2021,2021-12-31,2024-02-05,,,8946800000,9325800000,1250500000,8075300000,71.97,7081300000,551900000,601700000,286200000,57300000,,1645400000,2885600000,,1980000000,,25434800000,18768800000,112200000,
REGN,872589,Health Care,2022,2022-12-31,2025-02-05,,,4738900000,4858800000,520400000,4338400000,38.22,5014900000,590100000,725000000,341400000,59400000,,2082800000,3105900000,,1981400000,,29214500000,22664000000,113500000,
REGN,872589,Health Care,2023,2023-12-31,2026-02-04,,,4047100000,4199300000,245700000,3953600000,34.77,4594000000,718600000,885000000,421000000,73000000,0,2235000000,2730000000,,1982900000,,33080200000,25973100000,113700000,
REGN,872589,Health Care,2024,2024-12-31,2026-02-04,,,3990700000,4779900000,367300000,4412600000,38.34,4420500000,755900000,982800000,482900000,,0,2603300000,2488200000,,1984400000,,37759400000,29353600000,115100000,
REGN,872589,Health Care,2025,2025-12-31,2026-02-04,,,3577900000,5230700000,725800000,4504900000,41.48,4978900000,898400000,993700000,543700000,,370300000,3438600000,3118100000,,1985900000,,40558700000,31256900000,108600000,
RF,1281761,Financials,2019,2019-12-31,2022-02-24,79000000,,,1985000000,403000000,1582000000,1.5,2581000000,,,426000000,851000000,577000000,1101000000,4114000000,7879000000,,,126240000000,16295000000,999000000,1017718703
RF,1281761,Financials,2020,2020-12-31,2022-02-24,84000000,,,1314000000,220000000,1094000000,1.03,2324000000,,,421000000,368000000,595000000,0,17956000000,3569000000,,,147389000000,18111000000,962000000,957381827
RF,1281761,Financials,2021,2021-12-31,2022-02-24,104000000,,46000000,3215000000,694000000,2521000000,2.49,3030000000,,,371000000,167000000,608000000,467000000,,2407000000,,,162938000000,18326000000,963000000,960674032
RF,1281761,Financials,2022,2022-12-31,2025-02-21,,,56000000,2876000000,631000000,2245000000,2.28,3102000000,,,353000000,316000000,663000000,230000000,,2284000000,,,155220000000,15947000000,942000000,937146134
RF,1281761,Financials,2023,2023-12-31,2026-02-24,,,212000000,2607000000,533000000,2074000000,2.11,2308000000,,,236000000,1577000000,787000000,252000000,,2330000000,,,152194000000,17429000000,938000000,934561674
RF,1281761,Financials,2024,2024-12-31,2026-02-24,,,95000000,2354000000,461000000,1893000000,1.93,1598000000,,,144000000,,890000000,348000000,,5993000000,,,157302000000,17879000000,918000000,918864048
RF,1281761,Financials,2025,2025-12-31,2026-02-24,,,53000000,2743000000,587000000,2156000000,2.3,2181000000,,,84000000,,912000000,1067000000,,4134000000,,,158814000000,19043000000,896000000,905465071
RF,1281761,Financials,2026,2026-02-23,2026-02-24,,,,,,,,,,,,,,,,,,,,,,863506691
RJF,720005,Financials,2018,2018-09-30,2020-11-24,7476000000,,,1311000000,454000000,857000000,5.75,884000000,134000000,99000000,85000000,202000000,151000000,62000000,3500000000,,,,37413000000,6368000000,148800000,143284861
RJF,720005,Financials,2019,2019-09-30,2021-11-23,8023000000,,,1375000000,341000000,1034000000,4.78,577000000,138000000,112000000,97000000,283000000,191000000,778000000,3957000000,,,,38830000000,6581000000,216000000,138723230
RJF,720005,Financials,2020,2020-09-30,2022-11-22,8168000000,,,1052000000,234000000,818000000,3.88,4073000000,124000000,120000000,,178000000,205000000,272000000,5390000000,,,,47482000000,7114000000,210300000,136932217
RJF,720005,Financials,2021,2021-09-30,2023-11-21,9910000000,,,1791000000,388000000,1403000000,6.63,6647000000,74000000,132000000,,150000000,218000000,128000000,7201000000,8000000,,,61891000000,8245000000,211200000,206161694
RJF,720005,Financials,2022,2022-09-30,2024-11-26,11308000000,,,2022000000,513000000,1509000000,6.98,72000000,91000000,192000000,,305000000,,,6178000000,1000000,,,80951000000,9458000000,215300000,215063590
RJF,720005,Financials,2023,2023-09-30,2025-11-25,12992000000,,,2280000000,541000000,1739000000,7.97,-3514000000,173000000,237000000,,1373000000,,,9313000000,,,,78360000000,10214000000,216900000,208606759
RJF,720005,Financials,2024,2024-09-30,2025-11-25,14923000000,,,,575000000,2068000000,9.7,2155000000,205000000,254000000,,,,,10998000000,,,,82992000000,11673000000,212300000,204044836
RJF,720005,Financials,2025,2025-09-30,2025-11-25,15912000000,,,,579000000,2135000000,10.3,2434000000,188000000,254000000,,,,,11389000000,,,,88230000000,12503000000,206600000,196673933
RL,1037038,Consumer Discretionary,2019,2019-03-30,2021-05-20,6313000000,3886000000,561800000,582500000,151600000,430900000,5.27,783800000,197700000,88600000,281300000,20700000,190700000,502600000,584100000,,689100000,0,5942800000,3287200000,81700000,
RL,1037038,Consumer Discretionary,2020,2020-03-28,2022-05-24,6159800000,3653300000,317000000,326400000,-57900000,384300000,4.98,754600000,270300000,100600000,269500000,17600000,203900000,694800000,1620400000,,396400000,299600000,7279900000,2693100000,77200000,
RL,1037038,Consumer Discretionary,2021,2021-03-27,2023-05-25,4400800000,2861400000,-43600000,-74800000,46300000,-121100000,-1.65,380900000,107800000,72700000,247600000,48500000,49800000,37700000,2579000000,,1632900000,0,7887500000,2604400000,73500000,
RL,1037038,Consumer Discretionary,2022,2022-04-02,2024-05-23,6218500000,4147500000,798400000,754600000,154500000,600100000,8.07,715900000,166900000,81700000,229700000,54000000,150000000,492600000,1863800000,,1136500000,499800000,7724700000,2536000000,74300000,
RL,1037038,Consumer Discretionary,2023,2023-04-01,2025-05-22,6443600000,4165800000,704200000,691900000,169200000,522700000,7.58,411000000,217500000,75500000,220500000,40400000,198300000,488600000,1529300000,,1138500000,0,6789500000,2430500000,69000000,
RL,1037038,Consumer Discretionary,2024,2024-03-30,2026-05-21,6631400000,4431800000,756400000,777400000,131100000,646300000,9.71,1069700000,164800000,99500000,229000000,42200000,194600000,449700000,1662200000,,1140500000,0,6602600000,2450300000,66500000,
RL,1037038,Consumer Discretionary,2025,2025-03-29,2026-05-21,7079000000,4852900000,932100000,950700000,207800000,742900000,11.61,1235100000,216200000,107900000,219600000,44100000,201100000,480900000,1922500000,,742900000,399700000,7047300000,2588500000,64000000,
RL,1037038,Consumer Discretionary,2026,2026-03-28,2026-05-21,8114500000,5669200000,1179200000,1177700000,236600000,941100000,15.11,1154200000,,111000000,233000000,54200000,216500000,623800000,1988000000,,1238900000,0,7739500000,2841400000,62300000,
RMD,943819,Health Care,2019,2019-06-30,2020-08-13,2606572000,1494071000,579263000,518847000,114255000,404592000,2.8,459051000,68710000,52073000,150795000,36156000,211712000,22844000,147128000,1258861000,,,4107682000,2072193000,144484000,143671055
RMD,943819,Health Care,2020,2020-06-30,2020-08-13,2957013000,1717786000,809659000,733088000,111414000,621674000,4.27,802255000,95330000,57559000,154850000,40377000,225093000,,463156000,1164133000,,,4587376000,2497027000,145652000,144900654
RMD,943819,Health Care,2021,2021-06-30,2023-08-11,,1839100000,903678000,883662000,409157000,474505000,3.24,736718000,102712000,63927000,156758000,23989000,226713000,,295278000,643351000,,,4728125000,2885679000,146451000,145681
RMD,943819,Health Care,2022,2022-06-30,2024-08-09,,2024311000,1000286000,960483000,181046000,779437000,5.3,351147000,134835000,65257000,159609000,,245341000,0,273710000,765325000,,,5095853000,3360751000,147043000,146424981
RMD,943819,Health Care,2023,2023-06-30,2025-08-08,,2355662000,1131871000,1101664000,204108000,897556000,6.09,693299000,119672000,71142000,165156000,,258276000,0,227891000,1431234000,,,6751708000,4129903000,147455000,147071404
RMD,943819,Health Care,2024,2024-06-30,2026-08-13,,2655303000,1319893000,1264798000,243847000,1020951000,6.92,1401260000,99460000,80184000,176870000,,282320000,150011000,238361000,697313000,,,6872394000,4864043000,147550000,146932119
RMD,943819,Health Care,2025,2025-06-30,2026-08-13,,3054970000,1685363000,1677566000,276843000,1400723000,9.51,1751588000,89865000,91661000,198473000,,310880000,300025000,1209450000,658392000,,,8174391000,5967859000,147340000,146414839
RMD,943819,Health Care,2026,2026-06-30,2026-08-13,,3451739000,1886715000,1919416000,396123000,1523293000,10.43,1805829000,156285000,104348000,201342000,,349662000,700037000,1469234000,399415000,,,8965950000,6585393000,146054000,144252306
ROK,1024478,Industrials,2018,2018-09-30,2018-11-09,6666000000,2884900000,,1330800000,795300000,535500000,4.21,1300000000,125500000,38500000,164600000,73000000,440800000,1482300000,618800000,1225200000,1225200000,0,6262000000,1617500000,126900000,120684079
ROK,1024478,Industrials,2019,2019-09-30,2021-11-09,,2900100000,,901000000,205200000,695800000,5.83,1182000000,132800000,43100000,152200000,98200000,459800000,1009000000,1018400000,2256900000,1956400000,300500000,6113000000,404200000,119300000,115546942
ROK,1024478,Industrials,2020,2020-09-30,2022-11-08,,2595200000,,1136100000,112900000,1023400000,8.77,1120500000,113900000,46100000,172700000,103500000,472800000,264200000,704600000,1974700000,1974700000,0,7264700000,1027800000,116600000,116178728
ROK,1024478,Industrials,2021,2021-09-30,2023-11-08,,2897700000,,1526200000,181900000,1358100000,11.58,1261000000,120300000,51700000,189800000,94600000,497100000,299700000,662200000,,3464600000,6800000,10701600000,2389600000,117100000,115981885
ROK,1024478,Industrials,2022,2022-09-30,2024-11-12,,3102000000,,1073600000,154500000,932200000,7.97,823100000,141100000,68100000,238900000,123200000,519400000,301300000,490700000,,2867800000,609100000,10758700000,2725600000,116700000,114844152
ROK,1024478,Industrials,2023,2023-09-30,2025-11-12,,4423000000,1929000000,1608000000,330000000,1387000000,11.95,1374000000,160500000,88000000,250000000,135300000,542000000,312000000,1072000000,,2862900000,8600000,11304000000,3561600000,115600000,114672533
ROK,1024478,Industrials,2024,2024-09-30,2025-11-12,,3851000000,1595000000,1100000000,152000000,953000000,8.28,864000000,,100000000,317000000,,571000000,595000000,471000000,,2561000000,307000000,11232000000,3498000000,114500000,112896809
ROK,1024478,Industrials,2025,2025-09-30,2025-11-12,,4016000000,1703000000,917000000,168000000,869000000,7.67,1544000000,,85000000,325000000,,591000000,425000000,468000000,,2614000000,2000000,11219000000,3654000000,113100000,112273567
ROL,84839,Industrials,2019,2019-12-31,2021-02-26,2015477000,,317394000,261160000,57813000,203347000,0.41,319573000,27146000,14158000,81111000,,153836000,10009000,94276000,203000000,,,1744376000,833109000,491216000,327532811
ROL,84839,Industrials,2020,2020-12-31,2021-02-26,2161220000,,376088000,362716000,95960000,266756000,0.54,435785000,23229000,20850000,88329000,,160487000,8275000,98477000,,,,1845900000,964651000,491604000,327779714
ROL,84839,Industrials,2021,2021-12-31,2024-02-15,,,447636000,482485000,125920000,356565000,0.72,401805000,27194000,14865000,,,208656000,10694000,105301000,,,,2021540000,1111217000,492054000,492141926
ROL,84839,Industrials,2022,2022-12-31,2025-02-13,,,493388000,498917000,130318000,368599000,0.75,465930000,30628000,21215000,,2638000,211618000,7065000,95346000,,,,2122028000,1267197000,492413000,492085707
ROL,84839,Industrials,2023,2023-12-31,2026-02-12,,,583226000,586257000,151300000,434957000,0.89,528366000,32465000,24605000,,19055000,264348000,315013000,103825000,,,,2595460000,1155567000,490130000,492280053
ROL,84839,Industrials,2024,2024-12-31,2026-02-12,,,657224000,630230000,163851000,466379000,0.96,607653000,27572000,29984000,,27677000,297989000,11606000,89630000,395310000,,,2819695000,1330593000,484295000,483885114
ROL,84839,Industrials,2025,2025-12-31,2026-02-12,,,726068000,700926000,174221000,526705000,1.09,678107000,28086000,39707000,,28558000,327901000,216855000,100004000,486147000,,,3140523000,1374321000,484147000,484224958
ROL,84839,Industrials,2026,2026-01-31,2026-02-12,,,,,,,,,,,,,,,,,,,,,,481092221
ROP,882835,Information Technology,2019,2019-12-31,2022-02-22,4727700000,3140100000,1328300000,2057400000,417400000,1767900000,16.82,1461800000,,101200000,408800000,186200000,191700000,,709700000,5275300000,4673100000,602200000,18108900000,9491900000,105100000,103607782
ROP,882835,Information Technology,2020,2020-12-31,2023-02-27,4022400000,2828300000,1082900000,861300000,187500000,949700000,8.98,1525100000,,108300000,491600000,218500000,214100000,,308300000,9560800000,9061400000,499400000,24024800000,10479800000,105700000,106109664
ROP,882835,Information Technology,2021,2021-12-31,2024-02-22,4833800000,3407600000,1241200000,1031900000,226600000,1152600000,10.82,2011900000,,123000000,615900000,233900000,236400000,,351500000,7921800000,7122600000,799200000,23713900000,11563800000,106500000,104939597
ROP,882835,Information Technology,2022,2022-12-31,2025-02-24,5371800000,3752800000,1524500000,1282000000,296400000,4544700000,42.55,734600000,,118500000,650100000,192400000,262300000,,792800000,6661700000,5962500000,699200000,26980800000,16037800000,106800000,105602835
ROP,882835,Information Technology,2023,2023-12-31,2026-02-24,6177800000,4307200000,1745200000,1743100000,374700000,1384200000,12.89,2035100000,,123500000,755200000,164700000,290200000,0,214300000,6330100000,5830600000,499500000,28167500000,17444800000,107400000,106243275
ROP,882835,Information Technology,2024,2024-12-31,2026-02-24,7039200000,4878300000,1996800000,1967200000,417900000,1549300000,14.35,2393200000,,145900000,812800000,,321900000,0,188200000,7623000000,6579900000,1043100000,31334700000,18867600000,108000000,107022333
ROP,882835,Information Technology,2025,2025-12-31,2026-02-24,7902500000,5472000000,2235400000,1936100000,399800000,1536300000,14.2,2540300000,,166300000,898200000,,355000000,500000000,297400000,9301000000,8595800000,705200000,34577000000,19881500000,108200000,107385207
ROP,882835,Information Technology,2026,2026-02-20,2026-02-24,,,,,,,,,,,,,,,,,,,,,,102927515
ROST,745732,Consumer Discretionary,2019,2019-02-02,2021-03-30,14983541000,,,,463419000,1587457000,4.26,2066677000,413898000,95585000,330357000,17900000,337189000,1075000000,1412912000,312440000,312440000,0,6073691000,3305746000,372678000,368247009
ROST,745732,Consumer Discretionary,2020,2020-02-01,2022-03-29,16039073000,,,2164288000,503360000,1660928000,4.6,2171546000,555483000,95438000,350892000,13139000,369793000,1275000000,1351205000,312891000,312891000,0,9348367000,3359249000,361182000,355896821
ROST,745732,Consumer Discretionary,2021,2021-01-30,2023-03-28,12531565000,,,106297000,20915000,85382000,0.24,2245933000,405433000,101568000,364245000,,101404000,132467000,4819293000,2513085000,2448175000,64910000,12717867000,3290640000,354619000,356523349
ROST,745732,Consumer Discretionary,2022,2022-01-29,2024-04-02,18916244000,,,2258540000,535951000,1722589000,4.87,1738849000,557840000,134217000,360664000,,405123000,649997000,4922365000,2452325000,2452325000,0,13640256000,4060050000,353734000,350892474
ROST,745732,Consumer Discretionary,2023,2023-01-28,2025-04-01,18695829000,,1990331000,1987489000,475448000,1512041000,4.38,1689373000,654070000,121936000,394655000,,431295000,949996000,4551876000,2456510000,2456510000,0,13416463000,4288583000,345222000,342048439
ROST,745732,Consumer Discretionary,2024,2024-02-03,2026-03-31,20376941000,,2307663000,2471781000,597261000,1874520000,5.56,2514490000,762812000,145490000,419432000,,454814000,949996000,4872446000,2460730000,2211017000,249713000,14300109000,4871326000,337433000,335174141
ROST,745732,Consumer Discretionary,2025,2025-02-01,2026-03-31,21129219000,,2585586000,2757154000,666424000,2090730000,6.32,2356988000,720104000,156298000,446788000,,488721000,1049979000,4730744000,2214811000,1515080000,699731000,14905332000,5509195000,330984000,328821469
ROST,745732,Consumer Discretionary,2026,2026-01-31,2026-03-31,22750559000,,2707357000,2842157000,697113000,2145044000,6.61,3026883000,819275000,175354000,509391000,,528085000,1050021000,4594392000,1517606000,1017863000,499743000,15548737000,6187443000,324416000,322356795
RSG,1060391,Industrials,2019,2019-12-31,2022-02-11,12193000000,,1787200000,1295800000,222000000,1073286000,3.33,2352100000,1207100000,39500000,1040500000,392000000,491200000,399400000,47100000,8788600000,,929900000,22683800000,8118200000,321990000,321615522
RSG,1060391,Industrials,2020,2020-12-31,2023-02-23,12031700000,,1709100000,1142700000,173100000,967237000,3.02,2471600000,1194600000,37300000,1075900000,355600000,522500000,98800000,38200000,9054600000,,168100000,23434000000,8483900000,319836000,319062963
RSG,1060391,Industrials,2021,2021-12-31,2024-02-29,13321100000,,2076200000,1575100000,282800000,1290405000,4.04,2786700000,1316300000,57000000,1185500000,314600000,552600000,252200000,29000000,9678300000,,8200000,24955000000,8978900000,319425000,318898313
RSG,1060391,Industrials,2022,2022-12-31,2025-02-14,15645000000,,2392000000,1832000000,344000000,1487586000,4.69,3190000000,1454000000,39000000,1352000000,395600000,593000000,203000000,143000000,11902200000,,456000000,29053000000,9686000000,317080000,316431349
RSG,1060391,Industrials,2023,2023-12-31,2026-02-18,17279000000,,2780000000,2191000000,460000000,1730985000,5.47,3618000000,1631000000,41000000,1501000000,508200000,638000000,262000000,140000000,12819400000,,932000000,31410000000,10542000000,316665000,316038833
RSG,1060391,Industrials,2024,2024-12-31,2026-02-18,18418000000,,3196000000,2432000000,388000000,2043173000,6.49,3936000000,1855000000,42000000,1677000000,,687000000,482000000,74000000,12840000000,,862000000,32402000000,11405000000,314809000,314610579
RSG,1060391,Industrials,2025,2025-12-31,2026-02-18,19027000000,,3302000000,2594000000,455000000,2139249000,6.85,4296000000,1887000000,,1814000000,,738000000,870000000,76000000,13710000000,,596000000,34366000000,11968000000,312168000,312284953
RSG,1060391,Industrials,2026,2026-02-10,2026-02-18,,,,,,,,,,,,,,,,,,,,,,308804970
RTX,101829,Industrials,2018,2018-12-31,2021-02-08,34701000000,,2877000000,2504000000,1098000000,5269000000,6.5,,,169000000,1896000000,1032000000,2170000000,325000000,3693000000,44068000000,,2876000000,134211000000,38446000000,810100000,799778295
RTX,101829,Industrials,2019,2019-12-31,2022-02-11,45349000000,,4914000000,4152000000,421000000,5537000000,6.41,,1868000000,268000000,2708000000,1591000000,2442000000,151000000,4937000000,40959000000,,3258000000,139615000000,41774000000,863900000,861748797
RTX,101829,Industrials,2020,2020-12-31,2023-02-07,56587000000,,-1889000000,-2353000000,575000000,-3519000000,-2.59,,1795000000,330000000,4156000000,1366000000,2732000000,47000000,8802000000,31576000000,,550000000,162153000000,72163000000,1357800000,865308981
RTX,101829,Industrials,2021,2021-12-31,2024-02-05,64388000000,,5136000000,5109000000,964000000,3864000000,2.56,,2134000000,442000000,4557000000,1322000000,2957000000,2327000000,7832000000,31351000000,,24000000,161404000000,73068000000,1508500000,1519478134
RTX,101829,Industrials,2022,2022-12-31,2025-02-03,67074000000,,5504000000,6117000000,790000000,5197000000,3.5,7168000000,2288000000,420000000,4108000000,1276000000,3128000000,2803000000,6220000000,31289000000,,595000000,158864000000,72632000000,1485900000,1492330987
RTX,101829,Industrials,2023,2023-12-31,2025-02-03,68920000000,,3561000000,3836000000,456000000,3195000000,2.23,7883000000,2415000000,425000000,4211000000,1505000000,3239000000,12870000000,6587000000,43638000000,,1283000000,161869000000,59798000000,1435400000,1464954584
RTX,101829,Industrials,2024,2024-12-31,2025-02-03,80738000000,,6538000000,6194000000,1181000000,4774000000,3.55,7159000000,2625000000,437000000,4364000000,1862000000,3217000000,444000000,5578000000,41078000000,,2352000000,162861000000,60156000000,1343600000,1332122758
RTX,101829,Industrials,2025,2025-12-31,2026-02-06,,,9300000000,8733000000,1664000000,6732000000,4.96,10567000000,2627000000,519000000,4378000000,,3574000000,50000000,7435000000,,,3412000000,171079000000,65245000000,1356400000,1342287676
RVTY,31791,Health Care,2019,2019-12-29,2021-03-02,2883673000,1396055000,361973000,237142000,9389000,227558000,2.04,363469000,76331000,31514000,214025000,63627000,31059000,6313000,191877000,2074015000,2064041000,9974000,6538564000,2813824000,111501000,110800020
RVTY,31791,Health Care,2020,2020-02-21,2020-02-25,,,,,,,,,,,,,,,,,,,,,,111303859
RVTY,31791,Health Care,2021,2021-01-03,2021-03-02,3782745000,2109877000,867273000,800072000,169512000,727887000,6.49,892177000,63634000,26904000,201648000,49712000,31212000,6944000,387054000,1990649000,1609701000,380948000,7960315000,3735492000,112085000,112061794
RVTY,31791,Health Care,2022,2022-01-02,2023-03-01,3827808000,2433987000,1258457000,1203582000,314146000,943157000,8.08,1410750000,86020000,29675000,311443000,,32373000,73072000,603320000,4983977000,4979737000,4240000,15000554000,7141245000,116674000,126183492
RVTY,31791,Health Care,2023,2023-01-01,2023-03-01,3311822000,1989830000,300562000,182976000,3473000,693094000,5.55,91272000,81368000,41410000,431769000,,34966000,388882000,913163000,3899642000,3177770000,721872000,13564665000,7382876000,124812000,126411985
RVTY,31791,Health Care,2024,2024-12-29,2026-02-24,,,346741000,316126000,33055000,270385000,2.2,628299000,86648000,37809000,427849000,,34454000,369578000,1163396000,,3150476000,242000,12392478000,7666874000,122822000,123529821
RVTY,31791,Health Care,2025,2025-12-28,2026-02-24,,,356635000,268277000,28394000,241201000,2.07,582933000,73522000,22847000,405340000,,32800000,820815000,919860000,,2631236000,588828000,12168411000,7250360000,116595000,120187286
RVTY,31791,Health Care,2026,2026-02-20,2026-02-24,,,,,,,,,,,,,,,,,,,,,,111799374
SBAC,1034054,Real Estate,2019,2019-12-31,2022-03-01,2014645000,1521614000,583488000,186889000,39605000,146991000,1.28,970045000,154236000,73214000,697078000,,83387000,466982000,108309000,10334425000,9812335000,522090000,9759941000,-3667007000,114693000,112589177
SBAC,1034054,Real Estate,2020,2020-12-31,2023-03-01,2083138000,1606610000,633694000,-17749000,-41796000,24104000,0.21,1126033000,128566000,68890000,721970000,,207689000,859335000,308560000,11095796000,11071796000,24000000,9158018000,-4824382000,113465000,111929411
SBAC,1034054,Real Estate,2021,2021-12-31,2024-02-28,2308834000,1763350000,782495000,252564000,14940000,237624000,2.14,1189896000,133694000,84402000,700161000,,253580000,582578000,367278000,12302694000,12278694000,24000000,9801699000,-5283404000,111177000,109324399
SBAC,1034054,Real Estate,2022,2022-12-31,2025-02-26,2633454000,1964804000,925408000,525843000,66044000,461429000,4.22,1285700000,214443000,99909000,707576000,,306766000,431666000,143708000,12868162000,12844162000,24000000,10585041000,-5276315000,109386000,107919638
SBAC,1034054,Real Estate,2023,2023-12-31,2026-02-27,2711584000,2098962000,923659000,548503000,51088000,501812000,4.61,1544393000,236698000,87919000,716309000,,369960000,100010000,208547000,12324315000,11681170000,643145000,10178441000,-5170882000,108907000,108038955
SBAC,1034054,Real Estate,2024,2024-12-31,2026-02-27,2679634000,2097907000,1435763000,772666000,23989000,749536000,6.94,1334866000,228149000,74374000,269517000,,424191000,200019000,189841000,13591738000,12403825000,1187913000,11417336000,-5109938000,108080000,108108678
SBAC,1034054,Real Estate,2025,2025-12-31,2026-02-27,2815139000,2124167000,1342786000,1242038000,187582000,1053632000,9.8,1291328000,224819000,75734000,292285000,,479012000,497805000,264568000,12900268000,10964466000,1935802000,11575012000,-4853519000,107533000,107615241
SBAC,1034054,Real Estate,2026,2026-02-17,2026-02-27,,,,,,,,,,,,,,,,,,,,,,105788592
SBUX,829224,Consumer Discretionary,2018,2018-09-30,2020-11-12,24719500000,,3883300000,5780000000,1262000000,4518300000,3.24,11937800000,1976400000,250300000,1305900000,170300000,1743400000,7133500000,8756300000,9440100000,9090200000,349900000,24156400000,1169500000,1394600000,1240600000
SBUX,829224,Consumer Discretionary,2019,2019-09-29,2021-11-19,26508600000,,4077900000,4466200000,871600000,3599200000,2.92,5047000000,1806600000,308000000,1449300000,331000000,1761300000,10222300000,2686600000,11167000000,11167000000,0,19219600000,-6232200000,1233200000,1181000000
SBUX,829224,Consumer Discretionary,2020,2020-09-27,2022-11-18,23518000000,,1561700000,1164400000,239700000,928300000,0.79,1597800000,1483600000,248600000,1503200000,437000000,1923500000,1698900000,4350900000,15909500000,14659600000,1249900000,29374500000,-7805100000,1181800000,1173700000
SBUX,829224,Consumer Discretionary,2021,2021-10-03,2023-11-17,29060600000,,4872100000,5356900000,1156600000,4199300000,3.54,5989100000,1470000000,319100000,1524100000,469800000,2119000000,0,6455700000,14615800000,13616900000,998900000,31392600000,-5321200000,1185500000,1173200000
SBUX,829224,Consumer Discretionary,2022,2022-10-02,2024-11-20,32250300000,,4617800000,4231900000,948500000,3281600000,2.83,4397300000,1841300000,271500000,1529400000,482900000,2263300000,4013000000,,14868900000,13119900000,1749000000,27978400000,-8706600000,1158500000,1147800000
SBUX,829224,Consumer Discretionary,2023,2023-10-01,2025-11-14,35975600000,,5870800000,5401900000,1277200000,4124500000,3.58,6008700000,2333600000,302700000,1450300000,550100000,2431800000,984400000,,15366200000,13547600000,1818600000,29445500000,-7994800000,1151300000,1136700000
SBUX,829224,Consumer Discretionary,2024,2024-09-29,2025-11-14,36176200000,,5408800000,4969600000,1207300000,3760900000,3.31,6095600000,2777500000,308300000,1592400000,562000000,2585000000,1266700000,,15568400000,14319500000,1248900000,31339300000,-7448900000,1137300000,1133800000
SBUX,829224,Consumer Discretionary,2025,2025-09-28,2025-11-14,37184400000,,2936600000,2507300000,650600000,1856400000,1.63,4747500000,2305500000,318300000,1771500000,542600000,2771400000,0,,16074800000,14575900000,1498900000,32019700000,-8096600000,1139800000,1137100000
SCHW,316709,Financials,2019,2019-12-31,2022-02-24,10721000000,,,4848000000,1144000000,3704000000,2.67,9325000000,708000000,183000000,322000000,1064000000,1060000000,2220000000,29345000000,7430000000,,,294000000000,21745000000,1320000000,1332893531
SCHW,316709,Financials,2020,2020-12-31,2023-02-24,11691000000,,,4300000000,1001000000,3299000000,2.12,6852000000,631000000,204000000,414000000,418000000,1280000000,0,40348000000,13632000000,,,549009000000,56060000000,1435000000,1286215799
SCHW,316709,Financials,2021,2021-12-31,2024-02-23,18520000000,,,7713000000,1858000000,5855000000,2.83,2118000000,916000000,254000000,549000000,476000000,1822000000,0,62975000000,18914000000,,,667270000000,56261000000,1897000000,
SCHW,316709,Financials,2022,2022-12-31,2025-02-26,20762000000,,,9388000000,2205000000,7183000000,3.5,2057000000,971000000,366000000,652000000,1545000000,2110000000,3395000000,40195000000,,,,551772000000,36608000000,1894000000,
SCHW,316709,Financials,2023,2023-12-31,2026-02-25,18837000000,,,6378000000,1311000000,5067000000,2.54,19587000000,700000000,320000000,804000000,6684000000,2276000000,2842000000,43337000000,,,,493178000000,40958000000,1831000000,
SCHW,316709,Financials,2024,2024-12-31,2026-02-25,19606000000,,,7692000000,1750000000,5942000000,2.99,2670000000,620000000,337000000,,,2275000000,0,42083000000,,,,479843000000,48375000000,1834000000,
SCHW,316709,Financials,2025,2025-12-31,2026-02-25,23921000000,,,11459000000,2607000000,8852000000,4.65,9311000000,548000000,317000000,,,2329000000,7346000000,46030000000,,,,490995000000,49425000000,1809000000,1813567665
SCHW,316709,Financials,2026,2026-01-30,2026-02-25,,,,,,,,,,,,,,,,,,,,,,1752210425
SHW,89800,Materials,2019,2019-12-31,2020-02-21,17900800000,8036100000,2808800000,1981800000,440500000,1541300000,5.5,2321300000,,101700000,262100000,349300000,420800000,,161800000,8480500000,8050700000,429800000,20496200000,4123300000,280300000,92718270
SHW,89800,Materials,2020,2020-12-31,2023-02-22,,8682600000,3373800000,2519200000,488800000,2030400000,7.36,3408600000,,95900000,268000000,340400000,488000000,,226600000,8292000000,8266900000,25100000,20401600000,3610800000,275800000,92227704
SHW,89800,Materials,2021,2021-12-31,2024-02-20,,8542700000,3083700000,2248600000,384200000,1864400000,6.98,2244600000,,97700000,263100000,334700000,587100000,,165700000,8851500000,8590900000,260600000,20666700000,2437200000,267100000,89601869
SHW,89800,Materials,2022,2022-12-31,2025-02-20,,9325100000,3397200000,2573100000,553000000,2020100000,7.72,1919900000,,99700000,264000000,390800000,618500000,,198800000,9591600000,9591000000,600000,22594000000,3102100000,261800000,260373774
SHW,89800,Materials,2023,2023-12-31,2026-02-19,,10758100000,4161700000,3109900000,721100000,2388800000,9.25,3521900000,,115900000,292300000,417500000,623700000,,276800000,9476700000,8377900000,1098800000,22954400000,3715800000,258300000,258442281
SHW,89800,Materials,2024,2024-12-31,2026-02-19,,11195100000,,3451800000,770400000,2681400000,10.55,3153200000,,138100000,297400000,,723400000,,210400000,9226000000,8176800000,1049200000,23632600000,4051200000,254100000,254464522
SHW,89800,Materials,2025,2025-12-31,2026-02-19,,11515500000,,3338200000,769700000,2568500000,10.26,3451600000,,123500000,340300000,,789800000,,207200000,9670800000,9320700000,350100000,25901700000,4598300000,250400000,251364135
SHW,89800,Materials,2026,2026-01-31,2026-02-19,,,,,,,,,,,,,,,,,,,,,,247774767
SJM,91419,Consumer Staples,2019,2019-04-30,2021-06-17,7838000000,2915700000,928600000,,187200000,514400000,4.52,1141200000,359800000,20700000,206000000,,377900000,5400000,101300000,5484800000,4686300000,798500000,16711300000,7970500000,113100000,113742653
SJM,91419,Consumer Staples,2020,2020-04-30,2022-06-16,7801000000,3002000000,1223100000,1026700000,247200000,779500000,6.84,1254800000,269300000,26800000,210200000,,396800000,4200000,,5373300000,5373300000,0,16970400000,8190900000,113400000,114043184
SJM,91419,Consumer Staples,2021,2021-04-30,2023-06-20,8002700000,3138700000,1386800000,1171900000,295600000,876300000,7.79,1565000000,306700000,28700000,219500000,,403200000,678400000,,4669700000,3516800000,1152900000,16284200000,8124800000,112000000,108343689
SJM,91419,Consumer Staples,2022,2022-04-30,2024-06-18,7998900000,2700700000,1023800000,843800000,212100000,631700000,5.83,1136300000,417500000,22300000,235500000,,418100000,270400000,,4310600000,4310600000,0,16055000000,8140100000,108400000,106457951
SJM,91419,Consumer Staples,2023,2023-04-30,2025-06-18,8529200000,2801800000,157500000,-9200000,82100000,-91300000,-0.86,1194400000,477400000,25600000,224100000,,430200000,367500000,,4314200000,4314200000,0,14991400000,7290800000,,102046613
SJM,91419,Consumer Staples,2024,2024-04-30,2026-06-09,8178700000,3115400000,1305800000,996400000,252400000,744000000,7.13,1229400000,586500000,23900000,239700000,,437500000,372800000,,7773000000,6773700000,999300000,20273700000,7693900000,,106195350
SJM,91419,Consumer Staples,2025,2025-04-30,2026-06-09,8726100000,3384700000,-673900000,-1046800000,184000000,-1230800000,-11.57,1210400000,393800000,29900000,283200000,,455400000,3300000,,7036800000,7036800000,0,17563300000,6082600000,,106508017
SJM,91419,Consumer Staples,2026,2026-04-30,2026-06-09,9050900000,3034500000,360200000,-62400000,76300000,-138700000,-1.3,1473600000,317400000,23600000,346400000,,464700000,5600000,,6542800000,6392800000,150000000,16219400000,5543800000,,106662133
SLB,87347,Energy,2018,2018-12-31,2021-01-27,,,4187000000,2624000000,447000000,2138000000,1.53,5713000000,2160000000,345000000,3556000000,575000000,2770000000,,,,14644000000,,70507000000,36162000000,1393000000,1382964324
SLB,87347,Energy,2019,2019-12-31,2022-01-26,,,3978000000,-10418000000,-311000000,-10137000000,-7.32,5431000000,1724000000,405000000,3589000000,609000000,2769000000,,,,14770000000,,56312000000,23760000000,1385000000,1384515345
SLB,87347,Energy,2020,2020-12-31,2023-01-25,,,2401000000,-11298000000,-812000000,-10518000000,-7.57,2944000000,1116000000,397000000,2566000000,563000000,1734000000,,,500000000,16036000000,,42434000000,12071000000,1390000000,1392325960
SLB,87347,Energy,2021,2021-12-31,2024-01-24,,,3365000000,2374000000,446000000,1881000000,1.32,4651000000,1141000000,324000000,2120000000,539000000,699000000,,,,13286000000,,41511000000,15004000000,1427000000,1403381685
SLB,87347,Energy,2022,2022-12-31,2024-01-24,,,5011000000,4271000000,779000000,3441000000,2.39,3720000000,1618000000,313000000,2147000000,490000000,848000000,,,,10594000000,,43135000000,17685000000,1437000000,1420188492
SLB,87347,Energy,2023,2023-12-31,2024-01-24,,,6523000000,5282000000,1007000000,4203000000,2.91,6637000000,1939000000,293000000,2312000000,503000000,1317000000,,,,10842000000,,47957000000,20189000000,1443000000,1427394843
SLB,87347,Energy,2024,2024-12-31,2026-01-23,,,,5672000000,1093000000,4461000000,3.11,6602000000,1931000000,316000000,2519000000,512000000,1533000000,,,,11023000000,,48935000000,21130000000,1436000000,1400850420
SLB,87347,Energy,2025,2025-12-31,2026-01-23,,,,4291000000,840000000,3374000000,2.35,6489000000,1694000000,332000000,2643000000,558000000,1602000000,,,,9742000000,,54868000000,26109000000,1437000000,1495331485
SMCI,1375365,Information Technology,2019,2019-06-30,2021-08-27,,495522000,97233000,89523000,14884000,71918000,1.39,262554000,24849000,21184000,24202000,6690000,,0,248164000,0,0,,1682594000,941015000,51716000,50085282
SMCI,1375365,Information Technology,2020,2020-06-30,2022-08-29,,526210000,85654000,84828000,2922000,84308000,1.6,-30334000,44338000,20189000,28472000,2236000,,,210533000,5697000,5697000,,1918646000,1065540000,52838000,52436548
SMCI,1375365,Information Technology,2021,2021-06-30,2023-08-28,,534538000,123947000,118628000,6936000,111865000,2.09,122955000,58016000,28549000,28185000,2485000,,,232266000,34700000,34700000,,2241964000,1096225000,53507000,50590466
SMCI,1375365,Information Technology,2022,2022-06-30,2025-02-25,,800001000,335167000,336833000,52876000,285163000,0.53,-440801000,45182000,32816000,24800000,6413000,,,267397000,147618000,147618000,,3205077000,1425575000,536155000,52347039
SMCI,1375365,Information Technology,2023,2023-06-30,2025-08-28,,1283012000,761142000,754297000,110666000,639998000,1.14,663580000,36793000,54433000,26900000,10491000,,,440459000,120179000,120179000,,3674729000,1972005000,559704000,52905947
SMCI,1375365,Information Technology,2024,2024-06-30,2026-08-31,,2061410000,1210774000,1214139000,63294000,1152666000,1.92,-2485972000,124279000,231507000,30100000,,,,1669766000,,,,9826092000,5417206000,602146000,
SMCI,1375365,Information Technology,2025,2025-06-30,2026-08-31,,2429922000,1252994000,1211916000,156851000,1048854000,1.68,1659524000,127214000,314452000,41000000,,,,5169911000,,,,14018429000,6301693000,628402000,594273308
SMCI,1375365,Information Technology,2026,2026-06-30,2026-08-31,,4227251000,2770486000,2789264000,556329000,2230453000,3.26,-6809886000,161999000,412115000,53000000,,,,7521474000,,,,29945467000,14479452000,697348000,656965384
SNA,91440,Industrials,2019,2019-12-28,2022-02-11,4067700000,,962300000,,211800000,693500000,12.41,674600000,99400000,23800000,92400000,49000000,216600000,238400000,184500000,,946900000,0,5693500000,3409100000,55900000,55616137
SNA,91440,Industrials,2020,2020-02-07,2020-02-13,,,,,,,,,,,,,,,,,,,,,,54659446
SNA,91440,Industrials,2021,2021-01-02,2023-02-09,3942200000,,880500000,,189100000,627000000,11.44,1008600000,65600000,19500000,96700000,54000000,243300000,174300000,923400000,,1182100000,250000000,6557300000,3824900000,54800000,54203094
SNA,91440,Industrials,2022,2022-12-31,2025-02-13,4842500000,,1207200000,1202600000,268700000,911700000,16.82,675200000,84200000,34000000,100200000,53100000,313100000,198100000,757200000,,1183800000,0,6972800000,4481300000,54200000,53438639
SNA,91440,Industrials,2023,2023-12-30,2026-02-12,5108300000,,1310400000,1328000000,293400000,1011100000,18.76,1154200000,95000000,44700000,99300000,49900000,355600000,294700000,1001500000,,1184600000,,7544900000,5071300000,53900000,53114455
SNA,91440,Industrials,2024,2024-12-28,2026-02-12,5108400000,,1345700000,1373100000,304200000,1043900000,19.51,1217500000,83500000,28600000,98000000,,406400000,290000000,1360500000,1199200000,1185500000,,7896800000,5394100000,53500000,52713542
SNA,91440,Industrials,2025,2025-02-07,2025-02-13,,,,,,,,,,,,,,,,,,,,,,52393235
SNA,91440,Industrials,2026,2026-01-03,2026-02-12,5156100000,,1327700000,1335900000,293600000,1016900000,19.19,1081700000,76000000,28900000,98500000,,462200000,328600000,1624500000,1202600000,1186400000,0,8412300000,5931800000,53000000,51913121
SNDK,2023554,Information Technology,2022,2022-07-01,2025-08-21,,,,,,,,,,,,,,,,,,,,12977000000,,
SNDK,2023554,Information Technology,2023,2023-06-30,2025-08-21,6086000000,430000000,-2035000000,-2002000000,141000000,-2143000000,-14.78,-713000000,219000000,165000000,448000000,31000000,,,,,,,,11439000000,145000000,
SNDK,2023554,Information Technology,2024,2024-06-28,2026-08-17,6663000000,1072000000,-468000000,-503000000,169000000,-672000000,-4.63,-309000000,166000000,149000000,224000000,40000000,,0,328000000,0,0,0,13506000000,11082000000,145000000,
SNDK,2023554,Information Technology,2025,2025-06-27,2026-08-17,7355000000,2212000000,-1377000000,-1479000000,162000000,-1641000000,-11.32,84000000,204000000,182000000,163000000,63000000,,0,1481000000,1849000000,1829000000,20000000,12985000000,9216000000,145000000,145805548
SNDK,2023554,Information Technology,2026,2026-07-03,2026-08-17,20248000000,14472000000,12389000000,13017000000,1584000000,11433000000,73.76,11671000000,177000000,232000000,149000000,73000000,,4524000000,4762000000,0,0,0,22507000000,15736000000,155000000,146419001
SNPS,883241,Information Technology,2018,2018-10-31,2020-12-15,3121058000,2385160000,360225000,,-68975000,432518000,2.82,424399000,98976000,140032000,209207000,15607000,,400000000,723115000,,125535000,,6145974000,3479152000,153393000,149515012
SNPS,883241,Information Technology,2019,2019-10-31,2021-12-13,3360694000,2607748000,520231000,545506000,13139000,532367000,3.45,800513000,198129000,155001000,201676000,11659000,,329185000,728597000,,120093000,,6405160000,4083013000,154190000,150534877
SNPS,883241,Information Technology,2020,2020-10-31,2022-12-12,3685281000,2890591000,620141000,638159000,-25288000,664347000,4.27,991313000,154717000,248584000,209986000,5140000,,242078000,1235653000,,100823000,,8030062000,4907404000,155706000,153032497
SNPS,883241,Information Technology,2021,2021-10-31,2022-12-12,4204193000,3342416000,734790000,805514000,49155000,757516000,4.81,1492622000,93764000,345272000,203676000,3365000,,753081000,1432840000,,25094000,,8752260000,5295137000,157340000,153438336
SNPS,883241,Information Technology,2022,2022-10-31,2022-12-12,5081542000,3717701000,1148714000,1103452000,139385000,984594000,6.29,1738900000,136589000,459029000,228405000,1698000,,1100000000,1417608000,,20824000,,9418087000,5515725000,156485000,152417194
SNPS,883241,Information Technology,2023,2023-10-31,2025-12-22,,4287171000,1273239000,1305470000,90188000,1229888000,7.92,1703274000,189618000,563292000,247120000,1178000,,1160724000,1433966000,,18078000,,10333131000,6147308000,155195000,151986878
SNPS,883241,Information Technology,2024,2024-10-31,2025-12-22,,4882147000,1355711000,1513858000,99718000,2263380000,14.51,1407029000,139500000,692316000,295065000,,,0,3896532000,,15601000,0,13073561000,8990702000,155944000,154578449
SNPS,883241,Information Technology,2025,2025-10-31,2025-12-22,,5430629000,914927000,1393142000,55991000,1332220000,8.04,1518608000,169454000,893294000,660430000,,,0,2888030000,13484515000,13462398000,22117000,48224461000,28327602000,165656000,191318206
SO,92122,Utilities,2019,2019-12-31,2022-02-17,21419000000,,7736000000,6542000000,1798000000,,4.5,5781000000,7555000000,,3331000000,1736000000,2570000000,,1975000000,41798000000,,2989000000,118700000000,27505000000,1054000000,1034564279
SO,92122,Utilities,2020,2020-12-31,2023-02-16,20375000000,,4885000000,3496000000,393000000,,2.93,6696000000,7522000000,,3905000000,1821000000,2685000000,,1065000000,45073000000,,3507000000,122935000000,27972000000,1065000000,1054228409
SO,92122,Utilities,2021,2021-12-31,2024-02-15,23113000000,,3698000000,2576000000,267000000,,2.24,6169000000,7586000000,,3973000000,1837000000,2777000000,,1798000000,50120000000,,2157000000,127534000000,27874000000,1068000000,1056609660
SO,92122,Utilities,2022,2022-12-31,2025-02-20,29279000000,,5370000000,4223000000,795000000,,3.26,6302000000,7923000000,,4064000000,2022000000,2907000000,,1917000000,50656000000,,4285000000,134891000000,30408000000,1081000000,1060226587
SO,92122,Utilities,2023,2023-12-31,2026-02-19,25253000000,,5826000000,4345000000,496000000,3976000000,3.62,7553000000,9095000000,,4986000000,2446000000,3035000000,,748000000,57210000000,,2476000000,139331000000,31444000000,1098000000,1088907919
SO,92122,Utilities,2024,2024-12-31,2026-02-19,26724000000,,7068000000,5229000000,969000000,4401000000,3.99,9788000000,8955000000,,5266000000,2743000000,2954000000,,1070000000,58768000000,,4718000000,145180000000,33208000000,1102000000,1091015113
SO,92122,Utilities,2025,2025-12-31,2026-02-19,29553000000,,7285000000,4999000000,828000000,4341000000,3.92,9802000000,12737000000,,6030000000,3238000000,3015000000,,1639000000,65649000000,,6220000000,155720000000,36016000000,1109000000,1096802197
SO,92122,Utilities,2026,2026-01-31,2026-02-19,,,,,,,,,,,,,,,,,,,,,,1119391291
SOLV,1964738,Health Care,2021,2021-12-31,2025-02-28,,,,,,,,,,,,,,,,,,,,12059000000,,
SOLV,1964738,Health Care,2022,2022-12-31,2025-02-28,8130000000,4695000000,1693000000,1692000000,349000000,1343000000,7.78,1679000000,251000000,37000000,578000000,,,,,,,,,11742000000,172700000,
SOLV,1964738,Health Care,2023,2023-12-31,2026-02-27,8197000000,4693000000,1692000000,1667000000,321000000,1346000000,7.79,1915000000,290000000,39000000,561000000,,,,194000000,0,0,,13943000000,11666000000,172700000,
SOLV,1964738,Health Care,2024,2024-12-31,2026-02-27,8254000000,4593000000,1036000000,605000000,127000000,479000000,2.76,1185000000,380000000,112000000,555000000,,,,762000000,8010000000,7810000000,200000000,14457000000,2959000000,173700000,
SOLV,1964738,Health Care,2025,2025-12-31,2026-02-27,8325000000,4451000000,2181000000,1713000000,157000000,1556000000,8.88,369000000,379000000,161000000,489000000,,,,878000000,5035000000,5035000000,0,14294000000,5049000000,175300000,172990490
SOLV,1964738,Health Care,2026,2026-02-18,2026-02-27,,,,,,,,,,,,,,,,,,,,,,173493005
SPG,1063761,Real Estate,2018,2018-12-31,2021-02-25,5645288000,,2926299000,,,2822343000,,3750796000,781909000,,1282454000,815923000,,354108000,514335000,23305535000,,,30686223000,3296681000,,
SPG,1063761,Real Estate,2019,2019-12-31,2022-02-24,5755189000,,2912787000,,,2423188000,,3807831000,876011000,,1340503000,789353000,,359773000,669373000,24163230000,,,31231630000,2526398000,307950112,
SPG,1063761,Real Estate,2020,2020-12-31,2023-02-23,4607503000,,1971809000,,,1277324000,,2326698000,484119000,,1318008000,784400000,,152589000,1011613000,26723361000,,,34786846000,3039472000,308737625,
SPG,1063761,Real Estate,2021,2021-12-31,2024-02-22,5116789000,,2413190000,,,2568707000,6.84,3637402000,527935000,,1262715000,795712000,,,533936000,25321022000,,,33777379000,3361452000,328587137,
SPG,1063761,Real Estate,2022,2022-12-31,2025-02-21,5291447000,,2583553000,,,2452385000,6.52,3766604000,650024000,,1227371000,761253000,,180387000,621628000,24960286000,,,33011274000,3138524000,327816695,
SPG,1063761,Real Estate,2023,2023-12-31,2026-02-25,5658836000,,2807022000,,68806000,2617018000,6.98,3930793000,793283000,,1262107000,854648000,,140593000,1168991000,26033423000,,,34283495000,3022834000,326807326,
SPG,1063761,Real Estate,2024,2024-12-31,2026-02-25,5963798000,,3092796000,,9308000,2729021000,7.26,3814655000,755584000,,1265340000,905797000,,,1400345000,24264495000,,,32405691000,2941925000,326097137,
SPG,1063761,Real Estate,2025,2025-12-31,2026-02-25,6364505000,,3175396000,,20279000,5364120000,14.17,4136551000,934346000,,1426423000,974835000,,226826000,823147000,28430175000,,,40606466000,5208268000,326366632,
SPGI,64040,Financials,2019,2019-12-31,2022-02-08,,,3226000000,2930000000,627000000,2123000000,8.6,2776000000,,78000000,204000000,141000000,560000000,1240000000,2866000000,3948000000,3948000000,,11348000000,479000000,246900000,248600000
SPGI,64040,Financials,2020,2020-12-31,2023-02-10,,,3617000000,3228000000,694000000,2339000000,9.66,3567000000,,90000000,206000000,141000000,645000000,1164000000,4108000000,4110000000,4110000000,,12537000000,509000000,242100000,243800000
SPGI,64040,Financials,2021,2021-12-31,2024-02-09,,,4221000000,4164000000,901000000,3024000000,12.51,3598000000,,122000000,178000000,119000000,743000000,0,6497000000,4114000000,4114000000,0,15026000000,2032000000,241800000,240700000
SPGI,64040,Financials,2022,2022-12-31,2024-02-09,,,4944000000,4702000000,1180000000,3248000000,10.2,2603000000,,214000000,1013000000,304000000,1024000000,12004000000,1286000000,10956000000,10730000000,226000000,61784000000,36388000000,318500000,241100000
SPGI,64040,Financials,2023,2023-12-31,2026-02-11,,,4020000000,3671000000,778000000,2626000000,8.23,3710000000,,171000000,1143000000,334000000,1147000000,3301000000,1290000000,11459000000,11412000000,47000000,60589000000,34200000000,318900000,322000000
SPGI,64040,Financials,2024,2024-12-31,2026-02-11,,,5580000000,5308000000,1141000000,3852000000,12.35,5689000000,,247000000,1173000000,,1134000000,3301000000,1666000000,11398000000,11394000000,4000000,60221000000,33159000000,311900000,314100000
SPGI,64040,Financials,2025,2025-12-31,2026-02-11,,,6478000000,6227000000,1407000000,4471000000,14.66,5651000000,,236000000,1179000000,,1170000000,5001000000,1745000000,13088000000,12370000000,718000000,61200000000,31127000000,305100000,
SPGI,64040,Financials,2026,2026-01-30,2026-02-11,,,,,,,,,,,,,,,,,,,,,,298800000
SRE,1032208,Utilities,2019,2019-12-31,2022-02-25,10829000000,,,1764000000,315000000,,7.29,3088000000,,75000000,1569000000,1077000000,993000000,26000000,108000000,20785000000,,1526000000,65665000000,19929000000,282033000,274039296
SRE,1032208,Utilities,2020,2020-12-31,2023-02-28,11370000000,,,1783000000,249000000,,12.88,2591000000,,71000000,1666000000,1081000000,1174000000,566000000,960000000,21781000000,,1540000000,66623000000,23373000000,292252000,292276007
SRE,1032208,Utilities,2021,2021-12-31,2024-02-27,12857000000,,,833000000,99000000,1318000000,2.01,3842000000,,63000000,1855000000,1198000000,1331000000,339000000,559000000,21068000000,,106000000,72045000000,25981000000,626073000,302591374
SRE,1032208,Utilities,2022,2022-12-31,2025-02-25,14439000000,,,2009000000,556000000,2139000000,3.31,1142000000,,71000000,2019000000,1054000000,1430000000,478000000,370000000,24548000000,,1019000000,78574000000,27115000000,632757000,315653893
SRE,1032208,Utilities,2023,2023-12-31,2026-02-26,16720000000,,,3260000000,490000000,3075000000,4.79,6218000000,,80000000,2227000000,1309000000,1483000000,32000000,236000000,27759000000,,975000000,87181000000,28675000000,632733000,314569519
SRE,1032208,Utilities,2024,2024-12-31,2026-02-26,13185000000,,,2713000000,219000000,2862000000,4.42,4907000000,,86000000,,,1499000000,43000000,1565000000,31558000000,,2274000000,96155000000,31222000000,637943000,632149916
SRE,1032208,Utilities,2025,2025-12-31,2026-02-26,13702000000,,,1789000000,701000000,1837000000,2.75,4565000000,,64000000,,,1603000000,58000000,29000000,28979000000,,1876000000,110878000000,31594000000,653826000,651457249
SRE,1032208,Utilities,2026,2026-02-19,2026-02-26,,,,,,,,,,,,,,,,,,,,,,653284140
STE,1757898,Health Care,2019,2019-03-31,2021-05-28,2782170000,1174986000,411024000,,64283000,303721000,3.55,539505000,189715000,23965000,225921000,45015000,112503000,81494000,220633000,1183227000,1183227000,,5073071000,3177810000,85468000,84541998
STE,1757898,Health Care,2020,2020-03-31,2022-05-31,3030895000,1319996000,537046000,498754000,90895000,407659000,4.76,590559000,214516000,23811000,197235000,40279000,123034000,51241000,319581000,1150521000,1150521000,,5440867000,3405362000,85641000,84918305
STE,1757898,Health Care,2021,2021-03-31,2023-05-26,3107519000,1343100000,548368000,517533000,120663000,397400000,4.63,689640000,239262000,25966000,219237000,37180000,133837000,14646000,220531000,1650540000,1650540000,,6574471000,3880990000,85898000,85369640
STE,1757898,Health Care,2022,2022-03-31,2024-05-29,4223403000,1883007000,477815000,366803000,82344000,243888000,2.48,684811000,287563000,57660000,553104000,89490000,163169000,55777000,348320000,2945481000,2945481000,,11423594000,6532356000,98326000,100080052
STE,1757898,Health Care,2023,2023-03-31,2025-05-29,4536266000,1980726000,791101000,680266000,124069000,107030000,1.07,756947000,361969000,38951000,552897000,107956000,183498000,308565000,208357000,3018655000,3018655000,,10821839000,6077198000,100246000,98650238
STE,1757898,Health Care,2024,2024-03-31,2026-05-29,5138700000,2218200000,836100000,702800000,149500000,378200000,3.81,973300000,360300000,56500000,565200000,144351000,200600000,11800000,207020000,3120162000,3120162000,,11063697000,6302164000,99400000,98900010
STE,1757898,Health Care,2025,2025-03-31,2026-05-29,5459500000,2402800000,866600000,796200000,184700000,614600000,6.2,1148100000,370100000,57400000,476200000,,219900000,211300000,171700000,1918700000,1918700000,,10146800000,6603400000,99100000,98372310
STE,1757898,Health Care,2026,2026-03-31,2026-05-29,5935900000,2626500000,1101800000,1047300000,262200000,782300000,7.93,1341400000,369000000,61700000,486500000,,241800000,235500000,439600000,1812800000,1812800000,,10737200000,7183600000,98700000,97602485
STLD,1022671,Materials,2019,2019-12-31,2022-02-28,10464991000,1530984000,986880000,875337000,197437000,,3.04,1396290000,451945000,47631000,321082000,127104000,200271000,348608000,1381460000,2734344000,2644988000,89356000,8275765000,4075834000,220748000,224105246
STLD,1022671,Materials,2020,2020-12-31,2023-02-28,9601482000,1434728000,847142000,705478000,134650000,,2.59,987032000,1198055000,55598000,325789000,94877000,209248000,106529000,1368618000,3102676000,3015782000,86894000,9265562000,4345164000,212345000,213554449
STLD,1022671,Materials,2021,2021-12-31,2023-02-28,18408850000,5362424000,4301105000,4209070000,962256000,3214066000,15.56,2204136000,1006239000,57715000,347653000,57209000,212968000,1060632000,1243868000,3105876000,3008702000,97174000,12531234000,6304641000,206615000,211005100
STLD,1022671,Materials,2022,2022-12-31,2023-02-28,22260774000,6117831000,5091822000,5021069000,1141577000,3862674000,20.92,4460403000,908902000,59240000,384202000,91538000,237163000,1800905000,1628417000,3070575000,3013241000,57334000,14159984000,8130357000,184622000,191299162
STLD,1022671,Materials,2023,2023-12-31,2026-02-27,,4045883000,3151181000,3218943000,751611000,2450882000,14.64,3519928000,1657905000,61744000,437804000,76484000,271317000,1452203000,1400887000,3071056000,2611069000,459987000,14908420000,8866666000,167431000,171577705
STLD,1022671,Materials,2024,2024-12-31,2026-02-27,,2802586000,1943037000,1982881000,432925000,1537134000,9.84,1844503000,1868006000,66589000,478907000,,282616000,1212164000,589464000,3231007000,2804017000,426990000,14935233000,8934287000,156136000,158154594
STLD,1022671,Materials,2025,2025-12-31,2026-02-27,,2392183000,1475986000,1492971000,305660000,1185595000,7.99,1449534000,948025000,68983000,551390000,,291176000,900870000,769878000,4211163000,4176508000,34655000,16419780000,8957182000,148404000,150163986
STLD,1022671,Materials,2026,2026-02-25,2026-02-27,,,,,,,,,,,,,,,,,,,,,,144882401
STT,93751,Financials,2019,2019-12-31,2022-02-17,11756000000,,,2712000000,470000000,2242000000,5.38,5690000000,730000000,,,1375000000,930000000,1585000000,3302000000,,,,245610000000,24431000000,373666000,378659763
STT,93751,Financials,2020,2020-12-31,2023-02-16,11703000000,,,2899000000,479000000,2420000000,6.32,3532000000,560000000,,,375000000,889000000,515000000,3467000000,,,,314706000000,26200000000,357106000,354342408
STT,93751,Financials,2021,2021-12-31,2024-02-15,12027000000,,,3171000000,478000000,2693000000,7.19,-6710000000,811000000,,,3000000,866000000,900000000,3631000000,,,,314624000000,27363000000,357962000,351786357
STT,93751,Financials,2022,2022-12-31,2025-02-13,12148000000,,,3327000000,553000000,2774000000,7.19,11954000000,734000000,,,1544000000,972000000,1500000000,3970000000,,,,301450000000,25191000000,370109000,366067339
STT,93751,Financials,2023,2023-12-31,2026-02-19,11945000000,,,2316000000,372000000,1944000000,5.58,690000000,816000000,,,6421000000,970000000,3781000000,4047000000,,,,297258000000,23799000000,326568000,344478611
STT,93751,Financials,2024,2024-12-31,2026-02-19,13000000000,,,3395000000,708000000,2687000000,8.21,-13210000000,926000000,,,,1033000000,1319000000,3145000000,,,,353240000000,25326000000,302226000,301943571
STT,93751,Financials,2025,2025-12-31,2026-02-19,13944000000,,,3731000000,786000000,2945000000,9.4,11898000000,1055000000,,,,1120000000,1200000000,4433000000,,,,366047000000,27841000000,289019000,288469096
STT,93751,Financials,2026,2026-01-30,2026-02-19,,,,,,,,,,,,,,,,,,,,,,278728211
STX,1137789,Information Technology,2019,2019-06-28,2021-08-06,10390000000,,1487000000,1372000000,-640000000,2012000000,7.06,1761000000,602000000,99000000,541000000,224000000,713000000,963000000,2220000000,,4253000000,0,8885000000,2162000000,285000000,269037767
STX,1137789,Information Technology,2020,2020-07-03,2022-08-05,10509000000,,1300000000,1032000000,28000000,1004000000,3.79,1714000000,585000000,109000000,379000000,201000000,673000000,850000000,1722000000,,4156000000,19000000,8930000000,1787000000,265000000,257461532
STX,1137789,Information Technology,2021,2021-07-02,2023-08-04,10681000000,,1492000000,1348000000,34000000,1314000000,5.36,1626000000,498000000,112000000,397000000,220000000,649000000,2047000000,1209000000,,4894000000,245000000,8675000000,631000000,245000000,227603061
STX,1137789,Information Technology,2022,2022-07-01,2023-08-04,11661000000,,1955000000,1679000000,30000000,1649000000,7.36,1657000000,381000000,145000000,451000000,249000000,610000000,1799000000,615000000,964000000,5062000000,584000000,8944000000,109000000,224000000,208755418
STX,1137789,Information Technology,2023,2023-06-30,2023-08-04,7384000000,,-342000000,-496000000,33000000,-529000000,-2.56,942000000,316000000,115000000,513000000,313000000,582000000,408000000,786000000,,5388000000,63000000,7556000000,-1199000000,207000000,207393242
STX,1137789,Information Technology,2024,2024-06-28,2026-08-04,,,452000000,445000000,110000000,335000000,1.58,918000000,254000000,127000000,264000000,332000000,585000000,0,1358000000,,5195000000,479000000,7739000000,-1491000000,212000000,210195239
STX,1137789,Information Technology,2025,2025-06-27,2026-08-04,,,1890000000,1513000000,44000000,1469000000,6.77,1083000000,265000000,200000000,251000000,,600000000,0,891000000,,4995000000,0,8023000000,-453000000,217000000,212677178
STX,1137789,Information Technology,2026,2026-07-03,2026-08-04,,,4094000000,3690000000,506000000,3184000000,13.9,3674000000,569000000,213000000,276000000,,634000000,176000000,1704000000,,3380000000,185000000,9972000000,2167000000,229000000,226644518
STZ,16918,Consumer Staples,2019,2019-02-28,2021-04-20,8116000000,4080300000,2412200000,4145000000,685900000,3435900000,,2246300000,886300000,64100000,339100000,379100000,557700000,504300000,93600000,12825000000,11759800000,1065200000,29231500000,12551000000,,
STZ,16918,Consumer Staples,2020,2020-02-29,2022-04-21,8343500000,4151900000,2154500000,-945200000,-966600000,-11800000,,2551100000,726500000,60400000,332200000,,569200000,50000000,81400000,11945700000,11210800000,734900000,27323200000,12131800000,,
STZ,16918,Consumer Staples,2021,2021-02-28,2023-04-20,8614900000,4466000000,2791100000,2542900000,511100000,1998000000,,2806500000,864600000,63000000,299100000,,575000000,0,460600000,10442300000,10413100000,29200000,27104800000,13598900000,,
STZ,16918,Consumer Staples,2022,2022-02-28,2024-04-23,8820700000,4707300000,2331700000,310400000,309400000,-40400000,,2705400000,1026800000,44900000,342400000,,573000000,1390500000,199400000,10093500000,9488200000,605300000,25855800000,11731900000,,
STZ,16918,Consumer Staples,2023,2023-02-28,2025-04-23,9452600000,4769000000,2842900000,383600000,422100000,-71000000,,2756900000,1035400000,68500000,387000000,,587700000,1700200000,133500000,11296000000,11286500000,9500000,24662300000,8413600000,,
STZ,16918,Consumer Staples,2024,2024-02-29,2026-04-22,9961800000,5017500000,3169700000,2221800000,456600000,1727400000,,2780000000,1269100000,63600000,429200000,,653800000,249700000,152400000,11637900000,10681100000,956800000,25691700000,9743100000,,
STZ,16918,Consumer Staples,2025,2025-02-28,2026-04-22,10208700000,5314600000,354900000,-82800000,-51700000,-81400000,,3152200000,1214100000,72200000,447000000,,731800000,1123800000,68100000,10691000000,9289000000,1402000000,21652300000,6882000000,,
STZ,16918,Consumer Staples,2026,2026-02-28,2026-04-22,9139000000,4711500000,2721400000,2377800000,621000000,1686700000,,2669000000,875000000,67700000,420000000,,715700000,924100000,102400000,10296500000,9692900000,603600000,21900500000,8082400000,,
SW,2005951,Materials,2022,2022-12-31,2025-03-07,13509000000,3272000000,1558000000,1426000000,391000000,1034000000,3.96,1433000000,930000000,68000000,564000000,148000000,349000000,32000000,,,,,,107,261000000,
SW,2005951,Materials,2023,2023-12-31,2026-02-27,12093000000,3054000000,1372000000,1138000000,312000000,825000000,3.17,1559000000,929000000,66000000,580000000,170000000,391000000,30000000,1000000000,,,78000000,14051000000,6158000000,260000000,
SW,2005951,Materials,2024,2024-12-31,2026-02-27,21109000000,4195000000,1007000000,560000000,241000000,319000000,0.82,1483000000,1466000000,206000000,1464000000,525000000,650000000,27000000,855000000,13056000000,,1053000000,43759000000,17360000000,389000000,
SW,2005951,Materials,2025,2025-12-31,2026-02-27,31179000000,6043000000,1719000000,959000000,260000000,699000000,1.33,3392000000,2192000000,139000000,2550000000,840000000,900000000,0,892000000,13223000000,,346000000,45157000000,18327000000,526000000,521964165
SW,2005951,Materials,2026,2026-02-20,2026-02-27,,,,,,,,,,,,,,,,,,,,,,524253735
SWK,93556,Industrials,2019,2019-12-28,2022-02-22,12912900000,4805500000,1994000000,,126800000,955800000,6.11,1505700000,424700000,88800000,,282200000,402000000,27500000,297700000,3179500000,3176400000,3100000,20596600000,9136300000,156381000,151356989
SWK,93556,Industrials,2020,2020-02-17,2020-02-21,,,,,,,,,,,,,,,,,,,,,,154025464
SWK,93556,Industrials,2021,2021-01-02,2023-02-23,12750000000,4405400000,2176000000,,38000000,1233800000,7.46,2022100000,348100000,109100000,376500000,222700000,431800000,26200000,1241900000,4245400000,4245400000,0,23566300000,11059600000,162427000,160893004
SWK,93556,Industrials,2022,2022-12-31,2025-02-18,16947400000,5092200000,,37900000,-132400000,1062500000,6.76,-1459500000,530400000,90700000,369700000,338500000,465800000,2323000000,395600000,5354100000,5352900000,1200000,24963300000,9712100000,156553000,163352135
SWK,93556,Industrials,2023,2023-12-30,2026-02-24,15781100000,,,-375700000,-94000000,-310500000,-2.07,1191300000,338700000,83800000,432400000,559400000,482600000,16100000,449400000,6102100000,6101000000,1100000,23663800000,9056100000,149751000,153023886
SWK,93556,Industrials,2024,2024-12-28,2026-02-24,15365700000,,,241100000,-45200000,294300000,1.95,1106900000,353900000,105400000,426300000,498600000,491200000,17700000,290500000,6103000000,5602600000,500400000,21848900000,8719900000,151297000,153802067
SWK,93556,Industrials,2025,2025-02-11,2025-02-18,,,,,,,,,,,,,,,,,,,,,,154413950
SWK,93556,Industrials,2026,2026-01-03,2026-02-24,15130400000,,,417900000,16000000,401900000,2.65,971200000,283300000,94100000,365600000,516300000,500600000,20100000,280100000,5258100000,4703300000,554800000,21243700000,9054600000,151878000,155079468
SWKS,4127,Information Technology,2019,2019-09-27,2021-11-24,,1603800000,952000000,961000000,107400000,853600000,4.89,1367400000,398400000,80100000,314900000,0,273900000,657600000,851300000,,,,4839600000,4122300000,174500000,170375324
SWKS,4127,Information Technology,2020,2020-10-02,2022-11-23,,1612900000,891800000,891700000,76900000,814800000,4.8,1204500000,389400000,156600000,318300000,0,307000000,647500000,566700000,0,,,5106700000,4164200000,169900000,166081720
SWKS,4127,Information Technology,2021,2021-10-01,2023-11-17,,2512400000,1612700000,1598700000,100400000,1498300000,8.97,1772000000,637800000,191900000,332200000,-13400000,340600000,195600000,882900000,2235600000,,0,8590700000,5297100000,167000000,166691622
SWKS,4127,Information Technology,2022,2022-09-30,2024-11-15,5485500000,2604300000,1527000000,1476600000,201400000,1275200000,7.81,1424600000,489400000,195200000,394400000,47900000,373100000,886800000,566000000,1689900000,,499200000,8873800000,5469000000,163300000,160161064
SWKS,4127,Information Technology,2023,2023-09-29,2025-11-07,4772400000,2107300000,1125000000,1078800000,96000000,982800000,6.13,1856400000,210300000,185100000,387800000,64400000,405200000,175300000,718800000,992900000,,299400000,8426700000,6082700000,160300000,159954867
SWKS,4127,Information Technology,2024,2024-09-27,2025-11-07,4178000000,1720800000,637400000,636400000,40400000,596000000,3.69,1824700000,157000000,180300000,264800000,30700000,439100000,77300000,1368600000,994300000,,0,8283300000,6336700000,161500000,159920649
SWKS,4127,Information Technology,2025,2025-10-03,2025-11-07,4086900000,1682100000,500000000,526700000,49600000,477100000,3.08,1300800000,195000000,232400000,278700000,27100000,432600000,830200000,1161300000,496400000,,499400000,7917000000,5757100000,155100000,148679767
SWKS,4127,Information Technology,2026,2026-01-26,2026-01-30,,,,,,,,,,,,,,,,,,,,,,149935620
SYF,1601712,Financials,2019,2019-12-31,2022-02-10,,,,4887000000,1140000000,3747000000,5.56,8990000000,,,367000000,2291000000,581000000,3618000000,12147000000,19866000000,,,104826000000,15088000000,673500000,709862330
SYF,1601712,Financials,2020,2020-12-31,2023-02-09,,,,1797000000,412000000,1385000000,2.27,7487000000,,,383000000,1665000000,520000000,985000000,11524000000,15775000000,,,95948000000,12701000000,590800000,613476835
SYF,1601712,Financials,2021,2021-12-31,2024-02-08,,,,5503000000,1282000000,4221000000,7.34,7099000000,,,390000000,1032000000,500000000,2876000000,8337000000,14507000000,,,95748000000,13655000000,569300000,583881805
SYF,1601712,Financials,2022,2022-12-31,2025-02-07,,,,3962000000,946000000,3016000000,6.15,6694000000,,,419000000,1521000000,434000000,3320000000,10294000000,14191000000,,,104564000000,12873000000,483400000,521271848
SYF,1601712,Financials,2023,2023-12-31,2026-02-06,,,,2904000000,666000000,2238000000,5.19,8593000000,,,458000000,3711000000,406000000,1112000000,14259000000,15982000000,,,117479000000,13903000000,423500000,437035160
SYF,1601712,Financials,2024,2024-12-31,2026-02-06,,,,4553000000,1054000000,3499000000,8.55,9848000000,,,481000000,,398000000,1008000000,14711000000,15462000000,,,119463000000,16580000000,400600000,406843602
SYF,1601712,Financials,2025,2025-12-31,2026-02-06,,,,4621000000,1069000000,3552000000,9.28,9851000000,,,514000000,,427000000,2941000000,14973000000,15182000000,,,119095000000,16766000000,373900000,388749489
SYF,1601712,Financials,2026,2026-01-30,2026-02-06,,,,,,,,,,,,,,,,,,,,,,347596279
SYK,310764,Health Care,2019,2019-12-31,2022-02-11,14884000000,9696000000,2713000000,2562000000,479000000,2083000000,5.48,2191000000,649000000,127000000,1044000000,287000000,778000000,307000000,4337000000,,10231000000,859000000,30167000000,,379900000,372664636
SYK,310764,Health Care,2020,2020-12-31,2023-02-10,14351000000,9057000000,2223000000,1954000000,355000000,1599000000,4.2,3277000000,487000000,142000000,1076000000,315000000,863000000,0,2943000000,,13230000000,761000000,34330000000,,380300000,374575145
SYK,310764,Health Care,2021,2021-12-31,2024-02-14,17108000000,10968000000,2584000000,2281000000,287000000,1994000000,5.21,3263000000,525000000,171000000,1272000000,337000000,950000000,0,2944000000,,12472000000,7000000,34631000000,,382300000,376200942
SYK,310764,Health Care,2022,2022-12-31,2025-02-12,18449000000,11578000000,2841000000,2683000000,325000000,2358000000,6.17,2624000000,588000000,168000000,1278000000,337000000,1051000000,,1844000000,,11857000000,1191000000,36884000000,,382200000,377544686
SYK,310764,Health Care,2023,2023-12-31,2026-02-11,20498000000,13058000000,3888000000,3673000000,508000000,3165000000,8.25,3711000000,575000000,205000000,1341000000,356000000,1139000000,,2971000000,,10901000000,2094000000,39912000000,,383700000,378831249
SYK,310764,Health Care,2024,2024-12-31,2026-02-11,22595000000,14440000000,3689000000,3492000000,499000000,2993000000,7.76,4242000000,755000000,229000000,1426000000,396000000,1219000000,,3652000000,,12188000000,1409000000,42971000000,,385600000,380264036
SYK,310764,Health Care,2025,2025-12-31,2026-02-11,25116000000,16065000000,4889000000,4514000000,1268000000,3246000000,8.4,5044000000,761000000,243000000,1570000000,582000000,1284000000,,4011000000,,14859000000,1000000000,47844000000,,386500000,381579123
SYK,310764,Health Care,2026,2026-01-31,2026-02-11,,,,,,,,,,,,,,,,,,,,,,382688675
SYY,96021,Consumer Staples,2019,2019-06-29,2021-08-30,60113922000,11408987000,2330150000,2005836000,331565000,,3.2,2411207000,692391000,104904000,,,775430000,1022033000,513460000,8122058000,,37322000,17966522000,2502603000,523381124,513176946
SYY,96021,Consumer Staples,2020,2020-06-27,2022-08-26,52893310000,9901664000,749505000,293384000,77909000,215475000,0.42,1618680000,720423000,42234000,,,856312000,844699000,6059427000,12902485000,,1542128000,22628266000,1158613000,514025974,508535623
SYY,96021,Consumer Staples,2021,2021-07-03,2023-08-25,51297843000,9356749000,1447188000,584728000,60519000,524209000,1.02,1903842000,470676000,95815000,,,917564000,0,3007123000,10588184000,,486141000,21413539000,1553000000,513555088,512081796
SYY,96021,Consumer Staples,2022,2022-07-02,2024-08-28,68636000000,12320000000,2346000000,1747000000,388000000,1359000000,2.64,1791000000,633000000,122000000,,,959000000,500000000,867000000,,,,22086000000,1382000000,514005827,506110343
SYY,96021,Consumer Staples,2023,2023-07-01,2025-08-22,76325000000,13955000000,3039000000,2285000000,515000000,1770000000,3.47,2868000000,793000000,96000000,,,996000000,500000000,745000000,,,,22821000000,2009000000,509719756,504925847
SYY,96021,Consumer Staples,2024,2024-06-29,2026-08-21,78844000000,14608000000,3202000000,2565000000,610000000,1955000000,3.89,2989000000,832000000,104000000,,,1008000000,1232000000,696000000,,,,24917000000,1860000000,503096086,491520584
SYY,96021,Consumer Staples,2025,2025-06-28,2026-08-21,81370000000,14969000000,3088000000,2415000000,587000000,1828000000,3.73,2510000000,906000000,93000000,,,1000000000,1250000000,1071000000,,,,26774000000,1830000000,489825648,478212357
SYY,96021,Consumer Staples,2026,2026-06-27,2026-08-21,84553000000,15639000000,3095000000,2276000000,519000000,1757000000,3.66,2638000000,700000000,118000000,,,1037000000,200000000,1786000000,,,,28397000000,2666000000,480612203,479096016
T,732717,Communication Services,2019,2019-12-31,2022-02-16,181193000000,,27955000000,18468000000,3493000000,13903000000,1.89,48668000000,,819000000,28217000000,8422000000,14888000000,2417000000,9702000000,161109000000,,,551669000000,201934000000,7348000000,7285000000
T,732717,Communication Services,2020,2020-12-31,2023-02-13,143050000000,,8372000000,-354000000,1168000000,-5176000000,-0.75,43130000000,,422000000,22523000000,7727000000,14956000000,5498000000,7924000000,155209000000,,,525761000000,179240000000,7466000000,7172884070
T,732717,Communication Services,2021,2021-12-31,2024-02-23,134038000000,,25897000000,29171000000,5395000000,20081000000,2.73,41957000000,,447000000,17852000000,6716000000,15068000000,202000000,19223000000,167476000000,,,551622000000,183855000000,7503000000,7131763496
T,732717,Communication Services,2022,2022-12-31,2025-02-12,120741000000,,-4587000000,-3094000000,3780000000,-8524000000,-1.13,,,518000000,18021000000,6108000000,9859000000,890000000,3701000000,133207000000,,,402853000000,106457000000,7587000000,7142892741
T,732717,Communication Services,2023,2023-12-31,2026-02-09,122428000000,,23461000000,19848000000,4225000000,14400000000,1.97,38314000000,,479000000,18777000000,6704000000,8136000000,194000000,6722000000,133402000000,,,407060000000,117442000000,7258000000,7129870323
T,732717,Communication Services,2024,2024-12-31,2026-02-09,122336000000,,19049000000,16698000000,4445000000,10948000000,1.49,38771000000,,505000000,20580000000,,8208000000,215000000,3298000000,122116000000,,,394795000000,118245000000,7204000000,7152792253
T,732717,Communication Services,2025,2025-12-31,2026-02-09,125648000000,,24162000000,27007000000,3621000000,21953000000,3.04,40284000000,,536000000,20886000000,,8180000000,4500000000,18234000000,134718000000,,,420198000000,126491000000,7179000000,7178183000
T,732717,Communication Services,2026,2026-01-28,2026-02-09,,,,,,,,,,,,,,,,,,,,,,7000577201
TAP,24545,Consumer Staples,2018,2018-12-31,2021-02-11,13338000000,4184800000,1631800000,1359800000,225200000,1116500000,,2331300000,651700000,42600000,857500000,306200000,354200000,,1057900000,10476900000,8893800000,1583100000,30109800000,13507400000,216600000,
TAP,24545,Consumer Staples,2019,2019-12-31,2021-02-11,13009100000,4201200000,764400000,479900000,233700000,241700000,,1897300000,593800000,8500000,859000000,280900000,424400000,,523400000,9030800000,8109500000,921300000,28859800000,13419400000,216900000,
TAP,24545,Consumer Staples,2020,2020-12-31,2021-02-11,11723800000,3768300000,-408900000,-643900000,301800000,-949000000,,1695700000,574800000,24200000,922000000,274600000,125300000,0,770100000,8214300000,7208200000,1006100000,27331100000,12365000000,216800000,
TAP,24545,Consumer Staples,2021,2021-12-31,2024-02-20,,4053400000,1454400000,1239000000,230500000,1005700000,,1573500000,522600000,32100000,786100000,260300000,147800000,0,637400000,7155200000,6647200000,508000000,27619000000,13417100000,217600000,
TAP,24545,Consumer Staples,2022,2022-12-31,2025-02-18,,3655200000,157500000,-62500000,124000000,-175300000,-0.81,1502000000,661400000,33600000,684800000,250600000,329300000,51500000,600000000,6541400000,6165200000,376200000,25868300000,12689700000,216900000,
TAP,24545,Consumer Staples,2023,2023-12-31,2026-02-18,,4368800000,1438200000,1252500000,296100000,948900000,4.37,2079000000,671500000,44900000,682800000,234000000,354700000,205800000,868900000,6202400000,5312100000,890300000,26375100000,13196000000,217300000,
TAP,24545,Consumer Staples,2024,2024-12-31,2026-02-18,,4533400000,1753200000,1503000000,345300000,1122400000,5.35,1910300000,674100000,43100000,759400000,,369200000,643400000,969300000,6126200000,6113900000,12300000,26064300000,13092400000,209900000,
TAP,24545,Consumer Staples,2025,2025-12-31,2026-02-18,,4274600000,-2336900000,-2518000000,-337800000,-2139600000,-10.75,1784400000,716600000,35000000,711300000,,376300000,647900000,896500000,6260100000,3865400000,2394700000,22738400000,10230300000,199100000,
TDG,1260221,Industrials,2018,2018-09-30,2020-11-12,3811000000,2177000000,1655000000,986000000,24000000,957000000,,1022000000,73000000,58500000,129000000,,,0,2073000000,12577763000,12501946000,75817000,12197467000,-1808471000,,52748435
TDG,1260221,Industrials,2019,2019-09-30,2021-11-16,5223000000,2809000000,1926000000,1063000000,222000000,890000000,,1015000000,102000000,93000000,226000000,,,0,1467000000,16549000000,16469000000,80000000,16255000000,-2894000000,,53548349
TDG,1260221,Industrials,2020,2020-09-30,2022-11-10,5103000000,2647000000,1751000000,740000000,87000000,699000000,8.96,1213000000,105000000,93000000,283000000,,,19000000,4717000000,19660000000,19384000000,276000000,18395000000,-3972000000,57300000,54435882
TDG,1260221,Industrials,2021,2021-09-30,2023-11-09,4798000000,2513000000,1691000000,715000000,34000000,680000000,10.41,913000000,105000000,129000000,253000000,,,0,4787000000,19649000000,,277000000,19315000000,-2916000000,58400000,55248901
TDG,1260221,Industrials,2022,2022-09-30,2024-11-07,5429000000,3099000000,2215000000,1127000000,261000000,866000000,13.4,948000000,119000000,153000000,253000000,,,912000000,3001000000,19445000000,,76000000,18107000000,-3773000000,58200000,54374596
TDG,1260221,Industrials,2023,2023-09-30,2025-11-12,6585000000,3842000000,2923000000,1716000000,417000000,1298000000,22.03,1375000000,139000000,135000000,268000000,,,0,3472000000,19401000000,,71000000,19970000000,-1984000000,57200000,55314104
TDG,1260221,Industrials,2024,2024-09-30,2025-11-12,7940000000,4672000000,3531000000,2215000000,500000000,1714000000,25.62,2045000000,165000000,188000000,312000000,,,0,6261000000,24394000000,,98000000,25586000000,-6290000000,57800000,56230448
TDG,1260221,Industrials,2025,2025-09-30,2025-11-12,8831000000,5311000000,4165000000,2629000000,555000000,2074000000,32.08,2038000000,222000000,152000000,367000000,,159000000,500000000,2808000000,29291000000,,124000000,22909000000,-9686000000,58200000,56318584
TDY,1094285,Information Technology,2019,2019-12-29,2022-02-25,,,491700000,473700000,71400000,402300000,10.73,482100000,88400000,,111900000,21000000,,,199500000,850600000,750000000,100600000,4579800000,2714700000,37500000,36209282
TDY,1094285,Information Technology,2020,2020-02-19,2020-02-24,,,,,,,,,,,,,,,,,,,,,,36630917
TDY,1094285,Information Technology,2021,2021-01-03,2023-02-24,,,480100000,469700000,67800000,401900000,10.62,618900000,71400000,,116200000,15300000,,,673100000,778500000,680900000,97600000,5084800000,3228600000,37900000,37019992
TDY,1094285,Information Technology,2022,2022-01-02,2024-02-23,,,624300000,533800000,88500000,445300000,10.05,824600000,101600000,,371800000,90800000,,,474700000,4099400000,4099400000,0,14430300000,7622000000,44300000,47194791
TDY,1094285,Information Technology,2023,2023-12-31,2026-02-20,,,1034400000,958900000,72300000,885700000,18.49,836100000,114900000,,316400000,89300000,,0,648300000,3244900000,2644800000,600100000,14527900000,8169200000,47900000,46995252
TDY,1094285,Information Technology,2024,2024-12-29,2026-02-20,,,989100000,937900000,117200000,819200000,17.21,1191900000,83700000,,309900000,,,354000000,649800000,2649000000,2648700000,300000,14200500000,9549400000,47600000,47376363
TDY,1094285,Information Technology,2025,2025-12-28,2026-02-20,,,1149800000,1094500000,198800000,894800000,18.88,1191300000,117300000,,336300000,,,402900000,352400000,2475400000,2025300000,450100000,15285300000,10513900000,47400000,46834810
TDY,1094285,Information Technology,2026,2026-02-11,2026-02-20,,,,,,,,,,,,,,,,,,,,,,46305311
TECH,842023,Health Care,2019,2019-06-30,2021-08-25,,473491000,146719000,112015000,15943000,96072000,2.47,181619000,25411000,32280000,78171000,21705000,48364000,15405000,100886000,492660000,,12500000,1884410000,1165589000,38892000,38063504
TECH,842023,Health Care,2020,2020-06-30,2022-08-24,,483194000,157419000,276477000,47181000,229296000,5.82,205217000,51744000,32367000,82737000,19197000,48902000,50112000,146625000,344243000,,12500000,2027589000,1381192000,39401000,38550371
TECH,842023,Health Care,2021,2021-06-30,2023-08-23,,632850000,237296000,148175000,8590000,140410000,0.87,352164000,44301000,48982000,87747000,13952000,49622000,43178000,199091000,328827000,,12500000,2262957000,1562971000,161932000,39079539
TECH,842023,Health Care,2022,2022-06-30,2024-08-22,,756496000,296590000,301386000,38287000,272051000,1.66,325272000,44908000,42183000,101069000,11309000,50185000,160950000,172567000,243410000,,12500000,2294805000,1701770000,164114000,39212033
TECH,842023,Health Care,2023,2023-06-30,2025-08-22,1136702000,769815000,298944000,338659000,53217000,285263000,1.76,254393000,38244000,39230000,107238000,11215000,50285000,19562000,180571000,350000000,,,2638692000,1966516000,161855000,158174312
TECH,842023,Health Care,2024,2024-06-30,2026-08-24,1159060000,769725000,206686000,185689000,17584000,168105000,1.05,298981000,62877000,38042000,111711000,,50419000,80042000,151791000,319000000,,,2703867000,2068850000,160774000,158600408
TECH,842023,Health Care,2025,2025-06-30,2026-08-24,1219635000,790272000,102255000,98463000,25063000,73400000,0.46,287556000,31006000,40833000,109903000,,50391000,275731000,162186000,346000000,,,2557868000,1918808000,159717000,155549587
TECH,842023,Health Care,2026,2026-06-30,2026-08-24,1215039000,799071000,251890000,240680000,58818000,,1.16,292073000,28850000,41365000,97359000,,49916000,41675000,264712000,200000000,,,2586726000,2108221000,157009000,156818238
TEL,1385157,Information Technology,2018,2018-09-28,2020-11-10,13988000000,4745000000,2331000000,2240000000,-344000000,2565000000,7.27,2451000000,935000000,95000000,667000000,107000000,588000000,879000000,848000000,4000000000,3037000000,,20386000000,,353000000,343034000
TEL,1385157,Information Technology,2019,2019-09-27,2021-11-09,13448000000,4394000000,1978000000,1931000000,-15000000,1844000000,5.42,2422000000,749000000,75000000,690000000,68000000,608000000,1091000000,927000000,,3395000000,,19694000000,10570000000,340000000,334474632
TEL,1385157,Information Technology,2020,2020-09-25,2022-11-15,12172000000,3735000000,537000000,524000000,783000000,-241000000,-0.73,1992000000,560000000,74000000,711000000,48000000,625000000,523000000,945000000,,3452000000,,19242000000,,332000000,330742574
TEL,1385157,Information Technology,2021,2021-09-24,2023-11-13,14923000000,4887000000,2434000000,2378000000,123000000,2261000000,6.79,2676000000,690000000,94000000,769000000,56000000,647000000,831000000,1203000000,,3589000000,,21462000000,,333000000,326313355
TEL,1385157,Information Technology,2022,2022-09-30,2024-11-12,16281000000,5244000000,2756000000,2733000000,306000000,2428000000,7.47,2468000000,768000000,119000000,785000000,66000000,685000000,1412000000,1088000000,,3292000000,,20782000000,,325000000,317230563
TEL,1385157,Information Technology,2023,2023-09-29,2025-11-10,16034000000,5055000000,2304000000,2268000000,364000000,1910000000,6.03,3132000000,732000000,123000000,794000000,80000000,725000000,945000000,1661000000,,3529000000,,21712000000,11551000000,317000000,310779275
TEL,1385157,Information Technology,2024,2024-09-27,2025-11-10,15845000000,5456000000,2796000000,2797000000,-397000000,3193000000,10.33,3477000000,680000000,127000000,826000000,,760000000,2062000000,1319000000,,3332000000,,22854000000,,309000000,299162134
TEL,1385157,Information Technology,2025,2025-09-26,2025-11-10,17262000000,6079000000,3211000000,3204000000,1361000000,1842000000,6.16,4139000000,936000000,149000000,838000000,,803000000,1347000000,1255000000,,4842000000,,25081000000,,299000000,294189246
TER,97210,Information Technology,2019,2019-12-31,2022-02-23,2294965000,1339829000,553654000,525772000,58304000,467468000,2.6,578750000,134642000,37897000,120655000,22224000,61305000,500000000,773924000,,,,2787014000,1480158000,179459000,173629283
TER,97210,Information Technology,2020,2020-12-31,2023-02-22,3121469000,1785741000,928407000,901015000,116868000,784147000,4.28,868935000,184977000,44906000,126743000,24182000,66482000,88465000,914121000,,,,3652346000,2207018000,183042000,166784497
TER,97210,Information Technology,2021,2021-12-31,2024-02-22,3702881000,2206656000,1200720000,1160955000,146366000,1014589000,5.53,1098366000,132472000,45643000,125485000,17820000,65977000,600000000,1122199000,,,,3809425000,2562444000,183625000,166694772
TER,97210,Information Technology,2022,2022-12-31,2025-02-20,3155045000,1867151000,831939000,840385000,124884000,715501000,4.22,577923000,163249000,48228000,110675000,3719000,69711000,752082000,854773000,,,,3501252000,2451294000,169734000,162417046
TER,97210,Information Technology,2023,2023-12-31,2026-02-19,2676298000,1536748000,501068000,525572000,76820000,448752000,2.73,585231000,159642000,57682000,110886000,3806000,67878000,397241000,757571000,,,,3486824000,2525897000,164304000,156047868
TER,97210,Information Technology,2024,2024-12-31,2026-02-19,2819880000,1648927000,593788000,609086000,59503000,542372000,3.32,672176000,198095000,60122000,119741000,3587000,76423000,198574000,553354000,,,,3708714000,2819294000,163314000,153080607
TER,97210,Information Technology,2025,2025-12-31,2026-02-19,3190024000,1857345000,650051000,653260000,79299000,554047000,3.47,674415000,224009000,63999000,127981000,6846000,76313000,702095000,293751000,,,,4183599000,2795752000,159719000,161718766
TER,97210,Information Technology,2026,2026-02-16,2026-02-19,,,,,,,,,,,,,,,,,,,,,,156555950
TFC,92230,Financials,2019,2019-12-31,2022-02-23,,,,4019000000,782000000,,3.71,1520000000,224000000,165000000,,2096000000,1309000000,0,19065000000,41339000000,,,473078000000,,815204000,763599034
TFC,92230,Financials,2020,2020-12-31,2023-02-28,,,,5473000000,981000000,,3.08,7437000000,815000000,353000000,,1722000000,2424000000,0,18868000000,39597000000,,,509228000000,,1358289000,1342769369
TFC,92230,Financials,2021,2021-12-31,2024-02-27,,,,7993000000,1556000000,,4.47,7892000000,442000000,320000000,,768000000,2485000000,1616000000,20295000000,35913000000,,,541241000000,,1349378000,1347198511
TFC,92230,Financials,2022,2022-12-31,2025-02-25,,,,7029000000,1250000000,,4.43,11081000000,564000000,261000000,,2321000000,2656000000,250000000,,43203000000,,,555255000000,,1338462000,1328120453
TFC,92230,Financials,2023,2023-12-31,2026-02-24,,,,-765000000,738000000,,-1.09,8631000000,,298000000,,9856000000,2770000000,0,,38918000000,,,535349000000,,1331963000,1327909982
TFC,92230,Financials,2024,2024-12-31,2026-02-24,,,,-601000000,-556000000,,3.36,2164000000,,292000000,,,2770000000,1000000000,,34956000000,,,531176000000,63679000000,1331087000,1334529883
TFC,92230,Financials,2025,2025-12-31,2026-02-24,,,,6349000000,1042000000,,3.82,5739000000,,317000000,,,2672000000,2500000000,,41963000000,,,547538000000,65189000000,1302700000,1305350706
TFC,92230,Financials,2026,2026-01-31,2026-02-24,,,,,,,,,,,,,,,,,,,,,,1249168322
TGT,27419,Consumer Staples,2019,2019-02-02,2021-03-10,,,4110000000,,746000000,,5.51,5973000000,3516000000,132000000,2474000000,461000000,1335000000,2124000000,,10247000000,,1052000000,41290000000,11297000000,533200000,516333213
TGT,27419,Consumer Staples,2020,2020-02-01,2022-03-09,,,4658000000,4190000000,921000000,,6.36,7117000000,3027000000,147000000,2604000000,477000000,1330000000,1565000000,,9992000000,,161000000,42779000000,11833000000,515600000,500961951
TGT,27419,Consumer Staples,2021,2021-01-30,2023-03-08,,,6539000000,5546000000,1178000000,4368000000,8.64,10525000000,2649000000,200000000,2485000000,977000000,1343000000,745000000,,10643000000,,,51248000000,14440000000,505400000,498616180
TGT,27419,Consumer Staples,2022,2022-01-29,2024-03-13,,,8946000000,8907000000,1961000000,6946000000,14.1,8625000000,3544000000,228000000,2642000000,421000000,1548000000,7188000000,,11568000000,,,53811000000,12827000000,492700000,462418075
TGT,27419,Consumer Staples,2023,2023-01-28,2025-03-12,,,3848000000,3418000000,638000000,2780000000,5.98,4018000000,5528000000,220000000,2700000000,478000000,1836000000,2646000000,,14141000000,,,53335000000,11232000000,464700000,460363991
TGT,27419,Consumer Staples,2024,2024-02-03,2026-03-11,,,5707000000,5297000000,1159000000,4138000000,8.94,8621000000,4806000000,251000000,2801000000,502000000,2011000000,0,,14151000000,,,55356000000,13432000000,462800000,461690206
TGT,27419,Consumer Staples,2025,2025-02-01,2026-03-11,,,5566000000,5261000000,1170000000,4091000000,8.86,7367000000,2891000000,304000000,2981000000,,2046000000,1007000000,,13904000000,,,57769000000,14666000000,461800000,455576464
TGT,27419,Consumer Staples,2026,2026-01-31,2026-03-11,,,5117000000,4767000000,1062000000,3705000000,8.13,6562000000,3727000000,281000000,3134000000,,2053000000,408000000,,14398000000,,,59490000000,16165000000,455600000,452855589
TJX,109198,Consumer Discretionary,2019,2019-02-02,2019-04-03,,,4763227000,4173211000,1113413000,3059798000,2.43,4088459000,1125139000,103557000,819655000,69102000,922596000,2406997000,3030229000,,2233616000,,14326029000,5048606000,1259252000,1214588500
TJX,109198,Consumer Discretionary,2020,2020-02-01,2022-03-30,,,,4406183000,1133990000,3272193000,2.67,4066540000,1223116000,124957000,867303000,61400000,1071562000,1551992000,3216752000,2244844000,2236625000,0,24145003000,5948000000,1226519000,1197698188
TJX,109198,Consumer Discretionary,2021,2021-01-30,2023-03-29,,,,89000000,-1000000,90000000,0.07,4562000000,568000000,59000000,871000000,199000000,278000000,202000000,10469570000,6118070000,5332921000,749684000,30814000000,5833000000,1215000000,1205970255
TJX,109198,Consumer Discretionary,2022,2022-01-29,2024-04-03,,,,4398000000,1115000000,3283000000,2.7,3057000000,1045000000,189000000,868000000,123000000,1252000000,2176000000,6227000000,3374000000,3355000000,0,28461000000,6003000000,1216000000,1175228119
TJX,109198,Consumer Discretionary,2023,2023-01-28,2025-04-02,,,,4636000000,1138000000,3498000000,2.97,4084000000,1457000000,122000000,887000000,91000000,1339000000,2255000000,5477000000,3375000000,2859000000,500000000,28349000000,6364000000,1178000000,1152568938
TJX,109198,Consumer Discretionary,2024,2024-02-03,2026-03-31,,,,5967000000,1493000000,4474000000,3.86,6057000000,1722000000,160000000,964000000,82000000,1484000000,2484000000,5600000000,2876000000,2862000000,0,29747000000,7302000000,1159000000,1132973879
TJX,109198,Consumer Discretionary,2025,2025-02-01,2026-03-31,,,,6483000000,1619000000,4864000000,4.26,6116000000,1918000000,183000000,1104000000,78000000,1648000000,2513000000,5335000000,2877000000,2866000000,0,31749000000,8393000000,1142000000,1117100487
TJX,109198,Consumer Discretionary,2026,2026-01-31,2026-03-31,,,,7299000000,1805000000,5494000000,4.87,6874000000,1957000000,214000000,1247000000,79000000,1842000000,2522000000,6230000000,2878000000,1870000000,999000000,35767000000,10190000000,1128000000,1106810654
TKO,1973266,Communication Services,2021,2021-12-31,2024-02-27,1031944000,,391137000,,15769000,,,441235000,,63855000,63250000,102247000,,,,,,,,,,
TKO,1973266,Communication Services,2022,2022-12-31,2025-02-26,1140147000,,544387000,,14318000,,,501723000,,23744000,60032000,139567000,,,180574000,2758998000,2736315000,22683000,3580730000,568916000,,
TKO,1973266,Communication Services,2023,2023-12-31,2026-02-25,3224796000,,375780000,,33196000,-35227000,-0.43,266159000,,64512000,224051000,229605000,,100000000,235839000,2736315000,2713948000,22367000,12690739000,4108980000,82808019,
TKO,1973266,Communication Services,2024,2024-12-31,2026-02-25,4884241000,,30946000,,37255000,9408000,0.02,586084000,,103466000,457925000,235792000,,165000000,619787000,2762282000,2735305000,26977000,15111782000,4091023000,171874540,
TKO,1973266,Communication Services,2025,2025-12-31,2026-02-25,4735151000,,835015000,606624000,73771000,195403000,2.26,1285725000,,117588000,484990000,202724000,185155000,866846000,831100000,3762124000,3724063000,38061000,15495821000,3737381000,194011072,
TMO,97745,Health Care,2019,2019-12-31,2022-02-24,,,4594000000,4070000000,374000000,,9.17,4973000000,926000000,181000000,,676000000,297000000,1500000000,2399000000,17752000000,17076000000,676000000,58381000000,29675000000,403000000,399003681
TMO,97745,Health Care,2020,2020-12-31,2023-02-23,,,7794000000,7225000000,850000000,,15.96,8289000000,1474000000,196000000,,553000000,337000000,1500000000,10325000000,21728000000,19107000000,2628000000,69052000000,34507000000,399000000,398828389
TMO,97745,Health Care,2021,2021-12-31,2024-02-22,,,10028000000,,1109000000,,19.46,9312000000,2523000000,230000000,,536000000,395000000,2000000000,4477000000,34670000000,,2537000000,95123000000,40793000000,397000000,393793362
TMO,97745,Health Care,2022,2022-12-31,2025-02-20,,,8393000000,,703000000,,17.63,9154000000,2243000000,307000000,,726000000,455000000,3000000000,8524000000,34278000000,,5579000000,97154000000,43978000000,394000000,391191770
TMO,97745,Health Care,2023,2023-12-31,2026-02-26,,,6859000000,,284000000,5995000000,15.45,8406000000,1479000000,278000000,,1375000000,523000000,3000000000,8077000000,34727000000,,3609000000,98726000000,46735000000,388000000,385430077
TMO,97745,Health Care,2024,2024-12-31,2026-02-26,,,7337000000,,657000000,6335000000,16.53,8667000000,1400000000,301000000,,,583000000,4000000000,4009000000,31072000000,,2214000000,97321000000,49584000000,383000000,381312268
TMO,97745,Health Care,2025,2025-12-31,2026-02-26,,,7746000000,,547000000,6704000000,17.74,7818000000,1525000000,310000000,,,636000000,3000000000,9852000000,39172000000,,3533000000,110343000000,53407000000,378000000,377261182
TMO,97745,Health Care,2026,2026-01-31,2026-02-26,,,,,,,,,,,,,,,,,,,,,,371484244
TMUS,1283699,Communication Services,2019,2019-12-31,2022-02-11,,,5722000000,4603000000,1135000000,3468000000,4.02,6824000000,6391000000,495000000,6616000000,,,0,1528000000,24969000000,10958000000,25000000,86921000000,28789000000,863433511,850221464
TMUS,1283699,Communication Services,2020,2020-12-31,2023-02-14,,,6636000000,3530000000,786000000,3064000000,2.65,8640000000,11034000000,694000000,14151000000,,,19536000000,10385000000,71125000000,61830000000,4579000000,200162000000,65344000000,1154749428,856932845
TMUS,1283699,Communication Services,2021,2021-12-31,2024-02-02,,,6892000000,3351000000,327000000,3024000000,2.41,13917000000,12326000000,540000000,16383000000,,0,0,6631000000,74193000000,67076000000,3378000000,206563000000,69102000000,1254769926,1242804085
TMUS,1283699,Communication Services,2022,2022-12-31,2025-01-31,,,6543000000,3146000000,556000000,2590000000,2.06,16781000000,13970000000,595000000,13651000000,,0,3000000000,4507000000,71960000000,66796000000,5164000000,211338000000,69656000000,1255376769,1249289954
TMUS,1283699,Communication Services,2023,2023-12-31,2026-02-11,,,14266000000,10999000000,2682000000,8317000000,6.93,18559000000,9801000000,667000000,12818000000,,747000000,13074000000,5135000000,75018000000,71399000000,,207682000000,64715000000,1200286264,1219383110
TMUS,1283699,Communication Services,2024,2024-12-31,2026-02-11,,,18010000000,14712000000,3373000000,11339000000,9.66,22293000000,8840000000,649000000,12919000000,,3300000000,11228000000,5409000000,78265000000,74197000000,,208035000000,61741000000,1173213898,1186867575
TMUS,1283699,Communication Services,2025,2025-12-31,2026-02-11,,,18279000000,14281000000,3289000000,10992000000,9.72,27950000000,9955000000,829000000,13508000000,,4121000000,9974000000,5598000000,86282000000,81147000000,,219237000000,59203000000,1131076251,1141744952
TMUS,1283699,Communication Services,2026,2026-02-06,2026-02-11,,,,,,,,,,,,,,,,,,,,,,1101862739
TPL,1811074,Energy,2019,2019-12-31,2022-02-23,490496000,,399573000,402255000,83527000,318728000,41.09,342790000,32209000,0,8906000,,46546000,4353000,303645000,,,,598176000,512137000,7756437,
TPL,1811074,Energy,2020,2020-12-31,2023-02-22,302564000,,217261000,219662000,43613000,176049000,22.7,207037000,5086000,0,14395000,,201660000,0,281046000,,,,571635000,485184000,7756156,
TPL,1811074,Energy,2021,2021-12-31,2024-02-21,450958000,,362393000,363017000,93037000,269980000,34.83,265163000,16415000,28000,16257000,,85264000,19684000,428242000,,,,764064000,651711000,7752054,7756156
TPL,1811074,Energy,2022,2022-12-31,2025-02-19,667422000,,562307000,568855000,122493000,446362000,19.26,447149000,18967000,8432000,15376000,,247281000,87765000,510834000,,,,877427000,772887000,23180427,7745375
TPL,1811074,Energy,2023,2023-12-31,2026-02-18,631595000,,486053000,517561000,111916000,405645000,5.86,418288000,,10343000,14757000,0,99972000,42573000,725169000,,,,1156398000,1043196000,69179535,7695496
TPL,1811074,Energy,2024,2024-12-31,2026-02-18,705823000,,539138000,578821000,124861000,453960000,6.57,490672000,,12498000,25162000,0,347309000,29159000,369835000,,,,1248020000,1132465000,69059252,7668422
TPL,1811074,Energy,2025,2025-12-31,2026-02-18,798190000,,592161000,610329000,128953000,481376000,6.97,545910000,,15131000,62533000,690000,147798000,8380000,144809000,,,,1623278000,1458907000,69027492,22984798
TPL,1811074,Energy,2026,2026-02-09,2026-02-18,,,,,,,,,,,,,,,,,,,,,,68941554
TPR,1116132,Consumer Discretionary,2019,2019-06-29,2021-08-19,,4053700000,819700000,,122800000,643400000,2.21,792400000,274200000,84800000,270400000,66900000,,100000000,969200000,1601900000,1616700000,800000,6877300000,3513400000,290800000,286849656
TPR,1116132,Consumer Discretionary,2020,2020-06-27,2022-08-18,,3239300000,-550800000,-624200000,27900000,-652100000,-2.34,407000000,205400000,53100000,829200000,71500000,,300000000,1426300000,1587900000,1600000000,711500000,7924200000,2276400000,278600000,276241174
TPR,1116132,Consumer Discretionary,2021,2021-07-03,2023-08-17,,4081900000,968000000,897300000,63100000,834200000,2.95,1323700000,116000000,64100000,220500000,73500000,,0,2007700000,1590700000,1600000000,0,8382400000,3259300000,283000000,279575180
TPR,1116132,Consumer Discretionary,2022,2022-07-02,2024-08-15,,4650400000,1175800000,1047000000,190700000,856300000,3.17,853200000,93900000,72200000,195300000,68800000,,1600000000,789800000,1659200000,1668800000,31200000,7265300000,2285500000,270100000,241218609
TPR,1116132,Consumer Discretionary,2023,2023-07-01,2025-08-14,,4714900000,1172400000,1143100000,207100000,936000000,3.88,975200000,184200000,78800000,182200000,72800000,,703500000,726100000,1635800000,1643800000,25000000,7116800000,2277800000,241300000,227439225
TPR,1116132,Consumer Discretionary,2024,2024-06-29,2026-08-13,,4889500000,1140100000,1011900000,195900000,816000000,3.5,1255600000,108900000,85900000,174000000,369600000,,0,6142000000,6937200000,7003400000,303400000,13396300000,2896900000,233200000,230220721
TPR,1116132,Consumer Discretionary,2025,2025-06-28,2026-08-13,,5288900000,415000000,216100000,32900000,183200000,0.82,1216600000,122700000,87300000,162900000,271200000,,1718700000,1100000000,2377900000,2396600000,16700000,6580500000,857800000,222500000,208123628
TPR,1116132,Consumer Discretionary,2026,2026-06-27,2026-08-13,,6229000000,1914400000,1860600000,332900000,1527700000,7.27,1978500000,166000000,104500000,160800000,119300000,,1554600000,974700000,2379000000,2396600000,0,6691700000,692100000,210200000,199391678
TRGP,1389170,Energy,2019,2019-12-31,2022-02-24,8671100000,2552600000,192900000,-46700000,-87900000,-209200000,-1.44,1389800000,2877800000,60300000,971600000,,,,331100000,7822400000,,,18815100000,4920800000,232500000,232143230
TRGP,1389170,Energy,2020,2020-12-31,2023-02-22,8260300000,,-1303700000,-1573100000,-248100000,-1553900000,-7.26,1744500000,951600000,66200000,865100000,,,,242800000,7755700000,,,15875700000,2653900000,232200000,233046042
TRGP,1389170,Energy,2021,2021-12-31,2024-02-15,16949800000,,864800000,436900000,14800000,71200000,-0.07,2302900000,505100000,59200000,870600000,,,,158500000,6597200000,,,15208200000,2011800000,228600000,228654246
TRGP,1389170,Energy,2022,2022-12-31,2025-02-20,20929800000,,1729000000,1663200000,131800000,1195500000,3.88,2380800000,1334300000,57500000,1096000000,,,,219000000,11536400000,,,19560000000,2665700000,231100000,228783477
TRGP,1389170,Energy,2023,2023-12-31,2026-02-19,16060300000,,2626200000,1942500000,363200000,1345900000,3.66,3211600000,2385400000,62400000,1329600000,,,,141700000,12953900000,,,20671800000,2739700000,226000000,226639398
TRGP,1389170,Energy,2024,2024-12-31,2026-02-19,16381500000,,2695400000,1938000000,384500000,1312000000,5.74,3649700000,2965800000,63200000,1423000000,,,,157300000,14174600000,,,22734100000,2592400000,221300000,223155363
TRGP,1389170,Energy,2025,2025-12-31,2026-02-19,17028300000,,3331200000,2486400000,529700000,1923000000,8.49,3917400000,3333300000,69500000,1515300000,,,,166100000,17432500000,,,25218400000,3067900000,216900000,218106765
TRGP,1389170,Energy,2026,2026-02-13,2026-02-19,,,,,,,,,,,,,,,,,,,,,,214951798
TRMB,864749,Information Technology,2019,2019-02-19,2019-02-22,,,,,,,,,,,,,,,,,,,,,,251514221
TRMB,864749,Information Technology,2020,2020-01-03,2022-02-23,3271300000,1780900000,375900000,344800000,-169700000,514300000,2.03,585000000,69000000,75000000,,,,179800000,189200000,1624200000,1624200000,219000000,6640700000,3119000000,252900000,250166168
TRMB,864749,Information Technology,2021,2021-12-31,2025-01-16,3659400000,2034700000,561000000,574600000,81800000,492700000,1.94,750500000,46100000,122600000,,,,180000000,325700000,1293200000,1291400000,0,7099600000,3598600000,254300000,250974620
TRMB,864749,Information Technology,2022,2022-12-30,2025-01-16,3676300000,2105600000,510900000,569100000,119400000,449700000,1.8,391200000,43200000,120400000,171800000,,,394700000,271000000,1220000000,1220000000,300000000,7269000000,4050200000,250200000,251215563
TRMB,864749,Information Technology,2023,2023-12-29,2025-01-16,3798700000,2332800000,448800000,357000000,45700000,311300000,1.25,597100000,42000000,145400000,250600000,,,100000000,229800000,,2536200000,530400000,9539300000,4500100000,249100000,246951697
TRMB,864749,Information Technology,2024,2024-02-20,2025-01-16,,,,,,,,,,,,,,,,,,,,,,245687181
TRMB,864749,Information Technology,2025,2025-01-03,2026-02-25,,2396300000,460700000,2005900000,501500000,1504400000,6.09,531400000,33600000,158600000,232000000,,,175000000,738800000,1390600000,1390600000,,9488300000,5745300000,247200000,238583485
TRMB,864749,Information Technology,2026,2026-01-02,2026-02-25,,2477900000,592000000,509400000,85400000,424000000,1.76,386200000,25300000,146500000,199900000,,,863400000,253400000,1392200000,1392200000,,9312000000,5836200000,241500000,233929408
TROW,1113169,Financials,2019,2019-12-31,2022-02-24,,,2387000000,2927300000,678400000,2131300000,8.7,1522700000,204600000,206600000,,,,705800000,1781800000,,,,9330400000,7102100000,238600000,236263621
TROW,1113169,Financials,2020,2020-12-31,2023-02-15,,,2745700000,3242200000,718900000,2372700000,9.98,1918900000,214600000,246200000,,,,1201900000,2151700000,,,,10659000000,7707000000,231200000,236041040
TROW,1113169,Financials,2021,2021-12-31,2024-02-16,,,3710000000,3994600000,896100000,3082900000,13.12,3452000000,239100000,274600000,,,,1138500000,1523100000,,,,12509000000,9022700000,228800000,227946081
TROW,1113169,Financials,2022,2022-12-31,2025-02-14,,,2373700000,1948200000,498600000,1557900000,6.7,2359400000,237600000,285400000,,,,849800000,1755600000,,,,11643300000,8839500000,227100000,228093290
TROW,1113169,Financials,2023,2023-12-31,2026-02-13,,,1986200000,2490300000,654600000,1788700000,7.76,1219100000,307900000,265600000,,,,254400000,2066600000,,,,12278800000,9505100000,224800000,224398924
TROW,1113169,Financials,2024,2024-12-31,2026-02-13,,,2333300000,2819600000,683800000,2100100000,9.15,1685600000,423400000,247300000,,,,337200000,2649800000,,,,13472000000,10345400000,223300000,223656595
TROW,1113169,Financials,2025,2025-12-31,2026-02-13,,,2188800000,2875500000,667200000,2087100000,9.24,1753400000,274200000,216900000,,,,620900000,3378200000,,,,14341800000,10860100000,220300000,222634484
TROW,1113169,Financials,2026,2026-02-11,2026-02-13,,,,,,,,,,,,,,,,,,,,,,218072901
TRV,86312,Financials,2019,2019-12-31,2022-02-17,31581000000,,,3138000000,516000000,2622000000,9.92,5205000000,,142000000,763000000,344000000,844000000,1500000000,494000000,,,,110122000000,25943000000,262300000,263391034
TRV,86312,Financials,2020,2020-12-31,2023-02-16,31981000000,,,3237000000,540000000,2697000000,10.52,6519000000,,148000000,789000000,339000000,861000000,625000000,721000000,,,,116764000000,29201000000,254600000,255030905
TRV,86312,Financials,2021,2021-12-31,2024-02-15,34816000000,,,4458000000,796000000,3662000000,14.49,7274000000,,162000000,870000000,340000000,869000000,2156000000,761000000,,,,120466000000,28887000000,250800000,252214355
TRV,86312,Financials,2022,2022-12-31,2025-02-13,36884000000,,,3354000000,512000000,2842000000,11.77,6465000000,,183000000,826000000,351000000,875000000,2000000000,799000000,,,,115717000000,21560000000,239700000,241500732
TRV,86312,Financials,2023,2023-12-31,2026-02-12,41364000000,,,3371000000,380000000,2991000000,12.79,7711000000,,214000000,722000000,376000000,908000000,958000000,650000000,,,,125978000000,24921000000,232200000,232094271
TRV,86312,Financials,2024,2024-12-31,2026-02-12,46423000000,,,6180000000,1181000000,4999000000,21.47,9074000000,,260000000,715000000,392000000,951000000,1003000000,699000000,,,,133189000000,27864000000,231100000,229125844
TRV,86312,Financials,2025,2025-12-31,2026-02-12,48828000000,,,7796000000,1508000000,6288000000,27.43,10606000000,,256000000,680000000,425000000,979000000,3004000000,842000000,,,,143708000000,32894000000,227600000,226726582
TRV,86312,Financials,2026,2026-02-05,2026-02-12,,,,,,,,,,,,,,,,,,,,,,216237902
TSCO,916365,Consumer Discretionary,2019,2019-12-28,2022-02-17,8351931000,2871770000,743220000,723377000,161023000,562354000,4.66,811716000,217450000,31136000,,19843000,162699000,533319000,84241000,150000000,366480000,,5289268000,1567123000,120743000,121279792
TSCO,916365,Consumer Discretionary,2020,2020-12-26,2022-02-17,10620352000,3761549000,996928000,968147000,219189000,748958000,6.38,1394515000,294002000,37273000,217124000,28781000,174656000,342957000,1341756000,150000000,984324000,,7049116000,1923840000,117436000,117282010
TSCO,916365,Consumer Discretionary,2021,2021-12-25,2024-02-23,12731105000,4477153000,1306698000,1280088000,282974000,997114000,8.61,1138720000,628431000,47649000,270158000,26610000,239006000,798893000,878030000,150000000,986382000,,7767467000,2002665000,115824000,116301841
TSCO,916365,Consumer Discretionary,2022,2022-12-31,2025-02-20,14204717000,4972204000,1434943000,1404310000,315598000,1088712000,1.94,1356979000,773369000,53832000,343062000,30633000,409603000,700063000,202502000,150000000,1164056000,,8489990000,2042416000,560743000,112772349
TSCO,916365,Consumer Discretionary,2023,2023-12-30,2026-02-19,14555741000,5228219000,1478912000,1432402000,325176000,1107226000,2.02,1334033000,753883000,57015000,393049000,46510000,449620000,594390000,397071000,150000000,1728964000,,9188151000,2149762000,548729000,110072658
TSCO,916365,Consumer Discretionary,2024,2024-12-28,2026-02-19,14883231000,5396557000,1467532000,1412940000,311700000,1101240000,2.04,1420835000,784047000,48367000,447162000,54592000,472492000,560634000,251491000,150000000,1831969000,,9805485000,2270334000,539652000,107916530
TSCO,916365,Consumer Discretionary,2025,2025-12-27,2026-02-19,15524046000,5654508000,1467389000,1398245000,302158000,1096087000,2.06,1635259000,894770000,57063000,494011000,69144000,487669000,361261000,194109000,150000000,1764974000,,10933679000,2581293000,532178000,531548314
TSCO,916365,Consumer Discretionary,2026,2026-01-24,2026-02-19,,,,,,,,,,,,,,,,,,,,,,526351286
TSLA,1318605,Consumer Discretionary,2019,2019-12-31,2022-02-07,24578000000,4069000000,-69000000,-665000000,110000000,-862000000,-0.98,2405000000,1327000000,898000000,,685000000,,,6268000000,10402000000,,,34309000000,6618000000,887000000,172721487
TSLA,1318605,Consumer Discretionary,2020,2020-12-31,2023-01-31,31536000000,6630000000,1994000000,1154000000,292000000,721000000,0.21,5943000000,3157000000,1734000000,,748000000,,,19384000000,8462000000,,,52148000000,22225000000,3249000000,181341586
TSLA,1318605,Consumer Discretionary,2021,2021-12-31,2024-01-29,53823000000,13606000000,6523000000,6343000000,699000000,5519000000,1.63,11497000000,6482000000,2121000000,,371000000,,,17576000000,4254000000,,,62131000000,30189000000,3386000000,959853504
TSLA,1318605,Consumer Discretionary,2022,2022-12-31,2025-01-30,81462000000,20853000000,13656000000,13719000000,1132000000,12556000000,3.62,14724000000,7158000000,1560000000,,191000000,,,16253000000,1029000000,,,82338000000,44704000000,3475000000,1033507611
TSLA,1318605,Consumer Discretionary,2023,2023-12-31,2026-01-29,96773000000,17660000000,8891000000,9973000000,-5001000000,14997000000,4.3,13256000000,8899000000,1812000000,,156000000,,,16398000000,2682000000,,,106618000000,62634000000,3485000000,3164102701
TSLA,1318605,Consumer Discretionary,2024,2024-12-31,2026-01-29,97690000000,17450000000,7076000000,8990000000,1837000000,7091000000,2.04,14923000000,11342000000,1999000000,,,,,16139000000,5535000000,,,122070000000,72913000000,3498000000,3184790415
TSLA,1318605,Consumer Discretionary,2025,2025-12-31,2026-01-29,94827000000,17094000000,4355000000,5278000000,1423000000,3794000000,1.08,14747000000,8527000000,2825000000,,,,,16513000000,6584000000,,,137806000000,82137000000,3528000000,3216517037
TSLA,1318605,Consumer Discretionary,2026,2026-01-23,2026-04-30,,,,,,,,,,,,,,,,,,,,,,3752431984
TSN,100493,Consumer Staples,2018,2018-09-29,2021-02-11,40052000000,5096000000,2969000000,2682000000,-291000000,2970000000,8.04,2963000000,1200000000,69000000,933000000,,431000000,427000000,270000000,9873000000,,1911000000,28987000000,13016000000,369000000,
TSN,100493,Consumer Staples,2019,2019-09-28,2021-11-15,42405000000,5022000000,2770000000,2374000000,381000000,1980000000,5.4,2513000000,1259000000,77000000,1086000000,,537000000,252000000,484000000,11932000000,,2102000000,32918000000,13280000000,366000000,
TSN,100493,Consumer Staples,2020,2020-10-03,2022-11-14,43185000000,5384000000,3008000000,2664000000,593000000,2061000000,5.64,3874000000,1199000000,89000000,1178000000,,601000000,207000000,1420000000,11339000000,,548000000,34456000000,15254000000,365000000,
TSN,100493,Consumer Staples,2021,2021-10-02,2023-11-13,47049000000,6526000000,4396000000,4041000000,981000000,3047000000,8.34,3840000000,1209000000,91000000,1195000000,,636000000,,2507000000,9348000000,,1067000000,36309000000,17723000000,365000000,
TSN,100493,Consumer Staples,2022,2022-10-01,2024-11-12,53282000000,6668000000,4410000000,4149000000,900000000,3238000000,8.92,2687000000,1887000000,93000000,1191000000,,653000000,,1031000000,8321000000,,459000000,36821000000,19702000000,363000000,
TSN,100493,Consumer Staples,2023,2023-09-30,2025-11-10,52881000000,2631000000,-395000000,-678000000,-29000000,-648000000,-1.87,1752000000,1939000000,61000000,1329000000,,670000000,,573000000,9506000000,,1895000000,36251000000,18133000000,284000000,
TSN,100493,Consumer Staples,2024,2024-09-28,2025-11-10,53309000000,3627000000,1409000000,1092000000,270000000,800000000,2.25,2590000000,1132000000,101000000,1388000000,,684000000,,1717000000,9787000000,,74000000,37100000000,18390000000,356000000,
TSN,100493,Consumer Staples,2025,2025-09-27,2025-11-10,54441000000,3562000000,1098000000,769000000,262000000,474000000,1.33,2155000000,978000000,100000000,1350000000,,697000000,,1229000000,8830000000,,909000000,36658000000,18085000000,357000000,
TT,1466258,Industrials,2019,2019-12-31,2022-02-07,,,1670100000,1398900000,238600000,1410900000,5.77,1919500000,205400000,66400000,397400000,242800000,510100000,750100000,1278600000,5573400000,4922900000,,20492300000,7267600000,244400000,242168631
TT,1466258,Industrials,2020,2020-12-31,2023-02-10,,,1532800000,1288200000,296800000,854900000,3.52,1435000000,146200000,69500000,,248700000,507300000,250000000,3289900000,5272100000,4496500000,,18156700000,6407700000,243100000,238401033
TT,1466258,Industrials,2021,2021-12-31,2024-02-08,,,2023300000,1790700000,333500000,1423400000,5.87,1588300000,223000000,66500000,,233700000,561100000,1100300000,2159200000,4842100000,4491700000,,18059800000,6255900000,242300000,238428700
TT,1466258,Industrials,2022,2022-12-31,2025-02-06,,,2418900000,2172100000,375900000,1756500000,7.48,1504000000,291800000,56300000,,223500000,620200000,1200200000,1220500000,4836300000,3788300000,,18081600000,6088600000,234900000,233538091
TT,1466258,Industrials,2023,2023-12-31,2026-02-05,,,2894000000,2567300000,498400000,2023900000,8.77,2389600000,300700000,64300000,,234500000,683700000,669300000,1095300000,4779800000,3977900000,,19391900000,6995200000,230700000,229074725
TT,1466258,Industrials,2024,2024-12-31,2026-02-05,,,3500100000,3241800000,627600000,2567900000,11.24,3145600000,370600000,82900000,,238400000,757500000,1280800000,1590100000,4770300000,4318100000,,20146700000,7457400000,228400000,227072224
TT,1466258,Industrials,2025,2025-12-31,2026-02-05,,,3967400000,3678600000,705900000,2918600000,12.98,3194500000,,86600000,,226700000,837300000,1481300000,1763300000,4615100000,3922100000,,21420700000,8579200000,224900000,224290964
TT,1466258,Industrials,2026,2026-01-30,2026-02-05,,,,,,,,,,,,,,,,,,,,,,221331905
TTD,1671933,Communication Services,2018,2018-12-31,2021-02-19,477294000,,107323000,105737000,17597000,88140000,1.92,86603000,19795000,42210000,11822000,1550000,,,207232000,,,,1117872000,394567000,45793000,
TTD,1671933,Communication Services,2019,2019-12-31,2022-02-16,661058000,,112196000,116220000,7902000,108318000,0.23,60205000,35693000,80758000,21662000,,,,130876000,,,,1728761000,612517000,478061000,
TTD,1671933,Communication Services,2020,2020-12-31,2023-02-15,836033000,,144208000,143903000,-98414000,242317000,0.49,405069000,74061000,111775000,28632000,,,,437353000,,,,2753645000,1013145000,489881000,
TTD,1671933,Communication Services,2021,2021-12-31,2024-02-15,1196467000,,124817000,122036000,-15726000,137762000,0.28,378513000,54804000,337413000,42219000,,,0,754154000,,,,3577340000,1527306000,498540000,
TTD,1671933,Communication Services,2022,2022-12-31,2025-02-21,1577795000,,113654000,127370000,73985000,53385000,0.11,548734000,84160000,498642000,54425000,,,0,1030506000,,,,4380679000,2115339000,499925000,
TTD,1671933,Communication Services,2023,2023-12-31,2026-02-27,1946120000,,200480000,267995000,89055000,178940000,0.36,598322000,46790000,491621000,80418000,,,646597000,895129000,,,,4888687000,2164219000,500182000,
TTD,1671933,Communication Services,2024,2024-12-31,2026-02-27,2444831000,,427167000,507302000,114226000,393076000,0.78,739456000,98238000,494699000,87490000,,,234784000,1369463000,,,,6111951000,2949145000,501924000,
TTD,1671933,Communication Services,2025,2025-12-31,2026-02-27,2896284000,,589321000,658755000,215451000,443304000,0.9,992721000,197011000,490627000,115784000,,,1380422000,658175000,,,,6153220000,2484391000,493551000,
TTWO,946581,Communication Services,2019,2019-03-31,2021-05-19,2668394000,1144750000,206672000,,-101052000,333837000,2.9,843515000,66969000,247700000,40232000,,,362392000,826525000,,0,,4243065000,2040580000,115198000,112541501
TTWO,946581,Communication Services,2020,2020-03-31,2022-05-17,3088970000,1546520000,425267000,458439000,53980000,404459000,3.54,685678000,53384000,257881000,48113000,,,0,1357664000,,,,4948832000,2539244000,114136000,113942760
TTWO,946581,Communication Services,2021,2021-03-31,2023-05-26,3372800000,1837700000,629400000,677800000,88900000,588900000,5.09,912300000,68900000,110500000,55600000,,,0,1422884000,,,,6028218000,3331892000,115700000,115656093
TTWO,946581,Communication Services,2022,2022-03-31,2024-05-22,3504800000,1969400000,473600000,465400000,47400000,418000000,3.58,258000000,158600000,183000000,61100000,,,200000000,1732100000,0,0,,6546300000,3809700000,116800000,115808814
TTWO,946581,Communication Services,2023,2023-03-31,2025-05-20,5349900000,2285300000,-1165200000,-1338100000,-213400000,-1124700000,-7.03,1100000,204200000,317800000,122300000,108600000,,0,827400000,1733000000,1733000000,,15862100000,9042500000,159900000,169333577
TTWO,946581,Communication Services,2024,2024-03-31,2026-05-22,5349600000,2241800000,-3590600000,-3702800000,41400000,-3744200000,-22.01,-16100000,141700000,335600000,171200000,132000000,,0,754000000,,3058300000,,12216900000,5667900000,170100000,171385386
TTWO,946581,Communication Services,2025,2025-03-31,2026-05-22,5633600000,3062200000,-4391100000,-4491300000,-12400000,-4478900000,-25.58,-45200000,169400000,324000000,229400000,156900000,,,1456100000,,2512600000,,9180700000,2137700000,,177424908
TTWO,946581,Communication Services,2026,2026-03-31,2026-05-22,6656400000,3809700000,-104200000,-197800000,100400000,-298200000,-1.62,624300000,162800000,305300000,198500000,142900000,,,1545500000,,2488000000,,9383200000,3510900000,,185666663
TXN,97476,Information Technology,2019,2019-12-31,2022-02-04,14383000000,9164000000,5723000000,5728000000,711000000,5017000000,5.24,6649000000,847000000,217000000,708000000,170000000,3008000000,2960000000,2437000000,5803000000,5303000000,500000000,18018000000,8907000000,952000000,938484603
TXN,97476,Information Technology,2020,2020-12-31,2023-02-03,14461000000,9269000000,5894000000,6017000000,422000000,5595000000,5.97,6139000000,649000000,224000000,733000000,190000000,3426000000,2553000000,3107000000,6798000000,6248000000,550000000,19351000000,9187000000,933000000,933975619
TXN,97476,Information Technology,2021,2021-12-31,2024-02-02,18344000000,12376000000,8960000000,8919000000,1150000000,7769000000,8.26,8756000000,2462000000,230000000,755000000,184000000,3886000000,527000000,4631000000,7741000000,7241000000,500000000,24676000000,13333000000,936000000,920239191
TXN,97476,Information Technology,2022,2022-12-31,2025-02-14,20028000000,13771000000,10140000000,10032000000,1283000000,8749000000,9.41,8720000000,2797000000,289000000,925000000,214000000,4297000000,3615000000,3050000000,8735000000,8235000000,500000000,27207000000,14577000000,926000000,923547062
TXN,97476,Information Technology,2023,2023-12-31,2026-02-06,17519000000,11019000000,7331000000,7418000000,908000000,6510000000,7.07,6420000000,5071000000,362000000,1175000000,353000000,4557000000,293000000,2964000000,11223000000,10624000000,599000000,32348000000,16897000000,916000000,906205795
TXN,97476,Information Technology,2024,2024-12-31,2026-02-06,15641000000,9094000000,5465000000,5453000000,654000000,4799000000,5.2,6318000000,4820000000,387000000,1508000000,508000000,4795000000,929000000,3200000000,13596000000,12846000000,750000000,35509000000,16903000000,919000000,909287673
TXN,97476,Information Technology,2025,2025-12-31,2026-02-06,17682000000,10083000000,6023000000,5710000000,709000000,5001000000,5.45,7153000000,4550000000,419000000,1918000000,543000000,4999000000,1477000000,3225000000,14048000000,13548000000,500000000,34585000000,16273000000,913000000,910332971
TXN,97476,Information Technology,2026,2026-01-27,2026-02-06,,,,,,,,,,,,,,,,,,,,,,907550774
TXT,217346,Industrials,2019,2019-02-02,2019-02-14,,,,,,,,,,,,,,,,,,,,,,234679051
TXT,217346,Industrials,2020,2020-01-04,2022-02-17,13630000000,,,942000000,127000000,815000000,,1014000000,339000000,52000000,416000000,171000000,18000000,503000000,,,,,15018000000,5518000000,232709000,228049518
TXT,217346,Industrials,2021,2021-01-02,2023-02-16,11651000000,,,282000000,-27000000,309000000,,768000000,317000000,57000000,391000000,166000000,18000000,183000000,,,,,15443000000,5845000000,228979000,226284488
TXT,217346,Industrials,2022,2022-12-31,2025-02-06,12869000000,,,1016000000,154000000,861000000,4.01,1488000000,354000000,66000000,397000000,142000000,17000000,867000000,,,,,16293000000,7113000000,214973000,216682177
TXT,217346,Industrials,2023,2023-12-30,2026-02-11,13683000000,,,1087000000,165000000,921000000,4.56,1266000000,402000000,94000000,395000000,,16000000,1168000000,,,,,16856000000,6987000000,201774000,205216698
TXT,217346,Industrials,2024,2024-12-28,2026-02-11,13702000000,,,943000000,118000000,824000000,4.33,1014000000,364000000,66000000,382000000,,12000000,1122000000,,,,,16838000000,7204000000,190307000,192853981
TXT,217346,Industrials,2025,2025-02-01,2025-02-06,,,,,,,,,,,,,,,,,,,,,,182572762
TXT,217346,Industrials,2026,2026-01-03,2026-02-11,14799000000,,,1137000000,214000000,921000000,5.11,1312000000,383000000,81000000,401000000,,18000000,822000000,,,,,18129000000,7875000000,180258000,174162437
TYL,860731,Information Technology,2019,2019-12-31,2022-02-23,,516900000,156367000,159838000,13311000,146527000,3.65,254720000,37236000,59967000,76672000,,,17786000,232682000,,,,2191614000,1617058000,40105000,38293000
TYL,860731,Information Technology,2020,2020-12-31,2023-02-22,,542512000,172926000,175042000,-19778000,194820000,4.69,355089000,22690000,67365000,81657000,,,15484000,603623000,,,,2607274000,1986111000,41526000,39396000
TYL,860731,Information Technology,2021,2021-12-31,2024-02-21,,709644000,180735000,158981000,-2477000,161458000,3.82,371753000,33919000,104726000,135624000,,,12977000,609000000,1341276000,1311276000,30000000,4732161000,2324032000,42244000,40576730
TYL,860731,Information Technology,2022,2022-12-31,2025-02-19,,783863000,214249000,187593000,23353000,164240000,3.87,381455000,22529000,102985000,159072000,,,0,173857000,987389000,957389000,30000000,4687417000,2624389000,42399000,41348917
TYL,860731,Information Technology,2023,2023-12-31,2026-02-18,,861099000,218537000,198236000,32317000,165919000,3.88,380440000,20519000,108338000,154079000,,,0,165493000,646007000,596206000,49801000,4676663000,2937995000,42769000,41819280
TYL,860731,Information Technology,2024,2024-12-31,2026-02-18,,935761000,299526000,308167000,45141000,263026000,6.05,624633000,20535000,122813000,143437000,,,0,744721000,597934000,597934000,0,5180015000,3388422000,43497000,42276136
TYL,860731,Information Technology,2025,2025-12-31,2026-02-18,,1083700000,357676000,390318000,74715000,315603000,7.2,653543000,16015000,151276000,138358000,,,174650000,1015400000,599663000,,,5638908000,3702789000,43812000,43013800
TYL,860731,Information Technology,2026,2026-02-16,2026-02-18,,,,,,,,,,,,,,,,,,,,,,42985340
UAL,100517,Industrials,2019,2019-12-31,2022-02-18,,,4301000000,3914000000,905000000,3009000000,11.58,6909000000,4528000000,,2288000000,,,1645000000,2762000000,,13145000000,1407000000,52611000000,11531000000,259900000,266727577
UAL,100517,Industrials,2020,2020-12-31,2023-02-16,,,-6359000000,-8822000000,-1753000000,-7069000000,-25.3,-4133000000,1727000000,,2488000000,,,353000000,11269000000,,24836000000,1911000000,59548000000,5960000000,279400000,247951116
UAL,100517,Industrials,2021,2021-12-31,2024-02-29,,,-1022000000,-2557000000,-593000000,-1964000000,-6.1,2067000000,2107000000,,2485000000,,,0,18283000000,,30361000000,3002000000,68175000000,5029000000,321900000,318476280
UAL,100517,Industrials,2022,2022-12-31,2025-02-27,,,2337000000,990000000,253000000,737000000,2.23,6066000000,4819000000,,2456000000,,,0,7166000000,,28283000000,2911000000,67358000000,6896000000,330100000,324626332
UAL,100517,Industrials,2023,2023-12-31,2026-02-12,,,4211000000,3387000000,769000000,2618000000,7.89,6911000000,7171000000,,2671000000,,,0,6058000000,,25057000000,4018000000,71104000000,9324000000,331900000,327092997
UAL,100517,Industrials,2024,2024-12-31,2026-02-12,,,5096000000,4168000000,1019000000,3149000000,9.45,9445000000,5615000000,,2928000000,,,162000000,8769000000,,21680000000,2973000000,74083000000,12675000000,333200000,328025881
UAL,100517,Industrials,2025,2025-12-31,2026-02-12,,,4713000000,4306000000,953000000,3353000000,10.2,8431000000,5874000000,,2939000000,,,637000000,5942000000,,17170000000,4096000000,76448000000,15282000000,328500000,327339564
UAL,100517,Industrials,2026,2026-02-05,2026-02-12,,,,,,,,,,,,,,,,,,,,,,323430419
UBER,1543151,Industrials,2019,2019-12-31,2022-02-24,13000000000,,-8596000000,-8433000000,45000000,-8506000000,-6.81,-4321000000,588000000,4596000000,472000000,559000000,,,10873000000,5791000000,5707000000,27000000,31761000000,14190000000,1248353000,
UBER,1543151,Industrials,2020,2020-12-31,2023-02-21,11139000000,,-4863000000,-6946000000,-192000000,-6768000000,-3.86,-2745000000,616000000,827000000,575000000,458000000,,,5647000000,7914000000,7560000000,27000000,33252000000,12266000000,1752960000,1723775076
UBER,1543151,Industrials,2021,2021-12-31,2024-02-15,17455000000,,-3834000000,-1025000000,-492000000,-496000000,-0.29,-445000000,298000000,1168000000,902000000,483000000,,,4295000000,9388000000,9276000000,27000000,38774000000,14458000000,1895519000,1858167579
UBER,1543151,Industrials,2022,2022-12-31,2025-02-14,31877000000,,-1832000000,-9426000000,-181000000,-9141000000,-4.65,642000000,252000000,1793000000,947000000,565000000,,0,4208000000,9361000000,9265000000,27000000,32109000000,7340000000,1974928000,1954464088
UBER,1543151,Industrials,2023,2023-12-31,2026-02-13,37281000000,,1110000000,2321000000,213000000,1887000000,0.87,3585000000,223000000,1935000000,823000000,633000000,,0,4680000000,9560000000,9459000000,25000000,38699000000,11249000000,2091782000,2009907175
UBER,1543151,Industrials,2024,2024-12-31,2026-02-13,43978000000,,2799000000,4125000000,-5758000000,9856000000,4.56,7137000000,242000000,1796000000,711000000,,,1252000000,5893000000,9575000000,8347000000,1150000000,51244000000,21558000000,2150508000,2076497400
UBER,1543151,Industrials,2025,2025-12-31,2026-02-13,52017000000,,5565000000,5800000000,-4346000000,10053000000,4.73,10099000000,336000000,1826000000,719000000,,,6523000000,7105000000,10600000000,10521000000,0,61802000000,27041000000,2119689000,2089008865
UBER,1543151,Industrials,2026,2026-02-10,2026-02-13,,,,,,,,,,,,,,,,,,,,,,2058115983
UDR,74208,Real Estate,2019,2019-12-31,2022-02-15,1152193000,,221057000,203417000,3838000,184965000,0.63,630704000,,24330000,507923000,170917000,383079000,,8106000,4707524000,,,9636472000,3358542000,286015000,275611046
UDR,74208,Real Estate,2020,2020-12-31,2023-02-13,1241165000,,249103000,71515000,2545000,64266000,0.2,604316000,,19616000,618629000,202706000,419350000,19795000,1409000,4976548000,,,9637533000,3234200000,294927000,294631463
UDR,74208,Real Estate,2021,2021-12-31,2024-02-20,1290767000,,267968000,162432000,1439000,150016000,0.48,663960000,,22052000,619833000,186267000,433780000,,967000,5412787000,,,10775220000,3442874000,301703000,296820995
UDR,74208,Real Estate,2022,2022-12-31,2025-02-18,1517386000,,250814000,92928000,349000,86924000,0.26,820071000,,27505000,679572000,155900000,483624000,49028000,1193000,5487303000,,,11038470000,4098085000,322700000,318264646
UDR,74208,Real Estate,2023,2023-12-31,2026-02-17,1627501000,,635008000,476594000,2106000,444353000,1.34,832664000,,32896000,691838000,180866000,539852000,25009000,2922000,5798709000,,,11373242000,3991144000,329104000,329165608
UDR,74208,Real Estate,2024,2024-12-31,2026-02-17,1671842000,,284569000,96756000,879000,89585000,0.26,876848000,,32625000,695473000,,558482000,,1326000,5826965000,,,10897586000,3443205000,330116000,329224105
UDR,74208,Real Estate,2025,2025-12-31,2026-02-17,1712317000,,553606000,404550000,835000,377704000,1.13,902887000,,26484000,680035000,,567864000,117811000,1222000,5821369000,,,10605674000,3288462000,331053000,331133359
UDR,74208,Real Estate,2026,2026-02-11,2026-02-17,,,,,,,,,,,,,,,,,,,,,,328571965
UHS,352915,Health Care,2018,2018-12-31,2021-02-25,10772278000,,1175262000,1034525000,236642000,779705000,8.31,1274742000,664962000,66581000,,154956000,37342000,397425000,105220000,3998633000,3935187000,63446000,11265480000,5389262000,93750000,
UHS,352915,Health Care,2019,2019-12-31,2022-02-24,11378259000,,1215908000,1066337000,238794000,814854000,9.13,1438469000,634095000,69431000,,162733000,53003000,770504000,61268000,3984127000,3896577000,87550000,11668250000,5504105000,89040000,
UHS,352915,Health Care,2020,2020-12-31,2023-02-27,11558897000,,1358354000,1252083000,299293000,943953000,10.99,2360169000,731307000,65837000,,106285000,17344000,206719000,1224490000,3856251000,3524253000,331998000,13476879000,6317146000,85587000,
UHS,352915,Health Care,2021,2021-12-31,2024-02-27,12642117000,,1363094000,1293313000,305681000,991590000,11.82,883695000,855659000,73686000,,83672000,65896000,1220875000,115301000,4190288000,4141879000,48409000,13093543000,6089664000,83692000,
UHS,352915,Health Care,2022,2022-12-31,2025-02-26,13399370000,,1003555000,866260000,209278000,675609000,9.14,996023000,734001000,85378000,,126889000,58449000,832918000,102818000,4807980000,4726533000,81447000,13494188000,5920582000,73832000,
UHS,352915,Health Care,2023,2023-12-31,2026-02-25,14281976000,,1175381000,940426000,221119000,717795000,10.23,1267797000,743055000,87720000,,206674000,55480000,547363000,119439000,4912469000,4785783000,126686000,13967602000,6149001000,70125000,
UHS,352915,Health Care,2024,2024-12-31,2026-02-25,15827935000,,1681814000,1497936000,334827000,1142097000,16.82,2067101000,943810000,99349000,,186109000,53346000,670754000,125983000,4504541000,4464482000,40059000,14469749000,6666207000,67896000,
UHS,352915,Health Care,2025,2025-12-31,2026-02-25,17364829000,,1994015000,1972141000,460959000,1488796000,23.1,1864397000,1015152000,95688000,,156068000,51267000,967951000,137797000,4752551000,4004393000,748158000,15527593000,7275792000,64462000,
ULTA,1403568,Consumer Discretionary,2019,2019-02-02,2021-03-26,6716615000,2409311000,854080000,859141000,200582000,658559000,10.94,956127000,319400000,27489000,279472000,,,616194000,409251000,,,,3191172000,1820218000,60181000,58803744
ULTA,1403568,Consumer Discretionary,2020,2020-02-01,2022-03-25,7398068000,2681064000,901094000,906150000,200205000,705945000,12.15,1101293000,298534000,25642000,295599000,,,680979000,392325000,,,,4863872000,1902094000,58105000,56309476
ULTA,1403568,Consumer Discretionary,2021,2021-01-30,2023-03-24,6151953000,1949159000,236820000,231085000,55250000,175835000,3.11,810355000,151866000,27583000,297772000,,,114895000,1046051000,,,,5089969000,1999549000,56558000,56205592
ULTA,1403568,Consumer Discretionary,2022,2022-01-29,2024-03-26,8630889000,3368554000,1297492000,1295829000,309992000,985837000,17.98,1059265000,172187000,47259000,268460000,,,1521925000,431560000,,,,4764379000,1535373000,54841000,52327263
ULTA,1403568,Consumer Discretionary,2023,2023-01-28,2025-03-27,10208580000,4044510000,1638610000,1643544000,401136000,1242408000,24.01,1481915000,312126000,43044000,241372000,,,900033000,737877000,,,,5370411000,1959811000,51738000,50195089
ULTA,1403568,Consumer Discretionary,2024,2024-02-03,2026-03-26,11207303000,4381100000,1678029000,1695651000,404646000,1291005000,26.03,1476266000,435267000,48246000,243840000,,,995738000,766594000,,,,5707011000,2279328000,49596000,48268744
ULTA,1403568,Consumer Discretionary,2025,2025-02-01,2026-03-26,11295654000,4387253000,1564972000,1580066000,378948000,1201118000,25.34,1338605000,374458000,42787000,267042000,,,1003328000,703201000,,,,6001693000,2488353000,47404000,45309488
ULTA,1403568,Consumer Discretionary,2026,2026-01-31,2026-03-26,12392820000,4845224000,1532992000,,373869000,1153479000,25.64,1502780000,434829000,37426000,300772000,,,901388000,424243000,,,,6999294000,2803451000,44991000,43736630
UNH,731766,Health Care,2019,2019-12-31,2022-02-15,242155000000,,19685000000,17981000000,3742000000,13839000000,14.33,18463000000,2071000000,697000000,2720000000,1704000000,3932000000,5500000000,10985000000,,36808000000,3870000000,173889000000,,966000000,959538515
UNH,731766,Health Care,2020,2020-12-31,2023-02-24,257141000000,,22405000000,20742000000,4973000000,15403000000,16.03,22174000000,2051000000,679000000,2891000000,1663000000,4584000000,4250000000,16921000000,,38648000000,4819000000,197289000000,,961000000,948573372
UNH,731766,Health Care,2021,2021-12-31,2024-02-28,287597000000,,23970000000,22310000000,4578000000,17285000000,18.08,22343000000,2454000000,800000000,3103000000,1660000000,5280000000,5000000000,21375000000,,42383000000,3620000000,212206000000,,956000000,945319404
UNH,731766,Health Care,2022,2022-12-31,2025-02-27,324162000000,,28435000000,26343000000,5704000000,20120000000,21.18,26206000000,2802000000,925000000,3400000000,2092000000,5991000000,7000000000,23365000000,,54513000000,,245705000000,,950000000,940899146
UNH,731766,Health Care,2023,2023-12-31,2026-03-02,371622000000,,32358000000,29112000000,5968000000,22381000000,23.86,29068000000,3386000000,1059000000,3972000000,3246000000,6761000000,8000000000,25427000000,,58263000000,,273720000000,,938000000,932846602
UNH,731766,Health Care,2024,2024-12-31,2026-03-02,400278000000,,32287000000,20071000000,4829000000,14405000000,15.51,24204000000,3499000000,1018000000,4099000000,3906000000,7533000000,9000000000,25312000000,,72359000000,,298278000000,,929000000,921934109
UNH,731766,Health Care,2025,2025-12-31,2026-03-02,447567000000,,18964000000,14697000000,1890000000,12056000000,13.23,19697000000,3622000000,971000000,4361000000,4002000000,7916000000,5545000000,24365000000,,72320000000,,309581000000,,911000000,914712333
UNH,731766,Health Care,2026,2026-02-20,2026-03-02,,,,,,,,,,,,,,,,,,,,,,907675839
UNP,100885,Industrials,2019,2019-12-31,2021-02-05,21708000000,,8554000000,7747000000,1828000000,5919000000,8.38,8609000000,3453000000,93000000,2216000000,1050000000,,5804000000,831000000,25200000000,,1257000000,61673000000,18128000000,706100000,722877817
UNP,100885,Industrials,2020,2020-12-31,2021-02-05,19533000000,,7834000000,6980000000,1631000000,5349000000,7.88,8540000000,2927000000,73000000,2210000000,1141000000,,3705000000,1799000000,26729000000,,1069000000,62398000000,16958000000,679100000,690261490
UNP,100885,Industrials,2021,2021-12-31,2024-02-09,,,9338000000,8478000000,1955000000,6523000000,9.95,9032000000,2936000000,88000000,2208000000,1157000000,,7291000000,960000000,29729000000,,2166000000,63525000000,14161000000,655400000,669829363
UNP,100885,Industrials,2022,2022-12-31,2025-02-07,,,9917000000,9072000000,2074000000,6998000000,11.21,9362000000,3620000000,99000000,2246000000,1271000000,,6282000000,973000000,33326000000,,1678000000,65449000000,12163000000,624000000,636898957
UNP,100885,Industrials,2023,2023-12-31,2026-02-06,,,9082000000,8233000000,1854000000,6379000000,10.45,8379000000,3606000000,107000000,2318000000,1340000000,,705000000,1055000000,32579000000,,1423000000,67132000000,14788000000,610200000,611872981
UNP,100885,Industrials,2024,2024-12-31,2026-02-06,,,9713000000,8794000000,2047000000,6747000000,11.09,9346000000,3452000000,,2398000000,,,1505000000,1016000000,31192000000,,1425000000,67715000000,16890000000,608600000,609777914
UNP,100885,Industrials,2025,2025-12-31,2026-02-06,,,9846000000,9166000000,2028000000,7138000000,11.98,9290000000,3791000000,,2465000000,,,2679000000,1266000000,31814000000,,1520000000,69698000000,18467000000,595900000,604286378
UNP,100885,Industrials,2026,2026-01-30,2026-02-06,,,,,,,,,,,,,,,,,,,,,,593391460
UPS,1090727,Industrials,2018,2018-12-31,2021-02-22,,,7024000000,,1228000000,4791000000,5.51,12711000000,6283000000,634000000,,605000000,3011000000,1011000000,4225000000,22349000000,19931000000,2805000000,50016000000,3021000000,870000000,
UPS,1090727,Industrials,2019,2019-12-31,2022-02-22,,,7798000000,5652000000,1212000000,4440000000,5.11,8639000000,6380000000,915000000,,653000000,3194000000,1004000000,5238000000,24891000000,21818000000,3420000000,57857000000,3267000000,869000000,
UPS,1090727,Industrials,2020,2020-12-31,2023-02-21,,,7684000000,1844000000,501000000,1343000000,1.54,10459000000,5412000000,796000000,,701000000,3374000000,224000000,5910000000,24472000000,22031000000,2623000000,62408000000,657000000,871000000,
UPS,1090727,Industrials,2021,2021-12-31,2024-02-20,,,12810000000,16595000000,3705000000,12890000000,14.68,15007000000,4194000000,878000000,,694000000,3437000000,500000000,10255000000,21677000000,19784000000,2131000000,69405000000,14253000000,878000000,
UPS,1090727,Industrials,2022,2022-12-31,2025-02-18,,,13094000000,14825000000,3277000000,11548000000,13.2,14104000000,4769000000,1568000000,,704000000,5114000000,3500000000,5602000000,19436000000,17321000000,2341000000,71124000000,19786000000,875000000,
UPS,1090727,Industrials,2023,2023-12-31,2026-02-17,,,9141000000,8573000000,1865000000,6708000000,7.8,10238000000,5158000000,220000000,2800000000,785000000,5372000000,2250000000,3206000000,21998000000,,,70857000000,17306000000,860000000,
UPS,1090727,Industrials,2024,2024-12-31,2026-02-17,,,8468000000,7442000000,1660000000,5782000000,6.75,10122000000,3909000000,24000000,3000000000,,5399000000,500000000,6112000000,21030000000,,,70070000000,16718000000,856000000,
UPS,1090727,Industrials,2025,2025-12-31,2026-02-17,,,7867000000,7164000000,1592000000,5572000000,6.56,8450000000,3685000000,73000000,3000000000,,5398000000,1000000000,5887000000,23585000000,,,73090000000,16227000000,850000000,
URI,1067701,Industrials,2019,2019-12-31,2022-01-26,9351000000,3670000000,2152000000,1514000000,340000000,1174000000,15.11,3024000000,218000000,61000000,,,,870000000,52000000,11516000000,,997000000,18970000000,3830000000,77710000,79591082
URI,1067701,Industrials,2020,2020-12-31,2023-01-25,8530000000,3183000000,1800000000,1139000000,249000000,890000000,12.2,2658000000,197000000,70000000,,,,286000000,202000000,9755000000,,704000000,17868000000,4545000000,72929000,74375477
URI,1067701,Industrials,2021,2021-12-31,2024-01-24,9716000000,3853000000,2277000000,1846000000,460000000,1386000000,19.04,3689000000,,119000000,,,0,34000000,144000000,9754000000,,906000000,20292000000,5991000000,72817000,72199276
URI,1067701,Industrials,2022,2022-12-31,2025-01-29,11642000000,4996000000,3232000000,2802000000,697000000,2105000000,29.65,4433000000,,127000000,,,0,1068000000,106000000,11447000000,,161000000,24183000000,7062000000,70973000,72421902
URI,1067701,Industrials,2023,2023-12-31,2026-01-28,14332000000,5813000000,3827000000,3211000000,787000000,2424000000,35.28,4704000000,,94000000,,,406000000,1070000000,363000000,11582000000,,1465000000,25589000000,8130000000,68710000,69359591
URI,1067701,Industrials,2024,2024-12-31,2026-01-28,15345000000,6150000000,4065000000,3388000000,813000000,2575000000,38.69,4546000000,,112000000,,,434000000,1571000000,457000000,13472000000,,1178000000,28163000000,8622000000,66567000,67191627
URI,1067701,Industrials,2025,2025-12-31,2026-01-28,16099000000,6144000000,3973000000,3338000000,844000000,2494000000,38.61,5190000000,,134000000,,,464000000,1969000000,459000000,14302000000,,1577000000,29866000000,8968000000,64604000,65307098
URI,1067701,Industrials,2026,2026-01-26,2026-01-28,,,,,,,,,,,,,,,,,,,,,,62998147
USB,36104,Financials,2019,2019-12-31,2022-02-22,,,,8594000000,1648000000,6914000000,4.16,4889000000,,178000000,,4442000000,2443000000,4525000000,,40167000000,,,495426000000,51853000000,1583000000,1600622211
USB,36104,Financials,2020,2020-12-31,2023-02-27,,,,6051000000,1066000000,4959000000,3.06,3716000000,,189000000,,2015000000,2552000000,1672000000,,41297000000,,,553905000000,53095000000,1510000000,1522494686
USB,36104,Financials,2021,2021-12-31,2024-02-20,,,,10166000000,2181000000,7963000000,5.1,9870000000,,207000000,,993000000,2579000000,1555000000,,32125000000,,,573284000000,54918000000,1490000000,1502136131
USB,36104,Financials,2022,2022-12-31,2025-02-21,24302000000,,,7301000000,1463000000,5825000000,3.69,21119000000,,202000000,,3217000000,2776000000,69000000,,39829000000,,,674805000000,50766000000,1490000000,1483901767
USB,36104,Financials,2023,2023-12-31,2026-02-23,28144000000,,,6865000000,1407000000,5429000000,3.27,8393000000,,224000000,,12611000000,2970000000,62000000,,,,,663491000000,55306000000,1543000000,1531119852
USB,36104,Financials,2024,2024-12-31,2026-02-23,27455000000,,,7909000000,1580000000,6299000000,3.79,11350000000,,232000000,,,3092000000,173000000,,,,,678318000000,58578000000,1561000000,1558133431
USB,36104,Financials,2025,2025-12-31,2026-02-23,28656000000,,,9517000000,1921000000,7570000000,4.62,7970000000,,235000000,,,3168000000,489000000,,,,,692345000000,65193000000,1558000000,1559887453
USB,36104,Financials,2026,2026-01-31,2026-02-23,,,,,,,,,,,,,,,,,,,,,,1553695799
V,1403161,Financials,2018,2018-09-30,2020-11-19,20609000000,,12954000000,12806000000,2505000000,10301000000,,12941000000,718000000,327000000,613000000,,1918000000,7192000000,8162000000,16630000000,16630000000,0,69225000000,,,
V,1403161,Financials,2019,2019-09-30,2020-11-19,22977000000,,15001000000,14884000000,2804000000,12080000000,,12784000000,756000000,407000000,656000000,,2269000000,8607000000,7838000000,16729000000,16729000000,0,72574000000,,,
V,1403161,Financials,2020,2020-09-30,2020-11-19,21846000000,,14081000000,13790000000,2924000000,10866000000,,10440000000,736000000,416000000,767000000,,2664000000,8114000000,16289000000,24070000000,21071000000,2999000000,80919000000,,,
V,1403161,Financials,2021,2021-09-30,2023-11-15,,,15804000000,16063000000,3752000000,12311000000,,15227000000,705000000,542000000,804000000,,2798000000,8676000000,16487000000,20977000000,19978000000,999000000,82896000000,,,
V,1403161,Financials,2022,2022-09-30,2024-11-13,,,18813000000,18136000000,3179000000,14957000000,,18849000000,970000000,602000000,861000000,,3203000000,11589000000,15689000000,,20200000000,2250000000,85501000000,,,
V,1403161,Financials,2023,2023-09-30,2025-11-06,,,21000000000,21037000000,3764000000,17273000000,,20755000000,1059000000,765000000,943000000,,3751000000,12101000000,16286000000,,20463000000,0,90499000000,,,
V,1403161,Financials,2024,2024-09-30,2025-11-06,,,23595000000,23916000000,4173000000,19743000000,,19950000000,1257000000,850000000,1034000000,,4217000000,16713000000,11975000000,,20836000000,0,94511000000,,,
V,1403161,Financials,2025,2025-09-30,2025-11-06,,,23994000000,24194000000,4136000000,20058000000,,23059000000,1482000000,897000000,1220000000,,4634000000,18316000000,17164000000,,19602000000,5569000000,99627000000,,,
VEEV,1393052,Health Care,2019,2019-01-31,2020-03-30,862210000,616929000,222866000,238643000,8811000,229832000,1.47,310827000,8440000,76425000,14071000,,,,550971000,,,,1653766000,1237749000,156117000,
VEEV,1393052,Health Care,2020,2020-01-31,2020-03-30,1104081000,800712000,286219000,313697000,12579000,301118000,1.9,437375000,3113000,115906000,19859000,,,,476733000,,,,2271777000,1665594000,158296000,
VEEV,1393052,Health Care,2021,2021-01-31,2023-03-30,,1056141000,377794000,393993000,13995000,379998000,2.36,551246000,,185001000,,,,,730504000,,,,3046067000,2266320000,160732000,
VEEV,1393052,Health Care,2022,2022-01-31,2024-03-25,,1347099000,505496000,512311000,84921000,427390000,2.63,764463000,,234636000,,,,,1138040000,,,,3816465000,2911637000,162277000,
VEEV,1393052,Health Care,2023,2023-01-31,2025-03-24,,1545655000,459091000,509096000,21390000,487706000,3,780470000,,351907000,,,,,886465000,,,,4804296000,3716252000,162437000,
VEEV,1393052,Health Care,2024,2024-01-31,2026-03-20,,1686382000,429334000,588023000,62318000,525705000,3.22,911339000,,393733000,,,,0,703487000,,,,5910920000,4644824000,163486000,161316597
VEEV,1393052,Health Care,2025,2025-01-31,2026-03-20,,2046983000,691435000,919381000,205243000,714138000,4.32,1090051000,,437350000,,,,0,1118785000,,,,7339756000,5832373000,165232000,162696040
VEEV,1393052,Health Care,2026,2026-01-31,2026-03-20,,2413292000,916369000,1194508000,285602000,908906000,5.44,1415225000,,472703000,,,,169949000,1421233000,,,,8979343000,7214752000,166995000,163330933
VICI,1705696,Real Estate,2019,2019-12-31,2022-02-23,894798000,,52299000,555986000,1705000,545964000,1.24,682159000,2724000,5223000,3831000,248384000,503958000,,1101893000,4791563000,,,13265619000,7965183000,439152946,404726821
VICI,1705696,Real Estate,2020,2020-12-31,2023-02-23,1225574000,,321018000,897039000,831000,891674000,1.75,883640000,,7388000,3731000,308605000,612205000,,315993000,6765532000,,,17063613000,9415839000,510908755,468491573
VICI,1705696,Real Estate,2021,2021-12-31,2024-02-22,1509568000,,,1026045000,2887000,1013851000,1.76,896350000,,9371000,3091000,392390000,758790000,,739614000,4694523000,,,17597373000,12108268000,577066292,536663115
VICI,1705696,Real Estate,2022,2022-12-31,2025-02-20,2600697000,,,1139143000,2876000,1117635000,1.27,1943396000,,12986000,3182000,539953000,1219117000,,208933000,13739675000,,,37575826000,21933637000,879675845,748390629
VICI,1705696,Real Estate,2023,2023-12-31,2026-02-25,3611988000,,,2548481000,-6141000,2513540000,2.47,2181009000,,15536000,4298000,818056000,1583840000,,522574000,16724125000,,,44059841000,25255931000,1015776697,1003674749
VICI,1705696,Real Estate,2024,2024-12-31,2026-02-25,3849205000,,,2730946000,9704000,2678810000,2.56,2381498000,,17511000,4125000,,1752991000,,524615000,16732889000,,,45368940000,26537955000,1047675111,1042679525
VICI,1705696,Real Estate,2025,2025-12-31,2026-02-25,4006116000,,,2820979000,2435000,2775493000,2.61,2509991000,,16195000,3637000,,1853467000,,563479000,16773241000,,,46724168000,27797640000,1062693062,1056339141
VICI,1705696,Real Estate,2026,2026-02-24,2026-02-25,,,,,,,,,,,,,,,,,,,,,,1068737299
VLO,1035002,Energy,2019,2019-12-31,2022-02-22,108324000000,,3836000000,3486000000,702000000,2422000000,5.84,5531000000,,89000000,,454000000,1492000000,777000000,2583000000,8881000000,,494000000,53864000000,21803000000,414000000,417614487
VLO,1035002,Energy,2020,2020-12-31,2023-02-23,64912000000,,-1579000000,-2010000000,-903000000,-1421000000,-3.5,948000000,,80000000,,563000000,1600000000,156000000,3313000000,13013000000,,723000000,51774000000,18801000000,407000000,409337126
VLO,1035002,Energy,2021,2021-12-31,2024-02-22,113977000000,,2130000000,1543000000,255000000,930000000,2.27,5859000000,,88000000,,603000000,1602000000,27000000,4122000000,11950000000,,1264000000,57888000000,18430000000,407000000,408562891
VLO,1035002,Energy,2022,2022-12-31,2025-02-26,176383000000,,15690000000,15307000000,3428000000,11528000000,29.04,12574000000,,103000000,,562000000,1562000000,4577000000,4862000000,9241000000,,1109000000,60982000000,23561000000,396000000,409303630
VLO,1035002,Energy,2023,2023-12-31,2026-02-25,144766000000,,11858000000,11768000000,2619000000,8835000000,24.92,9229000000,,107000000,,592000000,1452000000,5136000000,5424000000,9218000000,,1406000000,63056000000,26346000000,353000000,371150836
VLO,1035002,Energy,2024,2024-12-31,2026-02-25,129881000000,,3755000000,3698000000,692000000,2770000000,8.58,6683000000,,100000000,,556000000,1384000000,2875000000,4657000000,8085000000,,743000000,60143000000,24512000000,322000000,332481908
VLO,1035002,Energy,2025,2025-12-31,2026-02-25,122687000000,,3181000000,3005000000,759000000,2348000000,7.57,5826000000,,117000000,,556000000,1405000000,2598000000,4688000000,8261000000,,949000000,57988000000,23725000000,309000000,314977519
VLO,1035002,Energy,2026,2026-02-20,2026-02-25,,,,,,,,,,,,,,,,,,,,,,299026226
VLTO,1967680,Industrials,2021,2021-12-31,2024-02-28,4700000000,2713000000,1041000000,1047000000,186000000,861000000,3.5,896000000,54000000,34000000,106000000,0,,,,,,,4840000000,,246300000,
VLTO,1967680,Industrials,2022,2022-12-31,2025-02-25,4870000000,2760000000,1112000000,1113000000,268000000,845000000,3.43,870000000,34000000,41000000,90000000,0,0,,0,0,0,,4825000000,3235000000,246300000,
VLTO,1967680,Industrials,2023,2023-12-31,2026-02-20,5021000000,2901000000,1140000000,1096000000,257000000,839000000,3.4,963000000,54000000,55000000,87000000,30000000,0,,762000000,2629000000,2629000000,,5693000000,1383000000,246800000,
VLTO,1967680,Industrials,2024,2024-12-31,2026-02-20,5193000000,3105000000,1208000000,1086000000,253000000,833000000,3.34,875000000,55000000,65000000,78000000,,89000000,,1101000000,2599000000,2599000000,0,6406000000,2038000000,249600000,246541873
VLTO,1967680,Industrials,2025,2025-12-31,2026-02-20,5503000000,3299000000,1277000000,1173000000,233000000,940000000,3.76,1077000000,63000000,74000000,78000000,,109000000,,2031000000,2673000000,1973000000,700000000,7693000000,3105000000,250300000,247550644
VLTO,1967680,Industrials,2026,2026-02-13,2026-02-20,,,,,,,,,,,,,,,,,,,,,,247843360
VMC,1396009,Materials,2019,2019-12-31,2022-02-25,4929100000,1255900000,877500000,757700000,135200000,617700000,4.63,984100000,384100000,31800000,374600000,130200000,164000000,2600000,271589000,2784340000,2784315000,25000,10648800000,5621857000,133400000,131830868
VMC,1396009,Materials,2020,2020-12-31,2023-02-24,4856800000,1281500000,895700000,743800000,155800000,584500000,4.39,1070400000,362200000,33000000,396800000,136000000,180200000,26100000,1197100000,3287600000,2772200000,515400000,11686900000,6027300000,133200000,132394732
VMC,1396009,Materials,2021,2021-12-31,2024-02-22,5552200000,1373400000,1010800000,873800000,200100000,670800000,5.02,1011900000,451300000,34700000,463000000,149300000,196400000,0,235000000,3880000000,3874800000,5200000,13682600000,6545000000,133500000,132547092
VMC,1396009,Materials,2022,2022-12-31,2024-02-22,7315200000,1557700000,951400000,788100000,193000000,575600000,4.31,1148200000,612600000,41100000,587500000,169200000,212600000,0,161400000,3875700000,3875200000,500000,14234600000,6928600000,133600000,132792275
VMC,1396009,Materials,2023,2023-12-31,2024-02-22,7781900000,1948500000,1427400000,1245100000,299400000,933200000,6.98,1536800000,872600000,63200000,617000000,196100000,228400000,200000000,931100000,3877800000,3877300000,500000,14545700000,7483400000,133700000,132974340
VMC,1396009,Materials,2024,2024-12-31,2026-02-19,,1999600000,1364500000,1172100000,251400000,911900000,6.85,1409600000,603500000,53400000,632200000,,244400000,68800000,559700000,5307400000,4906900000,400500000,17104800000,8118600000,133100000,132227110
VMC,1396009,Materials,2025,2025-12-31,2026-02-19,,2174600000,1619600000,1390100000,307500000,1076700000,8.11,1813000000,677700000,63100000,748500000,,259800000,438400000,183300000,4362100000,4361700000,400000,16700400000,8525100000,132700000,132109660
VMC,1396009,Materials,2026,2026-02-11,2026-02-19,,,,,,,,,,,,,,,,,,,,,,130580384
VMRK,906107,Real Estate,2019,2019-12-31,2020-02-20,2701075000,,1356160000,939438000,-2281000,970377000,2.6,1456984000,,24449000,831083000,,831111000,,45753000,9130979000,,,21172769000,10315506000,386333000,369933743
VMRK,906107,Real Estate,2020,2020-12-31,2023-02-16,,,1317990000,932403000,852000,913636000,2.45,1265536000,,23174000,820832000,,883938000,,42591000,8126903000,,,20286891000,10525651000,385874000,371978449
VMRK,906107,Real Estate,2021,2021-12-31,2024-02-15,,,1675841000,1401022000,915000,1332850000,3.54,1260184000,,27810000,838272000,,900468000,,123832000,8421172000,,,21169241000,10954948000,388089000,372663215
VMRK,906107,Real Estate,2022,2022-12-31,2024-02-15,,,1116046000,812926000,900000,776911000,2.05,1454756000,,29513000,882168000,,931783000,,53869000,7494250000,,,20218262000,11173439000,389450000,375917242
VMRK,906107,Real Estate,2023,2023-12-31,2024-02-15,,,1160585000,875014000,1148000,835438000,2.2,1532798000,,31815000,888709000,,990148000,49105000,50743000,7464657000,,,20034564000,11085828000,390897000,378602684
VMRK,906107,Real Estate,2024,2024-12-31,2026-02-13,,,,1081205000,1256000,1035831000,2.72,1573607000,,31287000,952191000,,1019050000,38474000,62302000,8193052000,,,20834176000,11044560000,390740000,379553591
VMRK,906107,Real Estate,2025,2025-12-31,2026-02-13,,,,1172529000,1585000,1120089000,2.94,1648763000,,32210000,1010400000,,1046247000,280720000,55904000,8241242000,,,20746023000,11041499000,390411000,379705225
VMRK,906107,Real Estate,2026,2026-02-06,2026-02-13,,,,,,,,,,,,,,,,,,,,,,377547108
VRSK,1442145,Industrials,2019,2019-12-31,2022-02-22,,,696900000,568400000,118500000,449900000,2.7,956300000,216800000,42700000,185700000,126800000,,300000000,184600000,3152700000,,499400000,7055200000,2260800000,166560115,163509530
VRSK,1442145,Industrials,2020,2020-12-31,2023-02-28,,,956300000,818400000,164600000,712700000,4.31,1068200000,246800000,47600000,192200000,138300000,,348800000,218800000,3224700000,,,7561800000,2698200000,165320709,163075947
VRSK,1442145,Industrials,2021,2021-12-31,2024-02-21,,,911400000,786500000,179400000,666200000,4.08,1155700000,268400000,55700000,206900000,127000000,,475000000,111900000,3323500000,,,7808100000,2816500000,163338909,162791583
VRSK,1442145,Industrials,2022,2022-12-31,2025-02-26,,,1406500000,1262400000,220300000,953900000,6,1059000000,274700000,56500000,197100000,138800000,,1662500000,112500000,3744200000,,,6961100000,1749300000,158928942,161282942
VRSK,1442145,Industrials,2023,2023-12-31,2026-02-18,,,1131700000,1027200000,258800000,614600000,4.17,1060700000,230000000,54000000,206800000,115500000,,2762300000,302700000,2884300000,,,4366100000,310000000,147336159,154695842
VRSK,1442145,Industrials,2024,2024-12-31,2026-02-18,,,1253900000,1228600000,277900000,958200000,6.71,1144000000,223900000,47900000,233600000,,,1005000000,291200000,3091300000,,,4264700000,100100000,142842261,143389884
VRSK,1442145,Industrials,2025,2025-12-31,2026-02-18,,,1343900000,1171300000,263000000,908300000,6.48,1436000000,244100000,54200000,259200000,,,624000000,2178200000,4773500000,,,6195500000,309000000,140082773,140276165
VRSK,1442145,Industrials,2026,2026-02-13,2026-02-18,,,,,,,,,,,,,,,,,,,,,,137941888
VRSN,1014473,Information Technology,2019,2019-12-31,2022-02-18,1231661000,,806127000,758776000,146477000,,5.15,753892000,40316000,50626000,,90611000,,782583000,508196000,,,,1854009000,-1490100000,118968000,119714949
VRSN,1014473,Information Technology,2020,2020-12-31,2023-02-17,1265100000,,824200000,750200000,-64700000,,7.07,730200000,43400000,48200000,,90200000,,777500000,401194000,,,,1766910000,-1390198000,115300000,116417738
VRSN,1014473,Information Technology,2021,2021-12-31,2024-02-15,1327600000,,866800000,782200000,-2600000,,7,807200000,53000000,53400000,,83300000,,722600000,223500000,,,,1983800000,-1260500000,112200000,113094561
VRSN,1014473,Information Technology,2022,2022-12-31,2025-02-13,1424900000,,943100000,880200000,206400000,,6.24,831100000,27400000,58600000,,75300000,,1048100000,373600000,,,,1733400000,-1562200000,108000000,110167438
VRSN,1014473,Information Technology,2023,2023-12-31,2026-02-05,1493100000,,1000600000,976500000,158900000,,,853800000,45800000,59700000,,75300000,,901400000,240100000,,,,1749000000,-1581000000,103500000,104879307
VRSN,1014473,Information Technology,2024,2024-12-31,2026-02-05,1557400000,,1058200000,1021900000,236200000,,,902600000,28100000,61100000,,75300000,,1225600000,206700000,,,,1406500000,-1957900000,98200000,100900000
VRSN,1014473,Information Technology,2025,2025-12-31,2026-02-05,1656600000,,1121000000,1068500000,242800000,,,1091100000,22800000,69700000,,77000000,,881600000,307900000,,,,1325900000,-2154200000,93800000,94600000
VRSN,1014473,Information Technology,2026,2026-01-30,2026-02-05,,,,,,,,,,,,,,,,,,,,,,91700000
VRT,1674101,Industrials,2019,2019-12-31,2020-03-12,0,,206100000,-104300000,36500000,-140800000,-1.19,57500000,47600000,0,202900000,310400000,0,,223500000,3467300000,3467300000,0,4657400000,-704800000,118261955,
VRT,1674101,Industrials,2020,2020-12-31,2023-02-27,,,213500000,-254600000,72700000,-327300000,-1.07,208900000,44400000,13000000,203100000,150400000,3300000,,534600000,2152500000,2130500000,22000000,5073800000,512100000,307076397,328411705
VRT,1674101,Industrials,2021,2021-12-31,2024-02-23,,,259900000,166200000,46600000,119600000,0.33,210900000,73400000,23200000,227000000,90600000,3800000,,439100000,2972300000,2950500000,21800000,6939600000,1417700000,360140323,352205415
VRT,1674101,Industrials,2022,2022-12-31,2025-02-18,,,223400000,167000000,90400000,76600000,-0.04,-152800000,100000000,24700000,302400000,147300000,3800000,0,260600000,3190900000,3169100000,21800000,7095700000,1441900000,378224051,375991964
VRT,1674101,Industrials,2023,2023-12-31,2026-02-13,,,872200000,533700000,73500000,460200000,1.19,900500000,127900000,25000000,271000000,180100000,9500000,0,780400000,2940900000,2919100000,21800000,7998500000,2014900000,386226267,377640813
VRT,1674101,Industrials,2024,2024-12-31,2026-02-13,,,1367400000,765400000,269600000,495800000,1.28,1319300000,167000000,34600000,277000000,150400000,42200000,599900000,1227600000,2928200000,2907200000,21000000,9132500000,2434300000,386325058,381970469
VRT,1674101,Industrials,2025,2025-12-31,2026-02-13,,,1829700000,1741900000,409100000,1332800000,3.41,2113800000,220000000,45900000,308600000,86100000,66600000,0,1728400000,2913000000,2892100000,20900000,12212400000,3941300000,390652824,380775581
VRT,1674101,Industrials,2026,2026-02-09,2026-02-13,,,,,,,,,,,,,,,,,,,,,,382598464
VRTX,875320,Health Care,2019,2019-12-31,2022-02-09,,,1197500000,1394900000,218100000,1176800000,4.51,1569300000,75400000,360500000,106900000,58502000,,186000000,3109300000,,,,8318465000,6085200000,260700000,255656889
VRTX,875320,Health Care,2020,2020-12-31,2023-02-10,,,2856300000,3116900000,405200000,2711700000,10.29,3253500000,259800000,429500000,109500000,58151000,,539100000,5988200000,,,,11751800000,8686800000,263400000,259268593
VRTX,875320,Health Care,2021,2021-12-31,2024-02-15,,,2782100000,2730400000,388300000,2342100000,9.01,2643500000,235000000,441400000,125600000,,,1425400000,6795000000,,,,13432500000,10100000000,259900000,259960062
VRTX,875320,Health Care,2022,2022-12-31,2025-02-13,,,4307400000,4232400000,910400000,3322000000,12.82,4129900000,204700000,491300000,148300000,,,0,10504000000,,,,18150900000,13912700000,259100000,254576691
VRTX,875320,Health Care,2023,2023-12-31,2026-02-13,,,3832000000,4379800000,760200000,3619600000,13.89,3537300000,200400000,581200000,181300000,,,427600000,10369100000,,,,22730200000,17580400000,260500000,257091441
VRTX,875320,Health Care,2024,2024-12-31,2026-02-13,,,-232900000,248500000,784100000,-535600000,-2.08,-492600000,297700000,698500000,207200000,,,1177100000,4569600000,,,,22533200000,16409600000,257900000,258307816
VRTX,875320,Health Care,2025,2025-12-31,2026-02-13,,,4173300000,4643200000,690000000,3953200000,15.32,3631400000,437600000,685900000,209800000,,,2017400000,5084800000,,,,25643000000,18665800000,258000000,256789869
VRTX,875320,Health Care,2026,2026-02-06,2026-02-13,,,,,,,,,,,,,,,,,,,,,,254034190
VST,1692819,Utilities,2019,2019-12-31,2022-02-25,11809000000,,1993000000,1216000000,290000000,928000000,1.86,2736000000,713000000,47000000,1640000000,797000000,243000000,656000000,300000000,,,277000000,26616000000,7959000000,499935490,
VST,1692819,Utilities,2020,2020-12-31,2023-03-01,11443000000,,1519000000,890000000,266000000,636000000,1.3,3337000000,1259000000,65000000,1737000000,630000000,266000000,0,406000000,,,95000000,25208000000,8371000000,491090468,487734006
VST,1692819,Utilities,2021,2021-12-31,2024-02-29,12077000000,,-1515000000,-1722000000,-458000000,-1274000000,-2.69,-206000000,1033000000,47000000,1753000000,384000000,290000000,471000000,1325000000,,,254000000,29683000000,8291000000,482214544,483716012
VST,1692819,Utilities,2022,2022-12-31,2025-02-28,13728000000,,-1177000000,-1560000000,-350000000,-1227000000,-3.26,485000000,1301000000,63000000,1596000000,368000000,302000000,1949000000,455000000,,,38000000,32787000000,4902000000,422447074,448803986
VST,1692819,Utilities,2023,2023-12-31,2026-02-27,14779000000,,2661000000,2000000000,508000000,1493000000,3.58,5453000000,1676000000,77000000,1502000000,740000000,313000000,1245000000,3485000000,14402000000,,2286000000,32966000000,5307000000,375193110,381453001
VST,1692819,Utilities,2024,2024-12-31,2026-02-27,17224000000,,4081000000,3467000000,655000000,2659000000,7,4563000000,2078000000,100000000,1843000000,,305000000,1266000000,1188000000,16298000000,,880000000,37770000000,5570000000,352567060,347885110
VST,1692819,Utilities,2025,2025-12-31,2026-02-27,17738000000,,1906000000,1123000000,179000000,944000000,2.18,4070000000,2752000000,113000000,1986000000,,306000000,1028000000,785000000,17043000000,,1201000000,41550000000,5097000000,345656067,338963642
VST,1692819,Utilities,2026,2026-02-18,2026-02-27,,,,,,,,,,,,,,,,,,,,,,336954256
VTR,740260,Real Estate,2019,2019-12-31,2022-02-18,3872750000,,,,-56310000,,1.17,1437783000,156724000,33923000,1045620000,451662000,1157720000,,106363000,12158773000,,,24692208000,10445892000,369886000,356647224
VTR,740260,Real Estate,2020,2020-12-31,2023-02-10,3795357000,,,80589000,-96534000,,1.17,1450176000,,21487000,1109763000,469541000,928809000,,413327000,11895412000,,,23929404000,10180167000,376503000,372860471
VTR,740260,Real Estate,2021,2021-12-31,2024-02-15,3828007000,,,-162385000,4827000,,0.13,1026116000,,31966000,1197403000,440089000,686888000,,149725000,12027544000,,,24717786000,10854385000,386304000,374659068
VTR,740260,Real Estate,2022,2022-12-31,2025-02-13,4129193000,,,-94137000,-16926000,,-0.12,1120163000,,30715000,1197798000,467557000,720319000,,122564000,12296780000,,,24157840000,10152968000,403454000,399496132
VTR,740260,Real Estate,2023,2023-12-31,2026-02-06,4497827000,,,-115581000,-9539000,,-0.1,1119873000,,30987000,1392461000,574112000,723559000,,508794000,13490896000,,,24725433000,9488058000,405670000,399993581
VTR,740260,Real Estate,2024,2024-12-31,2026-02-06,4924266000,,,-7996000,-37775000,,0.19,1329625000,,30991000,1253143000,602835000,740326000,,897850000,13522551000,,,26186906000,10771267000,416366000,402461579
VTR,740260,Real Estate,2025,2025-12-31,2026-02-06,5833980000,,,204321000,-14150000,,0.54,1646726000,,38733000,1379140000,612246000,860060000,,741067000,13011016000,,,27591945000,12527253000,462615000,437139980
VTR,740260,Real Estate,2026,2026-02-03,2026-02-06,,,,,,,,,,,,,,,,,,,,,,474965224
VTRS,1792044,Health Care,2019,2019-12-31,2022-02-28,11500500000,3897600000,715500000,154400000,137600000,,0.03,1803700000,213200000,56800000,2019300000,517300000,,0,475600000,,11214300000,1508100000,31255500000,0,516500000,
VTRS,1792044,Health Care,2020,2020-12-31,2023-02-27,11946000000,3796700000,-210800000,-721200000,-51300000,,-1.11,1231800000,243000000,79200000,2216100000,497800000,,0,844400000,,22429200000,2308500000,61553000000,,601200000,100
VTRS,1792044,Health Care,2021,2021-12-31,2024-02-28,17886300000,5575500000,-34000000,-664400000,604700000,,-1.05,3016900000,457200000,111200000,4506500000,636200000,,0,701200000,,19717100000,1877500000,54842800000,,1208800000,1208643411
VTRS,1792044,Health Care,2022,2022-12-31,2025-02-27,16262700000,6497000000,1614900000,2813200000,734600000,,1.71,2999000000,406000000,116400000,3027600000,592400000,,0,1259900000,,18015200000,1259100000,50022200000,,1217400000,1212301241
VTRS,1792044,Health Care,2023,2023-12-31,2026-02-26,15426900000,6438600000,766200000,202900000,148200000,,0.05,2900000000,377000000,180700000,2740500000,573100000,,250000000,991900000,,16188100000,1943400000,47685500000,,1206900000,1199008181
VTRS,1792044,Health Care,2024,2024-12-31,2026-02-26,14739300000,5623600000,10100000,-623200000,11000000,,-0.53,2302900000,326000000,146100000,2893200000,550000000,,250000000,734800000,,14038900000,8300000,41500900000,,,1190662399
VTRS,1792044,Health Care,2025,2025-12-31,2026-02-26,14299900000,5013500000,-2663100000,-3665000000,-150100000,,-3,2315900000,378800000,177700000,2798300000,471300000,,500500000,1322400000,,12480600000,1933300000,37193100000,,,1185856452
VTRS,1792044,Health Care,2026,2026-02-23,2026-02-26,,,,,,,,,,,,,,,,,,,,,,1151392922
VZ,732712,Communication Services,2019,2019-12-31,2022-02-11,131868000000,,30378000000,22733000000,2945000000,19265000000,4.65,35746000000,,,16682000000,4730000000,10016000000,,2594000000,,,10777000000,291727000000,62835000000,4140000000,4132045883
VZ,732712,Communication Services,2020,2020-12-31,2023-02-10,128292000000,,28798000000,23967000000,5619000000,17801000000,4.3,41768000000,,,16720000000,4247000000,10232000000,,22171000000,,,5889000000,316481000000,69272000000,4142000000,4135863778
VZ,732712,Communication Services,2021,2021-12-31,2024-02-09,133613000000,,32448000000,29420000000,6802000000,22065000000,5.32,39539000000,,,16206000000,3485000000,10445000000,,2921000000,,,7443000000,366596000000,83200000000,4150000000,4138148588
VZ,732712,Communication Services,2022,2022-12-31,2025-02-12,136835000000,,30467000000,28271000000,6523000000,21256000000,5.06,37141000000,,,17099000000,3613000000,10805000000,,2605000000,,,9963000000,379680000000,92463000000,4204000000,4197823662
VZ,732712,Communication Services,2023,2023-12-31,2026-02-17,133974000000,,22877000000,16987000000,4892000000,11614000000,2.75,37475000000,,,17624000000,5524000000,11025000000,,2065000000,,,12973000000,380255000000,93799000000,4215000000,4199882937
VZ,732712,Communication Services,2024,2024-12-31,2026-02-17,134788000000,,28686000000,22979000000,5030000000,17506000000,4.14,36912000000,,,17892000000,,11249000000,,4194000000,,,22633000000,384711000000,100575000000,4223000000,4204272443
VZ,732712,Communication Services,2025,2025-12-31,2026-02-17,138191000000,,29259000000,22672000000,5064000000,17174000000,4.06,37137000000,,,18349000000,,11481000000,,19048000000,,,18618000000,404258000000,105741000000,4231000000,4209703958
VZ,732712,Communication Services,2026,2026-01-30,2026-02-17,,,,,,,,,,,,,,,,,,,,,,4217684168
WAB,943452,Industrials,2019,2019-12-31,2022-02-17,,2278000000,663000000,447000000,120000000,327000000,1.84,1016000000,186000000,50000000,401000000,,82000000,0,604200000,4429300000,4333600000,95700000,18944200000,9956500000,177300000,96613310
WAB,943452,Industrials,2020,2020-12-31,2023-02-15,,2137000000,745000000,557000000,145000000,414000000,2.17,784000000,136000000,20000000,473000000,,93000000,207000000,599000000,4239000000,3792000000,447000000,18454000000,10123000000,190400000,191711224
WAB,943452,Industrials,2021,2021-12-31,2024-02-14,,2369000000,876000000,737000000,172000000,558000000,2.96,1073000000,130000000,46000000,491000000,,92000000,300000000,473000000,4058000000,4056000000,2000000,18454000000,10201000000,188100000,188896023
WAB,943452,Industrials,2022,2022-12-31,2025-02-12,,2540000000,1011000000,854000000,213000000,633000000,3.46,1038000000,149000000,41000000,479000000,,111000000,473000000,,4002000000,3751000000,251000000,18516000000,10102000000,182800000,185290114
WAB,943452,Industrials,2023,2023-12-31,2026-02-13,,2944000000,1266000000,1092000000,267000000,815000000,4.53,1201000000,186000000,47000000,531000000,,123000000,409000000,,4069000000,3288000000,781000000,18988000000,10487000000,179500000,180352300
WAB,943452,Industrials,2024,2024-12-31,2026-02-13,,3366000000,1609000000,1410000000,343000000,1056000000,6.04,1834000000,207000000,66000000,503000000,,140000000,1097000000,,3980000000,3480000000,500000000,18702000000,10091000000,174800000,177028765
WAB,943452,Industrials,2025,2025-12-31,2026-02-13,,3806000000,1793000000,1592000000,409000000,1170000000,6.83,1759000000,260000000,80000000,501000000,,173000000,223000000,,5541000000,4291000000,1250000000,22069000000,11142000000,171100000,170848147
WAB,943452,Industrials,2026,2026-02-09,2026-02-13,,,,,,,,,,,,,,,,,,,,,,170517190
WAT,1000697,Health Care,2019,2019-12-31,2022-02-24,,,708457000,678239000,86041000,,8.69,643087000,,38577000,53839000,48690000,,2469258000,335715000,1685366000,1580797000,100366000,2557055000,-216281000,68166000,71512391
WAT,1000697,Health Care,2020,2020-12-31,2023-02-27,,,645489000,610914000,89343000,,8.36,790507000,,36865000,68685000,49070000,,196409000,436695000,1360000000,1206515000,150000000,2839920000,232144000,62414000,62158045
WAT,1000697,Health Care,2021,2021-12-31,2024-02-27,,,821707000,806193000,113350000,,11.17,747274000,,29918000,71560000,44938000,,648930000,501234000,1520000000,1513870000,0,3094932000,367554000,62028000,62185690
WAT,1000697,Health Care,2022,2022-12-31,2025-02-25,,,873395000,837846000,130091000,707755000,11.73,611661000,,42564000,71998000,48797000,,626061000,480529000,1580000000,1524878000,,3281453000,504488000,60331000,60515620
WAT,1000697,Health Care,2023,2023-12-31,2026-02-23,,,817676000,736243000,94009000,642234000,10.84,602809000,160632000,36868000,84625000,98861000,,70277000,395076000,2360000000,2305513000,,4626854000,1150341000,59270000,58943567
WAT,1000697,Health Care,2024,2024-12-31,2026-02-23,,,826353000,754868000,117034000,637834000,10.71,762123000,142481000,44709000,87018000,89677000,,13541000,325355000,1630000000,1626488000,,4553795000,1828507000,59552000,59202626
WAT,1000697,Health Care,2025,2025-12-31,2026-02-23,,,802588000,754878000,112249000,642629000,10.76,652555000,112745000,54127000,88144000,69548000,,14667000,587831000,1410000000,947445000,,5076550000,2561242000,59706000,59410941
WAT,1000697,Health Care,2026,2026-02-19,2026-02-23,,,,,,,,,,,,,,,,,,,,,,98101871
WBD,1437107,Communication Services,2019,2019-12-31,2022-02-24,,,3009000000,2294000000,81000000,2069000000,,3399000000,289000000,142000000,1347000000,677000000,,,1552000000,15419000000,14810000000,609000000,33735000000,9891000000,,
WBD,1437107,Communication Services,2020,2020-12-31,2023-02-24,,,2515000000,1728000000,373000000,1219000000,1.81,2739000000,402000000,110000000,1359000000,648000000,,,2091000000,15404000000,15069000000,335000000,34087000000,10464000000,672000000,
WBD,1437107,Communication Services,2021,2021-12-31,2024-02-23,,,2012000000,1433000000,236000000,1006000000,1.54,2798000000,373000000,178000000,1582000000,633000000,,,3905000000,14759000000,14420000000,339000000,34427000000,11599000000,664000000,
WBD,1437107,Communication Services,2022,2022-12-31,2025-02-27,,,-7370000000,-8960000000,-1663000000,-7371000000,-3.82,4304000000,987000000,412000000,7193000000,1777000000,,,3731000000,48999000000,,365000000,134001000000,47095000000,1940000000,
WBD,1437107,Communication Services,2023,2023-12-31,2026-02-27,,,-1548000000,-3863000000,-784000000,-3126000000,-1.28,7477000000,1316000000,500000000,7985000000,2221000000,,,3780000000,43669000000,,1780000000,122757000000,45226000000,2436000000,2430029982
WBD,1437107,Communication Services,2024,2024-12-31,2026-02-27,,,-10032000000,-11388000000,94000000,-11311000000,-4.62,5375000000,948000000,557000000,7037000000,,,,5312000000,39505000000,,2748000000,104560000000,34037000000,2450000000,2439687237
WBD,1437107,Communication Services,2025,2025-12-31,2026-02-27,,,738000000,1639000000,890000000,727000000,0.29,4319000000,1231000000,769000000,5684000000,,,,4566000000,32567000000,,139000000,100085000000,35919000000,2530000000,2454764337
WBD,1437107,Communication Services,2026,2026-02-12,2026-02-27,,,,,,,,,,,,,,,,,,,,,,2479929515
WDAY,1327811,Information Technology,2019,2019-01-31,2021-03-02,,,-463284000,,-5494000,-418258000,,606658000,,652465000,,60209000,,,638554000,,,,5520746000,1958442000,,
WDAY,1327811,Information Technology,2020,2020-01-31,2022-02-28,,,-502230000,-482447000,-1773000,-480674000,-2.12,864598000,,859571000,,58685000,,,731141000,1262286000,1017967000,244319000,6816365000,2486551000,227185000,
WDAY,1327811,Information Technology,2021,2021-01-31,2023-02-27,,,-248599000,-275134000,7297000,-282431000,-1.19,1268441000,,1004854000,,68806000,,0,1384181000,1795014000,691913000,1103101000,8718411000,3277834000,237019000,
WDAY,1327811,Information Technology,2022,2022-01-31,2024-03-08,,,-116000000,16000000,-13000000,29000000,0.12,1651000000,,1101000000,,17000000,,0,1534000000,1839797000,617354000,1222443000,10498505000,4535000000,254032000,
WDAY,1327811,Information Technology,2023,2023-01-31,2025-03-11,,,-222000000,-260000000,107000000,-367000000,-1.44,1657000000,364000000,1295000000,,102000000,,75000000,1886000000,2976000000,2976000000,0,13486000000,5585000000,254819000,
WDAY,1327811,Information Technology,2024,2024-01-31,2026-03-06,,,183000000,356000000,-1025000000,1381000000,5.21,2149000000,232000000,1416000000,,114000000,,423000000,2012000000,2980000000,2980000000,,16452000000,8082000000,265285000,
WDAY,1327811,Information Technology,2025,2025-01-31,2026-03-06,,,415000000,638000000,112000000,526000000,1.95,2461000000,269000000,1519000000,,,,700000000,1543000000,,2984000000,,17977000000,9034000000,269205000,
WDAY,1327811,Information Technology,2026,2026-01-31,2026-03-06,,,721000000,1009000000,316000000,693000000,2.59,2939000000,162000000,1626000000,,,,2895000000,1501000000,2987000000,2987000000,0,18074000000,7805000000,268117000,
WDC,106040,Information Technology,2019,2019-06-28,2021-08-27,16569000000,3752000000,87000000,,467000000,-754000000,-2.58,1547000000,876000000,306000000,,469000000,147000000,563000000,3455000000,10522000000,10246000000,276000000,26370000000,9967000000,292000000,296003875
WDC,106040,Information Technology,2020,2020-07-03,2022-08-25,16736000000,3781000000,335000000,-46000000,204000000,-250000000,-0.84,824000000,647000000,308000000,,413000000,,0,3048000000,9575000000,9289000000,286000000,25662000000,9551000000,298000000,302525787
WDC,106040,Information Technology,2021,2021-07-02,2023-08-22,16922000000,4521000000,1220000000,927000000,106000000,821000000,2.66,1898000000,1146000000,318000000,,326000000,,0,3370000000,8725000000,8474000000,251000000,26132000000,10800000000,309000000,308748049
WDC,106040,Information Technology,2022,2022-07-01,2024-08-20,18793000000,5874000000,2391000000,2171000000,625000000,1546000000,4.89,1880000000,1122000000,326000000,,304000000,,,2327000000,7022000000,7022000000,0,26259000000,12323000000,316000000,314492541
WDC,106040,Information Technology,2023,2023-06-30,2025-08-14,6255000000,1391000000,-548000000,-849000000,53000000,-1684000000,-5.37,-408000000,821000000,318000000,,312000000,,0,2023000000,7070000000,5857000000,1213000000,24546000000,10964000000,318000000,321895961
WDC,106040,Information Technology,2024,2024-06-28,2026-08-14,6317000000,1773000000,-403000000,-739000000,26000000,-798000000,-2.61,-294000000,487000000,295000000,568000000,,0,0,1551000000,7434000000,5684000000,1750000000,24188000000,10818000000,326000000,343451583
WDC,106040,Information Technology,2025,2025-06-27,2026-08-14,9520000000,3692000000,2334000000,1130000000,-513000000,1889000000,5.12,1691000000,412000000,265000000,451000000,,44000000,149000000,2114000000,4711000000,2485000000,2226000000,14002000000,5311000000,359000000,346922126
WDC,106040,Information Technology,2026,2026-07-03,2026-08-14,12919000000,6311000000,4453000000,9905000000,481000000,9424000000,24.28,3929000000,418000000,204000000,375000000,,174000000,2592000000,1579000000,1052000000,0,1052000000,13861000000,8864000000,383000000,360540944
WEC,783325,Utilities,2019,2019-12-31,2022-02-24,7523100000,,1531400000,1259700000,125000000,,3.58,2345500000,2529000000,50200000,926300000,501500000,744500000,140100000,37500000,11858300000,11171400000,686900000,34951800000,,316700000,315455323
WEC,783325,Utilities,2020,2020-12-31,2023-02-23,7241700000,,1706100000,1429300000,227900000,,3.79,2196000000,2874300000,35700000,975900000,493700000,798000000,99200000,24800000,12450500000,11672800000,777700000,37028100000,,316500000,315434531
WEC,783325,Utilities,2021,2021-12-31,2024-02-22,8316000000,,1714900000,1498800000,200300000,,4.11,2032700000,2372700000,15700000,1074300000,471100000,854800000,33100000,16300000,13563400000,13472400000,91000000,38988500000,,316300000,315434531
WEC,783325,Utilities,2022,2022-12-31,2025-02-21,9597400000,,1924200000,1732600000,322900000,,4.45,2060700000,2696900000,34800000,1122600000,515100000,917900000,69200000,28900000,15464200000,14655700000,808500000,41872100000,,316100000,315434531
WEC,783325,Utilities,2023,2023-12-31,2026-02-20,8893000000,,1908000000,1536300000,204600000,,4.22,3018400000,,9700000,1264200000,726900000,984200000,16600000,42900000,16631100000,15366900000,1264200000,43939700000,,315900000,315434531
WEC,783325,Utilities,2024,2024-12-31,2026-02-20,8599900000,,2152800000,1746300000,222000000,,4.83,3211800000,,39300000,1354500000,,1056200000,3200000,9800000,18907100000,17178100000,1729000000,47363200000,,316500000,315561510
WEC,783325,Utilities,2025,2025-12-31,2026-02-20,9800100000,,2244900000,1673500000,118000000,,4.81,3379400000,,48200000,1478500000,,1147800000,1300000,27600000,20017500000,18498100000,1519400000,51518300000,,323800000,317752123
WEC,783325,Utilities,2026,2026-01-31,2026-02-20,,,,,,,,,,,,,,,,,,,,,,325531361
WELL,766704,Real Estate,2019,2019-12-31,2022-02-16,5121306000,,,542892000,2957000,,3.05,1535968000,328824000,25047000,1027073000,555559000,1404977000,0,284917000,13420904000,,,33380751000,15540444000,403808000,386361193
WELL,766704,Real Estate,2020,2020-12-31,2023-02-21,4605967000,,,-31552000,9968000,,2.33,1364756000,244989000,28318000,,514388000,1120187000,7656000,1545046000,2378073000,,,32483642000,15972719000,417387000,410331441
WELL,766704,Real Estate,2021,2021-12-31,2024-02-15,4742115000,,,170750000,8713000,,0.78,1275325000,282588000,17812000,,489853000,1037194000,0,269265000,13910273000,,,34910325000,17636001000,426841000,417383039
WELL,766704,Real Estate,2022,2022-12-31,2025-02-12,5860615000,,,173062000,7247000,,0.3,1328708000,476016000,26149000,,529519000,1133182000,0,631681000,14714483000,,,37893233000,20294814000,465158000,447279642
WELL,766704,Real Estate,2023,2023-12-31,2026-02-12,6637995000,,,350047000,6364000,,0.66,1601861000,517682000,37199000,,607846000,1259676000,,1993646000,15735549000,,,44012166000,25404376000,518701000,490643990
WELL,766704,Real Estate,2024,2024-12-31,2026-02-12,7991118000,,,524442000,2700000,,1.57,2256421000,857546000,75821000,,,1546291000,,3506586000,15500257000,,,51044308000,31956208000,608750000,568878059
WELL,766704,Real Estate,2025,2025-12-31,2026-02-12,10838034000,,,,-7116000,,1.39,2881677000,1050263000,1556732000,,,1877289000,,5033678000,19197302000,,,67303047000,42129498000,679521000,641308062
WELL,766704,Real Estate,2026,2026-02-06,2026-02-12,,,,,,,,,,,,,,,,,,,,,,697752530
WFC,72971,Financials,2019,2019-12-31,2020-02-27,85063000000,,,25967000000,5761000000,19715000000,4.09,6730000000,,1217000000,1400000000,18852000000,8198000000,24533000000,141250000000,228191000000,,,1927555000000,187146000000,4425400000,4549421815
WFC,72971,Financials,2020,2020-12-31,2023-02-21,,,,2505000000,-1157000000,3377000000,0.43,2051000000,,622000000,1400000000,7963000000,4852000000,3415000000,264612000000,212950000000,,,1952911000000,184680000000,4134200000,4099887226
WFC,72971,Financials,2021,2021-12-31,2024-02-20,,,,29563000000,5764000000,22109000000,5.08,-11525000000,,1005000000,1400000000,3915000000,2422000000,14464000000,234230000000,160689000000,,,1948068000000,187606000000,4096200000,4134106677
WFC,72971,Financials,2022,2022-12-31,2025-02-25,,,,15629000000,2251000000,13677000000,3.27,27048000000,,978000000,1200000000,9074000000,4178000000,6033000000,159157000000,174870000000,,,1881020000000,180227000000,3837000000,3814556833
WFC,72971,Financials,2023,2023-12-31,2026-02-24,,,,21636000000,2607000000,19142000000,4.83,40358000000,,1122000000,1300000000,32743000000,4789000000,11851000000,236052000000,207588000000,,,1932468000000,185735000000,3720400000,3793867540
WFC,72971,Financials,2024,2024-12-31,2026-02-24,,,,23364000000,3399000000,19722000000,5.37,3035000000,,1281000000,1400000000,,5133000000,19448000000,201902000000,173078000000,,,1929845000000,179120000000,3467600000,3577443489
WFC,72971,Financials,2025,2025-12-31,2026-02-24,,,,25199000000,3841000000,21338000000,6.26,-19001000000,,1476000000,1700000000,,5434000000,17516000000,172593000000,174712000000,,,2148631000000,181117000000,3242300000,3288186582
WFC,72971,Financials,2026,2026-02-13,2026-02-24,,,,,,,,,,,,,,,,,,,,,,3085635641
WM,823768,Industrials,2019,2019-12-31,2022-02-15,,,2706000000,2105000000,434000000,1670000000,3.91,3874000000,1815000000,86000000,1574000000,,876000000,248000000,3561000000,13498000000,,218000000,27743000000,7068000000,427500000,423779540
WM,823768,Industrials,2020,2020-12-31,2023-02-07,,,2434000000,1893000000,397000000,1496000000,3.52,3403000000,1585000000,94000000,1671000000,,927000000,402000000,553000000,13810000000,,551000000,29345000000,7452000000,425100000,424708758
WM,823768,Industrials,2021,2021-12-31,2024-02-13,,,2965000000,2349000000,532000000,1816000000,4.29,4338000000,2039000000,108000000,1999000000,,970000000,1350000000,118000000,13405000000,,708000000,29097000000,7124000000,422900000,423152948
WM,823768,Industrials,2022,2022-12-31,2025-02-19,,,3365000000,2918000000,678000000,2238000000,5.39,4536000000,2809000000,84000000,2038000000,,1077000000,1500000000,351000000,14984000000,,414000000,31367000000,6849000000,415000000,414586718
WM,823768,Industrials,2023,2023-12-31,2026-02-09,,,3575000000,3021000000,745000000,2304000000,5.66,4719000000,,93000000,2071000000,,1136000000,1302000000,458000000,16229000000,,334000000,32823000000,6903000000,406900000,408152162
WM,823768,Industrials,2024,2024-12-31,2026-02-09,,,4063000000,3458000000,713000000,2746000000,6.81,5390000000,,118000000,2267000000,,1210000000,262000000,414000000,23900000000,,1359000000,44567000000,8252000000,403400000,401598077
WM,823768,Industrials,2025,2025-12-31,2026-02-09,,,4308000000,3426000000,717000000,2708000000,6.7,6043000000,,169000000,2863000000,,1334000000,,201000000,22907000000,,711000000,45835000000,9990000000,404200000,402115439
WM,823768,Industrials,2026,2026-02-05,2026-02-09,,,,,,,,,,,,,,,,,,,,,,403335781
WMB,107263,Energy,2019,2019-12-31,2022-02-28,8201000000,,1921000000,1064000000,335000000,850000000,0.7,3693000000,2109000000,57000000,1714000000,1186000000,1842000000,,289000000,22288000000,,,46040000000,13363000000,1214011000,1210981263
WMB,107263,Energy,2020,2020-12-31,2023-02-27,7719000000,,2202000000,277000000,79000000,211000000,0.17,3496000000,1239000000,52000000,1721000000,1172000000,1941000000,,142000000,22344000000,,,44165000000,11769000000,1215165000,1212494859
WMB,107263,Energy,2021,2021-12-31,2024-02-21,10627000000,,2631000000,2073000000,511000000,1517000000,1.24,3945000000,1239000000,81000000,1842000000,1179000000,1992000000,0,1680000000,23675000000,,,47612000000,11423000000,1218215000,1213790391
WMB,107263,Energy,2022,2022-12-31,2025-02-25,10965000000,,3018000000,2542000000,425000000,2049000000,1.67,4889000000,2253000000,73000000,2009000000,1147000000,2071000000,9000000,152000000,22554000000,,,48433000000,11485000000,1222672000,1215592791
WMB,107263,Energy,2023,2023-12-31,2026-02-24,10907000000,,4311000000,4405000000,1005000000,3179000000,2.6,5938000000,2516000000,77000000,2071000000,1236000000,2179000000,130000000,,25713000000,,,52627000000,12402000000,1223000000,1218562959
WMB,107263,Energy,2024,2024-12-31,2026-02-24,10503000000,,3339000000,2986000000,640000000,2225000000,1.82,4974000000,2573000000,99000000,2219000000,,2316000000,0,,,,,54532000000,12436000000,1223000000,1216750172
WMB,107263,Energy,2025,2025-12-31,2026-02-24,11950000000,,4196000000,3625000000,857000000,2618000000,2.14,5898000000,4893000000,93000000,2347000000,,2442000000,0,,,,,58573000000,12807000000,1225000000,1219369295
WMB,107263,Energy,2026,2026-02-19,2026-02-24,,,,,,,,,,,,,,,,,,,,,,1221563111
WMT,104169,Consumer Staples,2019,2019-01-31,2021-03-19,514405000000,,21957000000,,4281000000,6670000000,2.26,27753000000,10344000000,773000000,10678000000,1975000000,6102000000,7410000000,7722000000,45396000000,43520000000,1876000000,219295000000,72496000000,2945000000,2869684230
WMT,104169,Consumer Staples,2020,2020-01-31,2022-03-18,523964000000,,20568000000,20116000000,4915000000,14881000000,5.19,25255000000,10705000000,854000000,,2262000000,6048000000,5717000000,9465000000,49076000000,43714000000,5362000000,236495000000,74669000000,2868000000,2832277220
WMT,104169,Consumer Staples,2021,2021-01-31,2023-03-17,559151000000,,22548000000,20564000000,6858000000,13510000000,4.75,36074000000,10264000000,1169000000,,1976000000,6116000000,2625000000,17741000000,44309000000,41194000000,3115000000,252496000000,80925000000,2847000000,2817071695
WMT,104169,Consumer Staples,2022,2022-01-31,2024-03-15,572754000000,,25942000000,18696000000,4756000000,13673000000,1.62,24181000000,13106000000,1163000000,,1674000000,6152000000,9787000000,14760000000,37667000000,34864000000,2803000000,244860000000,83253000000,8415000000,2751779629
WMT,104169,Consumer Staples,2023,2023-01-31,2025-03-14,611289000000,,20428000000,17016000000,5724000000,11680000000,1.42,28841000000,16857000000,1578000000,,1787000000,6114000000,9920000000,8625000000,38840000000,34649000000,4191000000,243197000000,76693000000,8202000000,2695655933
WMT,104169,Consumer Staples,2024,2024-01-31,2026-03-13,648125000000,,27012000000,21848000000,5578000000,15511000000,1.91,35726000000,20606000000,2093000000,,2259000000,6140000000,2779000000,9867000000,39579000000,36132000000,3447000000,252399000000,83861000000,8108000000,8058048674
WMT,104169,Consumer Staples,2025,2025-01-31,2026-03-13,680985000000,,29348000000,26309000000,6152000000,19436000000,2.41,36443000000,23783000000,2769000000,,2249000000,6688000000,4494000000,9037000000,35999000000,33401000000,2598000000,260823000000,91013000000,8081000000,8016849444
WMT,104169,Consumer Staples,2026,2026-01-31,2026-03-13,713163000000,,29825000000,29469000000,7199000000,21893000000,2.73,41565000000,26642000000,3603000000,,2318000000,7507000000,8088000000,10727000000,38166000000,34624000000,3542000000,284668000000,99617000000,8022000000,7972402501
WRB,11544,Financials,2019,2019-12-31,2022-02-24,7902196000,,,852920000,168935000,681944000,3.52,1143793000,60457000,49274000,113387000,153409000,308191000,18225000,1023710000,,,,26662144000,6074939000,193521,122013621
WRB,11544,Financials,2020,2020-12-31,2023-02-24,8098925000,,,704802000,171817000,530670000,1.87,1616686000,,49658000,135065000,150537000,84147000,346357000,2372366000,,,,28606913000,6310802000,283145,183421709
WRB,11544,Financials,2021,2021-12-31,2024-02-23,9455466000,,,1282905000,251890000,1022490000,3.66,2183987000,,46680000,129682000,147180000,355736000,122426000,1568843000,,,,32086414000,6653011000,279749,177361868
WRB,11544,Financials,2022,2022-12-31,2025-02-24,11166499000,,,1719681000,334727000,1381062000,3.29,2568604000,,49411000,55872000,130374000,235192000,94140000,1449346000,,,,33861099000,6748332000,419192,176790914
WRB,11544,Financials,2023,2023-12-31,2026-02-27,12142938000,,,1754403000,370557000,1381359000,3.37,2929238000,,51000000,,127459000,501456000,537163000,1363195000,,,,37202015000,7455431000,409948000,263446321
WRB,11544,Financials,2024,2024-12-31,2026-02-27,13638752000,,,2264493000,509916000,1756115000,4.36,3678368000,,54381000,,126907000,531953000,303655000,1974747000,,,,40567268000,8395111000,403224000,256548669
WRB,11544,Financials,2025,2025-12-31,2026-02-27,14707856000,,,2280543000,495764000,1779403000,4.45,3582616000,,54524000,,126892000,700269000,270221000,2539938000,,,,44071071000,9700818000,399861000,379226056
WRB,11544,Financials,2026,2026-02-23,2026-02-27,,,,,,,,,,,,,,,,,,,,,,374490856
WSM,719955,Consumer Discretionary,2019,2019-02-03,2021-03-30,5671593000,2101013000,435953000,429247000,95563000,333684000,4.05,585986000,190102000,59802000,188808000,,140325000,295304000,338954000,,299620000,,2812844000,1155714000,82340000,78563968
WSM,719955,Consumer Discretionary,2020,2020-02-02,2022-03-28,5898008000,2139092000,465874000,457021000,100959000,356062000,4.49,607294000,186276000,64163000,187759000,,150640000,148834000,432162000,,,299818000,4054042000,1235860000,79225000,77197681
WSM,719955,Consumer Discretionary,2021,2021-01-31,2023-03-24,6783189000,2636269000,910697000,894466000,213752000,680714000,8.61,1274848000,169513000,73185000,188655000,,157645000,150000000,1200337000,,0,299350000,4661424000,1651185000,79055000,76192973
WSM,719955,Consumer Discretionary,2022,2022-01-30,2024-03-20,8245936000,3631963000,1453116000,1451251000,324914000,1126337000,14.75,1371147000,226517000,95240000,196087000,,187539000,899433000,850338000,,,0,4625620000,1664207000,76354000,71558874
WSM,719955,Consumer Discretionary,2023,2023-01-29,2025-03-27,8674417000,3677733000,1498422000,1500682000,372778000,1127904000,8.16,1052822000,354117000,90268000,214153000,,217345000,880038000,367344000,,,,4663016000,1701051000,138199000,66228239
WSM,719955,Consumer Discretionary,2024,2024-01-28,2026-03-26,7750652000,3303601000,1244193000,1273355000,323593000,949762000,7.28,1680273000,188458000,84754000,232590000,,232475000,313001000,1262007000,,,,5273548000,2127861000,130543000,64112265
WSM,719955,Consumer Discretionary,2025,2025-02-02,2026-03-26,7711541000,3582299000,1430184000,1485732000,360481000,1125251000,8.79,1360222000,221567000,98983000,229802000,,280058000,807477000,1212977000,,,,5301607000,2142419000,128041000,123509495
WSM,719955,Consumer Discretionary,2026,2026-02-01,2026-03-26,7806816000,3603051000,1415722000,1452560000,364123000,1088437000,8.84,1314889000,259438000,106522000,231449000,,316484000,853962000,1019801000,,,,5411912000,2082559000,123153000,119016049
WST,105770,Health Care,2019,2019-12-31,2022-02-22,1839900000,605700000,296600000,,59000000,241700000,3.21,367200000,126400000,24400000,103400000,8500000,45100000,83100000,439100000,257300000,255000000,2300000,2341400000,1573200000,75400000,74186169
WST,105770,Health Care,2020,2020-12-31,2023-02-21,2146900000,767800000,406900000,,72500000,346200000,4.57,472500000,174400000,34000000,109100000,8200000,48100000,115500000,615500000,255200000,252900000,2300000,2793800000,1854500000,75800000,73837449
WST,105770,Health Care,2021,2021-12-31,2023-02-21,2831600000,1175800000,752300000,,107200000,661800000,8.67,584000000,253400000,37500000,122300000,8200000,51100000,137100000,762600000,253000000,208800000,44200000,3313800000,2335400000,76300000,74103026
WST,105770,Health Care,2022,2022-12-31,2023-02-21,2886900000,1136200000,734000000,679900000,114700000,585900000,7.73,724000000,284600000,23700000,120600000,7900000,54100000,202800000,894300000,208900000,206700000,2200000,3616800000,2684900000,75800000,74281589
WST,105770,Health Care,2023,2023-12-31,2026-02-17,,1129200000,676000000,698000000,122300000,593400000,7.88,776500000,362000000,23300000,137300000,9000000,57000000,438300000,853900000,206800000,72800000,134000000,3829500000,2881000000,75300000,74135554
WST,105770,Health Care,2024,2024-12-31,2026-02-17,,998500000,569900000,585500000,107500000,492700000,6.69,653400000,377000000,18700000,155400000,,59100000,560900000,484600000,202600000,202600000,0,3643400000,2682300000,73700000,73299296
WST,105770,Health Care,2025,2025-12-31,2026-02-17,,1104000000,584900000,600900000,121600000,493700000,6.79,754800000,285900000,23800000,171400000,,61200000,134000000,791300000,202800000,202800000,0,4270000000,3176000000,72700000,72303766
WST,105770,Health Care,2026,2026-01-29,2026-02-17,,,,,,,,,,,,,,,,,,,,,,72021491
WTW,1140536,Financials,2019,2019-12-31,2022-02-24,8370000000,,1054000000,1046000000,197000000,1044000000,8.02,1081000000,,74000000,,234000000,329000000,150000000,887000000,8017000000,5301000000,316000000,35426000000,10249000000,130000000,129101873
WTW,1140536,Financials,2020,2020-12-31,2023-02-24,8615000000,,859000000,1011000000,249000000,996000000,7.65,1774000000,,90000000,,244000000,346000000,0,2039000000,7884000000,4664000000,971000000,38531000000,10820000000,130000000,128718789
WTW,1140536,Financials,2021,2021-12-31,2024-02-22,8998000000,,2202000000,2692000000,536000000,4222000000,32.78,2061000000,,101000000,,211000000,374000000,1627000000,4486000000,6636000000,3974000000,613000000,34970000000,13260000000,129000000,128970531
WTW,1140536,Financials,2022,2022-12-31,2025-02-25,8866000000,,1178000000,1258000000,194000000,1009000000,8.98,812000000,,99000000,,208000000,369000000,3530000000,1262000000,6756000000,4471000000,250000000,31769000000,10016000000,112000000,117745623
WTW,1140536,Financials,2023,2023-12-31,2026-02-25,9483000000,,1365000000,1276000000,215000000,1055000000,9.95,1345000000,,125000000,,235000000,352000000,1000000000,1424000000,7435000000,4567000000,650000000,29090000000,9520000000,106000000,106577635
WTW,1140536,Financials,2024,2024-12-31,2026-02-25,9930000000,,627000000,102000000,192000000,-98000000,-0.96,1512000000,,121000000,,263000000,354000000,901000000,1890000000,8611000000,5309000000,0,27681000000,7940000000,102000000,102481452
WTW,1140536,Financials,2025,2025-12-31,2026-02-25,9708000000,,2234000000,1953000000,318000000,1605000000,16.26,1775000000,,153000000,,260000000,358000000,1650000000,3132000000,9685000000,5756000000,550000000,29530000000,7976000000,99000000,99692639
WTW,1140536,Financials,2026,2026-02-20,2026-02-25,,,,,,,,,,,,,,,,,,,,,,94545903
WY,106535,Real Estate,2019,2019-12-31,2022-02-18,6554000000,1142000000,651000000,-213000000,-137000000,-76000000,-0.1,966000000,,30000000,510000000,378000000,1013000000,60000000,139000000,6147000000,6147000000,0,16406000000,8177000000,745897000,746523890
WY,106535,Real Estate,2020,2020-12-31,2023-02-17,7532000000,2085000000,1710000000,982000000,185000000,797000000,1.07,1529000000,,30000000,472000000,351000000,381000000,0,495000000,5475000000,5325000000,150000000,16311000000,8731000000,747899000,745519000
WY,106535,Real Estate,2021,2021-12-31,2024-02-16,10201000000,4098000000,3643000000,3316000000,709000000,2607000000,3.47,3159000000,,30000000,477000000,313000000,884000000,100000000,1879000000,5099000000,5099000000,0,17652000000,10767000000,750983000,747768000
WY,106535,Real Estate,2022,2022-12-31,2025-02-14,10184000000,3620000000,3080000000,2305000000,425000000,1880000000,2.53,2832000000,,33000000,480000000,270000000,1617000000,543000000,1581000000,5053000000,4071000000,978000000,17340000000,10749000000,742953000,746331000
WY,106535,Real Estate,2023,2023-12-31,2026-02-13,7674000000,1682000000,1186000000,937000000,98000000,839000000,1.15,1433000000,,36000000,500000000,280000000,1216000000,131000000,1164000000,5069000000,5069000000,0,16983000000,10236000000,732222000,732347000
WY,106535,Real Estate,2024,2024-12-31,2026-02-13,7124000000,1313000000,685000000,427000000,31000000,396000000,0.54,1008000000,,43000000,502000000,269000000,684000000,154000000,684000000,5076000000,4866000000,210000000,16536000000,9721000000,728957000,729521000
WY,106535,Real Estate,2025,2025-12-31,2026-02-13,6905000000,1025000000,731000000,260000000,-64000000,324000000,0.45,562000000,,43000000,509000000,273000000,606000000,160000000,464000000,5572000000,5050000000,522000000,16613000000,9426000000,723567000,725578000
WY,106535,Real Estate,2026,2026-02-03,2026-02-13,,,,,,,,,,,,,,,,,,,,,,720665000
WYNN,1174922,Consumer Discretionary,2019,2019-12-31,2022-02-28,,,878305000,488218000,176840000,122985000,1.15,901070000,1063293000,39702000,624878000,414030000,566521000,66986000,2351904000,10403859000,10079983000,323876000,13871281000,1743045000,106985000,107635436
WYNN,1174922,Consumer Discretionary,2020,2020-12-31,2023-02-27,,,-1232045000,-1762275000,564671000,-2067245000,-19.37,-1072425000,290115000,62254000,725502000,556474000,108777000,11533000,3482032000,13065770000,12469362000,596408000,13869547000,-351997000,106745000,107516130
WYNN,1174922,Consumer Discretionary,2021,2021-12-31,2024-02-23,,,-394541000,-1011516000,474000,-755786000,-6.64,-222591000,290657000,95238000,715962000,605562000,1553000,13842000,2522530000,11934546000,11884546000,50000000,12530826000,-214418000,113760000,115615473
WYNN,1174922,Consumer Discretionary,2022,2022-12-31,2025-02-13,,,-100676000,-700036000,9332000,-423856000,-3.73,-71272000,300127000,67627000,692318000,650885000,1445000,187499000,3650440000,12116859000,11569316000,547543000,13415100000,-750838000,113623000,115898704
WYNN,1174922,Consumer Discretionary,2023,2023-12-31,2026-03-02,,,840171000,285383000,-496834000,729994000,6.32,1247879000,442793000,64515000,687270000,751509000,84733000,212455000,2879186000,11738337000,11028744000,709593000,13996223000,-251382000,112855000,113687786
WYNN,1174922,Consumer Discretionary,2024,2024-12-31,2026-03-02,,,1132731000,643398000,3682000,501078000,4.35,1426203000,419929000,59029000,658895000,,139564000,401802000,2426155000,10541734000,10500484000,41250000,12977963000,-224161000,110267000,112078263
WYNN,1174922,Consumer Discretionary,2025,2025-12-31,2026-03-02,,,1118384000,514140000,105005000,327334000,3.14,1352653000,660433000,91927000,620633000,,174662000,380109000,1463442000,10546812000,10537402000,9410000,13108117000,-275492000,104243000,106401372
WYNN,1174922,Consumer Discretionary,2026,2026-02-18,2026-03-02,,,,,,,,,,,,,,,,,,,,,,104283291
XEL,72903,Utilities,2019,2019-12-31,2022-02-23,,,2104000000,1500000000,128000000,1372000000,2.64,3263000000,,58000000,,773000000,791000000,,248000000,18109000000,,,50448000000,13239000000,520000000,514211368
XEL,72903,Utilities,2020,2020-12-31,2023-02-23,,,2116000000,1467000000,-6000000,1473000000,2.79,2848000000,,73000000,,840000000,856000000,,129000000,20066000000,,,53957000000,14575000000,528000000,524669024
XEL,72903,Utilities,2021,2021-12-31,2024-02-21,,,2203000000,1527000000,-70000000,1597000000,2.96,2189000000,,31000000,,842000000,935000000,,166000000,22380000000,,,57851000000,15612000000,540000000,537648833
XEL,72903,Utilities,2022,2022-12-31,2025-02-27,,,2428000000,1601000000,-135000000,1736000000,3.17,3932000000,,20000000,,953000000,1012000000,,111000000,23964000000,,,61188000000,16675000000,547000000,544213730
XEL,72903,Utilities,2023,2023-12-31,2026-02-25,,,2481000000,1625000000,-146000000,1771000000,3.21,5327000000,,25000000,,1055000000,1092000000,,129000000,25465000000,,,64079000000,17616000000,552000000,549847034
XEL,72903,Utilities,2024,2024-12-31,2026-02-25,,,2386000000,1534000000,-402000000,1936000000,3.44,4641000000,,33000000,,1255000000,1175000000,,179000000,27316000000,,,70035000000,19522000000,563000000,555155770
XEL,72903,Utilities,2025,2025-12-31,2026-02-25,,,2583000000,1773000000,-245000000,2018000000,3.42,4083000000,,46000000,,1468000000,1282000000,,274000000,31832000000,,,81371000000,23609000000,589000000,574552694
XEL,72903,Utilities,2026,2026-02-19,2026-02-25,,,,,,,,,,,,,,,,,,,,,,623876813
XYL,1524472,Industrials,2019,2019-12-31,2022-02-25,5249000000,2046000000,486000000,,15000000,401000000,2.21,839000000,226000000,29000000,257000000,67000000,174000000,40000000,724000000,,2040000000,,7710000000,2957000000,181196000,179552698
XYL,1524472,Industrials,2020,2020-12-31,2023-02-24,4876000000,1830000000,367000000,,31000000,254000000,1.4,824000000,183000000,26000000,251000000,77000000,188000000,61000000,1875000000,,2484000000,,8750000000,2968000000,181099000,180222582
XYL,1524472,Industrials,2021,2021-12-31,2024-02-28,5195000000,1975000000,585000000,,84000000,427000000,2.35,538000000,208000000,33000000,245000000,76000000,203000000,68000000,1349000000,,2440000000,,8276000000,3218000000,181526000,180358493
XYL,1524472,Industrials,2022,2022-12-31,2025-03-03,5522000000,2084000000,622000000,,85000000,355000000,1.96,596000000,208000000,37000000,236000000,50000000,217000000,52000000,944000000,,1880000000,,7952000000,3494000000,180979000,179901139
XYL,1524472,Industrials,2023,2023-12-31,2026-02-25,7364000000,2717000000,652000000,,26000000,609000000,2.79,837000000,271000000,60000000,436000000,49000000,299000000,25000000,1019000000,,2268000000,,16112000000,10166000000,218180000,180278376
XYL,1524472,Industrials,2024,2024-12-31,2026-02-25,8562000000,3212000000,1009000000,,197000000,890000000,3.65,1263000000,321000000,56000000,562000000,,350000000,20000000,1121000000,2031000000,1978000000,,16493000000,10642000000,243521000,241770413
XYL,1524472,Industrials,2025,2025-12-31,2026-02-25,9035000000,3475000000,1223000000,,231000000,957000000,3.92,1241000000,331000000,53000000,575000000,,391000000,15000000,1479000000,1954000000,1408000000,,17634000000,11480000000,243994000,243046226
XYL,1524472,Industrials,2026,2026-02-20,2026-02-25,,,,,,,,,,,,,,,,,,,,,,243141405
XYZ,1512673,Financials,2018,2018-12-31,2021-02-23,3298177000,1303700000,-36614000,-36127000,2326000,-38453000,-0.09,295080000,61203000,216881000,60961000,37800000,,,583173000,,899695000,,3281023000,1120501000,405731000,
XYZ,1512673,Financials,2019,2019-12-31,2022-02-24,4713500000,1889685000,26557000,378213000,2767000,375446000,0.81,327630000,62498000,297863000,75598000,44900000,,,1047118000,,938832000,,4551258000,1715050000,466076000,
XYZ,1512673,Financials,2020,2020-12-31,2023-02-23,9497578000,2733409000,-18815000,215967000,2862000,213105000,0.44,173110000,138402000,397800000,84212000,75200000,,,3158058000,,2586924000,0,9869550000,2681569000,482167000,
XYZ,1512673,Financials,2021,2021-12-31,2024-02-22,17661203000,4419823000,161112000,157462000,-1364000,166284000,0.33,847830000,134320000,608040000,134757000,58100000,,0,4443669000,,4559208000,455000,15026360000,3272855000,501779000,
XYZ,1512673,Financials,2022,2022-12-31,2025-02-24,17531587000,5991892000,-624532000,-565317000,-12312000,-540747000,-0.93,175903000,170815000,1071278000,340523000,,,0,4544202000,,4109829000,,31364340000,17222879000,578949000,
XYZ,1512673,Financials,2023,2023-12-31,2026-02-26,21915623000,7504886000,-278839000,-29143000,-8019000,9772000,0.02,100961000,151151000,1276097000,408560000,,,156812000,4996465000,4120091000,,,33031308000,18695256000,614024000,
XYZ,1512673,Financials,2024,2024-12-31,2026-02-26,24121053000,8889036000,892327000,1357154000,-1509343000,2897047000,4.56,1707350000,153947000,1272779000,376127000,,,1170339000,8075247000,6105436000,,,36777595000,21267932000,636390000,
XYZ,1512673,Financials,2025,2025-12-31,2026-02-26,24193683000,10359929000,1708406000,1689911000,385701000,1305636000,2.1,2579714000,155038000,1215480000,369529000,,,2330661000,6564092000,7289018000,,,39549887000,22204278000,622838000,
YUM,1041061,Consumer Discretionary,2019,2019-12-31,2022-02-23,5597000000,,1930000000,1373000000,79000000,1294000000,4.14,1315000000,196000000,59000000,112000000,,511000000,815000000,605000000,,,441000000,5231000000,-8016000000,313000000,306414175
YUM,1041061,Consumer Discretionary,2020,2020-12-31,2023-02-27,5652000000,,1503000000,1020000000,116000000,904000000,2.94,1305000000,160000000,97000000,146000000,,566000000,239000000,730000000,,,463000000,5852000000,-7891000000,307000000,300822322
YUM,1041061,Consumer Discretionary,2021,2021-12-31,2024-02-20,6584000000,,2139000000,1674000000,99000000,1575000000,5.21,1706000000,230000000,75000000,164000000,,592000000,1591000000,486000000,,,75000000,5966000000,-8373000000,302000000,300055312
YUM,1041061,Consumer Discretionary,2022,2022-12-31,2025-02-19,6842000000,,2187000000,1662000000,337000000,1325000000,4.57,1427000000,279000000,84000000,146000000,,649000000,1200000000,367000000,,,405000000,5846000000,-8876000000,290000000,288980982
YUM,1041061,Consumer Discretionary,2023,2023-12-31,2026-02-20,7076000000,,2318000000,1818000000,221000000,1597000000,5.59,1603000000,285000000,95000000,153000000,,678000000,50000000,512000000,,,56000000,6231000000,-7858000000,285000000,280107863
YUM,1041061,Consumer Discretionary,2024,2024-12-31,2026-02-20,7549000000,,2403000000,1900000000,414000000,1486000000,5.22,1689000000,257000000,69000000,175000000,,752000000,441000000,616000000,,,29000000,6727000000,-7648000000,285000000,281336280
YUM,1041061,Consumer Discretionary,2025,2025-12-31,2026-02-20,8214000000,,2574000000,2077000000,518000000,1559000000,5.55,2010000000,371000000,70000000,206000000,,789000000,552000000,709000000,,,39000000,8197000000,-7325000000,281000000,279101936
YUM,1041061,Consumer Discretionary,2026,2026-02-17,2026-02-20,,,,,,,,,,,,,,,,,,,,,,276430130
ZBH,1136869,Health Care,2019,2019-12-31,2022-02-25,7982200000,,1137500000,905800000,-225700000,1131600000,5.47,1585800000,207100000,84300000,1006100000,,196700000,,617900000,,6721400000,1500000000,24638700000,12388100000,206700000,204433342
ZBH,1136869,Health Care,2020,2020-12-31,2023-02-24,6127500000,,83100000,-105200000,-96000000,-138900000,-0.67,1204500000,111900000,73800000,898400000,,198500000,,802100000,,7626500000,500000000,24417700000,12194200000,207000000,206403646
ZBH,1136869,Health Care,2021,2021-12-31,2024-02-23,6827300000,,860300000,499000000,53500000,401600000,1.91,1499200000,143600000,76000000,937700000,,200100000,,378100000,1000000000,5463700000,1605100000,23456400000,12660700000,210400000,207855504
ZBH,1136869,Health Care,2022,2022-12-31,2025-02-25,6939900000,,696300000,403500000,112300000,231400000,1.1,,187900000,105000000,926400000,,201200000,126400000,375700000,,5152200000,544300000,21066000000,12020300000,210300000,209177445
ZBH,1136869,Health Care,2023,2023-12-31,2026-02-20,7394200000,,1277700000,1067300000,42200000,1024000000,4.88,1581600000,291100000,99800000,951700000,,200900000,692200000,415800000,,4867900000,900000000,21496900000,12480500000,209700000,208980256
ZBH,1136869,Health Care,2024,2024-12-31,2026-02-20,7678600000,,1285700000,1036600000,131400000,903800000,4.43,1499400000,203800000,101000000,996300000,,196000000,868000000,525500000,,5341600000,863000000,21365300000,12468100000,203900000,205084022
ZBH,1136869,Health Care,2025,2025-12-31,2026-02-20,8231500000,,1098100000,830800000,125700000,705100000,3.55,1697100000,224500000,90200000,1093800000,,190300000,487000000,591900000,,6932000000,587100000,23091700000,12697700000,198700000,199063164
ZBH,1136869,Health Care,2026,2026-02-10,2026-02-20,,,,,,,,,,,,,,,,,,,,,,195652004
ZBRA,877212,Information Technology,2019,2019-12-31,2022-02-10,4485000000,2100000000,692000000,598000000,54000000,544000000,9.97,685000000,61000000,48000000,175000000,89000000,,47000000,30000000,266000000,1080000000,197000000,4711000000,1839000000,54594417,53870497
ZBRA,877212,Information Technology,2020,2020-12-31,2023-02-16,4448000000,2003000000,651000000,560000000,56000000,504000000,9.35,962000000,67000000,51000000,146000000,76000000,,200000000,168000000,,881000000,364000000,5375000000,2144000000,53913245,54008653
ZBRA,877212,Information Technology,2021,2021-12-31,2024-02-15,5627000000,2628000000,979000000,968000000,131000000,837000000,15.52,1069000000,59000000,76000000,187000000,5000000,,57000000,332000000,,922000000,69000000,6215000000,2984000000,53902430,53467406
ZBRA,877212,Information Technology,2022,2022-12-31,2025-02-13,5781000000,2624000000,529000000,544000000,81000000,463000000,8.8,488000000,75000000,88000000,204000000,,,751000000,105000000,,1809000000,214000000,7529000000,2733000000,52558712,53079740
ZBRA,877212,Information Technology,2023,2023-12-31,2026-02-12,4584000000,2123000000,481000000,334000000,38000000,296000000,5.72,-4000000,87000000,55000000,176000000,,,52000000,137000000,,2047000000,173000000,7306000000,3036000000,51710962,51404742
ZBRA,877212,Information Technology,2024,2024-12-31,2026-02-12,4981000000,2413000000,742000000,635000000,107000000,528000000,10.18,1013000000,59000000,89000000,172000000,,,47000000,901000000,,2092000000,79000000,7968000000,3586000000,51879709,51381409
ZBRA,877212,Information Technology,2025,2025-12-31,2026-02-12,5396000000,2593000000,700000000,560000000,141000000,419000000,8.18,917000000,86000000,163000000,185000000,,,587000000,125000000,,2361000000,141000000,8502000000,3588000000,51212395,51379208
ZBRA,877212,Information Technology,2026,2026-02-05,2026-02-12,,,,,,,,,,,,,,,,,,,,,,49191704
ZTS,1555280,Health Care,2019,2019-12-31,2022-02-15,6260000000,,,1801000000,301000000,1500000000,3.11,1795000000,460000000,67000000,412000000,223000000,,626000000,1934000000,6500000000,5947000000,500000000,11545000000,2708000000,481787000,478771915
ZTS,1555280,Health Care,2020,2020-12-31,2023-02-14,6675000000,,,1996000000,360000000,1638000000,3.42,2126000000,453000000,59000000,441000000,231000000,,250000000,3604000000,7250000000,6595000000,600000000,13609000000,3769000000,478569000,474933945
ZTS,1555280,Health Care,2021,2021-12-31,2024-02-13,7776000000,,,2488000000,454000000,2037000000,4.27,2213000000,477000000,58000000,448000000,224000000,,743000000,3485000000,6650000000,6592000000,0,13900000000,4543000000,476717000,475166373
ZTS,1555280,Health Care,2022,2022-12-31,2025-02-13,8080000000,,,2656000000,545000000,2114000000,4.49,1912000000,586000000,62000000,465000000,221000000,,1594000000,3581000000,8000000000,6552000000,1350000000,14925000000,4405000000,470385000,471970580
ZTS,1555280,Health Care,2023,2023-12-31,2026-02-12,8544000000,,,2936000000,596000000,2344000000,5.07,2353000000,732000000,60000000,491000000,239000000,,1092000000,2041000000,6650000000,6564000000,0,14286000000,4997000000,462269000,463386716
ZTS,1555280,Health Care,2024,2024-12-31,2026-02-12,9256000000,,,3133000000,637000000,2486000000,5.47,2953000000,655000000,74000000,497000000,225000000,,1858000000,1987000000,6650000000,5220000000,1350000000,14237000000,4770000000,454848000,457867115
ZTS,1555280,Health Care,2025,2025-12-31,2026-02-12,9467000000,,,3360000000,687000000,2673000000,6.02,2904000000,621000000,83000000,487000000,222000000,,3235000000,2450000000,9150000000,9042000000,0,15467000000,3331000000,443835000,447791917
ZTS,1555280,Health Care,2026,2026-02-06,2026-02-12,,,,,,,,,,,,,,,,,,,,,,422127709
